id	output
{"blockNumber":19919019,"chainId":1,"tokenAddress":"0x0000206329b97db379d5e1bf586bbdb969c63274"}	{"name": "USDA", "symbol": "USDA", "decimals": 18}
{"blockNumber":19928084,"chainId":1,"tokenAddress":"0x40d16fc0246ad3160ccc09b8d0d3a2cd28ae6c2f"}	{"name": "Gho Token", "symbol": "GHO", "decimals": 18}
{"blockNumber":19961120,"chainId":1,"tokenAddress":"0xcd5fe23c85820f7b72d0926fc9b05b43e359b7ee"}	{"name": "Wrapped eETH", "symbol": "weETH", "decimals": 18}
{"blockNumber":19969673,"chainId":1,"tokenAddress":"0x2260fac5e5542a773aa44fbcfedf7c193bc2c599"}	{"name": "Wrapped BTC", "symbol": "WBTC", "decimals": 8}
{"blockNumber":19919019,"chainId":1,"tokenAddress":"0x0022228a2cc5e7ef0274a7baa600d44da5ab5776"}	{"name": "Staked USDA", "symbol": "stUSD", "decimals": 18}
{"blockNumber":19928084,"chainId":1,"tokenAddress":"0xa94ec39c91df334dcab55adaa8edd9c1daf67ca7"}	{"name": "Spectra ERC4626 Wrapper: stk GHO", "symbol": "sw-stkGHO", "decimals": 18}
{"blockNumber":19961120,"chainId":1,"tokenAddress":"0x2dabcea55a12d73191aece59f508b191fb68adac"}	{"name": "Karak - Wrapped eETH", "symbol": "KweETH", "decimals": 18}
{"blockNumber":19969673,"chainId":1,"tokenAddress":"0xbde752ef69880c00a795d88438040b8f737eb254"}	{"name": "Spectra ERC4626 Wrapper: uniBTC", "symbol": "sw-uniBTC", "decimals": 8}
{"blockNumber":19919019,"chainId":1,"tokenAddress":"0x3d1fd4382bb3b1fe9dac005e77deb7a9bfb3aa14"}	{"name": "Principal Token: stUSD-1748217638", "symbol": "PT-stUSD-1748217638", "decimals": 18}
{"blockNumber":19928084,"chainId":1,"tokenAddress":"0xc7d669e7cc521a6676b20e209b3a49a1e64856f1"}	{"name": "Principal Token: sw-stkGHO-1732492824", "symbol": "PT-sw-stkGHO-1732492824", "decimals": 18}
{"blockNumber":19961120,"chainId":1,"tokenAddress":"0x6def54ae7e38992a7d1ab60d279483ba7f7b0aeb"}	{"name": "Principal Token: KweETH-1727308807", "symbol": "PT-KweETH-1727308807", "decimals": 18}
{"blockNumber":19969673,"chainId":1,"tokenAddress":"0xe617fc640413171100c32cc8dbf69fc7928d895e"}	{"name": "Principal Token: sw-uniBTC-1732752015", "symbol": "PT-sw-uniBTC-1732752015", "decimals": 8}
{"blockNumber":19919019,"chainId":1,"tokenAddress":"0x0000206329b97DB379d5E1Bf586BbDB969C63274"}	{"name": "USDA", "symbol": "USDA", "decimals": 18}
{"blockNumber":19928084,"chainId":1,"tokenAddress":"0x40D16FC0246aD3160Ccc09B8D0D3A2cD28aE6C2f"}	{"name": "Gho Token", "symbol": "GHO", "decimals": 18}
{"blockNumber":19961120,"chainId":1,"tokenAddress":"0xCd5fE23C85820F7B72D0926FC9b05b43E359b7ee"}	{"name": "Wrapped eETH", "symbol": "weETH", "decimals": 18}
{"blockNumber":19969673,"chainId":1,"tokenAddress":"0x2260FAC5E5542a773Aa44fBCfeDf7C193bc2C599"}	{"name": "Wrapped BTC", "symbol": "WBTC", "decimals": 8}
{"blockNumber":19919019,"chainId":1,"tokenAddress":"0x74a1433e1bb818896df85a56b0aba5bac93971a7"}	{"name": "Curve.fi Factory Crypto Pool: Spectra-PT/IBT", "symbol": "SPT-PT/IBT-f", "decimals": 18}
{"blockNumber":19928084,"chainId":1,"tokenAddress":"0xfe8ab51fd37ea5cebe203510160303dad4ad11ad"}	{"name": "Curve.fi Factory Crypto Pool: Spectra-PT/IBT", "symbol": "SPT-PT/IBT-f", "decimals": 18}
{"blockNumber":19961120,"chainId":1,"tokenAddress":"0x00edfad7dd3dd2129f0f0227d219d83a761ed044"}	{"name": "Curve.fi Factory Crypto Pool: Spectra-PT/IBT", "symbol": "SPT-PT/IBT-f", "decimals": 18}
{"blockNumber":19969673,"chainId":1,"tokenAddress":"0x2b697ceb121275b6b7c37d1749ddc101ea960b8e"}	{"name": "Curve.fi Factory Crypto Pool: Spectra-PT/IBT", "symbol": "SPT-PT/IBT-f", "decimals": 18}
{"blockNumber":19919019,"chainId":1,"tokenAddress":"0x754be840e0a3e8fe06416591a501ce3f80ee3943"}	{"name": "Yield Token: stUSD-1748217638", "symbol": "YT-stUSD-1748217638", "decimals": 18}
{"blockNumber":19928084,"chainId":1,"tokenAddress":"0x47b5d8d9d105ee794dfc7e0ac755dd151336d84d"}	{"name": "Yield Token: sw-stkGHO-1732492824", "symbol": "YT-sw-stkGHO-1732492824", "decimals": 18}
{"blockNumber":19961120,"chainId":1,"tokenAddress":"0x763056e4000a9abdd11caa0d47d872944d34d129"}	{"name": "Yield Token: KweETH-1727308807", "symbol": "YT-KweETH-1727308807", "decimals": 18}
{"blockNumber":19969673,"chainId":1,"tokenAddress":"0x4c9d41dfda778ab7cff5136f4083497cd3e4cbd9"}	{"name": "Yield Token: sw-uniBTC-1732752015", "symbol": "YT-sw-uniBTC-1732752015", "decimals": 8}
{"blockNumber":20031244,"chainId":1,"tokenAddress":"0x2fc1e74bc8a6d15fe768c10c2ede7d6d95ec27e9"}	{"name": "Tholgar Warlord Vault", "symbol": "thWAR", "decimals": 18}
{"blockNumber":20076779,"chainId":1,"tokenAddress":"0x43e54c2e7b3e294de3a155785f52ab49d87b9922"}	{"name": "Aladdin sdCRV", "symbol": "asdCRV", "decimals": 18}
{"blockNumber":20112870,"chainId":1,"tokenAddress":"0xdcee70654261af21c44c093c300ed3bb97b78192"}	{"name": "Wrapped OETH", "symbol": "WOETH", "decimals": 18}
{"blockNumber":20118238,"chainId":1,"tokenAddress":"0x07d1718ff05a8c53c8f05adaed57c0d672945f9a"}	{"name": "Aladdin rUSD", "symbol": "arUSD", "decimals": 18}
{"blockNumber":20172980,"chainId":1,"tokenAddress":"0x8668a15b7b023dc77b372a740fcb8939e15257cf"}	{"name": "Asymmetry Finance afCVX", "symbol": "afCVX", "decimals": 18}
{"blockNumber":20031244,"chainId":1,"tokenAddress":"0xa8258dee2a677874a48f5320670a869d74f0cbc1"}	{"name": "Warlord token", "symbol": "WAR", "decimals": 18}
{"blockNumber":20076779,"chainId":1,"tokenAddress":"0xd1b5651e55d4ceed36251c61c50c889b36f6abb5"}	{"name": "Stake DAO CRV", "symbol": "sdCRV", "decimals": 18}
{"blockNumber":20112870,"chainId":1,"tokenAddress":"0x856c4efb76c1d1ae02e20ceb03a2a6a08b0b8dc3"}	{"name": "Origin Ether", "symbol": "OETH", "decimals": 18}
{"blockNumber":20118238,"chainId":1,"tokenAddress":"0x65d72aa8da931f047169112fcf34f52dbaae7d18"}	{"name": "f(x) rUSD", "symbol": "rUSD", "decimals": 18}
{"blockNumber":20125962,"chainId":1,"tokenAddress":"0x7f39c581f595b53c5cb19bd0b3f8da6c935e2ca0"}	{"name": "Wrapped liquid staked Ether 2.0", "symbol": "wstETH", "decimals": 18}
{"blockNumber":20127857,"chainId":1,"tokenAddress":"0x7f39c581f595b53c5cb19bd0b3f8da6c935e2ca0"}	{"name": "Wrapped liquid staked Ether 2.0", "symbol": "wstETH", "decimals": 18}
{"blockNumber":20232136,"chainId":1,"tokenAddress":"0x7f39c581f595b53c5cb19bd0b3f8da6c935e2ca0"}	{"name": "Wrapped liquid staked Ether 2.0", "symbol": "wstETH", "decimals": 18}
{"blockNumber":20161295,"chainId":1,"tokenAddress":"0xc02aaa39b223fe8d0a0e5c4f27ead9083c756cc2"}	{"name": "Wrapped Ether", "symbol": "WETH", "decimals": 18}
{"blockNumber":20172980,"chainId":1,"tokenAddress":"0x4e3fbd56cd56c3e72c1403e103b45db9da5b9d2b"}	{"name": "Convex Token", "symbol": "CVX", "decimals": 18}
{"blockNumber":20232136,"chainId":1,"tokenAddress":"0xeab93ec2a82eb235a1f426accd9254f2ab32a99d"}	{"name": "Spectra ERC4626 Wrapper: Amphor Symbiotic LRT (WSTETH)", "symbol": "sw-amphrLRT", "decimals": 18}
{"blockNumber":20232056,"chainId":1,"tokenAddress":"0xeab93ec2a82eb235a1f426accd9254f2ab32a99d"}	{"name": "Spectra ERC4626 Wrapper: Amphor Symbiotic LRT (WSTETH)", "symbol": "sw-amphrLRT", "decimals": 18}
{"blockNumber":20125962,"chainId":1,"tokenAddress":"0x06c03069de266f58d10a0724a4f65c3d4fefff4d"}	{"name": "Spectra ERC4626 Wrapper: Amphor Restaked ETH", "symbol": "sw-amphrETH", "decimals": 18}
{"blockNumber":20127857,"chainId":1,"tokenAddress":"0x06c03069de266f58d10a0724a4f65c3d4fefff4d"}	{"name": "Spectra ERC4626 Wrapper: Amphor Restaked ETH", "symbol": "sw-amphrETH", "decimals": 18}
{"blockNumber":20126833,"chainId":1,"tokenAddress":"0x06c03069de266f58d10a0724a4f65c3d4fefff4d"}	{"name": "Spectra ERC4626 Wrapper: Amphor Restaked ETH", "symbol": "sw-amphrETH", "decimals": 18}
{"blockNumber":20128114,"chainId":1,"tokenAddress":"0x06c03069de266f58d10a0724a4f65c3d4fefff4d"}	{"name": "Spectra ERC4626 Wrapper: Amphor Restaked ETH", "symbol": "sw-amphrETH", "decimals": 18}
{"blockNumber":20128439,"chainId":1,"tokenAddress":"0x06c03069de266f58d10a0724a4f65c3d4fefff4d"}	{"name": "Spectra ERC4626 Wrapper: Amphor Restaked ETH", "symbol": "sw-amphrETH", "decimals": 18}
{"blockNumber":20128506,"chainId":1,"tokenAddress":"0x06c03069de266f58d10a0724a4f65c3d4fefff4d"}	{"name": "Spectra ERC4626 Wrapper: Amphor Restaked ETH", "symbol": "sw-amphrETH", "decimals": 18}
{"blockNumber":20130152,"chainId":1,"tokenAddress":"0x06c03069de266f58d10a0724a4f65c3d4fefff4d"}	{"name": "Spectra ERC4626 Wrapper: Amphor Restaked ETH", "symbol": "sw-amphrETH", "decimals": 18}
{"blockNumber":20131696,"chainId":1,"tokenAddress":"0x06c03069de266f58d10a0724a4f65c3d4fefff4d"}	{"name": "Spectra ERC4626 Wrapper: Amphor Restaked ETH", "symbol": "sw-amphrETH", "decimals": 18}
{"blockNumber":20134013,"chainId":1,"tokenAddress":"0x06c03069de266f58d10a0724a4f65c3d4fefff4d"}	{"name": "Spectra ERC4626 Wrapper: Amphor Restaked ETH", "symbol": "sw-amphrETH", "decimals": 18}
{"blockNumber":20134023,"chainId":1,"tokenAddress":"0x06c03069de266f58d10a0724a4f65c3d4fefff4d"}	{"name": "Spectra ERC4626 Wrapper: Amphor Restaked ETH", "symbol": "sw-amphrETH", "decimals": 18}
{"blockNumber":20184615,"chainId":1,"tokenAddress":"0x06c03069de266f58d10a0724a4f65c3d4fefff4d"}	{"name": "Spectra ERC4626 Wrapper: Amphor Restaked ETH", "symbol": "sw-amphrETH", "decimals": 18}
{"blockNumber":20185343,"chainId":1,"tokenAddress":"0x06c03069de266f58d10a0724a4f65c3d4fefff4d"}	{"name": "Spectra ERC4626 Wrapper: Amphor Restaked ETH", "symbol": "sw-amphrETH", "decimals": 18}
{"blockNumber":20190708,"chainId":1,"tokenAddress":"0x06c03069de266f58d10a0724a4f65c3d4fefff4d"}	{"name": "Spectra ERC4626 Wrapper: Amphor Restaked ETH", "symbol": "sw-amphrETH", "decimals": 18}
{"blockNumber":20192308,"chainId":1,"tokenAddress":"0x06c03069de266f58d10a0724a4f65c3d4fefff4d"}	{"name": "Spectra ERC4626 Wrapper: Amphor Restaked ETH", "symbol": "sw-amphrETH", "decimals": 18}
{"blockNumber":20206790,"chainId":1,"tokenAddress":"0x06c03069de266f58d10a0724a4f65c3d4fefff4d"}	{"name": "Spectra ERC4626 Wrapper: Amphor Restaked ETH", "symbol": "sw-amphrETH", "decimals": 18}
{"blockNumber":20224490,"chainId":1,"tokenAddress":"0x06c03069de266f58d10a0724a4f65c3d4fefff4d"}	{"name": "Spectra ERC4626 Wrapper: Amphor Restaked ETH", "symbol": "sw-amphrETH", "decimals": 18}
{"blockNumber":20235804,"chainId":1,"tokenAddress":"0x06c03069de266f58d10a0724a4f65c3d4fefff4d"}	{"name": "Spectra ERC4626 Wrapper: Amphor Restaked ETH", "symbol": "sw-amphrETH", "decimals": 18}
{"blockNumber":20135459,"chainId":1,"tokenAddress":"0x06c03069de266f58d10a0724a4f65c3d4fefff4d"}	{"name": "Spectra ERC4626 Wrapper: Amphor Restaked ETH", "symbol": "sw-amphrETH", "decimals": 18}
{"blockNumber":20128280,"chainId":1,"tokenAddress":"0x06c03069de266f58d10a0724a4f65c3d4fefff4d"}	{"name": "Spectra ERC4626 Wrapper: Amphor Restaked ETH", "symbol": "sw-amphrETH", "decimals": 18}
{"blockNumber":20134095,"chainId":1,"tokenAddress":"0x06c03069de266f58d10a0724a4f65c3d4fefff4d"}	{"name": "Spectra ERC4626 Wrapper: Amphor Restaked ETH", "symbol": "sw-amphrETH", "decimals": 18}
{"blockNumber":20127270,"chainId":1,"tokenAddress":"0x06c03069de266f58d10a0724a4f65c3d4fefff4d"}	{"name": "Spectra ERC4626 Wrapper: Amphor Restaked ETH", "symbol": "sw-amphrETH", "decimals": 18}
{"blockNumber":20134134,"chainId":1,"tokenAddress":"0x06c03069de266f58d10a0724a4f65c3d4fefff4d"}	{"name": "Spectra ERC4626 Wrapper: Amphor Restaked ETH", "symbol": "sw-amphrETH", "decimals": 18}
{"blockNumber":20137098,"chainId":1,"tokenAddress":"0x06c03069de266f58d10a0724a4f65c3d4fefff4d"}	{"name": "Spectra ERC4626 Wrapper: Amphor Restaked ETH", "symbol": "sw-amphrETH", "decimals": 18}
{"blockNumber":20218477,"chainId":1,"tokenAddress":"0x06c03069de266f58d10a0724a4f65c3d4fefff4d"}	{"name": "Spectra ERC4626 Wrapper: Amphor Restaked ETH", "symbol": "sw-amphrETH", "decimals": 18}
{"blockNumber":20218954,"chainId":1,"tokenAddress":"0x06c03069de266f58d10a0724a4f65c3d4fefff4d"}	{"name": "Spectra ERC4626 Wrapper: Amphor Restaked ETH", "symbol": "sw-amphrETH", "decimals": 18}
{"blockNumber":20135895,"chainId":1,"tokenAddress":"0x06c03069de266f58d10a0724a4f65c3d4fefff4d"}	{"name": "Spectra ERC4626 Wrapper: Amphor Restaked ETH", "symbol": "sw-amphrETH", "decimals": 18}
{"blockNumber":20135446,"chainId":1,"tokenAddress":"0x06c03069de266f58d10a0724a4f65c3d4fefff4d"}	{"name": "Spectra ERC4626 Wrapper: Amphor Restaked ETH", "symbol": "sw-amphrETH", "decimals": 18}
{"blockNumber":20220278,"chainId":1,"tokenAddress":"0x06c03069de266f58d10a0724a4f65c3d4fefff4d"}	{"name": "Spectra ERC4626 Wrapper: Amphor Restaked ETH", "symbol": "sw-amphrETH", "decimals": 18}
{"blockNumber":20224987,"chainId":1,"tokenAddress":"0x06c03069de266f58d10a0724a4f65c3d4fefff4d"}	{"name": "Spectra ERC4626 Wrapper: Amphor Restaked ETH", "symbol": "sw-amphrETH", "decimals": 18}
{"blockNumber":20125553,"chainId":1,"tokenAddress":"0x06c03069de266f58d10a0724a4f65c3d4fefff4d"}	{"name": "Spectra ERC4626 Wrapper: Amphor Restaked ETH", "symbol": "sw-amphrETH", "decimals": 18}
{"blockNumber":20127850,"chainId":1,"tokenAddress":"0x06c03069de266f58d10a0724a4f65c3d4fefff4d"}	{"name": "Spectra ERC4626 Wrapper: Amphor Restaked ETH", "symbol": "sw-amphrETH", "decimals": 18}
{"blockNumber":20138892,"chainId":1,"tokenAddress":"0x06c03069de266f58d10a0724a4f65c3d4fefff4d"}	{"name": "Spectra ERC4626 Wrapper: Amphor Restaked ETH", "symbol": "sw-amphrETH", "decimals": 18}
{"blockNumber":20127065,"chainId":1,"tokenAddress":"0x06c03069de266f58d10a0724a4f65c3d4fefff4d"}	{"name": "Spectra ERC4626 Wrapper: Amphor Restaked ETH", "symbol": "sw-amphrETH", "decimals": 18}
{"blockNumber":20133115,"chainId":1,"tokenAddress":"0x06c03069de266f58d10a0724a4f65c3d4fefff4d"}	{"name": "Spectra ERC4626 Wrapper: Amphor Restaked ETH", "symbol": "sw-amphrETH", "decimals": 18}
{"blockNumber":20133177,"chainId":1,"tokenAddress":"0x06c03069de266f58d10a0724a4f65c3d4fefff4d"}	{"name": "Spectra ERC4626 Wrapper: Amphor Restaked ETH", "symbol": "sw-amphrETH", "decimals": 18}
{"blockNumber":20128253,"chainId":1,"tokenAddress":"0x06c03069de266f58d10a0724a4f65c3d4fefff4d"}	{"name": "Spectra ERC4626 Wrapper: Amphor Restaked ETH", "symbol": "sw-amphrETH", "decimals": 18}
{"blockNumber":20133877,"chainId":1,"tokenAddress":"0x06c03069de266f58d10a0724a4f65c3d4fefff4d"}	{"name": "Spectra ERC4626 Wrapper: Amphor Restaked ETH", "symbol": "sw-amphrETH", "decimals": 18}
{"blockNumber":20133964,"chainId":1,"tokenAddress":"0x06c03069de266f58d10a0724a4f65c3d4fefff4d"}	{"name": "Spectra ERC4626 Wrapper: Amphor Restaked ETH", "symbol": "sw-amphrETH", "decimals": 18}
{"blockNumber":20134912,"chainId":1,"tokenAddress":"0x06c03069de266f58d10a0724a4f65c3d4fefff4d"}	{"name": "Spectra ERC4626 Wrapper: Amphor Restaked ETH", "symbol": "sw-amphrETH", "decimals": 18}
{"blockNumber":20218470,"chainId":1,"tokenAddress":"0x06c03069de266f58d10a0724a4f65c3d4fefff4d"}	{"name": "Spectra ERC4626 Wrapper: Amphor Restaked ETH", "symbol": "sw-amphrETH", "decimals": 18}
{"blockNumber":20218942,"chainId":1,"tokenAddress":"0x06c03069de266f58d10a0724a4f65c3d4fefff4d"}	{"name": "Spectra ERC4626 Wrapper: Amphor Restaked ETH", "symbol": "sw-amphrETH", "decimals": 18}
{"blockNumber":20225324,"chainId":1,"tokenAddress":"0x06c03069de266f58d10a0724a4f65c3d4fefff4d"}	{"name": "Spectra ERC4626 Wrapper: Amphor Restaked ETH", "symbol": "sw-amphrETH", "decimals": 18}
{"blockNumber":20220285,"chainId":1,"tokenAddress":"0x06c03069de266f58d10a0724a4f65c3d4fefff4d"}	{"name": "Spectra ERC4626 Wrapper: Amphor Restaked ETH", "symbol": "sw-amphrETH", "decimals": 18}
{"blockNumber":20224993,"chainId":1,"tokenAddress":"0x06c03069de266f58d10a0724a4f65c3d4fefff4d"}	{"name": "Spectra ERC4626 Wrapper: Amphor Restaked ETH", "symbol": "sw-amphrETH", "decimals": 18}
{"blockNumber":20229077,"chainId":1,"tokenAddress":"0x06c03069de266f58d10a0724a4f65c3d4fefff4d"}	{"name": "Spectra ERC4626 Wrapper: Amphor Restaked ETH", "symbol": "sw-amphrETH", "decimals": 18}
{"blockNumber":20134018,"chainId":1,"tokenAddress":"0x06c03069de266f58d10a0724a4f65c3d4fefff4d"}	{"name": "Spectra ERC4626 Wrapper: Amphor Restaked ETH", "symbol": "sw-amphrETH", "decimals": 18}
{"blockNumber":20134042,"chainId":1,"tokenAddress":"0x06c03069de266f58d10a0724a4f65c3d4fefff4d"}	{"name": "Spectra ERC4626 Wrapper: Amphor Restaked ETH", "symbol": "sw-amphrETH", "decimals": 18}
{"blockNumber":20192504,"chainId":1,"tokenAddress":"0x06c03069de266f58d10a0724a4f65c3d4fefff4d"}	{"name": "Spectra ERC4626 Wrapper: Amphor Restaked ETH", "symbol": "sw-amphrETH", "decimals": 18}
{"blockNumber":20192491,"chainId":1,"tokenAddress":"0x06c03069de266f58d10a0724a4f65c3d4fefff4d"}	{"name": "Spectra ERC4626 Wrapper: Amphor Restaked ETH", "symbol": "sw-amphrETH", "decimals": 18}
{"blockNumber":20192525,"chainId":1,"tokenAddress":"0x06c03069de266f58d10a0724a4f65c3d4fefff4d"}	{"name": "Spectra ERC4626 Wrapper: Amphor Restaked ETH", "symbol": "sw-amphrETH", "decimals": 18}
{"blockNumber":20137064,"chainId":1,"tokenAddress":"0x06c03069de266f58d10a0724a4f65c3d4fefff4d"}	{"name": "Spectra ERC4626 Wrapper: Amphor Restaked ETH", "symbol": "sw-amphrETH", "decimals": 18}
{"blockNumber":20231588,"chainId":1,"tokenAddress":"0x06c03069de266f58d10a0724a4f65c3d4fefff4d"}	{"name": "Spectra ERC4626 Wrapper: Amphor Restaked ETH", "symbol": "sw-amphrETH", "decimals": 18}
{"blockNumber":20231578,"chainId":1,"tokenAddress":"0x06c03069de266f58d10a0724a4f65c3d4fefff4d"}	{"name": "Spectra ERC4626 Wrapper: Amphor Restaked ETH", "symbol": "sw-amphrETH", "decimals": 18}
{"blockNumber":20161295,"chainId":1,"tokenAddress":"0x248f43b622ce2f35a14db3fc528284730b619cd5"}	{"name": "Spectra ERC4626 Wrapper: Universal ETH", "symbol": "sw-uniETH", "decimals": 18}
{"blockNumber":20181228,"chainId":1,"tokenAddress":"0x248f43b622ce2f35a14db3fc528284730b619cd5"}	{"name": "Spectra ERC4626 Wrapper: Universal ETH", "symbol": "sw-uniETH", "decimals": 18}
{"blockNumber":20161225,"chainId":1,"tokenAddress":"0x248f43b622ce2f35a14db3fc528284730b619cd5"}	{"name": "Spectra ERC4626 Wrapper: Universal ETH", "symbol": "sw-uniETH", "decimals": 18}
{"blockNumber":20181214,"chainId":1,"tokenAddress":"0x248f43b622ce2f35a14db3fc528284730b619cd5"}	{"name": "Spectra ERC4626 Wrapper: Universal ETH", "symbol": "sw-uniETH", "decimals": 18}
{"blockNumber":20031244,"chainId":1,"tokenAddress":"0x982e5a072cb6634f45715665a02c723392977e9f"}	{"name": "Principal Token: thWAR-1725581923", "symbol": "PT-thWAR-1725581923", "decimals": 18}
{"blockNumber":20076779,"chainId":1,"tokenAddress":"0xf85640cf6ec7658180761927516d11264d635775"}	{"name": "Principal Token: asdCRV-1733973768", "symbol": "PT-asdCRV-1733973768", "decimals": 18}
{"blockNumber":20112870,"chainId":1,"tokenAddress":"0x398c66c98ac421b87fc72aa5f654295f9a0e467c"}	{"name": "Principal Token: WOETH-1750118420", "symbol": "PT-WOETH-1750118420", "decimals": 18}
{"blockNumber":20118238,"chainId":1,"tokenAddress":"0xf58e22d224e465fb65f4257573b58dbfb0f704a0"}	{"name": "Principal Token: arUSD-1734480037", "symbol": "PT-arUSD-1734480037", "decimals": 18}
{"blockNumber":20172980,"chainId":1,"tokenAddress":"0x4f65a884eb41cd09a2f0a4505de2c6d698a78c73"}	{"name": "Principal Token: afCVX-1727222454", "symbol": "PT-afCVX-1727222454", "decimals": 18}
{"blockNumber":20031244,"chainId":1,"tokenAddress":"0xa8258deE2a677874a48F5320670A869D74f0cbC1"}	{"name": "Warlord token", "symbol": "WAR", "decimals": 18}
{"blockNumber":20076779,"chainId":1,"tokenAddress":"0xD1b5651E55D4CeeD36251c61c50C889B36F6abB5"}	{"name": "Stake DAO CRV", "symbol": "sdCRV", "decimals": 18}
{"blockNumber":20112870,"chainId":1,"tokenAddress":"0x856c4Efb76C1D1AE02e20CEB03A2A6a08b0b8dC3"}	{"name": "Origin Ether", "symbol": "OETH", "decimals": 18}
{"blockNumber":20118238,"chainId":1,"tokenAddress":"0x65D72AA8DA931F047169112fcf34f52DbaAE7D18"}	{"name": "f(x) rUSD", "symbol": "rUSD", "decimals": 18}
{"blockNumber":20172980,"chainId":1,"tokenAddress":"0x4e3FBD56CD56c3e72c1403e103b45Db9da5B9D2B"}	{"name": "Convex Token", "symbol": "CVX", "decimals": 18}
{"blockNumber":20031244,"chainId":1,"tokenAddress":"0x6c6d8ad90664d00f7b548d1f2a64c41a941d2cd2"}	{"name": "Curve.fi Factory Crypto Pool: Spectra-PT/IBT", "symbol": "SPT-PT/IBT-f", "decimals": 18}
{"blockNumber":20076779,"chainId":1,"tokenAddress":"0x1bc03e4a69bcb5ff949b15d293f49df61727dde5"}	{"name": "Curve.fi Factory Crypto Pool: Spectra-PT/IBT", "symbol": "SPT-PT/IBT-f", "decimals": 18}
{"blockNumber":20112870,"chainId":1,"tokenAddress":"0x7ffa825bcc1b705c6dfe40938742840640597ad8"}	{"name": "Curve.fi Factory Crypto Pool: Spectra-PT/IBT", "symbol": "SPT-PT/IBT-f", "decimals": 18}
{"blockNumber":20118238,"chainId":1,"tokenAddress":"0x1563a5f5ddc88db8f5ee935cc8c0dd9c0dcdc1ff"}	{"name": "Curve.fi Factory Crypto Pool: Spectra-PT/IBT", "symbol": "SPT-PT/IBT-f", "decimals": 18}
{"blockNumber":20172980,"chainId":1,"tokenAddress":"0x4d78afe5b63ab9d44a4acc3ebcbe30f1d81a2531"}	{"name": "Curve.fi Factory Crypto Pool: Spectra-PT/IBT", "symbol": "SPT-PT/IBT-f", "decimals": 18}
{"blockNumber":20232136,"chainId":1,"tokenAddress":"0x8f01036563831feabbf3bee396d99b117c032428"}	{"name": "Principal Token: sw-amphrLRT-1728172816", "symbol": "PT-sw-amphrLRT-1728172816", "decimals": 18}
{"blockNumber":20125962,"chainId":1,"tokenAddress":"0x912ff30d1536bb4b2db604b7b0fca2da76a0c5f3"}	{"name": "Principal Token: sw-amphrETH-1726704008", "symbol": "PT-sw-amphrETH-1726704008", "decimals": 18}
{"blockNumber":20127857,"chainId":1,"tokenAddress":"0x470f623e8bc3c870f96516b8cbfc6a27e253424d"}	{"name": "Principal Token: sw-amphrETH-1726790425", "symbol": "PT-sw-amphrETH-1726790425", "decimals": 18}
{"blockNumber":20161295,"chainId":1,"tokenAddress":"0xd4c0ab44698bca5070624ef62c66b1f4d1488551"}	{"name": "Principal Token: sw-uniETH-1727136009", "symbol": "PT-sw-uniETH-1727136009", "decimals": 18}
{"blockNumber":20232136,"chainId":1,"tokenAddress":"0x7f39C581F595B53c5cb19bD0b3f8dA6c935E2Ca0"}	{"name": "Wrapped liquid staked Ether 2.0", "symbol": "wstETH", "decimals": 18}
{"blockNumber":20125962,"chainId":1,"tokenAddress":"0x7f39C581F595B53c5cb19bD0b3f8dA6c935E2Ca0"}	{"name": "Wrapped liquid staked Ether 2.0", "symbol": "wstETH", "decimals": 18}
{"blockNumber":20127857,"chainId":1,"tokenAddress":"0x7f39C581F595B53c5cb19bD0b3f8dA6c935E2Ca0"}	{"name": "Wrapped liquid staked Ether 2.0", "symbol": "wstETH", "decimals": 18}
{"blockNumber":20161295,"chainId":1,"tokenAddress":"0xC02aaA39b223FE8D0A0e5C4F27eAD9083C756Cc2"}	{"name": "Wrapped Ether", "symbol": "WETH", "decimals": 18}
{"blockNumber":20232136,"chainId":1,"tokenAddress":"0x9b1e5e8909609f5b2a07394746f28e1eb0b236ae"}	{"name": "Curve.fi Factory Crypto Pool: Spectra-PT/IBT", "symbol": "SPT-PT/IBT-f", "decimals": 18}
{"blockNumber":20125962,"chainId":1,"tokenAddress":"0x52cbf58cb19f4c56633c272faec796a0872e43c6"}	{"name": "Curve.fi Factory Crypto Pool: Spectra-PT/IBT", "symbol": "SPT-PT/IBT-f", "decimals": 18}
{"blockNumber":20127857,"chainId":1,"tokenAddress":"0x4d46b713fc1e38f9923cd2a5ca5050574f9f0d73"}	{"name": "Curve.fi Factory Crypto Pool: Spectra-PT/IBT", "symbol": "SPT-PT/IBT-f", "decimals": 18}
{"blockNumber":20161295,"chainId":1,"tokenAddress":"0x68a9a9a404f0d5f9a42659ad12b1d9bb1ad98e4e"}	{"name": "Curve.fi Factory Crypto Pool: Spectra-PT/IBT", "symbol": "SPT-PT/IBT-f", "decimals": 18}
{"blockNumber":20125030,"chainId":1,"tokenAddress":"0x06c03069de266f58d10a0724a4f65c3d4fefff4d"}	{"name": "Spectra ERC4626 Wrapper: Amphor Restaked ETH", "symbol": "sw-amphrETH", "decimals": 18}
{"blockNumber":20139692,"chainId":1,"tokenAddress":"0x248f43b622ce2f35a14db3fc528284730b619cd5"}	{"name": "Spectra ERC4626 Wrapper: Universal ETH", "symbol": "sw-uniETH", "decimals": 18}
{"blockNumber":20227417,"chainId":1,"tokenAddress":"0xeab93ec2a82eb235a1f426accd9254f2ab32a99d"}	{"name": "Spectra ERC4626 Wrapper: Amphor Symbiotic LRT (WSTETH)", "symbol": "sw-amphrLRT", "decimals": 18}
{"blockNumber":20031244,"chainId":1,"tokenAddress":"0x0882ff8ff5c3e547b4afdb86c309c2bf0c7fcad8"}	{"name": "Yield Token: thWAR-1725581923", "symbol": "YT-thWAR-1725581923", "decimals": 18}
{"blockNumber":20076779,"chainId":1,"tokenAddress":"0x0698aa9762fc38b908315c5c3efd0aee469356e6"}	{"name": "Yield Token: asdCRV-1733973768", "symbol": "YT-asdCRV-1733973768", "decimals": 18}
{"blockNumber":20112870,"chainId":1,"tokenAddress":"0x12230373dfeae1950f9c2a59198a170fd8b4ed22"}	{"name": "Yield Token: WOETH-1750118420", "symbol": "YT-WOETH-1750118420", "decimals": 18}
{"blockNumber":20118238,"chainId":1,"tokenAddress":"0xb4fe541f3ffb0f35da15e5919682e270f5a35a4d"}	{"name": "Yield Token: arUSD-1734480037", "symbol": "YT-arUSD-1734480037", "decimals": 18}
{"blockNumber":20125962,"chainId":1,"tokenAddress":"0xc71f86ab0e10485a7c2f3c2ae5303e87dd28cca4"}	{"name": "Yield Token: sw-amphrETH-1726704008", "symbol": "YT-sw-amphrETH-1726704008", "decimals": 18}
{"blockNumber":20127857,"chainId":1,"tokenAddress":"0x380e5d1a776a80a11291633ac77786e7061c40e0"}	{"name": "Yield Token: sw-amphrETH-1726790425", "symbol": "YT-sw-amphrETH-1726790425", "decimals": 18}
{"blockNumber":20161295,"chainId":1,"tokenAddress":"0xe1cd8c0a6845122bada434ede90fe3635aa1bbfb"}	{"name": "Yield Token: sw-uniETH-1727136009", "symbol": "YT-sw-uniETH-1727136009", "decimals": 18}
{"blockNumber":20172980,"chainId":1,"tokenAddress":"0x71449da26926f6879f47ec3a3dcfb9c2323d19a0"}	{"name": "Yield Token: afCVX-1727222454", "symbol": "YT-afCVX-1727222454", "decimals": 18}
{"blockNumber":20232136,"chainId":1,"tokenAddress":"0xa52e41ddf4461f93840c9e26462ffdc333e015b9"}	{"name": "Yield Token: sw-amphrLRT-1728172816", "symbol": "YT-sw-amphrLRT-1728172816", "decimals": 18}
{"blockNumber":20683920,"chainId":1,"tokenAddress":"0xcf79bc535076c0e75cabcbfdebfcaeaac8bb7209"}	{"name": "Principal Token: thWAR-1741132844", "symbol": "PT-thWAR-1741132844", "decimals": 18}
{"blockNumber":20735382,"chainId":1,"tokenAddress":"0x1b56e30b6efd7cfde46ee3e29b851b9094d5810b"}	{"name": "Spectra ERC4626 Wrapper:  Usual Boosted USDC", "symbol": "sw-USUALUSDC+", "decimals": 18}
{"blockNumber":20735936,"chainId":1,"tokenAddress":"0x1b56e30b6efd7cfde46ee3e29b851b9094d5810b"}	{"name": "Spectra ERC4626 Wrapper:  Usual Boosted USDC", "symbol": "sw-USUALUSDC+", "decimals": 18}
{"blockNumber":20738411,"chainId":1,"tokenAddress":"0x1b56e30b6efd7cfde46ee3e29b851b9094d5810b"}	{"name": "Spectra ERC4626 Wrapper:  Usual Boosted USDC", "symbol": "sw-USUALUSDC+", "decimals": 18}
{"blockNumber":20739331,"chainId":1,"tokenAddress":"0x1b56e30b6efd7cfde46ee3e29b851b9094d5810b"}	{"name": "Spectra ERC4626 Wrapper:  Usual Boosted USDC", "symbol": "sw-USUALUSDC+", "decimals": 18}
{"blockNumber":20741027,"chainId":1,"tokenAddress":"0x1b56e30b6efd7cfde46ee3e29b851b9094d5810b"}	{"name": "Spectra ERC4626 Wrapper:  Usual Boosted USDC", "symbol": "sw-USUALUSDC+", "decimals": 18}
{"blockNumber":20725522,"chainId":1,"tokenAddress":"0x1b56e30b6efd7cfde46ee3e29b851b9094d5810b"}	{"name": "Spectra ERC4626 Wrapper:  Usual Boosted USDC", "symbol": "sw-USUALUSDC+", "decimals": 18}
{"blockNumber":20725798,"chainId":1,"tokenAddress":"0x1b56e30b6efd7cfde46ee3e29b851b9094d5810b"}	{"name": "Spectra ERC4626 Wrapper:  Usual Boosted USDC", "symbol": "sw-USUALUSDC+", "decimals": 18}
{"blockNumber":20726010,"chainId":1,"tokenAddress":"0x1b56e30b6efd7cfde46ee3e29b851b9094d5810b"}	{"name": "Spectra ERC4626 Wrapper:  Usual Boosted USDC", "symbol": "sw-USUALUSDC+", "decimals": 18}
{"blockNumber":20726053,"chainId":1,"tokenAddress":"0x1b56e30b6efd7cfde46ee3e29b851b9094d5810b"}	{"name": "Spectra ERC4626 Wrapper:  Usual Boosted USDC", "symbol": "sw-USUALUSDC+", "decimals": 18}
{"blockNumber":20421312,"chainId":1,"tokenAddress":"0xae2723263cf924c0dfb81974ada52b2e671d1df3"}	{"name": "Spectra ERC4626 Rewards: Kernel USD", "symbol": "sr-kUSD", "decimals": 18}
{"blockNumber":20421312,"chainId":1,"tokenAddress":"0x04a40ef57eb9d6265b90367ddbba17a6916a45df"}	{"name": "Spectra ERC4626 Rewards: Kernel Staked ETH", "symbol": "sr-ksETH", "decimals": 18}
{"blockNumber":20421312,"chainId":1,"tokenAddress":"0xb10a1b53f11aa969bc79dc86948de489e5996f8d"}	{"name": "Spectra ERC4626 Rewards: Kernel Restaked ETH", "symbol": "sr-krETH", "decimals": 18}
{"blockNumber":20422887,"chainId":1,"tokenAddress":"0xa663b02cf0a4b149d2ad41910cb81e23e1c41c32"}	{"name": "Staked FRAX", "symbol": "sFRAX", "decimals": 18}
{"blockNumber":20482543,"chainId":1,"tokenAddress":"0x004626a008b1acdc4c74ab51644093b155e59a23"}	{"name": "Staked EURA", "symbol": "stEUR", "decimals": 18}
{"blockNumber":20506003,"chainId":1,"tokenAddress":"0x2b95a1dcc3d405535f9ed33c219ab38e8d7e0884"}	{"name": "Aladdin cvxCRV", "symbol": "aCRV", "decimals": 18}
{"blockNumber":20521549,"chainId":1,"tokenAddress":"0xe1b4d34e8754600962cd944b535180bd758e6c2e"}	{"name": "Kelp Gain", "symbol": "agETH", "decimals": 18}
{"blockNumber":20522173,"chainId":1,"tokenAddress":"0x33d7e5827eb62628c093d88ac2531ddac6f6e396"}	{"name": "FARM_50APW-50WETH", "symbol": "f50APW-50WETH", "decimals": 18}
{"blockNumber":20582576,"chainId":1,"tokenAddress":"0x1202f5c7b4b9e47a1a484e8b270be34dbbc75055"}	{"name": "Wrapped stUSR", "symbol": "wstUSR", "decimals": 18}
{"blockNumber":20585725,"chainId":1,"tokenAddress":"0xcdcc3da8fd73cedfa8e6927864e463b4760b320d"}	{"name": "FARM_PENDLE-LPT", "symbol": "fPENDLE-LPT", "decimals": 18}
{"blockNumber":20725682,"chainId":1,"tokenAddress":"0x1b56e30b6efd7cfde46ee3e29b851b9094d5810b"}	{"name": "Spectra ERC4626 Wrapper:  Usual Boosted USDC", "symbol": "sw-USUALUSDC+", "decimals": 18}
{"blockNumber":20421312,"chainId":1,"tokenAddress":"0x0bb9ab78aaf7179b7515e6753d89822b91e670c4"}	{"name": "Kernel USD", "symbol": "kUSD", "decimals": 18}
{"blockNumber":20421312,"chainId":1,"tokenAddress":"0x513d27c94c0d81eed9dc2a88b4531a69993187cf"}	{"name": "Kernel Staked ETH", "symbol": "ksETH", "decimals": 18}
{"blockNumber":20421312,"chainId":1,"tokenAddress":"0xf02c96dbbb92dc0325ad52b3f9f2b951f972bf00"}	{"name": "Kernel Restaked ETH", "symbol": "krETH", "decimals": 18}
{"blockNumber":20422887,"chainId":1,"tokenAddress":"0x853d955acef822db058eb8505911ed77f175b99e"}	{"name": "Frax", "symbol": "FRAX", "decimals": 18}
{"blockNumber":20482543,"chainId":1,"tokenAddress":"0x1a7e4e63778b4f12a199c062f3efdd288afcbce8"}	{"name": "EURA (previously agEUR)", "symbol": "EURA", "decimals": 18}
{"blockNumber":20506003,"chainId":1,"tokenAddress":"0x62b9c7356a2dc64a1969e19c23e4f579f9810aa7"}	{"name": "Convex CRV", "symbol": "cvxCRV", "decimals": 18}
{"blockNumber":20521549,"chainId":1,"tokenAddress":"0xa1290d69c65a6fe4df752f95823fae25cb99e5a7"}	{"name": "rsETH", "symbol": "rsETH", "decimals": 18}
{"blockNumber":20522173,"chainId":1,"tokenAddress":"0x093254005743b7af89e24f645730ba2dd8441333"}	{"name": "50APW-50WETH", "symbol": "50APW-50WETH", "decimals": 18}
{"blockNumber":20582576,"chainId":1,"tokenAddress":"0x66a1e37c9b0eaddca17d3662d6c05f4decf3e110"}	{"name": "Resolv USD", "symbol": "USR", "decimals": 18}
{"blockNumber":20585725,"chainId":1,"tokenAddress":"0x6010676bc2534652ad1ef5fa8073dcf9ad7ebfbe"}	{"name": "Pendle Market", "symbol": "PENDLE-LPT", "decimals": 18}
{"blockNumber":20725682,"chainId":1,"tokenAddress":"0xa0b86991c6218b36c1d19d4a2e9eb0ce3606eb48"}	{"name": "USD Coin", "symbol": "USDC", "decimals": 6}
{"blockNumber":20683920,"chainId":1,"tokenAddress":"0x3a14c9de53d3f3476a74bd5c53b64cdbde5482c8"}	{"name": "Yield Token: thWAR-1741132844", "symbol": "YT-thWAR-1741132844", "decimals": 18}
{"blockNumber":20683920,"chainId":1,"tokenAddress":"0x9093260fa354497397928c1404241e8657639876"}	{"name": "Curve.fi Factory Crypto Pool: Spectra-PT/IBT", "symbol": "SPT-PT/IBT-f", "decimals": 18}
{"blockNumber":20421312,"chainId":1,"tokenAddress":"0x581b928365b2c339db2b66572e8d9d7cfcca0f80"}	{"name": "Principal Token: sr-kUSD-1738195558", "symbol": "PT-sr-kUSD-1738195558", "decimals": 18}
{"blockNumber":20421312,"chainId":1,"tokenAddress":"0xc3a20131ee6853fc4d444c9ad952c93f77c0b71b"}	{"name": "Principal Token: sr-ksETH-1738195500", "symbol": "PT-sr-ksETH-1738195500", "decimals": 18}
{"blockNumber":20421312,"chainId":1,"tokenAddress":"0xdeb0ef575c92188091d33dd1ec5b3519182aaa22"}	{"name": "Principal Token: sr-krETH-1738195474", "symbol": "PT-sr-krETH-1738195474", "decimals": 18}
{"blockNumber":20422887,"chainId":1,"tokenAddress":"0x46a338cf74fec38b7420eb59a506facd9448b4e7"}	{"name": "Principal Token: sFRAX-1753833630", "symbol": "PT-sFRAX-1753833630", "decimals": 18}
{"blockNumber":20482543,"chainId":1,"tokenAddress":"0x638df4b2b6bdc56b014c27a3ecb5e487c38ec7d7"}	{"name": "Principal Token: stEUR-1734220822", "symbol": "PT-stEUR-1734220822", "decimals": 18}
{"blockNumber":20506003,"chainId":1,"tokenAddress":"0xdb37a6a6a9bf5b89b07dd3d20f1fa68cf266245b"}	{"name": "Principal Token: aCRV-1734652854", "symbol": "PT-aCRV-1734652854", "decimals": 18}
{"blockNumber":20521549,"chainId":1,"tokenAddress":"0x6c8494e596a7b3847a4e8f9f49014bab5730a19c"}	{"name": "Principal Token: agETH-1739404813", "symbol": "PT-agETH-1739404813", "decimals": 18}
{"blockNumber":20522173,"chainId":1,"tokenAddress":"0x0e9d35405d7ed06821d4f4d030821db6335bd8d2"}	{"name": "Principal Token: f50APW-50WETH-1744761606", "symbol": "PT-f50APW-50WETH-1744761606", "decimals": 18}
{"blockNumber":20582576,"chainId":1,"tokenAddress":"0xd0097149aa4cc0d0e1fc99b8bd73fc17dc32c1e9"}	{"name": "Principal Token: wstUSR-1740182579", "symbol": "PT-wstUSR-1740182579", "decimals": 18}
{"blockNumber":20585725,"chainId":1,"tokenAddress":"0x33c7bb6867ca52609eddcdf91bf5d7ad09b6fd5f"}	{"name": "Principal Token: fPENDLE-LPT-1735084833", "symbol": "PT-fPENDLE-LPT-1735084833", "decimals": 18}
{"blockNumber":20725682,"chainId":1,"tokenAddress":"0x4ee81b93cf490f7157144c82ff07557cffd2b86b"}	{"name": "Principal Token: sw-USUALUSDC+-1731480491", "symbol": "PT-sw-USUALUSDC+-1731480491", "decimals": 18}
{"blockNumber":20421312,"chainId":1,"tokenAddress":"0x0bB9aB78aAF7179b7515e6753d89822b91e670C4"}	{"name": "Kernel USD", "symbol": "kUSD", "decimals": 18}
{"blockNumber":20421312,"chainId":1,"tokenAddress":"0x513D27c94C0D81eeD9DC2a88b4531a69993187cF"}	{"name": "Kernel Staked ETH", "symbol": "ksETH", "decimals": 18}
{"blockNumber":20421312,"chainId":1,"tokenAddress":"0xf02C96DbbB92DC0325AD52B3f9F2b951f972bf00"}	{"name": "Kernel Restaked ETH", "symbol": "krETH", "decimals": 18}
{"blockNumber":20422887,"chainId":1,"tokenAddress":"0x853d955aCEf822Db058eb8505911ED77F175b99e"}	{"name": "Frax", "symbol": "FRAX", "decimals": 18}
{"blockNumber":20482543,"chainId":1,"tokenAddress":"0x1a7e4e63778B4f12a199C062f3eFdD288afCBce8"}	{"name": "EURA (previously agEUR)", "symbol": "EURA", "decimals": 18}
{"blockNumber":20506003,"chainId":1,"tokenAddress":"0x62B9c7356A2Dc64a1969e19C23e4f579F9810Aa7"}	{"name": "Convex CRV", "symbol": "cvxCRV", "decimals": 18}
{"blockNumber":20521549,"chainId":1,"tokenAddress":"0xA1290d69c65A6Fe4DF752f95823fae25cB99e5A7"}	{"name": "rsETH", "symbol": "rsETH", "decimals": 18}
{"blockNumber":20522173,"chainId":1,"tokenAddress":"0x093254005743b7Af89e24F645730Ba2dD8441333"}	{"name": "50APW-50WETH", "symbol": "50APW-50WETH", "decimals": 18}
{"blockNumber":20582576,"chainId":1,"tokenAddress":"0x66a1E37c9b0eAddca17d3662D6c05F4DECf3e110"}	{"name": "Resolv USD", "symbol": "USR", "decimals": 18}
{"blockNumber":20585725,"chainId":1,"tokenAddress":"0x6010676Bc2534652aD1Ef5Fa8073DcF9AD7EBFBe"}	{"name": "Pendle Market", "symbol": "PENDLE-LPT", "decimals": 18}
{"blockNumber":20725682,"chainId":1,"tokenAddress":"0xA0b86991c6218b36c1d19D4a2e9Eb0cE3606eB48"}	{"name": "USD Coin", "symbol": "USDC", "decimals": 6}
{"blockNumber":20575856,"chainId":1,"tokenAddress":"0x6e0dccf49d095f8ea8920a8af03d236fa167b7e0"}	{"name": "Spectra ERC4626 Wrapper: ynETH", "symbol": "sw-ynETH", "decimals": 18}
{"blockNumber":20635793,"chainId":1,"tokenAddress":"0x1b56e30b6efd7cfde46ee3e29b851b9094d5810b"}	{"name": "Spectra ERC4626 Wrapper:  Usual Boosted USDC", "symbol": "sw-USUALUSDC+", "decimals": 18}
{"blockNumber":20719261,"chainId":1,"tokenAddress":"0x37f86e2fb8020fb8dc53236fdae86f9122b56270"}	{"name": "Spectra ERC4626 Wrapper: Gauntlet USDC Core", "symbol": "sw-gtUSDCcore", "decimals": 18}
{"blockNumber":20719405,"chainId":1,"tokenAddress":"0xbdc1d4bbca6429efaaa42c26e80f6a138f9c69d5"}	{"name": "Spectra ERC4626 Wrapper: Gauntlet LRT Core", "symbol": "sw-gtLRTcore", "decimals": 18}
{"blockNumber":20421312,"chainId":1,"tokenAddress":"0x66fbb4fca7fd1095a6bd62d2225647cfefbcddf4"}	{"name": "Curve.fi Factory Crypto Pool: Spectra-PT/IBT", "symbol": "SPT-PT/IBT-f", "decimals": 18}
{"blockNumber":20421312,"chainId":1,"tokenAddress":"0x1ec04df27c0f5460a4cef9bd9790d760af381385"}	{"name": "Curve.fi Factory Crypto Pool: Spectra-PT/IBT", "symbol": "SPT-PT/IBT-f", "decimals": 18}
{"blockNumber":20421312,"chainId":1,"tokenAddress":"0xef578b2a16ee408d89cd4e83085d90126846416f"}	{"name": "Curve.fi Factory Crypto Pool: Spectra-PT/IBT", "symbol": "SPT-PT/IBT-f", "decimals": 18}
{"blockNumber":20422887,"chainId":1,"tokenAddress":"0xdbc714d4d7a0c6f46d258fd35f7c1a5b89a3801c"}	{"name": "Curve.fi Factory Crypto Pool: Spectra-PT/IBT", "symbol": "SPT-PT/IBT-f", "decimals": 18}
{"blockNumber":20482543,"chainId":1,"tokenAddress":"0xd579447a354fcbd7e49d382d44fe322a884b3558"}	{"name": "Curve.fi Factory Crypto Pool: Spectra-PT/IBT", "symbol": "SPT-PT/IBT-f", "decimals": 18}
{"blockNumber":20506003,"chainId":1,"tokenAddress":"0x24b27594b724eb6beecde3e7a09ef41368b87b96"}	{"name": "Curve.fi Factory Crypto Pool: Spectra-PT/IBT", "symbol": "SPT-PT/IBT-f", "decimals": 18}
{"blockNumber":20521549,"chainId":1,"tokenAddress":"0xfe469c17898082dbdc1e969fb36fe4e7c56b5014"}	{"name": "Curve.fi Factory Crypto Pool: Spectra-PT/IBT", "symbol": "SPT-PT/IBT-f", "decimals": 18}
{"blockNumber":20522173,"chainId":1,"tokenAddress":"0x9dcbd8707072f6e99ae7fdb8e4b4b982c0957adc"}	{"name": "Curve.fi Factory Crypto Pool: Spectra-PT/IBT", "symbol": "SPT-PT/IBT-f", "decimals": 18}
{"blockNumber":20582576,"chainId":1,"tokenAddress":"0x3523de26602bec599a01da5f0ca91df9b85964e7"}	{"name": "Curve.fi Factory Crypto Pool: Spectra-PT/IBT", "symbol": "SPT-PT/IBT-f", "decimals": 18}
{"blockNumber":20585725,"chainId":1,"tokenAddress":"0x0c5615939e86e4b99d7bdcacef62c8b515c78fea"}	{"name": "Curve.fi Factory Crypto Pool: Spectra-PT/IBT", "symbol": "SPT-PT/IBT-f", "decimals": 18}
{"blockNumber":20725682,"chainId":1,"tokenAddress":"0x926b0a79a0dfa26a88ce3c1fff5d38c7212fcd1b"}	{"name": "Curve.fi Factory Crypto Pool: Spectra-PT/IBT", "symbol": "SPT-PT/IBT-f", "decimals": 18}
{"blockNumber":20421312,"chainId":1,"tokenAddress":"0x2944b97803e203b0e34d972e50d4edc099b1f97d"}	{"name": "Yield Token: sr-kUSD-1738195558", "symbol": "YT-sr-kUSD-1738195558", "decimals": 18}
{"blockNumber":20421312,"chainId":1,"tokenAddress":"0xd040ef2009de5c61c02838bf89dc5de2a9f6dbf3"}	{"name": "Yield Token: sr-ksETH-1738195500", "symbol": "YT-sr-ksETH-1738195500", "decimals": 18}
{"blockNumber":20421312,"chainId":1,"tokenAddress":"0x544d89d8630287e74e9f738ed28b916810e14ee5"}	{"name": "Yield Token: sr-krETH-1738195474", "symbol": "YT-sr-krETH-1738195474", "decimals": 18}
{"blockNumber":20422887,"chainId":1,"tokenAddress":"0xf150f74435ab1da383664bb7d9f63c7fbdd51887"}	{"name": "Yield Token: sFRAX-1753833630", "symbol": "YT-sFRAX-1753833630", "decimals": 18}
{"blockNumber":20482543,"chainId":1,"tokenAddress":"0xcfa32af1c5a084deee5e55708cf148b2965e4d2d"}	{"name": "Yield Token: stEUR-1734220822", "symbol": "YT-stEUR-1734220822", "decimals": 18}
{"blockNumber":20506003,"chainId":1,"tokenAddress":"0x233af3eb7ecda3b9ab4886543f65471fdbfb7b17"}	{"name": "Yield Token: aCRV-1734652854", "symbol": "YT-aCRV-1734652854", "decimals": 18}
{"blockNumber":20521549,"chainId":1,"tokenAddress":"0x2d176fc14374201a1641db67e5a9761bf92726f8"}	{"name": "Yield Token: agETH-1739404813", "symbol": "YT-agETH-1739404813", "decimals": 18}
{"blockNumber":20522173,"chainId":1,"tokenAddress":"0x5a89ea1ccecfcba4a70722648056914cb8bb4506"}	{"name": "Yield Token: f50APW-50WETH-1744761606", "symbol": "YT-f50APW-50WETH-1744761606", "decimals": 18}
{"blockNumber":20582576,"chainId":1,"tokenAddress":"0x861e65f1bf472ead79c248111d78211907130820"}	{"name": "Yield Token: wstUSR-1740182579", "symbol": "YT-wstUSR-1740182579", "decimals": 18}
{"blockNumber":20585725,"chainId":1,"tokenAddress":"0xd580c5128200361ba1f1d4d46f593753e7019c28"}	{"name": "Yield Token: fPENDLE-LPT-1735084833", "symbol": "YT-fPENDLE-LPT-1735084833", "decimals": 18}
{"blockNumber":20725682,"chainId":1,"tokenAddress":"0x3b53a1a02f54c77aef429e8750b1722ef8ce9fd6"}	{"name": "Yield Token: sw-USUALUSDC+-1731480491", "symbol": "YT-sw-USUALUSDC+-1731480491", "decimals": 18}
{"blockNumber":20764439,"chainId":1,"tokenAddress":"0xdbbef1de0cafec8a959eecb39513d6bb0dcf1cff"}	{"name": "Principal Token: sw-gtLRTcore-1742083206", "symbol": "PT-sw-gtLRTcore-1742083206", "decimals": 18}
{"blockNumber":20827940,"chainId":1,"tokenAddress":"0x0f7454c4537afe1243df65842c7919b5d6d6198c"}	{"name": "Principal Token: sw-stkGHO-1742860812", "symbol": "PT-sw-stkGHO-1742860812", "decimals": 18}
{"blockNumber":21071577,"chainId":1,"tokenAddress":"0x2598ba9fed26b6c10c5be98ae38f06bb28cfb814"}	{"name": "Principal Token: sw-stkGHO-1745886768", "symbol": "PT-sw-stkGHO-1745886768", "decimals": 18}
{"blockNumber":20828021,"chainId":1,"tokenAddress":"0xa5ad927a85516885f09aa1b2124a8975dc725c48"}	{"name": "Principal Token: sw-amphrLRT-1742860816", "symbol": "PT-sw-amphrLRT-1742860816", "decimals": 18}
{"blockNumber":20861112,"chainId":1,"tokenAddress":"0x57e9ebeb30852d31f99a08e39068d93b0d8fc917"}	{"name": "Principal Token: sw-ynETH-1735516827", "symbol": "PT-sw-ynETH-1735516827", "decimals": 18}
{"blockNumber":21320940,"chainId":1,"tokenAddress":"0xbba9b8e2f698d2b1d79b6ee9fb05ac2520696f6d"}	{"name": "Principal Token: sw-ynETH-1743379491", "symbol": "PT-sw-ynETH-1743379491", "decimals": 18}
{"blockNumber":20764430,"chainId":1,"tokenAddress":"0x1541865672149191412af718c1764c9662142c83"}	{"name": "Principal Token: sw-gtUSDCcore-1757980809", "symbol": "PT-sw-gtUSDCcore-1757980809", "decimals": 18}
{"blockNumber":21070385,"chainId":1,"tokenAddress":"0xc1d7a926635081d24f232969379556e08d87e10a"}	{"name": "Spectra ERC4626 Wrapper: Gyroscope ECLP paUSD/GYD Aura Deposit Vault", "symbol": "sw-auraECLP-paUSD-GYD-vault", "decimals": 18}
{"blockNumber":21041537,"chainId":1,"tokenAddress":"0xc1d7a926635081d24f232969379556e08d87e10a"}	{"name": "Spectra ERC4626 Wrapper: Gyroscope ECLP paUSD/GYD Aura Deposit Vault", "symbol": "sw-auraECLP-paUSD-GYD-vault", "decimals": 18}
{"blockNumber":21035832,"chainId":1,"tokenAddress":"0xc1d7a926635081d24f232969379556e08d87e10a"}	{"name": "Spectra ERC4626 Wrapper: Gyroscope ECLP paUSD/GYD Aura Deposit Vault", "symbol": "sw-auraECLP-paUSD-GYD-vault", "decimals": 18}
{"blockNumber":21035850,"chainId":1,"tokenAddress":"0xc1d7a926635081d24f232969379556e08d87e10a"}	{"name": "Spectra ERC4626 Wrapper: Gyroscope ECLP paUSD/GYD Aura Deposit Vault", "symbol": "sw-auraECLP-paUSD-GYD-vault", "decimals": 18}
{"blockNumber":21116010,"chainId":1,"tokenAddress":"0x2c869c812bf8519e4a8dc42dcd8793ec09f776c1"}	{"name": "Spectra ERC4626 Wrapper: Hinkal ETH", "symbol": "sw-hETH", "decimals": 18}
{"blockNumber":21118006,"chainId":1,"tokenAddress":"0x2c869c812bf8519e4a8dc42dcd8793ec09f776c1"}	{"name": "Spectra ERC4626 Wrapper: Hinkal ETH", "symbol": "sw-hETH", "decimals": 18}
{"blockNumber":21123670,"chainId":1,"tokenAddress":"0x2c869c812bf8519e4a8dc42dcd8793ec09f776c1"}	{"name": "Spectra ERC4626 Wrapper: Hinkal ETH", "symbol": "sw-hETH", "decimals": 18}
{"blockNumber":21133867,"chainId":1,"tokenAddress":"0x2c869c812bf8519e4a8dc42dcd8793ec09f776c1"}	{"name": "Spectra ERC4626 Wrapper: Hinkal ETH", "symbol": "sw-hETH", "decimals": 18}
{"blockNumber":21134274,"chainId":1,"tokenAddress":"0x2c869c812bf8519e4a8dc42dcd8793ec09f776c1"}	{"name": "Spectra ERC4626 Wrapper: Hinkal ETH", "symbol": "sw-hETH", "decimals": 18}
{"blockNumber":21135613,"chainId":1,"tokenAddress":"0x2c869c812bf8519e4a8dc42dcd8793ec09f776c1"}	{"name": "Spectra ERC4626 Wrapper: Hinkal ETH", "symbol": "sw-hETH", "decimals": 18}
{"blockNumber":21115980,"chainId":1,"tokenAddress":"0x2c869c812bf8519e4a8dc42dcd8793ec09f776c1"}	{"name": "Spectra ERC4626 Wrapper: Hinkal ETH", "symbol": "sw-hETH", "decimals": 18}
{"blockNumber":21123713,"chainId":1,"tokenAddress":"0x2c869c812bf8519e4a8dc42dcd8793ec09f776c1"}	{"name": "Spectra ERC4626 Wrapper: Hinkal ETH", "symbol": "sw-hETH", "decimals": 18}
{"blockNumber":21087873,"chainId":1,"tokenAddress":"0x2c869c812bf8519e4a8dc42dcd8793ec09f776c1"}	{"name": "Spectra ERC4626 Wrapper: Hinkal ETH", "symbol": "sw-hETH", "decimals": 18}
{"blockNumber":21087937,"chainId":1,"tokenAddress":"0x2c869c812bf8519e4a8dc42dcd8793ec09f776c1"}	{"name": "Spectra ERC4626 Wrapper: Hinkal ETH", "symbol": "sw-hETH", "decimals": 18}
{"blockNumber":21123720,"chainId":1,"tokenAddress":"0x2c869c812bf8519e4a8dc42dcd8793ec09f776c1"}	{"name": "Spectra ERC4626 Wrapper: Hinkal ETH", "symbol": "sw-hETH", "decimals": 18}
{"blockNumber":21207908,"chainId":1,"tokenAddress":"0x2c869c812bf8519e4a8dc42dcd8793ec09f776c1"}	{"name": "Spectra ERC4626 Wrapper: Hinkal ETH", "symbol": "sw-hETH", "decimals": 18}
{"blockNumber":21207699,"chainId":1,"tokenAddress":"0x2c869c812bf8519e4a8dc42dcd8793ec09f776c1"}	{"name": "Spectra ERC4626 Wrapper: Hinkal ETH", "symbol": "sw-hETH", "decimals": 18}
{"blockNumber":21121454,"chainId":1,"tokenAddress":"0x22cdf5fd02b76339126f79cc601a1be6fe9c2701"}	{"name": "Spectra ERC4626 Wrapper: ether.fi BTC", "symbol": "sw-eBTC", "decimals": 8}
{"blockNumber":21142489,"chainId":1,"tokenAddress":"0x22cdf5fd02b76339126f79cc601a1be6fe9c2701"}	{"name": "Spectra ERC4626 Wrapper: ether.fi BTC", "symbol": "sw-eBTC", "decimals": 8}
{"blockNumber":21121443,"chainId":1,"tokenAddress":"0x22cdf5fd02b76339126f79cc601a1be6fe9c2701"}	{"name": "Spectra ERC4626 Wrapper: ether.fi BTC", "symbol": "sw-eBTC", "decimals": 8}
{"blockNumber":21149840,"chainId":1,"tokenAddress":"0x22cdf5fd02b76339126f79cc601a1be6fe9c2701"}	{"name": "Spectra ERC4626 Wrapper: ether.fi BTC", "symbol": "sw-eBTC", "decimals": 8}
{"blockNumber":21149851,"chainId":1,"tokenAddress":"0x22cdf5fd02b76339126f79cc601a1be6fe9c2701"}	{"name": "Spectra ERC4626 Wrapper: ether.fi BTC", "symbol": "sw-eBTC", "decimals": 8}
{"blockNumber":21143811,"chainId":1,"tokenAddress":"0x358d94b5b2f147d741088803d932acb566acb7b6"}	{"name": "rSWELL", "symbol": "rSWELL", "decimals": 18}
{"blockNumber":21182684,"chainId":1,"tokenAddress":"0x0655977feb2f289a4ab78af67bab0d17aab84367"}	{"name": "Savings crvUSD", "symbol": "scrvUSD", "decimals": 18}
{"blockNumber":20764439,"chainId":1,"tokenAddress":"0x420b98ecf46eaac880f96eabba9ec4ea8239cd47"}	{"name": "Curve.fi Factory Crypto Pool: Spectra-PT/IBT", "symbol": "SPT-PT/IBT-f", "decimals": 18}
{"blockNumber":20827940,"chainId":1,"tokenAddress":"0xa62ca1514944cc858a52e672df52fde0fda44a20"}	{"name": "Curve.fi Factory Crypto Pool: Spectra-PT/IBT", "symbol": "SPT-PT/IBT-f", "decimals": 18}
{"blockNumber":21071577,"chainId":1,"tokenAddress":"0x9b04af640ba44bc6a039e978987a950c703bb8ee"}	{"name": "Curve.fi Factory Crypto Pool: Spectra-PT/IBT", "symbol": "SPT-PT/IBT-f", "decimals": 18}
{"blockNumber":20828021,"chainId":1,"tokenAddress":"0x6228bbf6ebc60303c822d62ed06c12ed43edeb58"}	{"name": "Curve.fi Factory Crypto Pool: Spectra-PT/IBT", "symbol": "SPT-PT/IBT-f", "decimals": 18}
{"blockNumber":20861112,"chainId":1,"tokenAddress":"0x85f05383f7cb67f35385f7bf3b74e68f4795cbb9"}	{"name": "Curve.fi Factory Crypto Pool: Spectra-PT/IBT", "symbol": "SPT-PT/IBT-f", "decimals": 18}
{"blockNumber":21320940,"chainId":1,"tokenAddress":"0x2408569177553a427dd6956e1717f2fbe1a96f1d"}	{"name": "Curve.fi Factory Crypto Pool: Spectra-PT/IBT", "symbol": "SPT-PT/IBT-f", "decimals": 18}
{"blockNumber":21116010,"chainId":1,"tokenAddress":"0xe835a841c2a4c55c62ab0162b2a8f9921d41c645"}	{"name": "Principal Token: sw-hETH-1746316809", "symbol": "PT-sw-hETH-1746316809", "decimals": 18}
{"blockNumber":21121454,"chainId":1,"tokenAddress":"0x86fa5e412f82bec8e911ca1a44e5daead7136930"}	{"name": "Principal Token: sw-eBTC-1746403213", "symbol": "PT-sw-eBTC-1746403213", "decimals": 8}
{"blockNumber":21143811,"chainId":1,"tokenAddress":"0xe4581673541b6fe6a9d472349c3a9f51eaee44f9"}	{"name": "Principal Token: rSWELL-1739059213", "symbol": "PT-rSWELL-1739059213", "decimals": 18}
{"blockNumber":21182684,"chainId":1,"tokenAddress":"0x729908238075f050fa25ab8e50051d28acae0588"}	{"name": "Principal Token: scrvUSD-1747180822", "symbol": "PT-scrvUSD-1747180822", "decimals": 18}
{"blockNumber":21070385,"chainId":1,"tokenAddress":"0x5b450d19bd3b2324afbfc927f3aa51a6aefca2e7"}	{"name": "Principal Token: sw-auraECLP-paUSD-GYD-vault-1745885004", "symbol": "PT-sw-auraECLP-paUSD-GYD-vault-1745885004", "decimals": 18}
{"blockNumber":20764430,"chainId":1,"tokenAddress":"0x5a3f8c760a94838fbd08544221811add1012d034"}	{"name": "Curve.fi Factory Crypto Pool: Spectra-PT/IBT", "symbol": "SPT-PT/IBT-f", "decimals": 18}
{"blockNumber":21116010,"chainId":1,"tokenAddress":"0x8e36baf17dde6d1edfc94e9832d2e119779fa4f5"}	{"name": "Curve.fi Factory Crypto Pool: Spectra-PT/IBT", "symbol": "SPT-PT/IBT-f", "decimals": 18}
{"blockNumber":21121454,"chainId":1,"tokenAddress":"0xf0ce4940445a2dc0338a6669a90d6817c617419d"}	{"name": "Curve.fi Factory Crypto Pool: Spectra-PT/IBT", "symbol": "SPT-PT/IBT-f", "decimals": 18}
{"blockNumber":21143811,"chainId":1,"tokenAddress":"0x3f5dce0277644de67f8fc8600f0c08b78eb91889"}	{"name": "Curve.fi Factory Crypto Pool: Spectra-PT/IBT", "symbol": "SPT-PT/IBT-f", "decimals": 18}
{"blockNumber":21182684,"chainId":1,"tokenAddress":"0xce664f6e46fdcafdc4841c6b47c91021b0f34a43"}	{"name": "Curve.fi Factory Crypto Pool: Spectra-PT/IBT", "symbol": "SPT-PT/IBT-f", "decimals": 18}
{"blockNumber":21070385,"chainId":1,"tokenAddress":"0xe0ca229d974b976fee2b782ffc30e3c174710757"}	{"name": "Curve.fi Factory Crypto Pool: Spectra-PT/IBT", "symbol": "SPT-PT/IBT-f", "decimals": 18}
{"blockNumber":20764430,"chainId":1,"tokenAddress":"0xA0b86991c6218b36c1d19D4a2e9Eb0cE3606eB48"}	{"name": "USD Coin", "symbol": "USDC", "decimals": 6}
{"blockNumber":20764439,"chainId":1,"tokenAddress":"0xC02aaA39b223FE8D0A0e5C4F27eAD9083C756Cc2"}	{"name": "Wrapped Ether", "symbol": "WETH", "decimals": 18}
{"blockNumber":20861112,"chainId":1,"tokenAddress":"0xC02aaA39b223FE8D0A0e5C4F27eAD9083C756Cc2"}	{"name": "Wrapped Ether", "symbol": "WETH", "decimals": 18}
{"blockNumber":21320940,"chainId":1,"tokenAddress":"0xC02aaA39b223FE8D0A0e5C4F27eAD9083C756Cc2"}	{"name": "Wrapped Ether", "symbol": "WETH", "decimals": 18}
{"blockNumber":21121454,"chainId":1,"tokenAddress":"0x2260FAC5E5542a773Aa44fBCfeDf7C193bc2C599"}	{"name": "Wrapped BTC", "symbol": "WBTC", "decimals": 8}
{"blockNumber":21070385,"chainId":1,"tokenAddress":"0xae2d97cbbc13b67988eced2aba0f6939655ed3de"}	{"name": "Gyroscope ECLP paUSD/GYD", "symbol": "ECLP-paUSD-GYD", "decimals": 18}
{"blockNumber":21143811,"chainId":1,"tokenAddress":"0x0a6e7ba5042b38349e437ec6db6214aec7b35676"}	{"name": "Swell Governance Token", "symbol": "SWELL", "decimals": 18}
{"blockNumber":21182684,"chainId":1,"tokenAddress":"0xf939e0a03fb07f59a73314e73794be0e57ac1b4e"}	{"name": "Curve.Fi USD Stablecoin", "symbol": "crvUSD", "decimals": 18}
{"blockNumber":20764430,"chainId":1,"tokenAddress":"0xb14150c9093ebef74a0bac5a54231e1d78a72b84"}	{"name": "Yield Token: sw-gtUSDCcore-1757980809", "symbol": "YT-sw-gtUSDCcore-1757980809", "decimals": 18}
{"blockNumber":20764439,"chainId":1,"tokenAddress":"0xd2efef232448ca036c83df3f56a0e890c088b5ce"}	{"name": "Yield Token: sw-gtLRTcore-1742083206", "symbol": "YT-sw-gtLRTcore-1742083206", "decimals": 18}
{"blockNumber":20861112,"chainId":1,"tokenAddress":"0x52aceff7804bb5f251926d5a53a12cb8488efa71"}	{"name": "Yield Token: sw-ynETH-1735516827", "symbol": "YT-sw-ynETH-1735516827", "decimals": 18}
{"blockNumber":21320940,"chainId":1,"tokenAddress":"0xc5773fb124cc02fa865bfb968de8ffa43bc1902f"}	{"name": "Yield Token: sw-ynETH-1743379491", "symbol": "YT-sw-ynETH-1743379491", "decimals": 18}
{"blockNumber":21116010,"chainId":1,"tokenAddress":"0xC02aaA39b223FE8D0A0e5C4F27eAD9083C756Cc2"}	{"name": "Wrapped Ether", "symbol": "WETH", "decimals": 18}
{"blockNumber":20827940,"chainId":1,"tokenAddress":"0xdfb8d94c25c8cfc4df171077fad479adaaef51c9"}	{"name": "Yield Token: sw-stkGHO-1742860812", "symbol": "YT-sw-stkGHO-1742860812", "decimals": 18}
{"blockNumber":21071577,"chainId":1,"tokenAddress":"0x477f0ea1ba96724f2c0bf42b589d8dc1bab464c9"}	{"name": "Yield Token: sw-stkGHO-1745886768", "symbol": "YT-sw-stkGHO-1745886768", "decimals": 18}
{"blockNumber":20828021,"chainId":1,"tokenAddress":"0x8e82b4295996feda8648b9ce3ff6d0ec40c4f83b"}	{"name": "Yield Token: sw-amphrLRT-1742860816", "symbol": "YT-sw-amphrLRT-1742860816", "decimals": 18}
{"blockNumber":20823500,"chainId":1,"tokenAddress":"0xc1d7a926635081d24f232969379556e08d87e10a"}	{"name": "Spectra ERC4626 Wrapper: Gyroscope ECLP paUSD/GYD Aura Deposit Vault", "symbol": "sw-auraECLP-paUSD-GYD-vault", "decimals": 18}
{"blockNumber":21084699,"chainId":1,"tokenAddress":"0x2c869c812bf8519e4a8dc42dcd8793ec09f776c1"}	{"name": "Spectra ERC4626 Wrapper: Hinkal ETH", "symbol": "sw-hETH", "decimals": 18}
{"blockNumber":21114160,"chainId":1,"tokenAddress":"0x22cdf5fd02b76339126f79cc601a1be6fe9c2701"}	{"name": "Spectra ERC4626 Wrapper: ether.fi BTC", "symbol": "sw-eBTC", "decimals": 8}
{"blockNumber":21322106,"chainId":1,"tokenAddress":"0x2811b38f354d317716c0d35c3cfb9825b6bac642"}	{"name": "Spectra ERC4626 Wrapper: Relend USDC", "symbol": "sw-reUSDC", "decimals": 18}
{"blockNumber":21070385,"chainId":1,"tokenAddress":"0xae2D97CbBc13B67988ECEd2abA0F6939655eD3De"}	{"name": "Gyroscope ECLP paUSD/GYD", "symbol": "ECLP-paUSD-GYD", "decimals": 18}
{"blockNumber":21143811,"chainId":1,"tokenAddress":"0x0a6E7Ba5042B38349e437ec6Db6214AEC7B35676"}	{"name": "Swell Governance Token", "symbol": "SWELL", "decimals": 18}
{"blockNumber":21182684,"chainId":1,"tokenAddress":"0xf939E0A03FB07F59A73314E73794Be0E57ac1b4E"}	{"name": "Curve.Fi USD Stablecoin", "symbol": "crvUSD", "decimals": 18}
{"blockNumber":21070385,"chainId":1,"tokenAddress":"0xe3031e3be0b8e8f77b6fb36932b066c3a9b65452"}	{"name": "Yield Token: sw-auraECLP-paUSD-GYD-vault-1745885004", "symbol": "YT-sw-auraECLP-paUSD-GYD-vault-1745885004", "decimals": 18}
{"blockNumber":21116010,"chainId":1,"tokenAddress":"0x70d0478c4dee033902f0187814a751936513fc93"}	{"name": "Yield Token: sw-hETH-1746316809", "symbol": "YT-sw-hETH-1746316809", "decimals": 18}
{"blockNumber":21121454,"chainId":1,"tokenAddress":"0xe2e33e45c2322e7bccb15973caab28e27489fc61"}	{"name": "Yield Token: sw-eBTC-1746403213", "symbol": "YT-sw-eBTC-1746403213", "decimals": 8}
{"blockNumber":21143811,"chainId":1,"tokenAddress":"0x0c8ccb30a3e327623be4ddeaf0cba75eee4cbd24"}	{"name": "Yield Token: rSWELL-1739059213", "symbol": "YT-rSWELL-1739059213", "decimals": 18}
{"blockNumber":21182684,"chainId":1,"tokenAddress":"0xd421352e09bade9b07b54bf3c95d359b1e041f05"}	{"name": "Yield Token: scrvUSD-1747180822", "symbol": "YT-scrvUSD-1747180822", "decimals": 18}
{"blockNumber":21470479,"chainId":1,"tokenAddress":"0x71c34e0c6cd94ab11a80ec8006e0755ce5248b2a"}	{"name": "Principal Token: arUSD-1750723349", "symbol": "PT-arUSD-1750723349", "decimals": 18}
{"blockNumber":21470479,"chainId":1,"tokenAddress":"0xd80e70929517ef0d34db762b0d1e6ef9026d1310"}	{"name": "Curve.fi Factory Crypto Pool: Spectra-PT/IBT", "symbol": "SPT-PT/IBT-f", "decimals": 18}
{"blockNumber":21470479,"chainId":1,"tokenAddress":"0x2f5ddf958c506a399be513213a943394c10da1b2"}	{"name": "Yield Token: arUSD-1750723349", "symbol": "YT-arUSD-1750723349", "decimals": 18}
{"blockNumber":21493603,"chainId":1,"tokenAddress":"0x43ee0243ea8cf02f7087d8b16c8d2007cc9c7ca2"}	{"name": "IPOR USDC Ethereum Optimizer", "symbol": "ipUSDCfusion", "decimals": 8}
{"blockNumber":21492348,"chainId":1,"tokenAddress":"0x45d3e915da5f79da2892cd006de525c5be275997"}	{"name": "Principal Token: wstUSR-1743033610", "symbol": "PT-wstUSR-1743033610", "decimals": 18}
{"blockNumber":21492348,"chainId":1,"tokenAddress":"0x3ea5afb1b120660d374e6b886469f9aea0fb367b"}	{"name": "Yield Token: wstUSR-1743033610", "symbol": "YT-wstUSR-1743033610", "decimals": 18}
{"blockNumber":21492348,"chainId":1,"tokenAddress":"0x16165455608ab1a284505873673325cc08e6a367"}	{"name": "Curve.fi Factory Crypto Pool: Spectra-PT/IBT", "symbol": "SPT-PT/IBT-f", "decimals": 18}
{"blockNumber":21493603,"chainId":1,"tokenAddress":"0xf2c5e30fd95a7363583bcaa932dbe493765bf74f"}	{"name": "Principal Token: ipUSDCfusion-1766793616", "symbol": "PT-ipUSDCfusion-1766793616", "decimals": 8}
{"blockNumber":21493603,"chainId":1,"tokenAddress":"0xA0b86991c6218b36c1d19D4a2e9Eb0cE3606eB48"}	{"name": "USD Coin", "symbol": "USDC", "decimals": 6}
{"blockNumber":21493603,"chainId":1,"tokenAddress":"0x6e429b17a9c9928cadf8f30a17f2c2b274bff74f"}	{"name": "Curve.fi Factory Crypto Pool: Spectra-PT/IBT", "symbol": "SPT-PT/IBT-f", "decimals": 18}
{"blockNumber":21493603,"chainId":1,"tokenAddress":"0xbf836ebf3bfa24e57bd06cb8b39720a02062b3d6"}	{"name": "Yield Token: ipUSDCfusion-1766793616", "symbol": "YT-ipUSDCfusion-1766793616", "decimals": 8}
{"blockNumber":21504983,"chainId":1,"tokenAddress":"0xf46ac03f3508f05a6353e582c3f47f2adf5cc2cf"}	{"name": "Principal Token: wstUSR-1766966428", "symbol": "PT-wstUSR-1766966428", "decimals": 18}
{"blockNumber":21514035,"chainId":1,"tokenAddress":"0x395a2d021cfaebaca68561334e3c947fcfcd7762"}	{"name": "Principal Token: wstUSR-1743292810", "symbol": "PT-wstUSR-1743292810", "decimals": 18}
{"blockNumber":21515271,"chainId":1,"tokenAddress":"0xbeefff209270748ddd194831b3fa287a5386f5bc"}	{"name": "Smokehouse USDC", "symbol": "bbqUSDC", "decimals": 18}
{"blockNumber":21504983,"chainId":1,"tokenAddress":"0xd55d343ff52594bc88ae789a9c9ce6c0bce7e140"}	{"name": "Curve.fi Factory Crypto Pool: Spectra-PT/IBT", "symbol": "SPT-PT/IBT-f", "decimals": 18}
{"blockNumber":21514035,"chainId":1,"tokenAddress":"0xc1ab0959826c28a1e528d68570e89e868596b78d"}	{"name": "Curve.fi Factory Crypto Pool: Spectra-PT/IBT", "symbol": "SPT-PT/IBT-f", "decimals": 18}
{"blockNumber":21504983,"chainId":1,"tokenAddress":"0xbfb88a227507b57e914b1511406a0f2ee5122a70"}	{"name": "Yield Token: wstUSR-1766966428", "symbol": "YT-wstUSR-1766966428", "decimals": 18}
{"blockNumber":21514035,"chainId":1,"tokenAddress":"0x377170a16b493a8faa7a362adb5a672ae3627645"}	{"name": "Yield Token: wstUSR-1743292810", "symbol": "YT-wstUSR-1743292810", "decimals": 18}
{"blockNumber":21515271,"chainId":1,"tokenAddress":"0x82929e5f0b644023b66eb9e841c29f75e9e9c2dc"}	{"name": "Principal Token: bbqUSDC-1751241604", "symbol": "PT-bbqUSDC-1751241604", "decimals": 18}
{"blockNumber":21515271,"chainId":1,"tokenAddress":"0xA0b86991c6218b36c1d19D4a2e9Eb0cE3606eB48"}	{"name": "USD Coin", "symbol": "USDC", "decimals": 6}
{"blockNumber":21515271,"chainId":1,"tokenAddress":"0x84054b49530ebf9329e970e4103f80f3abcdeb75"}	{"name": "Curve.fi Factory Crypto Pool: Spectra-PT/IBT", "symbol": "SPT-PT/IBT-f", "decimals": 18}
{"blockNumber":21515271,"chainId":1,"tokenAddress":"0x509aeec3863ba9a7ece25738db4315a7d3e2588d"}	{"name": "Yield Token: bbqUSDC-1751241604", "symbol": "YT-bbqUSDC-1751241604", "decimals": 18}
{"blockNumber":21543317,"chainId":1,"tokenAddress":"0xa3a9edfd9cc5d91bb9018fcf25073027fe71c407"}	{"name": "Principal Token: asdCRV-1766707241", "symbol": "PT-asdCRV-1766707241", "decimals": 18}
{"blockNumber":21543317,"chainId":1,"tokenAddress":"0x73b697c42c24aa6e187898067dbea1a720e7106d"}	{"name": "Curve.fi Factory Crypto Pool: Spectra-PT/IBT", "symbol": "SPT-PT/IBT-f", "decimals": 18}
{"blockNumber":21568240,"chainId":1,"tokenAddress":"0xb45ad160634c528cc3d2926d9807104fa3157305"}	{"name": "Staked Dola", "symbol": "sDOLA", "decimals": 18}
{"blockNumber":21568240,"chainId":1,"tokenAddress":"0xf4ca2ce6eaa1b507570c4b340007f6266c7d5698"}	{"name": "Principal Token: sDOLA-1767657613", "symbol": "PT-sDOLA-1767657613", "decimals": 18}
{"blockNumber":21568240,"chainId":1,"tokenAddress":"0xcca700c9bd8a51e95a5701fa0bf82fd06823d3b6"}	{"name": "Curve.fi Factory Crypto Pool: Spectra-PT/IBT", "symbol": "SPT-PT/IBT-f", "decimals": 18}
{"blockNumber":21578063,"chainId":1,"tokenAddress":"0xcd4954ce6a178ab0bc4ffa0b2886f33c5a851d0b"}	{"name": "Spectra ERC4626 Wrapper: Smokehouse WSTETH", "symbol": "sw-bbqWSTETH", "decimals": 18}
{"blockNumber":21578071,"chainId":1,"tokenAddress":"0xcd4954ce6a178ab0bc4ffa0b2886f33c5a851d0b"}	{"name": "Spectra ERC4626 Wrapper: Smokehouse WSTETH", "symbol": "sw-bbqWSTETH", "decimals": 18}
{"blockNumber":21567467,"chainId":1,"tokenAddress":"0xcd4954ce6a178ab0bc4ffa0b2886f33c5a851d0b"}	{"name": "Spectra ERC4626 Wrapper: Smokehouse WSTETH", "symbol": "sw-bbqWSTETH", "decimals": 18}
{"blockNumber":21568240,"chainId":1,"tokenAddress":"0x865377367054516e17014ccded1e7d814edc9ce4"}	{"name": "Dola USD Stablecoin", "symbol": "DOLA", "decimals": 18}
{"blockNumber":21543317,"chainId":1,"tokenAddress":"0xdc7fc5c2f348d6ec2d16523464a8f8746bada366"}	{"name": "Yield Token: asdCRV-1766707241", "symbol": "YT-asdCRV-1766707241", "decimals": 18}
{"blockNumber":21578071,"chainId":1,"tokenAddress":"0xef4213713af39304dd2dc815e931b54dc3b64bc2"}	{"name": "Principal Token: sw-bbqWSTETH-1767139206", "symbol": "PT-sw-bbqWSTETH-1767139206", "decimals": 18}
{"blockNumber":21568240,"chainId":1,"tokenAddress":"0x865377367054516e17014CcdED1e7d814EDC9ce4"}	{"name": "Dola USD Stablecoin", "symbol": "DOLA", "decimals": 18}
{"blockNumber":21578071,"chainId":1,"tokenAddress":"0xabf24cd98e637f2f545b4d0ea1c97c3c20f1d79c"}	{"name": "Curve.fi Factory Crypto Pool: Spectra-PT/IBT", "symbol": "SPT-PT/IBT-f", "decimals": 18}
{"blockNumber":21578071,"chainId":1,"tokenAddress":"0x7f39C581F595B53c5cb19bD0b3f8dA6c935E2Ca0"}	{"name": "Wrapped liquid staked Ether 2.0", "symbol": "wstETH", "decimals": 18}
{"blockNumber":21568240,"chainId":1,"tokenAddress":"0x15b1dcb6e284a2dbbb91c4a633e7d7cf1f6a2946"}	{"name": "Yield Token: sDOLA-1767657613", "symbol": "YT-sDOLA-1767657613", "decimals": 18}
{"blockNumber":21578071,"chainId":1,"tokenAddress":"0x6ce6cf344df283bf6b4f0533215c9f50703dfee3"}	{"name": "Yield Token: sw-bbqWSTETH-1767139206", "symbol": "YT-sw-bbqWSTETH-1767139206", "decimals": 18}
{"blockNumber":21679946,"chainId":1,"tokenAddress":"0xd89fc47aacbb31e2bf23ec599f593a4876d8c18c"}	{"name": "Spectra ERC4626 Wrapper: Inception Symbiotic Restaked wstETH", "symbol": "sw-inwstETHs", "decimals": 18}
{"blockNumber":21667611,"chainId":1,"tokenAddress":"0xd89fc47aacbb31e2bf23ec599f593a4876d8c18c"}	{"name": "Spectra ERC4626 Wrapper: Inception Symbiotic Restaked wstETH", "symbol": "sw-inwstETHs", "decimals": 18}
{"blockNumber":21667649,"chainId":1,"tokenAddress":"0xd89fc47aacbb31e2bf23ec599f593a4876d8c18c"}	{"name": "Spectra ERC4626 Wrapper: Inception Symbiotic Restaked wstETH", "symbol": "sw-inwstETHs", "decimals": 18}
{"blockNumber":21667660,"chainId":1,"tokenAddress":"0x3edfac40e3ee7a26d03393ac44918c53e7f90bad"}	{"name": "Spectra ERC4626 Wrapper: Resolv Liquidity Provider Token", "symbol": "sw-RLP", "decimals": 18}
{"blockNumber":21680293,"chainId":1,"tokenAddress":"0x3edfac40e3ee7a26d03393ac44918c53e7f90bad"}	{"name": "Spectra ERC4626 Wrapper: Resolv Liquidity Provider Token", "symbol": "sw-RLP", "decimals": 18}
{"blockNumber":21680590,"chainId":1,"tokenAddress":"0x4eafef6149c5b0c3e42ff444f79675b3e3125cb7"}	{"name": "Spectra ERC4626 Wrapper: Resolv Liquidity Provider Token", "symbol": "sw-RLP", "decimals": 18}
{"blockNumber":21628185,"chainId":1,"tokenAddress":"0xad55aebc9b8c03fc43cd9f62260391c13c23e7c0"}	{"name": "Compounding Open Dollar", "symbol": "cUSDO", "decimals": 18}
{"blockNumber":21595614,"chainId":1,"tokenAddress":"0xb7c5eb1271432f725a8f182dc00eaee13982bf46"}	{"name": "Spectra ERC4626 Wrapper: Static RWA ZeroLend USDC", "symbol": "sw-statz0RWAUSDC", "decimals": 18}
{"blockNumber":21595624,"chainId":1,"tokenAddress":"0xb7c5eb1271432f725a8f182dc00eaee13982bf46"}	{"name": "Spectra ERC4626 Wrapper: Static RWA ZeroLend USDC", "symbol": "sw-statz0RWAUSDC", "decimals": 18}
{"blockNumber":21595661,"chainId":1,"tokenAddress":"0xc8695214586aabb3db8cdce60db1cdba0d247d5f"}	{"name": "Spectra ERC4626 Wrapper: EVK Vault eUSDC-19", "symbol": "sw-eUSDC-19", "decimals": 18}
{"blockNumber":21595668,"chainId":1,"tokenAddress":"0xc8695214586aabb3db8cdce60db1cdba0d247d5f"}	{"name": "Spectra ERC4626 Wrapper: EVK Vault eUSDC-19", "symbol": "sw-eUSDC-19", "decimals": 18}
{"blockNumber":21595624,"chainId":1,"tokenAddress":"0x4624a345936aaa38496ae6304988e2565daeb4c8"}	{"name": "Principal Token: sw-statz0RWAUSDC-1768003244", "symbol": "PT-sw-statz0RWAUSDC-1768003244", "decimals": 18}
{"blockNumber":21595668,"chainId":1,"tokenAddress":"0x328162108796142a8578ecdb24a2c79075ba79d5"}	{"name": "Principal Token: sw-eUSDC-19-1752105606", "symbol": "PT-sw-eUSDC-19-1752105606", "decimals": 18}
{"blockNumber":21595624,"chainId":1,"tokenAddress":"0x26261ce551c31b0597fb370edf1b7aa4d7a489da"}	{"name": "Curve.fi Factory Crypto Pool: Spectra-PT/IBT", "symbol": "SPT-PT/IBT-f", "decimals": 18}
{"blockNumber":21595668,"chainId":1,"tokenAddress":"0x5e1c672b48c4dc2796cb2a09585616bb06237aa4"}	{"name": "Curve.fi Factory Crypto Pool: Spectra-PT/IBT", "symbol": "SPT-PT/IBT-f", "decimals": 18}
{"blockNumber":21587125,"chainId":1,"tokenAddress":"0x942bed98560e9b2aa0d4ec76bbda7a7e55f6b2d6"}	{"name": "Static RWA ZeroLend USDC", "symbol": "statz0RWAUSDC", "decimals": 6}
{"blockNumber":21591017,"chainId":1,"tokenAddress":"0x4737d9b4592b40d51e110b94c9c043c6654067ae"}	{"name": "Staked lvlUSD", "symbol": "slvlUSD", "decimals": 18}
{"blockNumber":21618732,"chainId":1,"tokenAddress":"0x4737d9b4592b40d51e110b94c9c043c6654067ae"}	{"name": "Staked lvlUSD", "symbol": "slvlUSD", "decimals": 18}
{"blockNumber":21596277,"chainId":1,"tokenAddress":"0x52c2bc859f5082c4f8c17266a3cd640b5047370e"}	{"name": "Concrete-WBTC-Vault", "symbol": "ctWBTC", "decimals": 17}
{"blockNumber":21589445,"chainId":1,"tokenAddress":"0x16a0ad54b7067260b8d21fd7a84c538ada797224"}	{"name": "Principal Token: aCRV-1767916811", "symbol": "PT-aCRV-1767916811", "decimals": 18}
{"blockNumber":21589445,"chainId":1,"tokenAddress":"0x2a16899a3d4f4179d0661d3125e4eab3cd8a34eb"}	{"name": "Curve.fi Factory Crypto Pool: Spectra-PT/IBT", "symbol": "SPT-PT/IBT-f", "decimals": 18}
{"blockNumber":21587125,"chainId":1,"tokenAddress":"0x584979d4ba1c3e35da09aaa8040c85f49ec1a74c"}	{"name": "Principal Token: statz0RWAUSDC-1767916855", "symbol": "PT-statz0RWAUSDC-1767916855", "decimals": 6}
{"blockNumber":21591017,"chainId":1,"tokenAddress":"0x7ee6ecea0a54249388c6a45cdaead5b1731efb92"}	{"name": "Principal Token: slvlUSD-1744156830", "symbol": "PT-slvlUSD-1744156830", "decimals": 18}
{"blockNumber":21618732,"chainId":1,"tokenAddress":"0xbc30e564052a622d6b50170b73ff14ee49eeade0"}	{"name": "Principal Token: slvlUSD-1744502409", "symbol": "PT-slvlUSD-1744502409", "decimals": 18}
{"blockNumber":21596277,"chainId":1,"tokenAddress":"0x613473a20650973c30204c844b06262540bcbb6c"}	{"name": "Principal Token: ctWBTC-1744588812", "symbol": "PT-ctWBTC-1744588812", "decimals": 17}
{"blockNumber":21589445,"chainId":1,"tokenAddress":"0x6edee046d104a04fd5b8f86a833155469d728d98"}	{"name": "Yield Token: aCRV-1767916811", "symbol": "YT-aCRV-1767916811", "decimals": 18}
{"blockNumber":21591017,"chainId":1,"tokenAddress":"0x7c1156e515aa1a2e851674120074968c905aaf37"}	{"name": "Level USD", "symbol": "lvlUSD", "decimals": 18}
{"blockNumber":21618732,"chainId":1,"tokenAddress":"0x7c1156e515aa1a2e851674120074968c905aaf37"}	{"name": "Level USD", "symbol": "lvlUSD", "decimals": 18}
{"blockNumber":21596277,"chainId":1,"tokenAddress":"0x2260FAC5E5542a773Aa44fBCfeDf7C193bc2C599"}	{"name": "Wrapped BTC", "symbol": "WBTC", "decimals": 8}
{"blockNumber":21587125,"chainId":1,"tokenAddress":"0xA0b86991c6218b36c1d19D4a2e9Eb0cE3606eB48"}	{"name": "USD Coin", "symbol": "USDC", "decimals": 6}
{"blockNumber":21595624,"chainId":1,"tokenAddress":"0xA0b86991c6218b36c1d19D4a2e9Eb0cE3606eB48"}	{"name": "USD Coin", "symbol": "USDC", "decimals": 6}
{"blockNumber":21595668,"chainId":1,"tokenAddress":"0xA0b86991c6218b36c1d19D4a2e9Eb0cE3606eB48"}	{"name": "USD Coin", "symbol": "USDC", "decimals": 6}
{"blockNumber":21593486,"chainId":1,"tokenAddress":"0xb7c5eb1271432f725a8f182dc00eaee13982bf46"}	{"name": "Spectra ERC4626 Wrapper: Static RWA ZeroLend USDC", "symbol": "sw-statz0RWAUSDC", "decimals": 18}
{"blockNumber":21593504,"chainId":1,"tokenAddress":"0xc8695214586aabb3db8cdce60db1cdba0d247d5f"}	{"name": "Spectra ERC4626 Wrapper: EVK Vault eUSDC-19", "symbol": "sw-eUSDC-19", "decimals": 18}
{"blockNumber":21587125,"chainId":1,"tokenAddress":"0xcfc1315af3f13b9b3b01fa7237c82e45be603a92"}	{"name": "Curve.fi Factory Crypto Pool: Spectra-PT/IBT", "symbol": "SPT-PT/IBT-f", "decimals": 18}
{"blockNumber":21591017,"chainId":1,"tokenAddress":"0x1ac9bae70d07a235125fce3ed6146b1e7d7db4df"}	{"name": "Curve.fi Factory Crypto Pool: Spectra-PT/IBT", "symbol": "SPT-PT/IBT-f", "decimals": 18}
{"blockNumber":21618732,"chainId":1,"tokenAddress":"0x15127ef53f07f2b4fc0cc6b8cd2100170ffafed6"}	{"name": "Curve.fi Factory Crypto Pool: Spectra-PT/IBT", "symbol": "SPT-PT/IBT-f", "decimals": 18}
{"blockNumber":21596277,"chainId":1,"tokenAddress":"0xf4facb009cadf6f95d75a846eaacbec39f6c0929"}	{"name": "Curve.fi Factory Crypto Pool: Spectra-PT/IBT", "symbol": "SPT-PT/IBT-f", "decimals": 18}
{"blockNumber":21591017,"chainId":1,"tokenAddress":"0x7C1156E515aA1A2E851674120074968C905aAF37"}	{"name": "Level USD", "symbol": "lvlUSD", "decimals": 18}
{"blockNumber":21618732,"chainId":1,"tokenAddress":"0x7C1156E515aA1A2E851674120074968C905aAF37"}	{"name": "Level USD", "symbol": "lvlUSD", "decimals": 18}
{"blockNumber":21587125,"chainId":1,"tokenAddress":"0x297af3fbd9c693a08260880804fbdec32270c0da"}	{"name": "Yield Token: statz0RWAUSDC-1767916855", "symbol": "YT-statz0RWAUSDC-1767916855", "decimals": 6}
{"blockNumber":21591017,"chainId":1,"tokenAddress":"0x121f68a28ffb1feb6c1639e4ac77c835d6c9f165"}	{"name": "Yield Token: slvlUSD-1744156830", "symbol": "YT-slvlUSD-1744156830", "decimals": 18}
{"blockNumber":21595624,"chainId":1,"tokenAddress":"0x5c83a882b91393bb8aa43fbb28e041ce9687d9dd"}	{"name": "Yield Token: sw-statz0RWAUSDC-1768003244", "symbol": "YT-sw-statz0RWAUSDC-1768003244", "decimals": 18}
{"blockNumber":21595668,"chainId":1,"tokenAddress":"0xbe21085a497afdfa894118d9c2caa4bd544fe323"}	{"name": "Yield Token: sw-eUSDC-19-1752105606", "symbol": "YT-sw-eUSDC-19-1752105606", "decimals": 18}
{"blockNumber":21596277,"chainId":1,"tokenAddress":"0x41264034bcf8ba0df599d45d4caf2cb7634d44cd"}	{"name": "Yield Token: ctWBTC-1744588812", "symbol": "YT-ctWBTC-1744588812", "decimals": 17}
{"blockNumber":21618732,"chainId":1,"tokenAddress":"0xa6676b5d6d56f905d084914b70b2cc9c383f1a23"}	{"name": "Yield Token: slvlUSD-1744502409", "symbol": "YT-slvlUSD-1744502409", "decimals": 18}
{"blockNumber":21680345,"chainId":1,"tokenAddress":"0x5c5b196abe0d54485975d1ec29617d42d9198326"}	{"name": "Staked deUSD", "symbol": "sdeUSD", "decimals": 18}
{"blockNumber":21684327,"chainId":1,"tokenAddress":"0xf7de3c70f2db39a188a81052d2f3c8e3e217822a"}	{"name": "SuperUSDC", "symbol": "ysUSDC", "decimals": 6}
{"blockNumber":20764430,"chainId":1,"tokenAddress":"0xa0b86991c6218b36c1d19d4a2e9eb0ce3606eb48"}	{"name": "USD Coin", "symbol": "USDC", "decimals": 6}
{"blockNumber":21667649,"chainId":1,"tokenAddress":"0x4ae0154f83427a5864e5de6513a47dac9e5d5a69"}	{"name": "Principal Token: sw-inwstETHs-1752969615", "symbol": "PT-sw-inwstETHs-1752969615", "decimals": 18}
{"blockNumber":21628185,"chainId":1,"tokenAddress":"0xfc7d13dab1c024b6640367cb92ead33f627f6d4e"}	{"name": "Principal Token: cUSDO-1768435221", "symbol": "PT-cUSDO-1768435221", "decimals": 18}
{"blockNumber":21680345,"chainId":1,"tokenAddress":"0xb4b8925c4cbce692f37c9d946883f2e330a042a9"}	{"name": "Principal Token: sdeUSD-1753142406", "symbol": "PT-sdeUSD-1753142406", "decimals": 18}
{"blockNumber":21684327,"chainId":1,"tokenAddress":"0x3b9739ee0c3b5bd7b392a801deac1dc68cfb0c48"}	{"name": "Principal Token: ysUSDC-1745107210", "symbol": "PT-ysUSDC-1745107210", "decimals": 6}
{"blockNumber":21628185,"chainId":1,"tokenAddress":"0x8238884ec9668ef77b90c6dff4d1a9f4f4823bfe"}	{"name": "OpenEden Open Dollar", "symbol": "USDO", "decimals": 18}
{"blockNumber":21680345,"chainId":1,"tokenAddress":"0x15700b564ca08d9439c58ca5053166e8317aa138"}	{"name": "deUSD", "symbol": "deUSD", "decimals": 18}
{"blockNumber":21667649,"chainId":1,"tokenAddress":"0x2cd244f1f9a856c251d276103862dd4325985d2a"}	{"name": "Curve.fi Factory Crypto Pool: Spectra-PT/IBT", "symbol": "SPT-PT/IBT-f", "decimals": 18}
{"blockNumber":21628185,"chainId":1,"tokenAddress":"0x8238884Ec9668Ef77B90C6dfF4D1a9F4F4823BFe"}	{"name": "OpenEden Open Dollar", "symbol": "USDO", "decimals": 18}
{"blockNumber":21680345,"chainId":1,"tokenAddress":"0x15700B564Ca08D9439C58cA5053166E8317aa138"}	{"name": "deUSD", "symbol": "deUSD", "decimals": 18}
{"blockNumber":21628185,"chainId":1,"tokenAddress":"0xf535464768ca2d2f106db62b967505b3ffaa8bac"}	{"name": "Curve.fi Factory Crypto Pool: Spectra-PT/IBT", "symbol": "SPT-PT/IBT-f", "decimals": 18}
{"blockNumber":21680345,"chainId":1,"tokenAddress":"0x09d484b738dd85ce3953102453e91507982121d0"}	{"name": "Curve.fi Factory Crypto Pool: Spectra-PT/IBT", "symbol": "SPT-PT/IBT-f", "decimals": 18}
{"blockNumber":21684327,"chainId":1,"tokenAddress":"0x0a2363cd6510630f520c2a1fcf755696e6c3c12a"}	{"name": "Curve.fi Factory Crypto Pool: Spectra-PT/IBT", "symbol": "SPT-PT/IBT-f", "decimals": 18}
{"blockNumber":21665023,"chainId":1,"tokenAddress":"0x3edfac40e3ee7a26d03393ac44918c53e7f90bad"}	{"name": "Spectra ERC4626 Wrapper: Resolv Liquidity Provider Token", "symbol": "sw-RLP", "decimals": 18}
{"blockNumber":21665047,"chainId":1,"tokenAddress":"0xd89fc47aacbb31e2bf23ec599f593a4876d8c18c"}	{"name": "Spectra ERC4626 Wrapper: Inception Symbiotic Restaked wstETH", "symbol": "sw-inwstETHs", "decimals": 18}
{"blockNumber":21665070,"chainId":1,"tokenAddress":"0x4427855b3d9d0a3e931cd6bbdbe4e0f74d47ebb0"}	{"name": "Spectra ERC4626 Wrapper: Coinshift USDL", "symbol": "sw-csUSDL", "decimals": 18}
{"blockNumber":21677859,"chainId":1,"tokenAddress":"0x4eafef6149c5b0c3e42ff444f79675b3e3125cb7"}	{"name": "Spectra ERC4626 Wrapper: Resolv Liquidity Provider Token", "symbol": "sw-RLP", "decimals": 18}
{"blockNumber":21667649,"chainId":1,"tokenAddress":"0x7f39C581F595B53c5cb19bD0b3f8dA6c935E2Ca0"}	{"name": "Wrapped liquid staked Ether 2.0", "symbol": "wstETH", "decimals": 18}
{"blockNumber":21684327,"chainId":1,"tokenAddress":"0xA0b86991c6218b36c1d19D4a2e9Eb0cE3606eB48"}	{"name": "USD Coin", "symbol": "USDC", "decimals": 6}
{"blockNumber":21628185,"chainId":1,"tokenAddress":"0xfbfb97ff5b6b3ea41410e02b3a3b8f07eb4df7e5"}	{"name": "Yield Token: cUSDO-1768435221", "symbol": "YT-cUSDO-1768435221", "decimals": 18}
{"blockNumber":21667649,"chainId":1,"tokenAddress":"0x0d38f201eccef2061d5be9ca0c062312f8f6ac70"}	{"name": "Yield Token: sw-inwstETHs-1752969615", "symbol": "YT-sw-inwstETHs-1752969615", "decimals": 18}
{"blockNumber":21680345,"chainId":1,"tokenAddress":"0xe9677bfde5830b100281178681c7e78c7d861d1c"}	{"name": "Yield Token: sdeUSD-1753142406", "symbol": "YT-sdeUSD-1753142406", "decimals": 18}
{"blockNumber":21684327,"chainId":1,"tokenAddress":"0x9b9968ba66b06c4340e60cb4dea237cc6e3e5999"}	{"name": "Yield Token: ysUSDC-1745107210", "symbol": "YT-ysUSDC-1745107210", "decimals": 6}
{"blockNumber":21688215,"chainId":1,"tokenAddress":"0x7751e2f4b8ae93ef6b79d86419d42fe3295a4559"}	{"name": "Wrapped USDL", "symbol": "wUSDL", "decimals": 18}
{"blockNumber":21716288,"chainId":1,"tokenAddress":"0xdac17f958d2ee523a2206206994597c13d831ec7"}	{"name": "Tether USD", "symbol": "USDT", "decimals": 6}
{"blockNumber":21717457,"chainId":1,"tokenAddress":"0x4f8e1426a9d10bddc11d26042ad270f16ccb95f2"}	{"name": "YieldFi Stable Token", "symbol": "sUSD", "decimals": 18}
{"blockNumber":21688215,"chainId":1,"tokenAddress":"0x7751E2F4b8ae93EF6B79d86419d42FE3295A4559"}	{"name": "Wrapped USDL", "symbol": "wUSDL", "decimals": 18}
{"blockNumber":21687790,"chainId":1,"tokenAddress":"0x1f7aa7104db822987e1f44a66df709a8c4fb301a"}	{"name": "Principal Token: sw-RLP-1750896023", "symbol": "PT-sw-RLP-1750896023", "decimals": 18}
{"blockNumber":21688215,"chainId":1,"tokenAddress":"0xd9444c83521cf9c8e4914c055d517a35dcc02e06"}	{"name": "Principal Token: sw-csUSDL-1753228818", "symbol": "PT-sw-csUSDL-1753228818", "decimals": 18}
{"blockNumber":21688502,"chainId":1,"tokenAddress":"0x4a977653c58cfd82d42fd706cf68a0c1b6d0ca56"}	{"name": "Principal Token: wstUSR-1750896030", "symbol": "PT-wstUSR-1750896030", "decimals": 18}
{"blockNumber":21716288,"chainId":1,"tokenAddress":"0xabab980f0ecb232d52f422c6b68d25c3d0c18e3e"}	{"name": "IPOR USDT Ethereum Optimizer", "symbol": "ipUSDTfusion", "decimals": 8}
{"blockNumber":21717457,"chainId":1,"tokenAddress":"0x1ce7d9942ff78c328a4181b9f3826fee6d845a97"}	{"name": "YieldFi yToken", "symbol": "yUSD", "decimals": 18}
{"blockNumber":21688502,"chainId":1,"tokenAddress":"0x4aa2d6c3d8c0fd28c968057dbc109ddf00a0b281"}	{"name": "Yield Token: wstUSR-1750896030", "symbol": "YT-wstUSR-1750896030", "decimals": 18}
{"blockNumber":21688502,"chainId":1,"tokenAddress":"0x08bb1cc8a54bced59834a14772e4fe82bb7a8cbb"}	{"name": "Curve.fi Factory Crypto Pool: Spectra-PT/IBT", "symbol": "SPT-PT/IBT-f", "decimals": 18}
{"blockNumber":21716288,"chainId":1,"tokenAddress":"0xdAC17F958D2ee523a2206206994597C13D831ec7"}	{"name": "Tether USD", "symbol": "USDT", "decimals": 6}
{"blockNumber":21717457,"chainId":1,"tokenAddress":"0x4F8E1426A9d10bddc11d26042ad270F16cCb95F2"}	{"name": "YieldFi Stable Token", "symbol": "sUSD", "decimals": 18}
{"blockNumber":21687790,"chainId":1,"tokenAddress":"0xA0b86991c6218b36c1d19D4a2e9Eb0cE3606eB48"}	{"name": "USD Coin", "symbol": "USDC", "decimals": 6}
{"blockNumber":21687790,"chainId":1,"tokenAddress":"0xc07cf8e6d7f6f47e196d36a4c18287e86f76b046"}	{"name": "Yield Token: sw-RLP-1750896023", "symbol": "YT-sw-RLP-1750896023", "decimals": 18}
{"blockNumber":21716288,"chainId":1,"tokenAddress":"0xa34658e81b82b2cf4d5e6ed25938f85918c881eb"}	{"name": "Principal Token: ipUSDTfusion-1753574462", "symbol": "PT-ipUSDTfusion-1753574462", "decimals": 8}
{"blockNumber":21717457,"chainId":1,"tokenAddress":"0xddd5739010630badbe32c62424c335f55dde1042"}	{"name": "Principal Token: yUSD-1740182424", "symbol": "PT-yUSD-1740182424", "decimals": 18}
{"blockNumber":21687790,"chainId":1,"tokenAddress":"0x2a28016e4f4ed894cdd7034a1c0cd03094f7666c"}	{"name": "Curve.fi Factory Crypto Pool: Spectra-PT/IBT", "symbol": "SPT-PT/IBT-f", "decimals": 18}
{"blockNumber":21688215,"chainId":1,"tokenAddress":"0xd73783df65a099c0d6d0ee9b59961e323185c3fe"}	{"name": "Curve.fi Factory Crypto Pool: Spectra-PT/IBT", "symbol": "SPT-PT/IBT-f", "decimals": 18}
{"blockNumber":21688215,"chainId":1,"tokenAddress":"0x51fc3fc17623757bcaaf56f6ebfd52a6b7a9dc26"}	{"name": "Yield Token: sw-csUSDL-1753228818", "symbol": "YT-sw-csUSDL-1753228818", "decimals": 18}
{"blockNumber":21716288,"chainId":1,"tokenAddress":"0x7d609c12d9ce0dfc54c893e6d33ce116eb2a54dc"}	{"name": "Curve.fi Factory Crypto Pool: Spectra-PT/IBT", "symbol": "SPT-PT/IBT-f", "decimals": 18}
{"blockNumber":21717457,"chainId":1,"tokenAddress":"0x8e3bfe8897cd5608304935173917b10eb7286f00"}	{"name": "Curve.fi Factory Crypto Pool: Spectra-PT/IBT", "symbol": "SPT-PT/IBT-f", "decimals": 18}
{"blockNumber":21716288,"chainId":1,"tokenAddress":"0xb3094b552495dbe5597fdc08d2214ef5c2e51b87"}	{"name": "Yield Token: ipUSDTfusion-1753574462", "symbol": "YT-ipUSDTfusion-1753574462", "decimals": 8}
{"blockNumber":21717457,"chainId":1,"tokenAddress":"0x77d8fe48c6113bd53ce0324449fc7858316fae66"}	{"name": "Yield Token: yUSD-1740182424", "symbol": "YT-yUSD-1740182424", "decimals": 18}
{"blockNumber":21752345,"chainId":1,"tokenAddress":"0x51c002abe20bd7c5072cf96ba979562e42700f20"}	{"name": "Spectra ERC4626 Wrapper: Resolv USD", "symbol": "sw-USR", "decimals": 18}
{"blockNumber":21752352,"chainId":1,"tokenAddress":"0x51c002abe20bd7c5072cf96ba979562e42700f20"}	{"name": "Spectra ERC4626 Wrapper: Resolv USD", "symbol": "sw-USR", "decimals": 18}
{"blockNumber":21745547,"chainId":1,"tokenAddress":"0x51c002abe20bd7c5072cf96ba979562e42700f20"}	{"name": "Spectra ERC4626 Wrapper: Resolv USD", "symbol": "sw-USR", "decimals": 18}
{"blockNumber":21745607,"chainId":1,"tokenAddress":"0x51c002abe20bd7c5072cf96ba979562e42700f20"}	{"name": "Spectra ERC4626 Wrapper: Resolv USD", "symbol": "sw-USR", "decimals": 18}
{"blockNumber":21745607,"chainId":1,"tokenAddress":"0xb98b2c86243d742bd54c59b04976c519d0a93ba1"}	{"name": "Principal Token: sw-USR-1745971208", "symbol": "PT-sw-USR-1745971208", "decimals": 18}
{"blockNumber":21745607,"chainId":1,"tokenAddress":"0xf29d4a9c489f1e400fb8e66d0b4dfefd0b396368"}	{"name": "Curve.fi Factory Crypto Pool: Spectra-PT/IBT", "symbol": "SPT-PT/IBT-f", "decimals": 18}
{"blockNumber":21745310,"chainId":1,"tokenAddress":"0x51c002abe20bd7c5072cf96ba979562e42700f20"}	{"name": "Spectra ERC4626 Wrapper: Resolv USD", "symbol": "sw-USR", "decimals": 18}
{"blockNumber":21745607,"chainId":1,"tokenAddress":"0x66a1E37c9b0eAddca17d3662D6c05F4DECf3e110"}	{"name": "Resolv USD", "symbol": "USR", "decimals": 18}
{"blockNumber":21745607,"chainId":1,"tokenAddress":"0x436ad90b03c4ef8a8259484d387d9dc4d8c3faab"}	{"name": "Yield Token: sw-USR-1745971208", "symbol": "YT-sw-USR-1745971208", "decimals": 18}
{"blockNumber":21771380,"chainId":1,"tokenAddress":"0x657d9aba1dbb59e53f9f3ecaa878447dcfc96dcb"}	{"name": "ynETH MAX", "symbol": "ynETHx", "decimals": 18}
{"blockNumber":21773736,"chainId":1,"tokenAddress":"0x00bac667a4ccf9089ab1db978238c555c4349545"}	{"name": "Aladdin cvxFXN", "symbol": "aFXN", "decimals": 18}
{"blockNumber":21787241,"chainId":1,"tokenAddress":"0xe24a3dc889621612422a64e6388927901608b91d"}	{"name": "Staked USN", "symbol": "sUSN", "decimals": 18}
{"blockNumber":21796536,"chainId":1,"tokenAddress":"0xeadc18ca9363565e1c8bc5415db0110d7c91cde5"}	{"name": "Curve GHO-USR yVault", "symbol": "yvCurve-GHO-USR", "decimals": 18}
{"blockNumber":21771380,"chainId":1,"tokenAddress":"0xf031045a2e8ee5af4c77823c2aee66658b74f25c"}	{"name": "Principal Token: ynETHx-1770163226", "symbol": "PT-ynETHx-1770163226", "decimals": 18}
{"blockNumber":21773736,"chainId":1,"tokenAddress":"0xb8ca8e42be1717156cfb440811c373bb5d7ee7a8"}	{"name": "Principal Token: aFXN-1754265646", "symbol": "PT-aFXN-1754265646", "decimals": 18}
{"blockNumber":21787241,"chainId":1,"tokenAddress":"0x7cf7e938312afed7e9d7885783e642b1e1f8618c"}	{"name": "Principal Token: sUSN-1770336563", "symbol": "PT-sUSN-1770336563", "decimals": 18}
{"blockNumber":21796536,"chainId":1,"tokenAddress":"0xd65c3fdbf811e3d7761155254550c45f6d3a0760"}	{"name": "Principal Token: yvCurve-GHO-USR-1754524805", "symbol": "PT-yvCurve-GHO-USR-1754524805", "decimals": 18}
{"blockNumber":21771380,"chainId":1,"tokenAddress":"0xbc48c48789031a130f957c59e07b7f987aa642de"}	{"name": "Curve.fi Factory Crypto Pool: Spectra-PT/IBT", "symbol": "SPT-PT/IBT-f", "decimals": 18}
{"blockNumber":21773736,"chainId":1,"tokenAddress":"0x031ec8a3671b2efaf4d7e1026f0e92eec292c4d2"}	{"name": "Curve.fi Factory Crypto Pool: Spectra-PT/IBT", "symbol": "SPT-PT/IBT-f", "decimals": 18}
{"blockNumber":21787241,"chainId":1,"tokenAddress":"0x4a8bf1f25df44d28fb1e509ecb7bc04181af503b"}	{"name": "Curve.fi Factory Crypto Pool: Spectra-PT/IBT", "symbol": "SPT-PT/IBT-f", "decimals": 18}
{"blockNumber":21796536,"chainId":1,"tokenAddress":"0x04f970bb02b4cf20e836e4a3fd434c5e60057936"}	{"name": "Curve.fi Factory Crypto Pool: Spectra-PT/IBT", "symbol": "SPT-PT/IBT-f", "decimals": 18}
{"blockNumber":21793081,"chainId":1,"tokenAddress":"0x5ca220f0f44e7bc76c2d1968c5d4fd5381432890"}	{"name": "Principal Token: yUSD-1747872030", "symbol": "PT-yUSD-1747872030", "decimals": 18}
{"blockNumber":21793081,"chainId":1,"tokenAddress":"0x95cb87f0c29960fe63183d48df64919f044950c2"}	{"name": "Curve.fi Factory Crypto Pool: Spectra-PT/IBT", "symbol": "SPT-PT/IBT-f", "decimals": 18}
{"blockNumber":21773736,"chainId":1,"tokenAddress":"0x183395dbd0b5e93323a7286d1973150697fffcb3"}	{"name": "Convex FXN", "symbol": "cvxFXN", "decimals": 18}
{"blockNumber":21787241,"chainId":1,"tokenAddress":"0xda67b4284609d2d48e5d10cfac411572727dc1ed"}	{"name": "USN", "symbol": "USN", "decimals": 18}
{"blockNumber":21796536,"chainId":1,"tokenAddress":"0x4628f13651ead6793f8d838b34b8f8522fb0cc52"}	{"name": "GHO/USR", "symbol": "GHOUSR", "decimals": 18}
{"blockNumber":21793081,"chainId":1,"tokenAddress":"0xb11bf323a6e7334032ffa9ca39bf6c4a69a076a2"}	{"name": "Yield Token: yUSD-1747872030", "symbol": "YT-yUSD-1747872030", "decimals": 18}
{"blockNumber":21771380,"chainId":1,"tokenAddress":"0xC02aaA39b223FE8D0A0e5C4F27eAD9083C756Cc2"}	{"name": "Wrapped Ether", "symbol": "WETH", "decimals": 18}
{"blockNumber":21773736,"chainId":1,"tokenAddress":"0x183395DbD0B5e93323a7286D1973150697FFFCB3"}	{"name": "Convex FXN", "symbol": "cvxFXN", "decimals": 18}
{"blockNumber":21787241,"chainId":1,"tokenAddress":"0xdA67B4284609d2d48e5d10cfAc411572727dc1eD"}	{"name": "USN", "symbol": "USN", "decimals": 18}
{"blockNumber":21796536,"chainId":1,"tokenAddress":"0x4628f13651eaD6793F8d838B34B8f8522Fb0cc52"}	{"name": "GHO/USR", "symbol": "GHOUSR", "decimals": 18}
{"blockNumber":21771380,"chainId":1,"tokenAddress":"0xb5c00e4680e1307e78380d59e6d0e26b4bd991aa"}	{"name": "Yield Token: ynETHx-1770163226", "symbol": "YT-ynETHx-1770163226", "decimals": 18}
{"blockNumber":21773736,"chainId":1,"tokenAddress":"0xf1d5e8426d593d0397e6f25ff8a6c8fe0781bb9e"}	{"name": "Yield Token: aFXN-1754265646", "symbol": "YT-aFXN-1754265646", "decimals": 18}
{"blockNumber":21787241,"chainId":1,"tokenAddress":"0xb39e427d70eaf7d9f5adcca1522b9107fdd1ec47"}	{"name": "Yield Token: sUSN-1770336563", "symbol": "YT-sUSN-1770336563", "decimals": 18}
{"blockNumber":21796536,"chainId":1,"tokenAddress":"0xdf249c88228350090fba136417a6fae8d4caddf9"}	{"name": "Yield Token: yvCurve-GHO-USR-1754524805", "symbol": "YT-yvCurve-GHO-USR-1754524805", "decimals": 18}
{"blockNumber":21838580,"chainId":1,"tokenAddress":"0xef101508bf4dc6cf0f0a0c135f39a41fab4e4389"}	{"name": "SuperETH", "symbol": "ysWETH", "decimals": 18}
{"blockNumber":21838580,"chainId":1,"tokenAddress":"0x34ee2e930f4f70a1070b4077ca1b01e0cb881dcd"}	{"name": "Principal Token: ysWETH-1745193625", "symbol": "PT-ysWETH-1745193625", "decimals": 18}
{"blockNumber":21838580,"chainId":1,"tokenAddress":"0x14068a311c8d0100791598053fb36bab073f09d3"}	{"name": "Curve.fi Factory Crypto Pool: Spectra-PT/IBT", "symbol": "SPT-PT/IBT-f", "decimals": 18}
{"blockNumber":21838580,"chainId":1,"tokenAddress":"0xC02aaA39b223FE8D0A0e5C4F27eAD9083C756Cc2"}	{"name": "Wrapped Ether", "symbol": "WETH", "decimals": 18}
{"blockNumber":21838580,"chainId":1,"tokenAddress":"0x207e3e2217e95ef0b6427d2ff75fa4ce0fa14533"}	{"name": "Yield Token: ysWETH-1745193625", "symbol": "YT-ysWETH-1745193625", "decimals": 18}
{"blockNumber":21924863,"chainId":1,"tokenAddress":"0x5e5f21716aaf2f20807084de32c4df5a20ac18d5"}	{"name": "Principal Token: sw-reUSDC-1756080006", "symbol": "PT-sw-reUSDC-1756080006", "decimals": 18}
{"blockNumber":21924863,"chainId":1,"tokenAddress":"0x2a1e914ac7d2aec1e14cbea22a902000bdbcef92"}	{"name": "Curve.fi Factory Crypto Pool: Spectra-PT/IBT", "symbol": "SPT-PT/IBT-f", "decimals": 18}
{"blockNumber":21924863,"chainId":1,"tokenAddress":"0xA0b86991c6218b36c1d19D4a2e9Eb0cE3606eB48"}	{"name": "USD Coin", "symbol": "USDC", "decimals": 6}
{"blockNumber":21924863,"chainId":1,"tokenAddress":"0x738588798ce0117d95f05edbf05e662a1119cd4b"}	{"name": "Yield Token: sw-reUSDC-1756080006", "symbol": "YT-sw-reUSDC-1756080006", "decimals": 18}
{"blockNumber":21932240,"chainId":1,"tokenAddress":"0x1c77c5b76f02ed1538d5af95a3b1f88e55178d2f"}	{"name": "Spectra ERC4626 Wrapper: Level USD", "symbol": "sw-lvlUSD", "decimals": 18}
{"blockNumber":21980240,"chainId":1,"tokenAddress":"0xd63070114470f685b75b74d60eec7c1113d33a3d"}	{"name": " Usual Boosted USDC", "symbol": "USUALUSDC+", "decimals": 18}
{"blockNumber":21987634,"chainId":1,"tokenAddress":"0x0c6f294f441661503c237c2317712a0ecd8d2da1"}	{"name": "Wrapped iBTC", "symbol": "wiBTC", "decimals": 8}
{"blockNumber":21983789,"chainId":1,"tokenAddress":"0x331f8afb5d05ae381817b39893392b50a332a99c"}	{"name": "Principal Token: sw-lvlUSD-1749081624", "symbol": "PT-sw-lvlUSD-1749081624", "decimals": 18}
{"blockNumber":21980240,"chainId":1,"tokenAddress":"0xb0eb771ded8c1ad7d83a93a2e553c07bc582ad97"}	{"name": "Principal Token: USUALUSDC+-1749081617", "symbol": "PT-USUALUSDC+-1749081617", "decimals": 18}
{"blockNumber":21987634,"chainId":1,"tokenAddress":"0xba46eeacb62175a9299fd28aadc347ab67ed9132"}	{"name": "Principal Token: wiBTC-1757116809", "symbol": "PT-wiBTC-1757116809", "decimals": 8}
{"blockNumber":21983789,"chainId":1,"tokenAddress":"0x88670de19efcf43677df2db4e20c7969acac4409"}	{"name": "Curve.fi Factory Crypto Pool: Spectra-PT/IBT", "symbol": "SPT-PT/IBT-f", "decimals": 18}
{"blockNumber":21983789,"chainId":1,"tokenAddress":"0x7C1156E515aA1A2E851674120074968C905aAF37"}	{"name": "Level USD", "symbol": "lvlUSD", "decimals": 18}
{"blockNumber":21980240,"chainId":1,"tokenAddress":"0xA0b86991c6218b36c1d19D4a2e9Eb0cE3606eB48"}	{"name": "USD Coin", "symbol": "USDC", "decimals": 6}
{"blockNumber":21987634,"chainId":1,"tokenAddress":"0x20157dbabb84e3bbfe68c349d0d44e48ae7b5ad2"}	{"name": "iBTC", "symbol": "IBTC", "decimals": 8}
{"blockNumber":21980240,"chainId":1,"tokenAddress":"0xd9a483d04c2aeaebdc5d4682207151dabbb1a878"}	{"name": "Curve.fi Factory Crypto Pool: Spectra-PT/IBT", "symbol": "SPT-PT/IBT-f", "decimals": 18}
{"blockNumber":21987634,"chainId":1,"tokenAddress":"0xbe842ab0936bb3b31d59bccfd2a2d98e6c674861"}	{"name": "Curve.fi Factory Crypto Pool: Spectra-PT/IBT", "symbol": "SPT-PT/IBT-f", "decimals": 18}
{"blockNumber":21987634,"chainId":1,"tokenAddress":"0x20157DBAbb84e3BBFE68C349d0d44E48AE7B5AD2"}	{"name": "iBTC", "symbol": "IBTC", "decimals": 8}
{"blockNumber":21983789,"chainId":1,"tokenAddress":"0xf46bf6f6852aef9bbe0e689730dafa71820afd7d"}	{"name": "Yield Token: sw-lvlUSD-1749081624", "symbol": "YT-sw-lvlUSD-1749081624", "decimals": 18}
{"blockNumber":21980240,"chainId":1,"tokenAddress":"0x55d25c805637d1911fd2a57cef68d6783678ac79"}	{"name": "Yield Token: USUALUSDC+-1749081617", "symbol": "YT-USUALUSDC+-1749081617", "decimals": 18}
{"blockNumber":21987634,"chainId":1,"tokenAddress":"0x4b04f8ea49d850508339a6e557806c7fadcd8af7"}	{"name": "Yield Token: wiBTC-1757116809", "symbol": "YT-wiBTC-1757116809", "decimals": 8}
{"blockNumber":22017509,"chainId":1,"tokenAddress":"0xa54a3f9e33ca1473477f05a94123d117aaa6002a"}	{"name": "Spectra ERC4626 Wrapper: Inception Symbiotic Restaked wstETH", "symbol": "sw-inwstETHs", "decimals": 18}
{"blockNumber":22032791,"chainId":1,"tokenAddress":"0x06a491e3efee37eb191d0434f54be6e42509f9d3"}	{"name": "Spectra ERC4626 Wrapper: Wrapped Ultimate Synthetic Delta Neutral", "symbol": "sw-WUSDN", "decimals": 18}
{"blockNumber":22035481,"chainId":1,"tokenAddress":"0x3b660b2f136fddf98a081439de483d8712c16ca4"}	{"name": "Principal Token: cUSDO-1749772809", "symbol": "PT-cUSDO-1749772809", "decimals": 18}
{"blockNumber":22029704,"chainId":1,"tokenAddress":"0xe60240dd229409e162c1ec48175c708fb4b5ce1e"}	{"name": "Principal Token: sw-inwstETHs-1757635226", "symbol": "PT-sw-inwstETHs-1757635226", "decimals": 18}
{"blockNumber":22030619,"chainId":1,"tokenAddress":"0xa9d12544064d3236086d2dec89acab6df65be3e2"}	{"name": "Principal Token: sw-inwstETHs-1757635222", "symbol": "PT-sw-inwstETHs-1757635222", "decimals": 18}
{"blockNumber":22031233,"chainId":1,"tokenAddress":"0x716dc450e5208bd93bf471b941e562db811d4852"}	{"name": "Principal Token: sw-inwstETHs-1757635211", "symbol": "PT-sw-inwstETHs-1757635211", "decimals": 18}
{"blockNumber":22035481,"chainId":1,"tokenAddress":"0x740c030edbdddfcf14dffbedb8019dd841376b42"}	{"name": "Curve.fi Factory Crypto Pool: Spectra-PT/IBT", "symbol": "SPT-PT/IBT-f", "decimals": 18}
{"blockNumber":22032791,"chainId":1,"tokenAddress":"0x694bdfcf3e327ec834e9453b74d4160b57b4abde"}	{"name": "Principal Token: sw-WUSDN-1766102414", "symbol": "PT-sw-WUSDN-1766102414", "decimals": 18}
{"blockNumber":22035481,"chainId":1,"tokenAddress":"0xad1c5bc8882e87af14b16c51001bcedf253aedc1"}	{"name": "Yield Token: cUSDO-1749772809", "symbol": "YT-cUSDO-1749772809", "decimals": 18}
{"blockNumber":22032791,"chainId":1,"tokenAddress":"0xde17a000ba631c5d7c2bd9fb692efea52d90dee2"}	{"name": "Ultimate Synthetic Delta Neutral", "symbol": "USDN", "decimals": 18}
{"blockNumber":22029704,"chainId":1,"tokenAddress":"0x640e803f9f77bf8888664f1aec89eb3a702d4a3a"}	{"name": "Curve.fi Factory Crypto Pool: Spectra-PT/IBT", "symbol": "SPT-PT/IBT-f", "decimals": 18}
{"blockNumber":22030619,"chainId":1,"tokenAddress":"0x4f1325ce6fa756f64a76bf367d5cdea7ebeee39c"}	{"name": "Curve.fi Factory Crypto Pool: Spectra-PT/IBT", "symbol": "SPT-PT/IBT-f", "decimals": 18}
{"blockNumber":22031233,"chainId":1,"tokenAddress":"0x1ea97873f28d1e7b2436cb9e42b6be5d18db9b10"}	{"name": "Curve.fi Factory Crypto Pool: Spectra-PT/IBT", "symbol": "SPT-PT/IBT-f", "decimals": 18}
{"blockNumber":22029704,"chainId":1,"tokenAddress":"0x7462810f5622ff5a6490a0fa2609e2788cd31017"}	{"name": "Yield Token: sw-inwstETHs-1757635226", "symbol": "YT-sw-inwstETHs-1757635226", "decimals": 18}
{"blockNumber":22030619,"chainId":1,"tokenAddress":"0x2e8c6598e4705bbd64fee643fc879b3a9eb388c1"}	{"name": "Yield Token: sw-inwstETHs-1757635222", "symbol": "YT-sw-inwstETHs-1757635222", "decimals": 18}
{"blockNumber":22031233,"chainId":1,"tokenAddress":"0xC02aaA39b223FE8D0A0e5C4F27eAD9083C756Cc2"}	{"name": "Wrapped Ether", "symbol": "WETH", "decimals": 18}
{"blockNumber":22032791,"chainId":1,"tokenAddress":"0xd1f0335b3249f09076c2270a28f3395932a6d52a"}	{"name": "Curve.fi Factory Crypto Pool: Spectra-PT/IBT", "symbol": "SPT-PT/IBT-f", "decimals": 18}
{"blockNumber":22032791,"chainId":1,"tokenAddress":"0xde17a000BA631c5d7c2Bd9FB692EFeA52D90DEE2"}	{"name": "Ultimate Synthetic Delta Neutral", "symbol": "USDN", "decimals": 18}
{"blockNumber":22031233,"chainId":1,"tokenAddress":"0x05c3051b91445bdd03282c30bf1486396f078261"}	{"name": "Yield Token: sw-inwstETHs-1757635211", "symbol": "YT-sw-inwstETHs-1757635211", "decimals": 18}
{"blockNumber":22032791,"chainId":1,"tokenAddress":"0xd11338d36bdb217040d244da942c174bd2da4253"}	{"name": "Yield Token: sw-WUSDN-1766102414", "symbol": "YT-sw-WUSDN-1766102414", "decimals": 18}
{"blockNumber":22116614,"chainId":1,"tokenAddress":"0xfb027d6d3fd827d9876f6eaf924e80fa94c6b2e0"}	{"name": "Principal Token: sw-inwstETHs-1758672014", "symbol": "PT-sw-inwstETHs-1758672014", "decimals": 18}
{"blockNumber":22116614,"chainId":1,"tokenAddress":"0x0e58c5af6b17400e853a7aec7cf29fa43e40e7a5"}	{"name": "Curve.fi Factory Crypto Pool: Spectra-PT/IBT", "symbol": "SPT-PT/IBT-f", "decimals": 18}
{"blockNumber":22116614,"chainId":1,"tokenAddress":"0x232bc50004cdfdba22f879ecc16cde857751e7b6"}	{"name": "Yield Token: sw-inwstETHs-1758672014", "symbol": "YT-sw-inwstETHs-1758672014", "decimals": 18}
{"blockNumber":22174629,"chainId":1,"tokenAddress":"0xe4357bdae017726ee5e83db3443bcd269bbf125d"}	{"name": "Staked iBTC", "symbol": "siBTC", "decimals": 8}
{"blockNumber":22174629,"chainId":1,"tokenAddress":"0x5f948b8a84036c22af2931b88b986bc16f119b66"}	{"name": "Principal Token: siBTC-1759276903", "symbol": "PT-siBTC-1759276903", "decimals": 8}
{"blockNumber":22174629,"chainId":1,"tokenAddress":"0x20157DBAbb84e3BBFE68C349d0d44E48AE7B5AD2"}	{"name": "iBTC", "symbol": "IBTC", "decimals": 8}
{"blockNumber":22174629,"chainId":1,"tokenAddress":"0x10126b6490bd8be580e442ba552744fa7c7aac69"}	{"name": "Curve.fi Factory Crypto Pool: Spectra-PT/IBT", "symbol": "SPT-PT/IBT-f", "decimals": 18}
{"blockNumber":22174629,"chainId":1,"tokenAddress":"0xe186f4d254ee407dc3abf70ad8a1524eb7444321"}	{"name": "Yield Token: siBTC-1759276903", "symbol": "YT-siBTC-1759276903", "decimals": 8}
{"blockNumber":22045598,"chainId":1,"tokenAddress":"0x2b7599550b06318729dfa97a5fc7af596e413ce5"}	{"name": "Principal Token: scrvUSD-1773446404", "symbol": "PT-scrvUSD-1773446404", "decimals": 18}
{"blockNumber":22045598,"chainId":1,"tokenAddress":"0x88dadfb05c1a135e6d0bcf7dad58ca17849717af"}	{"name": "Yield Token: scrvUSD-1773446404", "symbol": "YT-scrvUSD-1773446404", "decimals": 18}
{"blockNumber":22045598,"chainId":1,"tokenAddress":"0x4cc67a6cce0b75fa5b1d5995fa0510ad6c70bbae"}	{"name": "Curve.fi Factory Crypto Pool: Spectra-PT/IBT", "symbol": "SPT-PT/IBT-f", "decimals": 18}
{"blockNumber":22181809,"chainId":1,"tokenAddress":"0x7743e50f534a7f9f1791dde7dcd89f7783eefc39"}	{"name": "f(x) USD Saving", "symbol": "fxSAVE", "decimals": 18}
{"blockNumber":22181809,"chainId":1,"tokenAddress":"0xbaea2a0bdb6e4e5b89ce7ed129f8906ff0acb412"}	{"name": "Principal Token: fxSAVE-1759363249", "symbol": "PT-fxSAVE-1759363249", "decimals": 18}
{"blockNumber":22181809,"chainId":1,"tokenAddress":"0x65c9a641afceb9c0e6034e558a319488fa0fa3be"}	{"name": " f(x) Stability Pool", "symbol": "fxSP", "decimals": 18}
{"blockNumber":22181809,"chainId":1,"tokenAddress":"0x0eba83c47399d962d0ea43d9217e2c3fd03258ca"}	{"name": "Curve.fi Factory Crypto Pool: Spectra-PT/IBT", "symbol": "SPT-PT/IBT-f", "decimals": 18}
{"blockNumber":22181809,"chainId":1,"tokenAddress":"0x65C9A641afCEB9C0E6034e558A319488FA0FA3be"}	{"name": " f(x) Stability Pool", "symbol": "fxSP", "decimals": 18}
{"blockNumber":22181809,"chainId":1,"tokenAddress":"0x67ed8e79d700bf8df66a6aded64a3bb32fb4de3a"}	{"name": "Yield Token: fxSAVE-1759363249", "symbol": "YT-fxSAVE-1759363249", "decimals": 18}
{"blockNumber":22231291,"chainId":1,"tokenAddress":"0xe07a93d086ac848e8ef1cf647f201c7880cbdafe"}	{"name": "Principal Token: slvlUSD-1754697615", "symbol": "PT-slvlUSD-1754697615", "decimals": 18}
{"blockNumber":22231291,"chainId":1,"tokenAddress":"0x5a7cfb9f6ce443f48b346ceae63c267a93b85cdd"}	{"name": "Curve.fi Factory Crypto Pool: Spectra-PT/IBT", "symbol": "SPT-PT/IBT-f", "decimals": 18}
{"blockNumber":22231291,"chainId":1,"tokenAddress":"0x7db2080e6f3c736e9a782a5f0a6c64346dd701da"}	{"name": "Yield Token: slvlUSD-1754697615", "symbol": "YT-slvlUSD-1754697615", "decimals": 18}
{"blockNumber":22287681,"chainId":1,"tokenAddress":"0xe19b4afbf772f98ddb544cf9ac8f2d838c79990c"}	{"name": "Principal Token: WOETH-1776384030", "symbol": "PT-WOETH-1776384030", "decimals": 18}
{"blockNumber":22287681,"chainId":1,"tokenAddress":"0xf062a27b74b2c46e07078ae7dcb7957b22ecd748"}	{"name": "Curve.fi Factory Crypto Pool: Spectra-PT/IBT", "symbol": "SPT-PT/IBT-f", "decimals": 18}
{"blockNumber":22287681,"chainId":1,"tokenAddress":"0x8fc6c5f97ff9d183cb13baddff27955bbeb253f1"}	{"name": "Yield Token: WOETH-1776384030", "symbol": "YT-WOETH-1776384030", "decimals": 18}
{"blockNumber":22281841,"chainId":1,"tokenAddress":"0x15cdb02110165761b9cb12da8499709dc60c4c35"}	{"name": "Spectra ERC4626 Wrapper: Re7 Resolv Restaked wstUSR", "symbol": "sw-rstUSR", "decimals": 18}
{"blockNumber":22315816,"chainId":1,"tokenAddress":"0x482cce30cde09292279371956a3c7c57bbe125a9"}	{"name": "Curve reUSD-scrvUSD yVault", "symbol": "yvCurve-reUSD-scrvUSD", "decimals": 18}
{"blockNumber":22315943,"chainId":1,"tokenAddress":"0xffcaf6549a229d63351b71313559edbe0c467b78"}	{"name": "Curve reUSD-sfrxUSD yVault", "symbol": "yvCurve-reUSD-sfrxUSD", "decimals": 18}
{"blockNumber":22315816,"chainId":1,"tokenAddress":"0x807b07ae0d276d46045b6b27a56bc774e0c27dec"}	{"name": "Principal Token: yvCurve-reUSD-scrvUSD-1761004816", "symbol": "PT-yvCurve-reUSD-scrvUSD-1761004816", "decimals": 18}
{"blockNumber":22315943,"chainId":1,"tokenAddress":"0xe8acd6fa52ce1e790b64a9032f26166f058eee96"}	{"name": "Principal Token: yvCurve-reUSD-sfrxUSD-1761004819", "symbol": "PT-yvCurve-reUSD-sfrxUSD-1761004819", "decimals": 18}
{"blockNumber":22315816,"chainId":1,"tokenAddress":"0xc522a6606bba746d7960404f22a3db936b6f4f50"}	{"name": "reUSD/scrvUSD", "symbol": "reusdscrv", "decimals": 18}
{"blockNumber":22315943,"chainId":1,"tokenAddress":"0xed785af60bed688baa8990cd5c4166221599a441"}	{"name": "reUSD/sfrxUSD", "symbol": "reusdsfrx", "decimals": 18}
{"blockNumber":22315816,"chainId":1,"tokenAddress":"0xe02f9bbe586e6c3801b3d869b31aaa869bc59791"}	{"name": "Curve.fi Factory Crypto Pool: Spectra-PT/IBT", "symbol": "SPT-PT/IBT-f", "decimals": 18}
{"blockNumber":22315943,"chainId":1,"tokenAddress":"0xc5e2b055ae428a81dd44f6f8a1042d6758cacb74"}	{"name": "Curve.fi Factory Crypto Pool: Spectra-PT/IBT", "symbol": "SPT-PT/IBT-f", "decimals": 18}
{"blockNumber":22315816,"chainId":1,"tokenAddress":"0xc522A6606BBA746d7960404F22a3DB936B6F4F50"}	{"name": "reUSD/scrvUSD", "symbol": "reusdscrv", "decimals": 18}
{"blockNumber":22315943,"chainId":1,"tokenAddress":"0xed785Af60bEd688baa8990cD5c4166221599A441"}	{"name": "reUSD/sfrxUSD", "symbol": "reusdsfrx", "decimals": 18}
{"blockNumber":22315816,"chainId":1,"tokenAddress":"0x6593d9a09f8b38e96e8d42a45e382d2b108dc485"}	{"name": "Yield Token: yvCurve-reUSD-scrvUSD-1761004816", "symbol": "YT-yvCurve-reUSD-scrvUSD-1761004816", "decimals": 18}
{"blockNumber":22315943,"chainId":1,"tokenAddress":"0xe9aebac2334c578d6f624925c52b2b258f4ea2af"}	{"name": "Yield Token: yvCurve-reUSD-sfrxUSD-1761004819", "symbol": "YT-yvCurve-reUSD-sfrxUSD-1761004819", "decimals": 18}
{"blockNumber":22370132,"chainId":1,"tokenAddress":"0xd925f17fa5b99eaf56eb31459a74894109ea9f78"}	{"name": "Principal Token: ysWETH-1754006418", "symbol": "PT-ysWETH-1754006418", "decimals": 18}
{"blockNumber":22381401,"chainId":1,"tokenAddress":"0x81b97e93f5339a68472b28422f6db41aee59e8ba"}	{"name": "Principal Token: cUSDO-1777507207", "symbol": "PT-cUSDO-1777507207", "decimals": 18}
{"blockNumber":22381421,"chainId":1,"tokenAddress":"0x33fe56d3f496fa861e2b81d25b895d2fc4074d4b"}	{"name": "Principal Token: cUSDO-1777507212", "symbol": "PT-cUSDO-1777507212", "decimals": 18}
{"blockNumber":22370132,"chainId":1,"tokenAddress":"0x6b6e36e0516b3020dff0edd01fe90c18774de709"}	{"name": "Spectra-PT/IBT", "symbol": "SPT-PT/IBT", "decimals": 18}
{"blockNumber":22381401,"chainId":1,"tokenAddress":"0xf2f4b713093f9d34cfcb3dadffa58a6ac0bee1ff"}	{"name": "Spectra-PT/IBT", "symbol": "SPT-PT/IBT", "decimals": 18}
{"blockNumber":22381421,"chainId":1,"tokenAddress":"0x2fe6c0f3f8e7821bb3e2164247aa24e1fd77e9e3"}	{"name": "Spectra-PT/IBT", "symbol": "SPT-PT/IBT", "decimals": 18}
{"blockNumber":22423509,"chainId":1,"tokenAddress":"0x19ebd191f7a24ece672ba13a302212b5ef7f35cb"}	{"name": "YieldFi yUSD", "symbol": "yUSD", "decimals": 18}
{"blockNumber":22370132,"chainId":1,"tokenAddress":"0xbb0cdacf1fefc5dac5e5e603f3fe4e7784ede76d"}	{"name": "Yield Token: ysWETH-1754006418", "symbol": "YT-ysWETH-1754006418", "decimals": 18}
{"blockNumber":22381401,"chainId":1,"tokenAddress":"0xb2406ed71fa2e8c7f1604001e65a2bc0e747475a"}	{"name": "Yield Token: cUSDO-1777507207", "symbol": "YT-cUSDO-1777507207", "decimals": 18}
{"blockNumber":22381421,"chainId":1,"tokenAddress":"0x90e1534e324ca0a78c687a321ce72a1f29d4d4e7"}	{"name": "Yield Token: cUSDO-1777507212", "symbol": "YT-cUSDO-1777507212", "decimals": 18}
{"blockNumber":22569772,"chainId":1,"tokenAddress":"0x620082f33d442e5806122f71a72b12134f75ff2d"}	{"name": "Curve lvlUSD-USDC yVault", "symbol": "yvCurve-lvlUSD-USDC", "decimals": 18}
{"blockNumber":22569772,"chainId":1,"tokenAddress":"0x1220868672d5b10f3e1cb9ab519e4d0b08545ea4"}	{"name": "lvlUSD/USDC", "symbol": "lvlUSDUSDC", "decimals": 18}
{"blockNumber":22569772,"chainId":1,"tokenAddress":"0x5f0adcdccfa311e7b2f47df76445d9dcf577dcc8"}	{"name": "Principal Token: yvCurve-lvlUSD-USDC-1764115216", "symbol": "PT-yvCurve-lvlUSD-USDC-1764115216", "decimals": 18}
{"blockNumber":22569772,"chainId":1,"tokenAddress":"0x1220868672D5B10F3E1cB9Ab519E4d0B08545ea4"}	{"name": "lvlUSD/USDC", "symbol": "lvlUSDUSDC", "decimals": 18}
{"blockNumber":22569772,"chainId":1,"tokenAddress":"0x1ed0bea7db2815283da9e184145386bd7789a735"}	{"name": "Spectra-PT/IBT", "symbol": "SPT-PT/IBT", "decimals": 18}
{"blockNumber":22569772,"chainId":1,"tokenAddress":"0xc5c1f2c5b7573d8ca3b9f986eae36db2cd8df68d"}	{"name": "Yield Token: yvCurve-lvlUSD-USDC-1764115216", "symbol": "YT-yvCurve-lvlUSD-USDC-1764115216", "decimals": 18}
{"blockNumber":22583294,"chainId":1,"tokenAddress":"0x5e9c54241a3e540367e6e136ec67dde6f0591afc"}	{"name": "Principal Token: cUSDO-1763596806", "symbol": "PT-cUSDO-1763596806", "decimals": 18}
{"blockNumber":22583294,"chainId":1,"tokenAddress":"0x063a583b02d59b8a553171f5637d3f8cd5393f6d"}	{"name": "Yield Token: cUSDO-1763596806", "symbol": "YT-cUSDO-1763596806", "decimals": 18}
{"blockNumber":22583294,"chainId":1,"tokenAddress":"0xcbe13315809acf6d7b92472fcb9546655b874ee7"}	{"name": "Spectra-PT/IBT", "symbol": "SPT-PT/IBT", "decimals": 18}
{"blockNumber":22628021,"chainId":1,"tokenAddress":"0x0abd93da8387b5ef0511a2859d85d84fe4519e94"}	{"name": "Savings USDaf", "symbol": "sUSDaf", "decimals": 18}
{"blockNumber":22628021,"chainId":1,"tokenAddress":"0x306e6ec73df3200c62a304cb8d6944e7543fb487"}	{"name": "Principal Token: sUSDaf-1764720015", "symbol": "PT-sUSDaf-1764720015", "decimals": 18}
{"blockNumber":22628021,"chainId":1,"tokenAddress":"0x85e30b8b263bc64d94b827ed450f2edfee8579da"}	{"name": "USDaf Stablecoin", "symbol": "USDaf", "decimals": 18}
{"blockNumber":22628021,"chainId":1,"tokenAddress":"0x1253e519aedc35f9da29a14e155f64605d5144ce"}	{"name": "Spectra-PT/IBT", "symbol": "SPT-PT/IBT", "decimals": 18}
{"blockNumber":22628021,"chainId":1,"tokenAddress":"0x85E30b8b263bC64d94b827ed450F2EdFEE8579dA"}	{"name": "USDaf Stablecoin", "symbol": "USDaf", "decimals": 18}
{"blockNumber":22628021,"chainId":1,"tokenAddress":"0x52b1fce1784ac9da1f31e04077f46388cc4af7b3"}	{"name": "Yield Token: sUSDaf-1764720015", "symbol": "YT-sUSDaf-1764720015", "decimals": 18}
{"blockNumber":22674607,"chainId":1,"tokenAddress":"0x50bd66d59911f5e086ec87ae43c811e0d059dd11"}	{"name": "sBold", "symbol": "sBOLD", "decimals": 18}
{"blockNumber":22674607,"chainId":1,"tokenAddress":"0x1ff893c9071d04f8a965a90fcb0de22406a3eeaa"}	{"name": "Principal Token: sBOLD-1765325646", "symbol": "PT-sBOLD-1765325646", "decimals": 18}
{"blockNumber":22674607,"chainId":1,"tokenAddress":"0x593a8a7c12d8111e12945ff167389662a02b5ece"}	{"name": "Spectra-PT/IBT", "symbol": "SPT-PT/IBT", "decimals": 18}
{"blockNumber":22674607,"chainId":1,"tokenAddress":"0x6440f144b7e50d6a8439336510312d2f54beb01d"}	{"name": "BOLD Stablecoin", "symbol": "BOLD", "decimals": 18}
{"blockNumber":22674607,"chainId":1,"tokenAddress":"0x6440f144b7e50D6a8439336510312d2F54beB01D"}	{"name": "BOLD Stablecoin", "symbol": "BOLD", "decimals": 18}
{"blockNumber":22674607,"chainId":1,"tokenAddress":"0xe106d0b6eeee33bf0167bde7647c8c9c72a86900"}	{"name": "Yield Token: sBOLD-1765325646", "symbol": "YT-sBOLD-1765325646", "decimals": 18}
{"blockNumber":22734320,"chainId":1,"tokenAddress":"0xfa58b51c58212636160aab911e0ffa1e1d121e90"}	{"name": "Principal Token: sw-RLP-1759190428", "symbol": "PT-sw-RLP-1759190428", "decimals": 18}
{"blockNumber":22747844,"chainId":1,"tokenAddress":"0xec1fe9e7dab6aa0e403eaf4b42bba154aa4bf35e"}	{"name": "Principal Token: wOETH-1766188805", "symbol": "PT-wOETH-1766188805", "decimals": 18}
{"blockNumber":22747879,"chainId":1,"tokenAddress":"0xd2af830e8cbdfed6cc11bab697bb25496ed6fa62"}	{"name": "Wrapped OUSD", "symbol": "WOUSD", "decimals": 18}
{"blockNumber":22747879,"chainId":1,"tokenAddress":"0x2a8e1e676ec238d8a992307b495b45b3feaa5e86"}	{"name": "Origin Dollar", "symbol": "OUSD", "decimals": 18}
{"blockNumber":22734320,"chainId":1,"tokenAddress":"0x6b2064b1189d262e4e9a1310b8bfb27907e533fe"}	{"name": "Yield Token: sw-RLP-1759190428", "symbol": "YT-sw-RLP-1759190428", "decimals": 18}
{"blockNumber":22747844,"chainId":1,"tokenAddress":"0x4d80dc331f5777d9857b93e0e1a1e9f68be7ea04"}	{"name": "Yield Token: wOETH-1766188805", "symbol": "YT-wOETH-1766188805", "decimals": 18}
{"blockNumber":22747879,"chainId":1,"tokenAddress":"0x7795f9dbbc73f192753e61607e2b864f671ceb35"}	{"name": "Principal Token: WOUSD-1766188815", "symbol": "PT-WOUSD-1766188815", "decimals": 18}
{"blockNumber":22734320,"chainId":1,"tokenAddress":"0xe48c3a1389be663f0e6f96ac1b90c10ee8b1b1ec"}	{"name": "Spectra-PT/IBT", "symbol": "SPT-PT/IBT", "decimals": 18}
{"blockNumber":22747844,"chainId":1,"tokenAddress":"0xa8cd51f4b240d2c19925a758e93142df1ed6f9d6"}	{"name": "Spectra-PT/IBT", "symbol": "SPT-PT/IBT", "decimals": 18}
{"blockNumber":22747879,"chainId":1,"tokenAddress":"0x2A8e1E676Ec238d8A992307B495b45B3fEAa5e86"}	{"name": "Origin Dollar", "symbol": "OUSD", "decimals": 18}
{"blockNumber":22747879,"chainId":1,"tokenAddress":"0xbc682b0c7d0941bf0619886f9596f6f5c6d114c3"}	{"name": "Spectra-PT/IBT", "symbol": "SPT-PT/IBT", "decimals": 18}
{"blockNumber":22747879,"chainId":1,"tokenAddress":"0xf16088e3948c221c36ed6144b7f07fe0b3c88ffe"}	{"name": "Yield Token: WOUSD-1766188815", "symbol": "YT-WOUSD-1766188815", "decimals": 18}
{"blockNumber":22465905,"chainId":1,"tokenAddress":"0x19ebd191f7a24ece672ba13a302212b5ef7f35cb"}	{"name": "YieldFi yUSD", "symbol": "yUSD", "decimals": 18}
{"blockNumber":22445595,"chainId":1,"tokenAddress":"0xc8cf6d7991f15525488b2a83df53468d682ba4b0"}	{"name": "Staked Falcon USD", "symbol": "sUSDf", "decimals": 18}
{"blockNumber":22445595,"chainId":1,"tokenAddress":"0xfa2b947eec368f42195f24f36d2af29f7c24cec2"}	{"name": "Falcon USD", "symbol": "USDf", "decimals": 18}
{"blockNumber":22423509,"chainId":1,"tokenAddress":"0xe2a494e5921207424a658cf7cde16f27561780f9"}	{"name": "Principal Token: yUSD-1762387216", "symbol": "PT-yUSD-1762387216", "decimals": 18}
{"blockNumber":22465905,"chainId":1,"tokenAddress":"0x5cb9aed09e9876aa81a73208a79e408fd1db9ebc"}	{"name": "Principal Token: yUSD-1762905619", "symbol": "PT-yUSD-1762905619", "decimals": 18}
{"blockNumber":22445595,"chainId":1,"tokenAddress":"0x63948fb5d91f8863f7ea30ce3ba7e281983b7f03"}	{"name": "Principal Token: sUSDf-1762646496", "symbol": "PT-sUSDf-1762646496", "decimals": 18}
{"blockNumber":22445595,"chainId":1,"tokenAddress":"0xFa2B947eEc368f42195f24F36d2aF29f7c24CeC2"}	{"name": "Falcon USD", "symbol": "USDf", "decimals": 18}
{"blockNumber":22423509,"chainId":1,"tokenAddress":"0x01149e8aff4efc8a59c96d6750bb7d3900577603"}	{"name": "Spectra-PT/IBT", "symbol": "SPT-PT/IBT", "decimals": 18}
{"blockNumber":22465905,"chainId":1,"tokenAddress":"0x702bb558601e597b513f704e2017e378912baf96"}	{"name": "Spectra-PT/IBT", "symbol": "SPT-PT/IBT", "decimals": 18}
{"blockNumber":22445595,"chainId":1,"tokenAddress":"0xa95a5eb4f639ddc9cd0b431036eb2cc2d018c18c"}	{"name": "Spectra-PT/IBT", "symbol": "SPT-PT/IBT", "decimals": 18}
{"blockNumber":22423509,"chainId":1,"tokenAddress":"0xA0b86991c6218b36c1d19D4a2e9Eb0cE3606eB48"}	{"name": "USD Coin", "symbol": "USDC", "decimals": 6}
{"blockNumber":22465905,"chainId":1,"tokenAddress":"0xA0b86991c6218b36c1d19D4a2e9Eb0cE3606eB48"}	{"name": "USD Coin", "symbol": "USDC", "decimals": 6}
{"blockNumber":22423509,"chainId":1,"tokenAddress":"0x22bb2a4570845c56237375f837b2dd8b2bfd50f5"}	{"name": "Yield Token: yUSD-1762387216", "symbol": "YT-yUSD-1762387216", "decimals": 18}
{"blockNumber":22445595,"chainId":1,"tokenAddress":"0xca8859739936f33f5ae22775fde44601adab12f1"}	{"name": "Yield Token: sUSDf-1762646496", "symbol": "YT-sUSDf-1762646496", "decimals": 18}
{"blockNumber":22465905,"chainId":1,"tokenAddress":"0xcaf16c3b9ca12c05a329d3621515439a7a805a4f"}	{"name": "Yield Token: yUSD-1762905619", "symbol": "YT-yUSD-1762905619", "decimals": 18}
{"blockNumber":22633909,"chainId":1,"tokenAddress":"0xa83308d681ee69a4afad3d5768b4bfe441305e15"}	{"name": "Curve slvlUSD-lvlUSD yVault", "symbol": "yvCurve-slvlUSD-lvlUSD", "decimals": 18}
{"blockNumber":22633813,"chainId":1,"tokenAddress":"0x87fd322a24eaddfa57fe9bb9b83ab67d236d2cec"}	{"name": "Spectra ERC4626 Wrapper: YieldFi yUSD", "symbol": "sw-yUSD", "decimals": 18}
{"blockNumber":22647867,"chainId":1,"tokenAddress":"0x87fd322a24eaddfa57fe9bb9b83ab67d236d2cec"}	{"name": "Spectra ERC4626 Wrapper: YieldFi yUSD", "symbol": "sw-yUSD", "decimals": 18}
{"blockNumber":22633853,"chainId":1,"tokenAddress":"0x87fd322a24eaddfa57fe9bb9b83ab67d236d2cec"}	{"name": "Spectra ERC4626 Wrapper: YieldFi yUSD", "symbol": "sw-yUSD", "decimals": 18}
{"blockNumber":22633964,"chainId":1,"tokenAddress":"0x3928cbccc982efbadbc004977827325b0be4c346"}	{"name": "Principal Token: sw-stkGHO-1759536005", "symbol": "PT-sw-stkGHO-1759536005", "decimals": 18}
{"blockNumber":22633853,"chainId":1,"tokenAddress":"0xc2a0786284cd47225812d07cd4298adc0e29196e"}	{"name": "Principal Token: sw-yUSD-1762905605", "symbol": "PT-sw-yUSD-1762905605", "decimals": 18}
{"blockNumber":22633964,"chainId":1,"tokenAddress":"0x17a23e49ae0209b5243090c138e800c4ca1921e9"}	{"name": "Spectra-PT/IBT", "symbol": "SPT-PT/IBT", "decimals": 18}
{"blockNumber":22633909,"chainId":1,"tokenAddress":"0xf244324fbb57f09f0606ff088bc894b051d632eb"}	{"name": "slvlUSD/lvlUSD", "symbol": "s/lvlUSD", "decimals": 18}
{"blockNumber":22633909,"chainId":1,"tokenAddress":"0x8906ff5344b6137fa1a572c0f3c170062e32bc33"}	{"name": "Principal Token: yvCurve-slvlUSD-lvlUSD-1764806417", "symbol": "PT-yvCurve-slvlUSD-lvlUSD-1764806417", "decimals": 18}
{"blockNumber":22633853,"chainId":1,"tokenAddress":"0xab663a50ef56d064ecc27b2656ed6889ea70e502"}	{"name": "Spectra-PT/IBT", "symbol": "SPT-PT/IBT", "decimals": 18}
{"blockNumber":22633909,"chainId":1,"tokenAddress":"0xF244324FBB57f09F0606FF088bC894b051d632Eb"}	{"name": "slvlUSD/lvlUSD", "symbol": "s/lvlUSD", "decimals": 18}
{"blockNumber":22633909,"chainId":1,"tokenAddress":"0x21ff331d1928cb7fde9a151d43eba4ebee843e87"}	{"name": "Spectra-PT/IBT", "symbol": "SPT-PT/IBT", "decimals": 18}
{"blockNumber":22631309,"chainId":1,"tokenAddress":"0x87fd322a24eaddfa57fe9bb9b83ab67d236d2cec"}	{"name": "Spectra ERC4626 Wrapper: YieldFi yUSD", "symbol": "sw-yUSD", "decimals": 18}
{"blockNumber":22633964,"chainId":1,"tokenAddress":"0x97b6d8d8534455d9a9a36ca7a95cc862c9c05e0b"}	{"name": "Yield Token: sw-stkGHO-1759536005", "symbol": "YT-sw-stkGHO-1759536005", "decimals": 18}
{"blockNumber":22633853,"chainId":1,"tokenAddress":"0xA0b86991c6218b36c1d19D4a2e9Eb0cE3606eB48"}	{"name": "USD Coin", "symbol": "USDC", "decimals": 6}
{"blockNumber":22633853,"chainId":1,"tokenAddress":"0xe46eb7cfcde7118fe15a5dc96ef4f9d706ec21e4"}	{"name": "Yield Token: sw-yUSD-1762905605", "symbol": "YT-sw-yUSD-1762905605", "decimals": 18}
{"blockNumber":22633909,"chainId":1,"tokenAddress":"0xe1ac4d156e32e9938777f925ffd3504a8a18f9c2"}	{"name": "Yield Token: yvCurve-slvlUSD-lvlUSD-1764806417", "symbol": "YT-yvCurve-slvlUSD-lvlUSD-1764806417", "decimals": 18}
{"blockNumber":22825655,"chainId":1,"tokenAddress":"0xce8a8f1b319f2e9fd4af50c746c5a3d7f5678974"}	{"name": "Principal Token: sdeUSD-1767225604", "symbol": "PT-sdeUSD-1767225604", "decimals": 18}
{"blockNumber":22825617,"chainId":1,"tokenAddress":"0xbeefc011e94f43b8b7b455ebab290c7ab4e216f1"}	{"name": "Coinshift USDL", "symbol": "csUSDL", "decimals": 18}
{"blockNumber":22825655,"chainId":1,"tokenAddress":"0x0e2e7e5692074f406fa4037c8c8c1ace4b6ece32"}	{"name": "Spectra-PT/IBT", "symbol": "SPT-PT/IBT", "decimals": 18}
{"blockNumber":22825617,"chainId":1,"tokenAddress":"0x9263a61c7b3bfd7c31008a9d87883670b891b1f0"}	{"name": "Principal Token: csUSDL-1763596823", "symbol": "PT-csUSDL-1763596823", "decimals": 18}
{"blockNumber":22825655,"chainId":1,"tokenAddress":"0x39b08b7dc3c217cf75d7c724bbff699d1d71861e"}	{"name": "Yield Token: sdeUSD-1767225604", "symbol": "YT-sdeUSD-1767225604", "decimals": 18}
{"blockNumber":22825617,"chainId":1,"tokenAddress":"0x7751E2F4b8ae93EF6B79d86419d42FE3295A4559"}	{"name": "Wrapped USDL", "symbol": "wUSDL", "decimals": 18}
{"blockNumber":22825617,"chainId":1,"tokenAddress":"0xba03b286fc03ee1f403f02ead4788c298c38cd4e"}	{"name": "Spectra-PT/IBT", "symbol": "SPT-PT/IBT", "decimals": 18}
{"blockNumber":22825617,"chainId":1,"tokenAddress":"0xd3ccee838c483612474abde839e2a63e3ec26500"}	{"name": "Yield Token: csUSDL-1763596823", "symbol": "YT-csUSDL-1763596823", "decimals": 18}
{"blockNumber":22846018,"chainId":1,"tokenAddress":"0xcbe00e807e49df75aa4d4557eba083a34cc149de"}	{"name": "Spectra ERC4626 Wrapper: Staked Stream USD", "symbol": "sw-xUSD", "decimals": 6}
{"blockNumber":22892948,"chainId":1,"tokenAddress":"0x1dc1b09d656c07404aa2747a9930c0b4d297b4f3"}	{"name": "Principal Token: sw-xUSD(USDC) 2025/10/10", "symbol": "PT-sw-xUSD(USDC)-2025/10/10", "decimals": 6}
{"blockNumber":22892948,"chainId":1,"tokenAddress":"0x6e7f0c234582b9421e4c9bc4ab3542016cd23301"}	{"name": "Spectra-PT/IBT", "symbol": "SPT-PT/IBT", "decimals": 18}
{"blockNumber":22892948,"chainId":1,"tokenAddress":"0xA0b86991c6218b36c1d19D4a2e9Eb0cE3606eB48"}	{"name": "USD Coin", "symbol": "USDC", "decimals": 6}
{"blockNumber":22892948,"chainId":1,"tokenAddress":"0x3cdc2d0ae59be92a4fd7bc92b66c215609857b2b"}	{"name": "Yield Token: sw-xUSD(USDC) 2025/10/10", "symbol": "YT-sw-xUSD(USDC)-2025/10/10", "decimals": 6}
{"blockNumber":22938041,"chainId":1,"tokenAddress":"0x7369a801a2699d6760a4c8c0b02e0bbdbfab0350"}	{"name": "Principal Token: aCRV(cvxCRV) 2026/01/17", "symbol": "PT-aCRV(cvxCRV)-2026/01/17", "decimals": 18}
{"blockNumber":22938404,"chainId":1,"tokenAddress":"0x07f58450a39d07f9583c188a2a4a441fac358100"}	{"name": "Principal Token: siBTC(IBTC) 2025/10/17", "symbol": "PT-siBTC(IBTC)-2025/10/17", "decimals": 8}
{"blockNumber":22938565,"chainId":1,"tokenAddress":"0xf9490e49269c7333688e0201ccea8894631dac2e"}	{"name": "Principal Token: ynETHx(WETH) 2026/02/04", "symbol": "PT-ynETHx(WETH)-2026/02/04", "decimals": 18}
{"blockNumber":22945397,"chainId":1,"tokenAddress":"0xb695e4e5eb27b0b67cf54cf18df5f160eac4573d"}	{"name": "Principal Token: csUSDL(wUSDL) 2026/01/18", "symbol": "PT-csUSDL(wUSDL)-2026/01/18", "decimals": 18}
{"blockNumber":22945759,"chainId":1,"tokenAddress":"0x39ca7acbe5c2ab4629c8d9dae21d82ed54c82b77"}	{"name": "Principal Token: asdCRV(sdCRV) 2026/01/18", "symbol": "PT-asdCRV(sdCRV)-2026/01/18", "decimals": 18}
{"blockNumber":22945845,"chainId":1,"tokenAddress":"0x6f5ddb7689d7bd74d29b7d6a06cee8e39655a5dc"}	{"name": "Principal Token: yvCurve-GHO-USR(GHOUSR) 2026/01/18", "symbol": "PT-yvCurve-GHO-USR(GHOUSR)-2026/01/18", "decimals": 18}
{"blockNumber":22946047,"chainId":1,"tokenAddress":"0xfc72de4009148a730f89db04f287a28178898a9c"}	{"name": "Principal Token: sw-WUSDN(USDN) 2026/01/18", "symbol": "PT-sw-WUSDN(USDN)-2026/01/18", "decimals": 18}
{"blockNumber":22946158,"chainId":1,"tokenAddress":"0xa1082134966cf170188b81dfb1b65263b8987590"}	{"name": "Principal Token: aFXN(cvxFXN) 2026/01/18", "symbol": "PT-aFXN(cvxFXN)-2026/01/18", "decimals": 18}
{"blockNumber":22946318,"chainId":1,"tokenAddress":"0x9ebb9230276e858efb8209618055add25a2bf41b"}	{"name": "Principal Token: slvlUSD(lvlUSD) 2026/01/18", "symbol": "PT-slvlUSD(lvlUSD)-2026/01/18", "decimals": 18}
{"blockNumber":22938041,"chainId":1,"tokenAddress":"0x15c82f65437c2dec8af32f8cbc77d4c8647760dc"}	{"name": "Yield Token: aCRV(cvxCRV) 2026/01/17", "symbol": "YT-aCRV(cvxCRV)-2026/01/17", "decimals": 18}
{"blockNumber":22938404,"chainId":1,"tokenAddress":"0xd29fb7fafdbee7164c781a56a623b38e040030bb"}	{"name": "Yield Token: siBTC(IBTC) 2025/10/17", "symbol": "YT-siBTC(IBTC)-2025/10/17", "decimals": 8}
{"blockNumber":22938565,"chainId":1,"tokenAddress":"0x1eaa7e63b3266d4d06ca76cbc2e144e8500c6f74"}	{"name": "Yield Token: ynETHx(WETH) 2026/02/04", "symbol": "YT-ynETHx(WETH)-2026/02/04", "decimals": 18}
{"blockNumber":22945397,"chainId":1,"tokenAddress":"0x22b34bbeb1fbc9650909d2f796ad7ace74af23a2"}	{"name": "Yield Token: csUSDL(wUSDL) 2026/01/18", "symbol": "YT-csUSDL(wUSDL)-2026/01/18", "decimals": 18}
{"blockNumber":22945759,"chainId":1,"tokenAddress":"0x189a9e3246aea31490bb808741a072b64abb766b"}	{"name": "Yield Token: asdCRV(sdCRV) 2026/01/18", "symbol": "YT-asdCRV(sdCRV)-2026/01/18", "decimals": 18}
{"blockNumber":22945845,"chainId":1,"tokenAddress":"0x010466c1e87ed6e5cebd9f870c967fb7bf6b7d6e"}	{"name": "Yield Token: yvCurve-GHO-USR(GHOUSR) 2026/01/18", "symbol": "YT-yvCurve-GHO-USR(GHOUSR)-2026/01/18", "decimals": 18}
{"blockNumber":22946047,"chainId":1,"tokenAddress":"0x4191dde6daa1749e50c4a013368f876973cc61e6"}	{"name": "Yield Token: sw-WUSDN(USDN) 2026/01/18", "symbol": "YT-sw-WUSDN(USDN)-2026/01/18", "decimals": 18}
{"blockNumber":22946158,"chainId":1,"tokenAddress":"0x3f47a86c61242971bde46afa2af17cca4e55dde9"}	{"name": "Yield Token: aFXN(cvxFXN) 2026/01/18", "symbol": "YT-aFXN(cvxFXN)-2026/01/18", "decimals": 18}
{"blockNumber":22946318,"chainId":1,"tokenAddress":"0x27e6a48b2a686c1d23db12569ab4185c408e0703"}	{"name": "Yield Token: slvlUSD(lvlUSD) 2026/01/18", "symbol": "YT-slvlUSD(lvlUSD)-2026/01/18", "decimals": 18}
{"blockNumber":22938041,"chainId":1,"tokenAddress":"0xc1b8e361803deef2d40ce5ec19e2a98f4045608b"}	{"name": "Spectra-PT/IBT", "symbol": "SPT-PT/IBT", "decimals": 18}
{"blockNumber":22938404,"chainId":1,"tokenAddress":"0x4103885b44676e24ae1f65d8a36d6bec57bd5000"}	{"name": "Spectra-PT/IBT", "symbol": "SPT-PT/IBT", "decimals": 18}
{"blockNumber":22938565,"chainId":1,"tokenAddress":"0xbbb7e0cb9720aa32a28aa075c310bbe746258186"}	{"name": "Spectra-PT/IBT", "symbol": "SPT-PT/IBT", "decimals": 18}
{"blockNumber":22945397,"chainId":1,"tokenAddress":"0xb2737014c7d4dd697ec24ba1398a6780a4d1b9e6"}	{"name": "Spectra-PT/IBT", "symbol": "SPT-PT/IBT", "decimals": 18}
{"blockNumber":22945759,"chainId":1,"tokenAddress":"0xd7d9bcafff98308d447a3985c6fedd84dbdea34b"}	{"name": "Spectra-PT/IBT", "symbol": "SPT-PT/IBT", "decimals": 18}
{"blockNumber":22945845,"chainId":1,"tokenAddress":"0xac3f886b4f965d6d3510e1093769f3860f98e8f0"}	{"name": "Spectra-PT/IBT", "symbol": "SPT-PT/IBT", "decimals": 18}
{"blockNumber":22946047,"chainId":1,"tokenAddress":"0x586032790165ec0b0562d2fd02055e6b2e729409"}	{"name": "Spectra-PT/IBT", "symbol": "SPT-PT/IBT", "decimals": 18}
{"blockNumber":22946158,"chainId":1,"tokenAddress":"0xdd7a073b40a3b7c00e13b0bd929145ea52368650"}	{"name": "Spectra-PT/IBT", "symbol": "SPT-PT/IBT", "decimals": 18}
{"blockNumber":22946318,"chainId":1,"tokenAddress":"0x4619a871112c443658a505941532bb7df60b06b2"}	{"name": "Spectra-PT/IBT", "symbol": "SPT-PT/IBT", "decimals": 18}
{"blockNumber":22969270,"chainId":1,"tokenAddress":"0x7cb6d0715bfe8db1629fb9a3aef8ead63e134bcd"}	{"name": "Principal Token: ipUSDCfusion(USDC) 2026/01/21", "symbol": "PT-ipUSDCfusion(USDC)-2026/01/21", "decimals": 8}
{"blockNumber":22969331,"chainId":1,"tokenAddress":"0x75d6186517ae231506f931e08dadd86e78560605"}	{"name": "Principal Token: fxSAVE(fxSP) 2026/01/21", "symbol": "PT-fxSAVE(fxSP)-2026/01/21", "decimals": 18}
{"blockNumber":22969394,"chainId":1,"tokenAddress":"0x6aec64572e581c6821e595746c73597a675c202b"}	{"name": "Principal Token: sUSN(USN) 2026/02/06", "symbol": "PT-sUSN(USN)-2026/02/06", "decimals": 18}
{"blockNumber":22969409,"chainId":1,"tokenAddress":"0x7848e0ca4edbcec37ba677f7eadcf69112677b2d"}	{"name": "Principal Token: sDOLA(DOLA) 2026/01/21", "symbol": "PT-sDOLA(DOLA)-2026/01/21", "decimals": 18}
{"blockNumber":22969270,"chainId":1,"tokenAddress":"0xe7898c8342244e834c55134d2bd8255108e3c961"}	{"name": "Spectra-PT/IBT", "symbol": "SPT-PT/IBT", "decimals": 18}
{"blockNumber":22969331,"chainId":1,"tokenAddress":"0xd31fac73411da2c19aab7cd5d71f22d5c54e748a"}	{"name": "Spectra-PT/IBT", "symbol": "SPT-PT/IBT", "decimals": 18}
{"blockNumber":22969394,"chainId":1,"tokenAddress":"0x0c15c823c614c77f09ef90d35a71b6616070a22a"}	{"name": "Spectra-PT/IBT", "symbol": "SPT-PT/IBT", "decimals": 18}
{"blockNumber":22969409,"chainId":1,"tokenAddress":"0xdcb8c27adee3d9b83a01cd40a3c572746a641319"}	{"name": "Spectra-PT/IBT", "symbol": "SPT-PT/IBT", "decimals": 18}
{"blockNumber":22969270,"chainId":1,"tokenAddress":"0x1598e8f97f1dbb4aea8d7aeae07d4fd3f865727c"}	{"name": "Yield Token: ipUSDCfusion(USDC) 2026/01/21", "symbol": "YT-ipUSDCfusion(USDC)-2026/01/21", "decimals": 8}
{"blockNumber":22969331,"chainId":1,"tokenAddress":"0x36affc8c383d101ad48d6e28b2c1b7809db6c6eb"}	{"name": "Yield Token: fxSAVE(fxSP) 2026/01/21", "symbol": "YT-fxSAVE(fxSP)-2026/01/21", "decimals": 18}
{"blockNumber":22969394,"chainId":1,"tokenAddress":"0x86e23491ae6c5066ed24c27020124180300846b3"}	{"name": "Yield Token: sUSN(USN) 2026/02/06", "symbol": "YT-sUSN(USN)-2026/02/06", "decimals": 18}
{"blockNumber":22969409,"chainId":1,"tokenAddress":"0x0ec449a8113172d3bbc8093fa5b2fcf2c82c87e4"}	{"name": "Yield Token: sDOLA(DOLA) 2026/01/21", "symbol": "YT-sDOLA(DOLA)-2026/01/21", "decimals": 18}
{"blockNumber":23034283,"chainId":1,"tokenAddress":"0x6e3c684f1a1d5ca444077815c546131ee2c34878"}	{"name": "Principal Token: ysUSDC(USDC) 2025/10/30", "symbol": "PT-ysUSDC(USDC)-2025/10/30", "decimals": 6}
{"blockNumber":23034283,"chainId":1,"tokenAddress":"0xceb283be31a655a9c707a7bb5bb1edffc35491b0"}	{"name": "Spectra-PT/IBT", "symbol": "SPT-PT/IBT", "decimals": 18}
{"blockNumber":23034283,"chainId":1,"tokenAddress":"0x259b0b5c9239981d4f8a4d927170f65383c42a1b"}	{"name": "Yield Token: ysUSDC(USDC) 2025/10/30", "symbol": "YT-ysUSDC(USDC)-2025/10/30", "decimals": 6}
{"blockNumber":23054912,"chainId":1,"tokenAddress":"0x06f195a135fb53adb5439de9efacbc36fe0bb9aa"}	{"name": "Principal Token: ysWETH(WETH) 2025/10/29", "symbol": "PT-ysWETH(WETH)-2025/10/29", "decimals": 18}
{"blockNumber":23070434,"chainId":1,"tokenAddress":"0x89e93172aef8261db8437b90c3dcb61545a05317"}	{"name": "Savings USDaf", "symbol": "sUSDaf", "decimals": 18}
{"blockNumber":23073994,"chainId":1,"tokenAddress":"0xb33f4b9c6f0624edeae8881c97381837760d52cb"}	{"name": "Liquid Staked Rezerve.money", "symbol": "lstRZR", "decimals": 18}
{"blockNumber":23070434,"chainId":1,"tokenAddress":"0x3133bc64900e078dacd314a27e739f5d5ede30ae"}	{"name": "Principal Token: sUSDaf(USDaf) 2026/02/04", "symbol": "PT-sUSDaf(USDaf)-2026/02/04", "decimals": 18}
{"blockNumber":23073994,"chainId":1,"tokenAddress":"0xe0badfb6315ad200b1687ff6900e97d881a7b280"}	{"name": "Principal Token: lstRZR(RZR) 2026/02/05", "symbol": "PT-lstRZR(RZR)-2026/02/05", "decimals": 18}
{"blockNumber":23054912,"chainId":1,"tokenAddress":"0x43cb9f6ddf5b313aec35f013800345cc895d4f22"}	{"name": "Spectra-PT/IBT", "symbol": "SPT-PT/IBT", "decimals": 18}
{"blockNumber":23054912,"chainId":1,"tokenAddress":"0x4f172e3afb8154d94dc8df5abd270c2d58df4a77"}	{"name": "Yield Token: ysWETH(WETH) 2025/10/29", "symbol": "YT-ysWETH(WETH)-2025/10/29", "decimals": 18}
{"blockNumber":23070434,"chainId":1,"tokenAddress":"0x9cf12ccd6020b6888e4d4c4e4c7aca33c1eb91f8"}	{"name": "USDaf Stablecoin", "symbol": "USDaf", "decimals": 18}
{"blockNumber":23073994,"chainId":1,"tokenAddress":"0xb4444468e444f89e1c2cac2f1d3ee7e336cbd1f5"}	{"name": "Rezerve.money", "symbol": "RZR", "decimals": 18}
{"blockNumber":23070434,"chainId":1,"tokenAddress":"0x1f1975f2efea483f0e96ebf965caf95df17675a1"}	{"name": "Spectra-PT/IBT", "symbol": "SPT-PT/IBT", "decimals": 18}
{"blockNumber":23073994,"chainId":1,"tokenAddress":"0xf4ae78cb16f1cd8c5b06843ca2f54ddd7cbad03c"}	{"name": "Spectra-PT/IBT", "symbol": "SPT-PT/IBT", "decimals": 18}
{"blockNumber":23070434,"chainId":1,"tokenAddress":"0x9Cf12ccd6020b6888e4D4C4e4c7AcA33c1eB91f8"}	{"name": "USDaf Stablecoin", "symbol": "USDaf", "decimals": 18}
{"blockNumber":23073994,"chainId":1,"tokenAddress":"0xb4444468e444f89e1c2CAc2F1D3ee7e336cBD1f5"}	{"name": "Rezerve.money", "symbol": "RZR", "decimals": 18}
{"blockNumber":23070434,"chainId":1,"tokenAddress":"0x3fa9c2071d34103083e5c190aa461491b426b3b5"}	{"name": "Yield Token: sUSDaf(USDaf) 2026/02/04", "symbol": "YT-sUSDaf(USDaf)-2026/02/04", "decimals": 18}
{"blockNumber":23073994,"chainId":1,"tokenAddress":"0x2526c3913de8be4b0655037fada87ed72f4c4bf7"}	{"name": "Yield Token: lstRZR(RZR) 2026/02/05", "symbol": "YT-lstRZR(RZR)-2026/02/05", "decimals": 18}
{"blockNumber":23127153,"chainId":1,"tokenAddress":"0x2d1406576a66d4632f4c7b2600520f88769a77eb"}	{"name": "Principal Token: afCVX(CVX) 2026/02/12", "symbol": "PT-afCVX(CVX)-2026/02/12", "decimals": 18}
{"blockNumber":23127153,"chainId":1,"tokenAddress":"0xf885a7c53920bda31770c4efc781d98df5afe8c5"}	{"name": "Spectra-PT/IBT", "symbol": "SPT-PT/IBT", "decimals": 18}
{"blockNumber":23127153,"chainId":1,"tokenAddress":"0x554e6255dda7dbad01d7e29c887ad5eac6c64ec2"}	{"name": "Yield Token: afCVX(CVX) 2026/02/12", "symbol": "YT-afCVX(CVX)-2026/02/12", "decimals": 18}
{"blockNumber":23455294,"chainId":1,"tokenAddress":"0x7e840326632058e5c31327bb1e6ffd70679573ab"}	{"name": "Principal Token: sw-stkGHO(GHO) 2026/01/31", "symbol": "PT-sw-stkGHO(GHO)-2026/01/31", "decimals": 18}
{"blockNumber":23424171,"chainId":1,"tokenAddress":"0x0b4c655bc989baafe728f8270ff988a7c2b40fd1"}	{"name": "Artificial Financial Intelligence USD", "symbol": "afiUSD", "decimals": 18}
{"blockNumber":23455294,"chainId":1,"tokenAddress":"0xfda98290209f6747fb24078cef8d3088b0c2801f"}	{"name": "Spectra-PT/IBT", "symbol": "SPT-PT/IBT", "decimals": 18}
{"blockNumber":23455294,"chainId":1,"tokenAddress":"0x02123e61f903aa635c6c4caad9f9c62b27996feb"}	{"name": "Yield Token: sw-stkGHO(GHO) 2026/01/31", "symbol": "YT-sw-stkGHO(GHO)-2026/01/31", "decimals": 18}
{"blockNumber":23424171,"chainId":1,"tokenAddress":"0x3cb828a1bb6d3bd00a25f678a2ce227d2310bdb2"}	{"name": "Principal Token: afiUSD(USDC) 2025/12/23", "symbol": "PT-afiUSD(USDC)-2025/12/23", "decimals": 18}
{"blockNumber":23424171,"chainId":1,"tokenAddress":"0xA0b86991c6218b36c1d19D4a2e9Eb0cE3606eB48"}	{"name": "USD Coin", "symbol": "USDC", "decimals": 6}
{"blockNumber":23424171,"chainId":1,"tokenAddress":"0x9abc3e95235bdd560d62d22cfadc8a18f9515545"}	{"name": "Spectra-PT/IBT", "symbol": "SPT-PT/IBT", "decimals": 18}
{"blockNumber":23424171,"chainId":1,"tokenAddress":"0xec50b8f16b5d32fe356e19c242f89623402a0dac"}	{"name": "Yield Token: afiUSD(USDC) 2025/12/23", "symbol": "YT-afiUSD(USDC)-2025/12/23", "decimals": 18}
{"blockNumber":23589723,"chainId":1,"tokenAddress":"0x01ba69727e2860b37bc1a2bd56999c1afb4c15d8"}	{"name": "YieldNest RWA MAX", "symbol": "ynRWAx", "decimals": 18}
{"blockNumber":23589723,"chainId":1,"tokenAddress":"0x17c8b7a23ddfe64c7cd0b3594dbed67c8c2e6eb5"}	{"name": "Principal Token: ynRWAx(USDC) 2026/10/15", "symbol": "PT-ynRWAx(USDC)-2026/10/15", "decimals": 18}
{"blockNumber":23589723,"chainId":1,"tokenAddress":"0xA0b86991c6218b36c1d19D4a2e9Eb0cE3606eB48"}	{"name": "USD Coin", "symbol": "USDC", "decimals": 6}
{"blockNumber":23589723,"chainId":1,"tokenAddress":"0x8ee494461b402abf3b26cbcb87030847fcbf6183"}	{"name": "Spectra-PT/IBT", "symbol": "SPT-PT/IBT", "decimals": 18}
{"blockNumber":23589723,"chainId":1,"tokenAddress":"0x1d4311f2412cf1d5eaf901cc994ff7cb658a3113"}	{"name": "Yield Token: ynRWAx(USDC) 2026/10/15", "symbol": "YT-ynRWAx(USDC)-2026/10/15", "decimals": 18}
{"blockNumber":23697612,"chainId":1,"tokenAddress":"0x205f7b9c99421d58d5c09a92445352a959801941"}	{"name": "Spectra ERC4626 Wrapper: avETH MAX", "symbol": "sw-avETHx", "decimals": 18}
{"blockNumber":23965175,"chainId":1,"tokenAddress":"0xb250c9e0f7be4cff13f94374c993ac445a1385fe"}	{"name": "ETH Strategy Perpetual Note", "symbol": "ESPN", "decimals": 18}
{"blockNumber":23948148,"chainId":1,"tokenAddress":"0xb43326e29631891d069ed21970b09fca0b624cee"}	{"name": "Principal Token: sBOLD(BOLD) 2026/06/05", "symbol": "PT-sBOLD(BOLD)-2026/06/05", "decimals": 18}
{"blockNumber":23965175,"chainId":1,"tokenAddress":"0xae27f0e72475f6b3af3b92ddc78da36acf994d7e"}	{"name": "Principal Token: ESPN(USDS) 2026/12/08", "symbol": "PT-ESPN(USDS)-2026/12/08", "decimals": 18}
{"blockNumber":23948148,"chainId":1,"tokenAddress":"0xef5bca3661bb126cd4b9ab37207ade05306b3c83"}	{"name": "Yield Token: sBOLD(BOLD) 2026/06/05", "symbol": "YT-sBOLD(BOLD)-2026/06/05", "decimals": 18}
{"blockNumber":23948148,"chainId":1,"tokenAddress":"0x1d1ff54bbdb850aa638d810854e47749ca93d5ee"}	{"name": "Spectra-PT/IBT", "symbol": "SPT-PT/IBT", "decimals": 18}
{"blockNumber":23965175,"chainId":1,"tokenAddress":"0xdc035d45d973e3ec169d2276ddab16f1e407384f"}	{"name": "USDS Stablecoin", "symbol": "USDS", "decimals": 18}
{"blockNumber":23965175,"chainId":1,"tokenAddress":"0x1618f07908d5c9875478d74e26127b763e7be271"}	{"name": "Spectra-PT/IBT", "symbol": "SPT-PT/IBT", "decimals": 18}
{"blockNumber":23965175,"chainId":1,"tokenAddress":"0xdC035D45d973E3EC169d2276DDab16f1e407384F"}	{"name": "USDS Stablecoin", "symbol": "USDS", "decimals": 18}
{"blockNumber":23965175,"chainId":1,"tokenAddress":"0xefaa6014bbdc9ccb5568fb918ba73816a94fdc8c"}	{"name": "Yield Token: ESPN(USDS) 2026/12/08", "symbol": "YT-ESPN(USDS)-2026/12/08", "decimals": 18}
{"blockNumber":20271854,"chainId":1,"tokenAddress":"0xeab93ec2a82eb235a1f426accd9254f2ab32a99d"}	{"name": "Spectra ERC4626 Wrapper: Amphor Symbiotic LRT (WSTETH)", "symbol": "sw-amphrLRT", "decimals": 18}
{"blockNumber":20271923,"chainId":1,"tokenAddress":"0xeab93ec2a82eb235a1f426accd9254f2ab32a99d"}	{"name": "Spectra ERC4626 Wrapper: Amphor Symbiotic LRT (WSTETH)", "symbol": "sw-amphrLRT", "decimals": 18}
{"blockNumber":20273972,"chainId":1,"tokenAddress":"0xeab93ec2a82eb235a1f426accd9254f2ab32a99d"}	{"name": "Spectra ERC4626 Wrapper: Amphor Symbiotic LRT (WSTETH)", "symbol": "sw-amphrLRT", "decimals": 18}
{"blockNumber":20274005,"chainId":1,"tokenAddress":"0xeab93ec2a82eb235a1f426accd9254f2ab32a99d"}	{"name": "Spectra ERC4626 Wrapper: Amphor Symbiotic LRT (WSTETH)", "symbol": "sw-amphrLRT", "decimals": 18}
{"blockNumber":20286306,"chainId":1,"tokenAddress":"0xeab93ec2a82eb235a1f426accd9254f2ab32a99d"}	{"name": "Spectra ERC4626 Wrapper: Amphor Symbiotic LRT (WSTETH)", "symbol": "sw-amphrLRT", "decimals": 18}
{"blockNumber":20295881,"chainId":1,"tokenAddress":"0xeab93ec2a82eb235a1f426accd9254f2ab32a99d"}	{"name": "Spectra ERC4626 Wrapper: Amphor Symbiotic LRT (WSTETH)", "symbol": "sw-amphrLRT", "decimals": 18}
{"blockNumber":20274935,"chainId":1,"tokenAddress":"0xeab93ec2a82eb235a1f426accd9254f2ab32a99d"}	{"name": "Spectra ERC4626 Wrapper: Amphor Symbiotic LRT (WSTETH)", "symbol": "sw-amphrLRT", "decimals": 18}
{"blockNumber":20274867,"chainId":1,"tokenAddress":"0xeab93ec2a82eb235a1f426accd9254f2ab32a99d"}	{"name": "Spectra ERC4626 Wrapper: Amphor Symbiotic LRT (WSTETH)", "symbol": "sw-amphrLRT", "decimals": 18}
{"blockNumber":20274878,"chainId":1,"tokenAddress":"0xeab93ec2a82eb235a1f426accd9254f2ab32a99d"}	{"name": "Spectra ERC4626 Wrapper: Amphor Symbiotic LRT (WSTETH)", "symbol": "sw-amphrLRT", "decimals": 18}
{"blockNumber":20274887,"chainId":1,"tokenAddress":"0xeab93ec2a82eb235a1f426accd9254f2ab32a99d"}	{"name": "Spectra ERC4626 Wrapper: Amphor Symbiotic LRT (WSTETH)", "symbol": "sw-amphrLRT", "decimals": 18}
{"blockNumber":20274903,"chainId":1,"tokenAddress":"0xeab93ec2a82eb235a1f426accd9254f2ab32a99d"}	{"name": "Spectra ERC4626 Wrapper: Amphor Symbiotic LRT (WSTETH)", "symbol": "sw-amphrLRT", "decimals": 18}
{"blockNumber":20313316,"chainId":1,"tokenAddress":"0xeab93ec2a82eb235a1f426accd9254f2ab32a99d"}	{"name": "Spectra ERC4626 Wrapper: Amphor Symbiotic LRT (WSTETH)", "symbol": "sw-amphrLRT", "decimals": 18}
{"blockNumber":20291354,"chainId":1,"tokenAddress":"0xeab93ec2a82eb235a1f426accd9254f2ab32a99d"}	{"name": "Spectra ERC4626 Wrapper: Amphor Symbiotic LRT (WSTETH)", "symbol": "sw-amphrLRT", "decimals": 18}
{"blockNumber":20274943,"chainId":1,"tokenAddress":"0xeab93ec2a82eb235a1f426accd9254f2ab32a99d"}	{"name": "Spectra ERC4626 Wrapper: Amphor Symbiotic LRT (WSTETH)", "symbol": "sw-amphrLRT", "decimals": 18}
{"blockNumber":20274950,"chainId":1,"tokenAddress":"0xeab93ec2a82eb235a1f426accd9254f2ab32a99d"}	{"name": "Spectra ERC4626 Wrapper: Amphor Symbiotic LRT (WSTETH)", "symbol": "sw-amphrLRT", "decimals": 18}
{"blockNumber":20274957,"chainId":1,"tokenAddress":"0xeab93ec2a82eb235a1f426accd9254f2ab32a99d"}	{"name": "Spectra ERC4626 Wrapper: Amphor Symbiotic LRT (WSTETH)", "symbol": "sw-amphrLRT", "decimals": 18}
{"blockNumber":20274961,"chainId":1,"tokenAddress":"0xeab93ec2a82eb235a1f426accd9254f2ab32a99d"}	{"name": "Spectra ERC4626 Wrapper: Amphor Symbiotic LRT (WSTETH)", "symbol": "sw-amphrLRT", "decimals": 18}
{"blockNumber":20274969,"chainId":1,"tokenAddress":"0xeab93ec2a82eb235a1f426accd9254f2ab32a99d"}	{"name": "Spectra ERC4626 Wrapper: Amphor Symbiotic LRT (WSTETH)", "symbol": "sw-amphrLRT", "decimals": 18}
{"blockNumber":20313299,"chainId":1,"tokenAddress":"0xeab93ec2a82eb235a1f426accd9254f2ab32a99d"}	{"name": "Spectra ERC4626 Wrapper: Amphor Symbiotic LRT (WSTETH)", "symbol": "sw-amphrLRT", "decimals": 18}
{"blockNumber":20347633,"chainId":1,"tokenAddress":"0xeab93ec2a82eb235a1f426accd9254f2ab32a99d"}	{"name": "Spectra ERC4626 Wrapper: Amphor Symbiotic LRT (WSTETH)", "symbol": "sw-amphrLRT", "decimals": 18}
{"blockNumber":20355005,"chainId":1,"tokenAddress":"0xeab93ec2a82eb235a1f426accd9254f2ab32a99d"}	{"name": "Spectra ERC4626 Wrapper: Amphor Symbiotic LRT (WSTETH)", "symbol": "sw-amphrLRT", "decimals": 18}
{"blockNumber":20249139,"chainId":1,"tokenAddress":"0x06c03069de266f58d10a0724a4f65c3d4fefff4d"}	{"name": "Spectra ERC4626 Wrapper: Amphor Restaked ETH", "symbol": "sw-amphrETH", "decimals": 18}
{"blockNumber":20270927,"chainId":1,"tokenAddress":"0x06c03069de266f58d10a0724a4f65c3d4fefff4d"}	{"name": "Spectra ERC4626 Wrapper: Amphor Restaked ETH", "symbol": "sw-amphrETH", "decimals": 18}
{"blockNumber":20247325,"chainId":1,"tokenAddress":"0x06c03069de266f58d10a0724a4f65c3d4fefff4d"}	{"name": "Spectra ERC4626 Wrapper: Amphor Restaked ETH", "symbol": "sw-amphrETH", "decimals": 18}
{"blockNumber":20247446,"chainId":1,"tokenAddress":"0x06c03069de266f58d10a0724a4f65c3d4fefff4d"}	{"name": "Spectra ERC4626 Wrapper: Amphor Restaked ETH", "symbol": "sw-amphrETH", "decimals": 18}
{"blockNumber":20257031,"chainId":1,"tokenAddress":"0x06c03069de266f58d10a0724a4f65c3d4fefff4d"}	{"name": "Spectra ERC4626 Wrapper: Amphor Restaked ETH", "symbol": "sw-amphrETH", "decimals": 18}
{"blockNumber":20346810,"chainId":1,"tokenAddress":"0x06c03069de266f58d10a0724a4f65c3d4fefff4d"}	{"name": "Spectra ERC4626 Wrapper: Amphor Restaked ETH", "symbol": "sw-amphrETH", "decimals": 18}
{"blockNumber":20376076,"chainId":1,"tokenAddress":"0x06c03069de266f58d10a0724a4f65c3d4fefff4d"}	{"name": "Spectra ERC4626 Wrapper: Amphor Restaked ETH", "symbol": "sw-amphrETH", "decimals": 18}
{"blockNumber":20240314,"chainId":1,"tokenAddress":"0x06c03069de266f58d10a0724a4f65c3d4fefff4d"}	{"name": "Spectra ERC4626 Wrapper: Amphor Restaked ETH", "symbol": "sw-amphrETH", "decimals": 18}
{"blockNumber":20270916,"chainId":1,"tokenAddress":"0x06c03069de266f58d10a0724a4f65c3d4fefff4d"}	{"name": "Spectra ERC4626 Wrapper: Amphor Restaked ETH", "symbol": "sw-amphrETH", "decimals": 18}
{"blockNumber":20316946,"chainId":1,"tokenAddress":"0x06c03069de266f58d10a0724a4f65c3d4fefff4d"}	{"name": "Spectra ERC4626 Wrapper: Amphor Restaked ETH", "symbol": "sw-amphrETH", "decimals": 18}
{"blockNumber":20247316,"chainId":1,"tokenAddress":"0x06c03069de266f58d10a0724a4f65c3d4fefff4d"}	{"name": "Spectra ERC4626 Wrapper: Amphor Restaked ETH", "symbol": "sw-amphrETH", "decimals": 18}
{"blockNumber":20354069,"chainId":1,"tokenAddress":"0x06c03069de266f58d10a0724a4f65c3d4fefff4d"}	{"name": "Spectra ERC4626 Wrapper: Amphor Restaked ETH", "symbol": "sw-amphrETH", "decimals": 18}
{"blockNumber":20362063,"chainId":1,"tokenAddress":"0x06c03069de266f58d10a0724a4f65c3d4fefff4d"}	{"name": "Spectra ERC4626 Wrapper: Amphor Restaked ETH", "symbol": "sw-amphrETH", "decimals": 18}
{"blockNumber":20411892,"chainId":1,"tokenAddress":"0x06c03069de266f58d10a0724a4f65c3d4fefff4d"}	{"name": "Spectra ERC4626 Wrapper: Amphor Restaked ETH", "symbol": "sw-amphrETH", "decimals": 18}
{"blockNumber":20336589,"chainId":1,"tokenAddress":"0x06c03069de266f58d10a0724a4f65c3d4fefff4d"}	{"name": "Spectra ERC4626 Wrapper: Amphor Restaked ETH", "symbol": "sw-amphrETH", "decimals": 18}
{"blockNumber":20368317,"chainId":1,"tokenAddress":"0x06c03069de266f58d10a0724a4f65c3d4fefff4d"}	{"name": "Spectra ERC4626 Wrapper: Amphor Restaked ETH", "symbol": "sw-amphrETH", "decimals": 18}
{"blockNumber":20336325,"chainId":1,"tokenAddress":"0x06c03069de266f58d10a0724a4f65c3d4fefff4d"}	{"name": "Spectra ERC4626 Wrapper: Amphor Restaked ETH", "symbol": "sw-amphrETH", "decimals": 18}
{"blockNumber":20387682,"chainId":1,"tokenAddress":"0x06c03069de266f58d10a0724a4f65c3d4fefff4d"}	{"name": "Spectra ERC4626 Wrapper: Amphor Restaked ETH", "symbol": "sw-amphrETH", "decimals": 18}
{"blockNumber":20346827,"chainId":1,"tokenAddress":"0x06c03069de266f58d10a0724a4f65c3d4fefff4d"}	{"name": "Spectra ERC4626 Wrapper: Amphor Restaked ETH", "symbol": "sw-amphrETH", "decimals": 18}
{"blockNumber":20247469,"chainId":1,"tokenAddress":"0x06c03069de266f58d10a0724a4f65c3d4fefff4d"}	{"name": "Spectra ERC4626 Wrapper: Amphor Restaked ETH", "symbol": "sw-amphrETH", "decimals": 18}
{"blockNumber":20363457,"chainId":1,"tokenAddress":"0x06c03069de266f58d10a0724a4f65c3d4fefff4d"}	{"name": "Spectra ERC4626 Wrapper: Amphor Restaked ETH", "symbol": "sw-amphrETH", "decimals": 18}
{"blockNumber":20363508,"chainId":1,"tokenAddress":"0x06c03069de266f58d10a0724a4f65c3d4fefff4d"}	{"name": "Spectra ERC4626 Wrapper: Amphor Restaked ETH", "symbol": "sw-amphrETH", "decimals": 18}
{"blockNumber":20363435,"chainId":1,"tokenAddress":"0x06c03069de266f58d10a0724a4f65c3d4fefff4d"}	{"name": "Spectra ERC4626 Wrapper: Amphor Restaked ETH", "symbol": "sw-amphrETH", "decimals": 18}
{"blockNumber":20346843,"chainId":1,"tokenAddress":"0x06c03069de266f58d10a0724a4f65c3d4fefff4d"}	{"name": "Spectra ERC4626 Wrapper: Amphor Restaked ETH", "symbol": "sw-amphrETH", "decimals": 18}
{"blockNumber":20316950,"chainId":1,"tokenAddress":"0x06c03069de266f58d10a0724a4f65c3d4fefff4d"}	{"name": "Spectra ERC4626 Wrapper: Amphor Restaked ETH", "symbol": "sw-amphrETH", "decimals": 18}
{"blockNumber":20376082,"chainId":1,"tokenAddress":"0x06c03069de266f58d10a0724a4f65c3d4fefff4d"}	{"name": "Spectra ERC4626 Wrapper: Amphor Restaked ETH", "symbol": "sw-amphrETH", "decimals": 18}
{"blockNumber":20240362,"chainId":1,"tokenAddress":"0x06c03069de266f58d10a0724a4f65c3d4fefff4d"}	{"name": "Spectra ERC4626 Wrapper: Amphor Restaked ETH", "symbol": "sw-amphrETH", "decimals": 18}
{"blockNumber":20363471,"chainId":1,"tokenAddress":"0x06c03069de266f58d10a0724a4f65c3d4fefff4d"}	{"name": "Spectra ERC4626 Wrapper: Amphor Restaked ETH", "symbol": "sw-amphrETH", "decimals": 18}
{"blockNumber":20257061,"chainId":1,"tokenAddress":"0x06c03069de266f58d10a0724a4f65c3d4fefff4d"}	{"name": "Spectra ERC4626 Wrapper: Amphor Restaked ETH", "symbol": "sw-amphrETH", "decimals": 18}
{"blockNumber":20387803,"chainId":1,"tokenAddress":"0x06c03069de266f58d10a0724a4f65c3d4fefff4d"}	{"name": "Spectra ERC4626 Wrapper: Amphor Restaked ETH", "symbol": "sw-amphrETH", "decimals": 18}
{"blockNumber":20355087,"chainId":1,"tokenAddress":"0x248f43b622ce2f35a14db3fc528284730b619cd5"}	{"name": "Spectra ERC4626 Wrapper: Universal ETH", "symbol": "sw-uniETH", "decimals": 18}
{"blockNumber":20743205,"chainId":1,"tokenAddress":"0x1b56e30b6efd7cfde46ee3e29b851b9094d5810b"}	{"name": "Spectra ERC4626 Wrapper:  Usual Boosted USDC", "symbol": "sw-USUALUSDC+", "decimals": 18}
{"blockNumber":20746333,"chainId":1,"tokenAddress":"0x1b56e30b6efd7cfde46ee3e29b851b9094d5810b"}	{"name": "Spectra ERC4626 Wrapper:  Usual Boosted USDC", "symbol": "sw-USUALUSDC+", "decimals": 18}
{"blockNumber":20746726,"chainId":1,"tokenAddress":"0x1b56e30b6efd7cfde46ee3e29b851b9094d5810b"}	{"name": "Spectra ERC4626 Wrapper:  Usual Boosted USDC", "symbol": "sw-USUALUSDC+", "decimals": 18}
{"blockNumber":20746766,"chainId":1,"tokenAddress":"0x1b56e30b6efd7cfde46ee3e29b851b9094d5810b"}	{"name": "Spectra ERC4626 Wrapper:  Usual Boosted USDC", "symbol": "sw-USUALUSDC+", "decimals": 18}
{"blockNumber":20747348,"chainId":1,"tokenAddress":"0x1b56e30b6efd7cfde46ee3e29b851b9094d5810b"}	{"name": "Spectra ERC4626 Wrapper:  Usual Boosted USDC", "symbol": "sw-USUALUSDC+", "decimals": 18}
{"blockNumber":20747916,"chainId":1,"tokenAddress":"0x1b56e30b6efd7cfde46ee3e29b851b9094d5810b"}	{"name": "Spectra ERC4626 Wrapper:  Usual Boosted USDC", "symbol": "sw-USUALUSDC+", "decimals": 18}
{"blockNumber":20748856,"chainId":1,"tokenAddress":"0x1b56e30b6efd7cfde46ee3e29b851b9094d5810b"}	{"name": "Spectra ERC4626 Wrapper:  Usual Boosted USDC", "symbol": "sw-USUALUSDC+", "decimals": 18}
{"blockNumber":20752756,"chainId":1,"tokenAddress":"0x1b56e30b6efd7cfde46ee3e29b851b9094d5810b"}	{"name": "Spectra ERC4626 Wrapper:  Usual Boosted USDC", "symbol": "sw-USUALUSDC+", "decimals": 18}
{"blockNumber":20752955,"chainId":1,"tokenAddress":"0x1b56e30b6efd7cfde46ee3e29b851b9094d5810b"}	{"name": "Spectra ERC4626 Wrapper:  Usual Boosted USDC", "symbol": "sw-USUALUSDC+", "decimals": 18}
{"blockNumber":20752969,"chainId":1,"tokenAddress":"0x1b56e30b6efd7cfde46ee3e29b851b9094d5810b"}	{"name": "Spectra ERC4626 Wrapper:  Usual Boosted USDC", "symbol": "sw-USUALUSDC+", "decimals": 18}
{"blockNumber":20753410,"chainId":1,"tokenAddress":"0x1b56e30b6efd7cfde46ee3e29b851b9094d5810b"}	{"name": "Spectra ERC4626 Wrapper:  Usual Boosted USDC", "symbol": "sw-USUALUSDC+", "decimals": 18}
{"blockNumber":20754610,"chainId":1,"tokenAddress":"0x1b56e30b6efd7cfde46ee3e29b851b9094d5810b"}	{"name": "Spectra ERC4626 Wrapper:  Usual Boosted USDC", "symbol": "sw-USUALUSDC+", "decimals": 18}
{"blockNumber":20754704,"chainId":1,"tokenAddress":"0x1b56e30b6efd7cfde46ee3e29b851b9094d5810b"}	{"name": "Spectra ERC4626 Wrapper:  Usual Boosted USDC", "symbol": "sw-USUALUSDC+", "decimals": 18}
{"blockNumber":20754736,"chainId":1,"tokenAddress":"0x1b56e30b6efd7cfde46ee3e29b851b9094d5810b"}	{"name": "Spectra ERC4626 Wrapper:  Usual Boosted USDC", "symbol": "sw-USUALUSDC+", "decimals": 18}
{"blockNumber":20756258,"chainId":1,"tokenAddress":"0x1b56e30b6efd7cfde46ee3e29b851b9094d5810b"}	{"name": "Spectra ERC4626 Wrapper:  Usual Boosted USDC", "symbol": "sw-USUALUSDC+", "decimals": 18}
{"blockNumber":20765948,"chainId":1,"tokenAddress":"0x1b56e30b6efd7cfde46ee3e29b851b9094d5810b"}	{"name": "Spectra ERC4626 Wrapper:  Usual Boosted USDC", "symbol": "sw-USUALUSDC+", "decimals": 18}
{"blockNumber":20768697,"chainId":1,"tokenAddress":"0x1b56e30b6efd7cfde46ee3e29b851b9094d5810b"}	{"name": "Spectra ERC4626 Wrapper:  Usual Boosted USDC", "symbol": "sw-USUALUSDC+", "decimals": 18}
{"blockNumber":20777068,"chainId":1,"tokenAddress":"0x1b56e30b6efd7cfde46ee3e29b851b9094d5810b"}	{"name": "Spectra ERC4626 Wrapper:  Usual Boosted USDC", "symbol": "sw-USUALUSDC+", "decimals": 18}
{"blockNumber":20779621,"chainId":1,"tokenAddress":"0x1b56e30b6efd7cfde46ee3e29b851b9094d5810b"}	{"name": "Spectra ERC4626 Wrapper:  Usual Boosted USDC", "symbol": "sw-USUALUSDC+", "decimals": 18}
{"blockNumber":20782995,"chainId":1,"tokenAddress":"0x1b56e30b6efd7cfde46ee3e29b851b9094d5810b"}	{"name": "Spectra ERC4626 Wrapper:  Usual Boosted USDC", "symbol": "sw-USUALUSDC+", "decimals": 18}
{"blockNumber":20805699,"chainId":1,"tokenAddress":"0x1b56e30b6efd7cfde46ee3e29b851b9094d5810b"}	{"name": "Spectra ERC4626 Wrapper:  Usual Boosted USDC", "symbol": "sw-USUALUSDC+", "decimals": 18}
{"blockNumber":20809194,"chainId":1,"tokenAddress":"0x1b56e30b6efd7cfde46ee3e29b851b9094d5810b"}	{"name": "Spectra ERC4626 Wrapper:  Usual Boosted USDC", "symbol": "sw-USUALUSDC+", "decimals": 18}
{"blockNumber":20850286,"chainId":1,"tokenAddress":"0x1b56e30b6efd7cfde46ee3e29b851b9094d5810b"}	{"name": "Spectra ERC4626 Wrapper:  Usual Boosted USDC", "symbol": "sw-USUALUSDC+", "decimals": 18}
{"blockNumber":20877919,"chainId":1,"tokenAddress":"0x1b56e30b6efd7cfde46ee3e29b851b9094d5810b"}	{"name": "Spectra ERC4626 Wrapper:  Usual Boosted USDC", "symbol": "sw-USUALUSDC+", "decimals": 18}
{"blockNumber":20878482,"chainId":1,"tokenAddress":"0x1b56e30b6efd7cfde46ee3e29b851b9094d5810b"}	{"name": "Spectra ERC4626 Wrapper:  Usual Boosted USDC", "symbol": "sw-USUALUSDC+", "decimals": 18}
{"blockNumber":21020863,"chainId":1,"tokenAddress":"0x1b56e30b6efd7cfde46ee3e29b851b9094d5810b"}	{"name": "Spectra ERC4626 Wrapper:  Usual Boosted USDC", "symbol": "sw-USUALUSDC+", "decimals": 18}
{"blockNumber":20883782,"chainId":1,"tokenAddress":"0x1b56e30b6efd7cfde46ee3e29b851b9094d5810b"}	{"name": "Spectra ERC4626 Wrapper:  Usual Boosted USDC", "symbol": "sw-USUALUSDC+", "decimals": 18}
{"blockNumber":20883828,"chainId":1,"tokenAddress":"0x1b56e30b6efd7cfde46ee3e29b851b9094d5810b"}	{"name": "Spectra ERC4626 Wrapper:  Usual Boosted USDC", "symbol": "sw-USUALUSDC+", "decimals": 18}
{"blockNumber":20883854,"chainId":1,"tokenAddress":"0x1b56e30b6efd7cfde46ee3e29b851b9094d5810b"}	{"name": "Spectra ERC4626 Wrapper:  Usual Boosted USDC", "symbol": "sw-USUALUSDC+", "decimals": 18}
{"blockNumber":20777006,"chainId":1,"tokenAddress":"0x1b56e30b6efd7cfde46ee3e29b851b9094d5810b"}	{"name": "Spectra ERC4626 Wrapper:  Usual Boosted USDC", "symbol": "sw-USUALUSDC+", "decimals": 18}
{"blockNumber":20778895,"chainId":1,"tokenAddress":"0x1b56e30b6efd7cfde46ee3e29b851b9094d5810b"}	{"name": "Spectra ERC4626 Wrapper:  Usual Boosted USDC", "symbol": "sw-USUALUSDC+", "decimals": 18}
{"blockNumber":20883789,"chainId":1,"tokenAddress":"0x1b56e30b6efd7cfde46ee3e29b851b9094d5810b"}	{"name": "Spectra ERC4626 Wrapper:  Usual Boosted USDC", "symbol": "sw-USUALUSDC+", "decimals": 18}
{"blockNumber":20883799,"chainId":1,"tokenAddress":"0x1b56e30b6efd7cfde46ee3e29b851b9094d5810b"}	{"name": "Spectra ERC4626 Wrapper:  Usual Boosted USDC", "symbol": "sw-USUALUSDC+", "decimals": 18}
{"blockNumber":21005520,"chainId":1,"tokenAddress":"0x1b56e30b6efd7cfde46ee3e29b851b9094d5810b"}	{"name": "Spectra ERC4626 Wrapper:  Usual Boosted USDC", "symbol": "sw-USUALUSDC+", "decimals": 18}
{"blockNumber":21005683,"chainId":1,"tokenAddress":"0x1b56e30b6efd7cfde46ee3e29b851b9094d5810b"}	{"name": "Spectra ERC4626 Wrapper:  Usual Boosted USDC", "symbol": "sw-USUALUSDC+", "decimals": 18}
{"blockNumber":20883946,"chainId":1,"tokenAddress":"0x1b56e30b6efd7cfde46ee3e29b851b9094d5810b"}	{"name": "Spectra ERC4626 Wrapper:  Usual Boosted USDC", "symbol": "sw-USUALUSDC+", "decimals": 18}
{"blockNumber":20846047,"chainId":1,"tokenAddress":"0x1b56e30b6efd7cfde46ee3e29b851b9094d5810b"}	{"name": "Spectra ERC4626 Wrapper:  Usual Boosted USDC", "symbol": "sw-USUALUSDC+", "decimals": 18}
{"blockNumber":20994738,"chainId":1,"tokenAddress":"0x1b56e30b6efd7cfde46ee3e29b851b9094d5810b"}	{"name": "Spectra ERC4626 Wrapper:  Usual Boosted USDC", "symbol": "sw-USUALUSDC+", "decimals": 18}
{"blockNumber":21005544,"chainId":1,"tokenAddress":"0x1b56e30b6efd7cfde46ee3e29b851b9094d5810b"}	{"name": "Spectra ERC4626 Wrapper:  Usual Boosted USDC", "symbol": "sw-USUALUSDC+", "decimals": 18}
{"blockNumber":21005503,"chainId":1,"tokenAddress":"0x1b56e30b6efd7cfde46ee3e29b851b9094d5810b"}	{"name": "Spectra ERC4626 Wrapper:  Usual Boosted USDC", "symbol": "sw-USUALUSDC+", "decimals": 18}
{"blockNumber":20776946,"chainId":1,"tokenAddress":"0x1b56e30b6efd7cfde46ee3e29b851b9094d5810b"}	{"name": "Spectra ERC4626 Wrapper:  Usual Boosted USDC", "symbol": "sw-USUALUSDC+", "decimals": 18}
{"blockNumber":20778878,"chainId":1,"tokenAddress":"0x1b56e30b6efd7cfde46ee3e29b851b9094d5810b"}	{"name": "Spectra ERC4626 Wrapper:  Usual Boosted USDC", "symbol": "sw-USUALUSDC+", "decimals": 18}
{"blockNumber":20845926,"chainId":1,"tokenAddress":"0x1b56e30b6efd7cfde46ee3e29b851b9094d5810b"}	{"name": "Spectra ERC4626 Wrapper:  Usual Boosted USDC", "symbol": "sw-USUALUSDC+", "decimals": 18}
{"blockNumber":20994579,"chainId":1,"tokenAddress":"0x1b56e30b6efd7cfde46ee3e29b851b9094d5810b"}	{"name": "Spectra ERC4626 Wrapper:  Usual Boosted USDC", "symbol": "sw-USUALUSDC+", "decimals": 18}
{"blockNumber":20994653,"chainId":1,"tokenAddress":"0x1b56e30b6efd7cfde46ee3e29b851b9094d5810b"}	{"name": "Spectra ERC4626 Wrapper:  Usual Boosted USDC", "symbol": "sw-USUALUSDC+", "decimals": 18}
{"blockNumber":20939936,"chainId":1,"tokenAddress":"0x6e0dccf49d095f8ea8920a8af03d236fa167b7e0"}	{"name": "Spectra ERC4626 Wrapper: ynETH", "symbol": "sw-ynETH", "decimals": 18}
{"blockNumber":20971324,"chainId":1,"tokenAddress":"0x6e0dccf49d095f8ea8920a8af03d236fa167b7e0"}	{"name": "Spectra ERC4626 Wrapper: ynETH", "symbol": "sw-ynETH", "decimals": 18}
{"blockNumber":21020692,"chainId":1,"tokenAddress":"0x6e0dccf49d095f8ea8920a8af03d236fa167b7e0"}	{"name": "Spectra ERC4626 Wrapper: ynETH", "symbol": "sw-ynETH", "decimals": 18}
{"blockNumber":20861094,"chainId":1,"tokenAddress":"0x6e0dccf49d095f8ea8920a8af03d236fa167b7e0"}	{"name": "Spectra ERC4626 Wrapper: ynETH", "symbol": "sw-ynETH", "decimals": 18}
{"blockNumber":20861112,"chainId":1,"tokenAddress":"0x6e0dccf49d095f8ea8920a8af03d236fa167b7e0"}	{"name": "Spectra ERC4626 Wrapper: ynETH", "symbol": "sw-ynETH", "decimals": 18}
{"blockNumber":20970655,"chainId":1,"tokenAddress":"0x6e0dccf49d095f8ea8920a8af03d236fa167b7e0"}	{"name": "Spectra ERC4626 Wrapper: ynETH", "symbol": "sw-ynETH", "decimals": 18}
{"blockNumber":20764412,"chainId":1,"tokenAddress":"0xbdc1d4bbca6429efaaa42c26e80f6a138f9c69d5"}	{"name": "Spectra ERC4626 Wrapper: Gauntlet LRT Core", "symbol": "sw-gtLRTcore", "decimals": 18}
{"blockNumber":20764439,"chainId":1,"tokenAddress":"0xbdc1d4bbca6429efaaa42c26e80f6a138f9c69d5"}	{"name": "Spectra ERC4626 Wrapper: Gauntlet LRT Core", "symbol": "sw-gtLRTcore", "decimals": 18}
{"blockNumber":20764415,"chainId":1,"tokenAddress":"0x37f86e2fb8020fb8dc53236fdae86f9122b56270"}	{"name": "Spectra ERC4626 Wrapper: Gauntlet USDC Core", "symbol": "sw-gtUSDCcore", "decimals": 18}
{"blockNumber":20764430,"chainId":1,"tokenAddress":"0x37f86e2fb8020fb8dc53236fdae86f9122b56270"}	{"name": "Spectra ERC4626 Wrapper: Gauntlet USDC Core", "symbol": "sw-gtUSDCcore", "decimals": 18}
{"blockNumber":21699780,"chainId":1,"tokenAddress":"0x4eafef6149c5b0c3e42ff444f79675b3e3125cb7"}	{"name": "Spectra ERC4626 Wrapper: Resolv Liquidity Provider Token", "symbol": "sw-RLP", "decimals": 18}
{"blockNumber":21699850,"chainId":1,"tokenAddress":"0x4eafef6149c5b0c3e42ff444f79675b3e3125cb7"}	{"name": "Spectra ERC4626 Wrapper: Resolv Liquidity Provider Token", "symbol": "sw-RLP", "decimals": 18}
{"blockNumber":21688729,"chainId":1,"tokenAddress":"0x4eafef6149c5b0c3e42ff444f79675b3e3125cb7"}	{"name": "Spectra ERC4626 Wrapper: Resolv Liquidity Provider Token", "symbol": "sw-RLP", "decimals": 18}
{"blockNumber":21689288,"chainId":1,"tokenAddress":"0x4eafef6149c5b0c3e42ff444f79675b3e3125cb7"}	{"name": "Spectra ERC4626 Wrapper: Resolv Liquidity Provider Token", "symbol": "sw-RLP", "decimals": 18}
{"blockNumber":21689347,"chainId":1,"tokenAddress":"0x4eafef6149c5b0c3e42ff444f79675b3e3125cb7"}	{"name": "Spectra ERC4626 Wrapper: Resolv Liquidity Provider Token", "symbol": "sw-RLP", "decimals": 18}
{"blockNumber":21689399,"chainId":1,"tokenAddress":"0x4eafef6149c5b0c3e42ff444f79675b3e3125cb7"}	{"name": "Spectra ERC4626 Wrapper: Resolv Liquidity Provider Token", "symbol": "sw-RLP", "decimals": 18}
{"blockNumber":21689483,"chainId":1,"tokenAddress":"0x4eafef6149c5b0c3e42ff444f79675b3e3125cb7"}	{"name": "Spectra ERC4626 Wrapper: Resolv Liquidity Provider Token", "symbol": "sw-RLP", "decimals": 18}
{"blockNumber":21689785,"chainId":1,"tokenAddress":"0x4eafef6149c5b0c3e42ff444f79675b3e3125cb7"}	{"name": "Spectra ERC4626 Wrapper: Resolv Liquidity Provider Token", "symbol": "sw-RLP", "decimals": 18}
{"blockNumber":21690433,"chainId":1,"tokenAddress":"0x4eafef6149c5b0c3e42ff444f79675b3e3125cb7"}	{"name": "Spectra ERC4626 Wrapper: Resolv Liquidity Provider Token", "symbol": "sw-RLP", "decimals": 18}
{"blockNumber":21690501,"chainId":1,"tokenAddress":"0x4eafef6149c5b0c3e42ff444f79675b3e3125cb7"}	{"name": "Spectra ERC4626 Wrapper: Resolv Liquidity Provider Token", "symbol": "sw-RLP", "decimals": 18}
{"blockNumber":21690595,"chainId":1,"tokenAddress":"0x4eafef6149c5b0c3e42ff444f79675b3e3125cb7"}	{"name": "Spectra ERC4626 Wrapper: Resolv Liquidity Provider Token", "symbol": "sw-RLP", "decimals": 18}
{"blockNumber":21690600,"chainId":1,"tokenAddress":"0x4eafef6149c5b0c3e42ff444f79675b3e3125cb7"}	{"name": "Spectra ERC4626 Wrapper: Resolv Liquidity Provider Token", "symbol": "sw-RLP", "decimals": 18}
{"blockNumber":21690609,"chainId":1,"tokenAddress":"0x4eafef6149c5b0c3e42ff444f79675b3e3125cb7"}	{"name": "Spectra ERC4626 Wrapper: Resolv Liquidity Provider Token", "symbol": "sw-RLP", "decimals": 18}
{"blockNumber":21690997,"chainId":1,"tokenAddress":"0x4eafef6149c5b0c3e42ff444f79675b3e3125cb7"}	{"name": "Spectra ERC4626 Wrapper: Resolv Liquidity Provider Token", "symbol": "sw-RLP", "decimals": 18}
{"blockNumber":21691255,"chainId":1,"tokenAddress":"0x4eafef6149c5b0c3e42ff444f79675b3e3125cb7"}	{"name": "Spectra ERC4626 Wrapper: Resolv Liquidity Provider Token", "symbol": "sw-RLP", "decimals": 18}
{"blockNumber":21691316,"chainId":1,"tokenAddress":"0x4eafef6149c5b0c3e42ff444f79675b3e3125cb7"}	{"name": "Spectra ERC4626 Wrapper: Resolv Liquidity Provider Token", "symbol": "sw-RLP", "decimals": 18}
{"blockNumber":21691392,"chainId":1,"tokenAddress":"0x4eafef6149c5b0c3e42ff444f79675b3e3125cb7"}	{"name": "Spectra ERC4626 Wrapper: Resolv Liquidity Provider Token", "symbol": "sw-RLP", "decimals": 18}
{"blockNumber":21691442,"chainId":1,"tokenAddress":"0x4eafef6149c5b0c3e42ff444f79675b3e3125cb7"}	{"name": "Spectra ERC4626 Wrapper: Resolv Liquidity Provider Token", "symbol": "sw-RLP", "decimals": 18}
{"blockNumber":21691446,"chainId":1,"tokenAddress":"0x4eafef6149c5b0c3e42ff444f79675b3e3125cb7"}	{"name": "Spectra ERC4626 Wrapper: Resolv Liquidity Provider Token", "symbol": "sw-RLP", "decimals": 18}
{"blockNumber":21691572,"chainId":1,"tokenAddress":"0x4eafef6149c5b0c3e42ff444f79675b3e3125cb7"}	{"name": "Spectra ERC4626 Wrapper: Resolv Liquidity Provider Token", "symbol": "sw-RLP", "decimals": 18}
{"blockNumber":21691860,"chainId":1,"tokenAddress":"0x4eafef6149c5b0c3e42ff444f79675b3e3125cb7"}	{"name": "Spectra ERC4626 Wrapper: Resolv Liquidity Provider Token", "symbol": "sw-RLP", "decimals": 18}
{"blockNumber":21692124,"chainId":1,"tokenAddress":"0x4eafef6149c5b0c3e42ff444f79675b3e3125cb7"}	{"name": "Spectra ERC4626 Wrapper: Resolv Liquidity Provider Token", "symbol": "sw-RLP", "decimals": 18}
{"blockNumber":21692157,"chainId":1,"tokenAddress":"0x4eafef6149c5b0c3e42ff444f79675b3e3125cb7"}	{"name": "Spectra ERC4626 Wrapper: Resolv Liquidity Provider Token", "symbol": "sw-RLP", "decimals": 18}
{"blockNumber":21692231,"chainId":1,"tokenAddress":"0x4eafef6149c5b0c3e42ff444f79675b3e3125cb7"}	{"name": "Spectra ERC4626 Wrapper: Resolv Liquidity Provider Token", "symbol": "sw-RLP", "decimals": 18}
{"blockNumber":21692249,"chainId":1,"tokenAddress":"0x4eafef6149c5b0c3e42ff444f79675b3e3125cb7"}	{"name": "Spectra ERC4626 Wrapper: Resolv Liquidity Provider Token", "symbol": "sw-RLP", "decimals": 18}
{"blockNumber":21692337,"chainId":1,"tokenAddress":"0x4eafef6149c5b0c3e42ff444f79675b3e3125cb7"}	{"name": "Spectra ERC4626 Wrapper: Resolv Liquidity Provider Token", "symbol": "sw-RLP", "decimals": 18}
{"blockNumber":21692344,"chainId":1,"tokenAddress":"0x4eafef6149c5b0c3e42ff444f79675b3e3125cb7"}	{"name": "Spectra ERC4626 Wrapper: Resolv Liquidity Provider Token", "symbol": "sw-RLP", "decimals": 18}
{"blockNumber":21692437,"chainId":1,"tokenAddress":"0x4eafef6149c5b0c3e42ff444f79675b3e3125cb7"}	{"name": "Spectra ERC4626 Wrapper: Resolv Liquidity Provider Token", "symbol": "sw-RLP", "decimals": 18}
{"blockNumber":21692667,"chainId":1,"tokenAddress":"0x4eafef6149c5b0c3e42ff444f79675b3e3125cb7"}	{"name": "Spectra ERC4626 Wrapper: Resolv Liquidity Provider Token", "symbol": "sw-RLP", "decimals": 18}
{"blockNumber":21692833,"chainId":1,"tokenAddress":"0x4eafef6149c5b0c3e42ff444f79675b3e3125cb7"}	{"name": "Spectra ERC4626 Wrapper: Resolv Liquidity Provider Token", "symbol": "sw-RLP", "decimals": 18}
{"blockNumber":21692912,"chainId":1,"tokenAddress":"0x4eafef6149c5b0c3e42ff444f79675b3e3125cb7"}	{"name": "Spectra ERC4626 Wrapper: Resolv Liquidity Provider Token", "symbol": "sw-RLP", "decimals": 18}
{"blockNumber":21692924,"chainId":1,"tokenAddress":"0x4eafef6149c5b0c3e42ff444f79675b3e3125cb7"}	{"name": "Spectra ERC4626 Wrapper: Resolv Liquidity Provider Token", "symbol": "sw-RLP", "decimals": 18}
{"blockNumber":21693037,"chainId":1,"tokenAddress":"0x4eafef6149c5b0c3e42ff444f79675b3e3125cb7"}	{"name": "Spectra ERC4626 Wrapper: Resolv Liquidity Provider Token", "symbol": "sw-RLP", "decimals": 18}
{"blockNumber":21693075,"chainId":1,"tokenAddress":"0x4eafef6149c5b0c3e42ff444f79675b3e3125cb7"}	{"name": "Spectra ERC4626 Wrapper: Resolv Liquidity Provider Token", "symbol": "sw-RLP", "decimals": 18}
{"blockNumber":21693525,"chainId":1,"tokenAddress":"0x4eafef6149c5b0c3e42ff444f79675b3e3125cb7"}	{"name": "Spectra ERC4626 Wrapper: Resolv Liquidity Provider Token", "symbol": "sw-RLP", "decimals": 18}
{"blockNumber":21693921,"chainId":1,"tokenAddress":"0x4eafef6149c5b0c3e42ff444f79675b3e3125cb7"}	{"name": "Spectra ERC4626 Wrapper: Resolv Liquidity Provider Token", "symbol": "sw-RLP", "decimals": 18}
{"blockNumber":21694094,"chainId":1,"tokenAddress":"0x4eafef6149c5b0c3e42ff444f79675b3e3125cb7"}	{"name": "Spectra ERC4626 Wrapper: Resolv Liquidity Provider Token", "symbol": "sw-RLP", "decimals": 18}
{"blockNumber":21694670,"chainId":1,"tokenAddress":"0x4eafef6149c5b0c3e42ff444f79675b3e3125cb7"}	{"name": "Spectra ERC4626 Wrapper: Resolv Liquidity Provider Token", "symbol": "sw-RLP", "decimals": 18}
{"blockNumber":21694715,"chainId":1,"tokenAddress":"0x4eafef6149c5b0c3e42ff444f79675b3e3125cb7"}	{"name": "Spectra ERC4626 Wrapper: Resolv Liquidity Provider Token", "symbol": "sw-RLP", "decimals": 18}
{"blockNumber":21695353,"chainId":1,"tokenAddress":"0x4eafef6149c5b0c3e42ff444f79675b3e3125cb7"}	{"name": "Spectra ERC4626 Wrapper: Resolv Liquidity Provider Token", "symbol": "sw-RLP", "decimals": 18}
{"blockNumber":21695506,"chainId":1,"tokenAddress":"0x4eafef6149c5b0c3e42ff444f79675b3e3125cb7"}	{"name": "Spectra ERC4626 Wrapper: Resolv Liquidity Provider Token", "symbol": "sw-RLP", "decimals": 18}
{"blockNumber":21695745,"chainId":1,"tokenAddress":"0x4eafef6149c5b0c3e42ff444f79675b3e3125cb7"}	{"name": "Spectra ERC4626 Wrapper: Resolv Liquidity Provider Token", "symbol": "sw-RLP", "decimals": 18}
{"blockNumber":21695767,"chainId":1,"tokenAddress":"0x4eafef6149c5b0c3e42ff444f79675b3e3125cb7"}	{"name": "Spectra ERC4626 Wrapper: Resolv Liquidity Provider Token", "symbol": "sw-RLP", "decimals": 18}
{"blockNumber":21695784,"chainId":1,"tokenAddress":"0x4eafef6149c5b0c3e42ff444f79675b3e3125cb7"}	{"name": "Spectra ERC4626 Wrapper: Resolv Liquidity Provider Token", "symbol": "sw-RLP", "decimals": 18}
{"blockNumber":21695830,"chainId":1,"tokenAddress":"0x4eafef6149c5b0c3e42ff444f79675b3e3125cb7"}	{"name": "Spectra ERC4626 Wrapper: Resolv Liquidity Provider Token", "symbol": "sw-RLP", "decimals": 18}
{"blockNumber":21695865,"chainId":1,"tokenAddress":"0x4eafef6149c5b0c3e42ff444f79675b3e3125cb7"}	{"name": "Spectra ERC4626 Wrapper: Resolv Liquidity Provider Token", "symbol": "sw-RLP", "decimals": 18}
{"blockNumber":21695905,"chainId":1,"tokenAddress":"0x4eafef6149c5b0c3e42ff444f79675b3e3125cb7"}	{"name": "Spectra ERC4626 Wrapper: Resolv Liquidity Provider Token", "symbol": "sw-RLP", "decimals": 18}
{"blockNumber":21695974,"chainId":1,"tokenAddress":"0x4eafef6149c5b0c3e42ff444f79675b3e3125cb7"}	{"name": "Spectra ERC4626 Wrapper: Resolv Liquidity Provider Token", "symbol": "sw-RLP", "decimals": 18}
{"blockNumber":21695985,"chainId":1,"tokenAddress":"0x4eafef6149c5b0c3e42ff444f79675b3e3125cb7"}	{"name": "Spectra ERC4626 Wrapper: Resolv Liquidity Provider Token", "symbol": "sw-RLP", "decimals": 18}
{"blockNumber":21696017,"chainId":1,"tokenAddress":"0x4eafef6149c5b0c3e42ff444f79675b3e3125cb7"}	{"name": "Spectra ERC4626 Wrapper: Resolv Liquidity Provider Token", "symbol": "sw-RLP", "decimals": 18}
{"blockNumber":21696316,"chainId":1,"tokenAddress":"0x4eafef6149c5b0c3e42ff444f79675b3e3125cb7"}	{"name": "Spectra ERC4626 Wrapper: Resolv Liquidity Provider Token", "symbol": "sw-RLP", "decimals": 18}
{"blockNumber":21696324,"chainId":1,"tokenAddress":"0x4eafef6149c5b0c3e42ff444f79675b3e3125cb7"}	{"name": "Spectra ERC4626 Wrapper: Resolv Liquidity Provider Token", "symbol": "sw-RLP", "decimals": 18}
{"blockNumber":21696335,"chainId":1,"tokenAddress":"0x4eafef6149c5b0c3e42ff444f79675b3e3125cb7"}	{"name": "Spectra ERC4626 Wrapper: Resolv Liquidity Provider Token", "symbol": "sw-RLP", "decimals": 18}
{"blockNumber":21696973,"chainId":1,"tokenAddress":"0x4eafef6149c5b0c3e42ff444f79675b3e3125cb7"}	{"name": "Spectra ERC4626 Wrapper: Resolv Liquidity Provider Token", "symbol": "sw-RLP", "decimals": 18}
{"blockNumber":21698484,"chainId":1,"tokenAddress":"0x4eafef6149c5b0c3e42ff444f79675b3e3125cb7"}	{"name": "Spectra ERC4626 Wrapper: Resolv Liquidity Provider Token", "symbol": "sw-RLP", "decimals": 18}
{"blockNumber":21698752,"chainId":1,"tokenAddress":"0x4eafef6149c5b0c3e42ff444f79675b3e3125cb7"}	{"name": "Spectra ERC4626 Wrapper: Resolv Liquidity Provider Token", "symbol": "sw-RLP", "decimals": 18}
{"blockNumber":21699299,"chainId":1,"tokenAddress":"0x4eafef6149c5b0c3e42ff444f79675b3e3125cb7"}	{"name": "Spectra ERC4626 Wrapper: Resolv Liquidity Provider Token", "symbol": "sw-RLP", "decimals": 18}
{"blockNumber":21699483,"chainId":1,"tokenAddress":"0x4eafef6149c5b0c3e42ff444f79675b3e3125cb7"}	{"name": "Spectra ERC4626 Wrapper: Resolv Liquidity Provider Token", "symbol": "sw-RLP", "decimals": 18}
{"blockNumber":21699512,"chainId":1,"tokenAddress":"0x4eafef6149c5b0c3e42ff444f79675b3e3125cb7"}	{"name": "Spectra ERC4626 Wrapper: Resolv Liquidity Provider Token", "symbol": "sw-RLP", "decimals": 18}
{"blockNumber":21699708,"chainId":1,"tokenAddress":"0x4eafef6149c5b0c3e42ff444f79675b3e3125cb7"}	{"name": "Spectra ERC4626 Wrapper: Resolv Liquidity Provider Token", "symbol": "sw-RLP", "decimals": 18}
{"blockNumber":21699877,"chainId":1,"tokenAddress":"0x4eafef6149c5b0c3e42ff444f79675b3e3125cb7"}	{"name": "Spectra ERC4626 Wrapper: Resolv Liquidity Provider Token", "symbol": "sw-RLP", "decimals": 18}
{"blockNumber":21691622,"chainId":1,"tokenAddress":"0x4eafef6149c5b0c3e42ff444f79675b3e3125cb7"}	{"name": "Spectra ERC4626 Wrapper: Resolv Liquidity Provider Token", "symbol": "sw-RLP", "decimals": 18}
{"blockNumber":21693341,"chainId":1,"tokenAddress":"0x4eafef6149c5b0c3e42ff444f79675b3e3125cb7"}	{"name": "Spectra ERC4626 Wrapper: Resolv Liquidity Provider Token", "symbol": "sw-RLP", "decimals": 18}
{"blockNumber":21694451,"chainId":1,"tokenAddress":"0x4eafef6149c5b0c3e42ff444f79675b3e3125cb7"}	{"name": "Spectra ERC4626 Wrapper: Resolv Liquidity Provider Token", "symbol": "sw-RLP", "decimals": 18}
{"blockNumber":21696605,"chainId":1,"tokenAddress":"0x4eafef6149c5b0c3e42ff444f79675b3e3125cb7"}	{"name": "Spectra ERC4626 Wrapper: Resolv Liquidity Provider Token", "symbol": "sw-RLP", "decimals": 18}
{"blockNumber":21696761,"chainId":1,"tokenAddress":"0x4eafef6149c5b0c3e42ff444f79675b3e3125cb7"}	{"name": "Spectra ERC4626 Wrapper: Resolv Liquidity Provider Token", "symbol": "sw-RLP", "decimals": 18}
{"blockNumber":21698247,"chainId":1,"tokenAddress":"0x4eafef6149c5b0c3e42ff444f79675b3e3125cb7"}	{"name": "Spectra ERC4626 Wrapper: Resolv Liquidity Provider Token", "symbol": "sw-RLP", "decimals": 18}
{"blockNumber":21698482,"chainId":1,"tokenAddress":"0x4eafef6149c5b0c3e42ff444f79675b3e3125cb7"}	{"name": "Spectra ERC4626 Wrapper: Resolv Liquidity Provider Token", "symbol": "sw-RLP", "decimals": 18}
{"blockNumber":21691089,"chainId":1,"tokenAddress":"0x4eafef6149c5b0c3e42ff444f79675b3e3125cb7"}	{"name": "Spectra ERC4626 Wrapper: Resolv Liquidity Provider Token", "symbol": "sw-RLP", "decimals": 18}
{"blockNumber":21693698,"chainId":1,"tokenAddress":"0x4eafef6149c5b0c3e42ff444f79675b3e3125cb7"}	{"name": "Spectra ERC4626 Wrapper: Resolv Liquidity Provider Token", "symbol": "sw-RLP", "decimals": 18}
{"blockNumber":21691543,"chainId":1,"tokenAddress":"0x4eafef6149c5b0c3e42ff444f79675b3e3125cb7"}	{"name": "Spectra ERC4626 Wrapper: Resolv Liquidity Provider Token", "symbol": "sw-RLP", "decimals": 18}
{"blockNumber":21691969,"chainId":1,"tokenAddress":"0x4eafef6149c5b0c3e42ff444f79675b3e3125cb7"}	{"name": "Spectra ERC4626 Wrapper: Resolv Liquidity Provider Token", "symbol": "sw-RLP", "decimals": 18}
{"blockNumber":21699840,"chainId":1,"tokenAddress":"0x4eafef6149c5b0c3e42ff444f79675b3e3125cb7"}	{"name": "Spectra ERC4626 Wrapper: Resolv Liquidity Provider Token", "symbol": "sw-RLP", "decimals": 18}
{"blockNumber":21699762,"chainId":1,"tokenAddress":"0x4eafef6149c5b0c3e42ff444f79675b3e3125cb7"}	{"name": "Spectra ERC4626 Wrapper: Resolv Liquidity Provider Token", "symbol": "sw-RLP", "decimals": 18}
{"blockNumber":21699771,"chainId":1,"tokenAddress":"0x4eafef6149c5b0c3e42ff444f79675b3e3125cb7"}	{"name": "Spectra ERC4626 Wrapper: Resolv Liquidity Provider Token", "symbol": "sw-RLP", "decimals": 18}
{"blockNumber":21693310,"chainId":1,"tokenAddress":"0x4eafef6149c5b0c3e42ff444f79675b3e3125cb7"}	{"name": "Spectra ERC4626 Wrapper: Resolv Liquidity Provider Token", "symbol": "sw-RLP", "decimals": 18}
{"blockNumber":21694389,"chainId":1,"tokenAddress":"0x4eafef6149c5b0c3e42ff444f79675b3e3125cb7"}	{"name": "Spectra ERC4626 Wrapper: Resolv Liquidity Provider Token", "symbol": "sw-RLP", "decimals": 18}
{"blockNumber":21696567,"chainId":1,"tokenAddress":"0x4eafef6149c5b0c3e42ff444f79675b3e3125cb7"}	{"name": "Spectra ERC4626 Wrapper: Resolv Liquidity Provider Token", "symbol": "sw-RLP", "decimals": 18}
{"blockNumber":21696591,"chainId":1,"tokenAddress":"0x4eafef6149c5b0c3e42ff444f79675b3e3125cb7"}	{"name": "Spectra ERC4626 Wrapper: Resolv Liquidity Provider Token", "symbol": "sw-RLP", "decimals": 18}
{"blockNumber":21696744,"chainId":1,"tokenAddress":"0x4eafef6149c5b0c3e42ff444f79675b3e3125cb7"}	{"name": "Spectra ERC4626 Wrapper: Resolv Liquidity Provider Token", "symbol": "sw-RLP", "decimals": 18}
{"blockNumber":21698237,"chainId":1,"tokenAddress":"0x4eafef6149c5b0c3e42ff444f79675b3e3125cb7"}	{"name": "Spectra ERC4626 Wrapper: Resolv Liquidity Provider Token", "symbol": "sw-RLP", "decimals": 18}
{"blockNumber":21698454,"chainId":1,"tokenAddress":"0x4eafef6149c5b0c3e42ff444f79675b3e3125cb7"}	{"name": "Spectra ERC4626 Wrapper: Resolv Liquidity Provider Token", "symbol": "sw-RLP", "decimals": 18}
{"blockNumber":21691100,"chainId":1,"tokenAddress":"0x4eafef6149c5b0c3e42ff444f79675b3e3125cb7"}	{"name": "Spectra ERC4626 Wrapper: Resolv Liquidity Provider Token", "symbol": "sw-RLP", "decimals": 18}
{"blockNumber":21693705,"chainId":1,"tokenAddress":"0x4eafef6149c5b0c3e42ff444f79675b3e3125cb7"}	{"name": "Spectra ERC4626 Wrapper: Resolv Liquidity Provider Token", "symbol": "sw-RLP", "decimals": 18}
{"blockNumber":21687790,"chainId":1,"tokenAddress":"0x4eafef6149c5b0c3e42ff444f79675b3e3125cb7"}	{"name": "Spectra ERC4626 Wrapper: Resolv Liquidity Provider Token", "symbol": "sw-RLP", "decimals": 18}
{"blockNumber":21691974,"chainId":1,"tokenAddress":"0x4eafef6149c5b0c3e42ff444f79675b3e3125cb7"}	{"name": "Spectra ERC4626 Wrapper: Resolv Liquidity Provider Token", "symbol": "sw-RLP", "decimals": 18}
{"blockNumber":21699854,"chainId":1,"tokenAddress":"0x4eafef6149c5b0c3e42ff444f79675b3e3125cb7"}	{"name": "Spectra ERC4626 Wrapper: Resolv Liquidity Provider Token", "symbol": "sw-RLP", "decimals": 18}
{"blockNumber":21690368,"chainId":1,"tokenAddress":"0x4427855b3d9d0a3e931cd6bbdbe4e0f74d47ebb0"}	{"name": "Spectra ERC4626 Wrapper: Coinshift USDL", "symbol": "sw-csUSDL", "decimals": 18}
{"blockNumber":21690443,"chainId":1,"tokenAddress":"0x4427855b3d9d0a3e931cd6bbdbe4e0f74d47ebb0"}	{"name": "Spectra ERC4626 Wrapper: Coinshift USDL", "symbol": "sw-csUSDL", "decimals": 18}
{"blockNumber":21690474,"chainId":1,"tokenAddress":"0x4427855b3d9d0a3e931cd6bbdbe4e0f74d47ebb0"}	{"name": "Spectra ERC4626 Wrapper: Coinshift USDL", "symbol": "sw-csUSDL", "decimals": 18}
{"blockNumber":21688209,"chainId":1,"tokenAddress":"0x4427855b3d9d0a3e931cd6bbdbe4e0f74d47ebb0"}	{"name": "Spectra ERC4626 Wrapper: Coinshift USDL", "symbol": "sw-csUSDL", "decimals": 18}
{"blockNumber":21688215,"chainId":1,"tokenAddress":"0x4427855b3d9d0a3e931cd6bbdbe4e0f74d47ebb0"}	{"name": "Spectra ERC4626 Wrapper: Coinshift USDL", "symbol": "sw-csUSDL", "decimals": 18}
{"blockNumber":22031244,"chainId":1,"tokenAddress":"0xa54a3f9e33ca1473477f05a94123d117aaa6002a"}	{"name": "Spectra ERC4626 Wrapper: Inception Symbiotic Restaked wstETH", "symbol": "sw-inwstETHs", "decimals": 18}
{"blockNumber":22031233,"chainId":1,"tokenAddress":"0xa54a3f9e33ca1473477f05a94123d117aaa6002a"}	{"name": "Spectra ERC4626 Wrapper: Inception Symbiotic Restaked wstETH", "symbol": "sw-inwstETHs", "decimals": 18}
{"blockNumber":22031192,"chainId":1,"tokenAddress":"0xa54a3f9e33ca1473477f05a94123d117aaa6002a"}	{"name": "Spectra ERC4626 Wrapper: Inception Symbiotic Restaked wstETH", "symbol": "sw-inwstETHs", "decimals": 18}
{"blockNumber":22031209,"chainId":1,"tokenAddress":"0xa54a3f9e33ca1473477f05a94123d117aaa6002a"}	{"name": "Spectra ERC4626 Wrapper: Inception Symbiotic Restaked wstETH", "symbol": "sw-inwstETHs", "decimals": 18}
{"blockNumber":22919225,"chainId":1,"tokenAddress":"0xcbe00e807e49df75aa4d4557eba083a34cc149de"}	{"name": "Spectra ERC4626 Wrapper: Staked Stream USD", "symbol": "sw-xUSD", "decimals": 6}
{"blockNumber":22898270,"chainId":1,"tokenAddress":"0xcbe00e807e49df75aa4d4557eba083a34cc149de"}	{"name": "Spectra ERC4626 Wrapper: Staked Stream USD", "symbol": "sw-xUSD", "decimals": 6}
{"blockNumber":22905736,"chainId":1,"tokenAddress":"0xcbe00e807e49df75aa4d4557eba083a34cc149de"}	{"name": "Spectra ERC4626 Wrapper: Staked Stream USD", "symbol": "sw-xUSD", "decimals": 6}
{"blockNumber":22913618,"chainId":1,"tokenAddress":"0xcbe00e807e49df75aa4d4557eba083a34cc149de"}	{"name": "Spectra ERC4626 Wrapper: Staked Stream USD", "symbol": "sw-xUSD", "decimals": 6}
{"blockNumber":22953283,"chainId":1,"tokenAddress":"0xcbe00e807e49df75aa4d4557eba083a34cc149de"}	{"name": "Spectra ERC4626 Wrapper: Staked Stream USD", "symbol": "sw-xUSD", "decimals": 6}
{"blockNumber":22969664,"chainId":1,"tokenAddress":"0xcbe00e807e49df75aa4d4557eba083a34cc149de"}	{"name": "Spectra ERC4626 Wrapper: Staked Stream USD", "symbol": "sw-xUSD", "decimals": 6}
{"blockNumber":22892948,"chainId":1,"tokenAddress":"0xcbe00e807e49df75aa4d4557eba083a34cc149de"}	{"name": "Spectra ERC4626 Wrapper: Staked Stream USD", "symbol": "sw-xUSD", "decimals": 6}
{"blockNumber":22905590,"chainId":1,"tokenAddress":"0xcbe00e807e49df75aa4d4557eba083a34cc149de"}	{"name": "Spectra ERC4626 Wrapper: Staked Stream USD", "symbol": "sw-xUSD", "decimals": 6}
{"blockNumber":22913600,"chainId":1,"tokenAddress":"0xcbe00e807e49df75aa4d4557eba083a34cc149de"}	{"name": "Spectra ERC4626 Wrapper: Staked Stream USD", "symbol": "sw-xUSD", "decimals": 6}
{"blockNumber":22953270,"chainId":1,"tokenAddress":"0xcbe00e807e49df75aa4d4557eba083a34cc149de"}	{"name": "Spectra ERC4626 Wrapper: Staked Stream USD", "symbol": "sw-xUSD", "decimals": 6}
{"blockNumber":22969654,"chainId":1,"tokenAddress":"0xcbe00e807e49df75aa4d4557eba083a34cc149de"}	{"name": "Spectra ERC4626 Wrapper: Staked Stream USD", "symbol": "sw-xUSD", "decimals": 6}
{"blockNumber":22892927,"chainId":1,"tokenAddress":"0xcbe00e807e49df75aa4d4557eba083a34cc149de"}	{"name": "Spectra ERC4626 Wrapper: Staked Stream USD", "symbol": "sw-xUSD", "decimals": 6}
{"blockNumber":22898254,"chainId":1,"tokenAddress":"0xcbe00e807e49df75aa4d4557eba083a34cc149de"}	{"name": "Spectra ERC4626 Wrapper: Staked Stream USD", "symbol": "sw-xUSD", "decimals": 6}
{"blockNumber":22898265,"chainId":1,"tokenAddress":"0xcbe00e807e49df75aa4d4557eba083a34cc149de"}	{"name": "Spectra ERC4626 Wrapper: Staked Stream USD", "symbol": "sw-xUSD", "decimals": 6}
{"blockNumber":22944879,"chainId":1,"tokenAddress":"0xcbe00e807e49df75aa4d4557eba083a34cc149de"}	{"name": "Spectra ERC4626 Wrapper: Staked Stream USD", "symbol": "sw-xUSD", "decimals": 6}
{"blockNumber":22945397,"chainId":1,"tokenAddress":"0xbeefc011e94f43b8b7b455ebab290c7ab4e216f1"}	{"name": "Coinshift USDL", "symbol": "csUSDL", "decimals": 18}
{"blockNumber":22945397,"chainId":1,"tokenAddress":"0x7751E2F4b8ae93EF6B79d86419d42FE3295A4559"}	{"name": "Wrapped USDL", "symbol": "wUSDL", "decimals": 18}
{"blockNumber":20451370,"chainId":1,"tokenAddress":"0x248f43b622ce2f35a14db3fc528284730b619cd5"}	{"name": "Spectra ERC4626 Wrapper: Universal ETH", "symbol": "sw-uniETH", "decimals": 18}
{"blockNumber":20524472,"chainId":1,"tokenAddress":"0x248f43b622ce2f35a14db3fc528284730b619cd5"}	{"name": "Spectra ERC4626 Wrapper: Universal ETH", "symbol": "sw-uniETH", "decimals": 18}
{"blockNumber":20578382,"chainId":1,"tokenAddress":"0x248f43b622ce2f35a14db3fc528284730b619cd5"}	{"name": "Spectra ERC4626 Wrapper: Universal ETH", "symbol": "sw-uniETH", "decimals": 18}
{"blockNumber":20588878,"chainId":1,"tokenAddress":"0x248f43b622ce2f35a14db3fc528284730b619cd5"}	{"name": "Spectra ERC4626 Wrapper: Universal ETH", "symbol": "sw-uniETH", "decimals": 18}
{"blockNumber":20590090,"chainId":1,"tokenAddress":"0x248f43b622ce2f35a14db3fc528284730b619cd5"}	{"name": "Spectra ERC4626 Wrapper: Universal ETH", "symbol": "sw-uniETH", "decimals": 18}
{"blockNumber":20428471,"chainId":1,"tokenAddress":"0xeab93ec2a82eb235a1f426accd9254f2ab32a99d"}	{"name": "Spectra ERC4626 Wrapper: Amphor Symbiotic LRT (WSTETH)", "symbol": "sw-amphrLRT", "decimals": 18}
{"blockNumber":20437279,"chainId":1,"tokenAddress":"0xeab93ec2a82eb235a1f426accd9254f2ab32a99d"}	{"name": "Spectra ERC4626 Wrapper: Amphor Symbiotic LRT (WSTETH)", "symbol": "sw-amphrLRT", "decimals": 18}
{"blockNumber":20437606,"chainId":1,"tokenAddress":"0xeab93ec2a82eb235a1f426accd9254f2ab32a99d"}	{"name": "Spectra ERC4626 Wrapper: Amphor Symbiotic LRT (WSTETH)", "symbol": "sw-amphrLRT", "decimals": 18}
{"blockNumber":20446985,"chainId":1,"tokenAddress":"0xeab93ec2a82eb235a1f426accd9254f2ab32a99d"}	{"name": "Spectra ERC4626 Wrapper: Amphor Symbiotic LRT (WSTETH)", "symbol": "sw-amphrLRT", "decimals": 18}
{"blockNumber":20573373,"chainId":1,"tokenAddress":"0xeab93ec2a82eb235a1f426accd9254f2ab32a99d"}	{"name": "Spectra ERC4626 Wrapper: Amphor Symbiotic LRT (WSTETH)", "symbol": "sw-amphrLRT", "decimals": 18}
{"blockNumber":20570928,"chainId":1,"tokenAddress":"0xeab93ec2a82eb235a1f426accd9254f2ab32a99d"}	{"name": "Spectra ERC4626 Wrapper: Amphor Symbiotic LRT (WSTETH)", "symbol": "sw-amphrLRT", "decimals": 18}
{"blockNumber":20421172,"chainId":1,"tokenAddress":"0xeab93ec2a82eb235a1f426accd9254f2ab32a99d"}	{"name": "Spectra ERC4626 Wrapper: Amphor Symbiotic LRT (WSTETH)", "symbol": "sw-amphrLRT", "decimals": 18}
{"blockNumber":20440197,"chainId":1,"tokenAddress":"0xeab93ec2a82eb235a1f426accd9254f2ab32a99d"}	{"name": "Spectra ERC4626 Wrapper: Amphor Symbiotic LRT (WSTETH)", "symbol": "sw-amphrLRT", "decimals": 18}
{"blockNumber":20440332,"chainId":1,"tokenAddress":"0xeab93ec2a82eb235a1f426accd9254f2ab32a99d"}	{"name": "Spectra ERC4626 Wrapper: Amphor Symbiotic LRT (WSTETH)", "symbol": "sw-amphrLRT", "decimals": 18}
{"blockNumber":20437575,"chainId":1,"tokenAddress":"0xeab93ec2a82eb235a1f426accd9254f2ab32a99d"}	{"name": "Spectra ERC4626 Wrapper: Amphor Symbiotic LRT (WSTETH)", "symbol": "sw-amphrLRT", "decimals": 18}
{"blockNumber":21045021,"chainId":1,"tokenAddress":"0x1b56e30b6efd7cfde46ee3e29b851b9094d5810b"}	{"name": "Spectra ERC4626 Wrapper:  Usual Boosted USDC", "symbol": "sw-USUALUSDC+", "decimals": 18}
{"blockNumber":21175685,"chainId":1,"tokenAddress":"0x1b56e30b6efd7cfde46ee3e29b851b9094d5810b"}	{"name": "Spectra ERC4626 Wrapper:  Usual Boosted USDC", "symbol": "sw-USUALUSDC+", "decimals": 18}
{"blockNumber":21084583,"chainId":1,"tokenAddress":"0x1b56e30b6efd7cfde46ee3e29b851b9094d5810b"}	{"name": "Spectra ERC4626 Wrapper:  Usual Boosted USDC", "symbol": "sw-USUALUSDC+", "decimals": 18}
{"blockNumber":21184168,"chainId":1,"tokenAddress":"0x1b56e30b6efd7cfde46ee3e29b851b9094d5810b"}	{"name": "Spectra ERC4626 Wrapper:  Usual Boosted USDC", "symbol": "sw-USUALUSDC+", "decimals": 18}
{"blockNumber":21192319,"chainId":1,"tokenAddress":"0x1b56e30b6efd7cfde46ee3e29b851b9094d5810b"}	{"name": "Spectra ERC4626 Wrapper:  Usual Boosted USDC", "symbol": "sw-USUALUSDC+", "decimals": 18}
{"blockNumber":21199994,"chainId":1,"tokenAddress":"0x1b56e30b6efd7cfde46ee3e29b851b9094d5810b"}	{"name": "Spectra ERC4626 Wrapper:  Usual Boosted USDC", "symbol": "sw-USUALUSDC+", "decimals": 18}
{"blockNumber":21206386,"chainId":1,"tokenAddress":"0x1b56e30b6efd7cfde46ee3e29b851b9094d5810b"}	{"name": "Spectra ERC4626 Wrapper:  Usual Boosted USDC", "symbol": "sw-USUALUSDC+", "decimals": 18}
{"blockNumber":21206858,"chainId":1,"tokenAddress":"0x1b56e30b6efd7cfde46ee3e29b851b9094d5810b"}	{"name": "Spectra ERC4626 Wrapper:  Usual Boosted USDC", "symbol": "sw-USUALUSDC+", "decimals": 18}
{"blockNumber":21084626,"chainId":1,"tokenAddress":"0x1b56e30b6efd7cfde46ee3e29b851b9094d5810b"}	{"name": "Spectra ERC4626 Wrapper:  Usual Boosted USDC", "symbol": "sw-USUALUSDC+", "decimals": 18}
{"blockNumber":21084721,"chainId":1,"tokenAddress":"0x1b56e30b6efd7cfde46ee3e29b851b9094d5810b"}	{"name": "Spectra ERC4626 Wrapper:  Usual Boosted USDC", "symbol": "sw-USUALUSDC+", "decimals": 18}
{"blockNumber":21206873,"chainId":1,"tokenAddress":"0x1b56e30b6efd7cfde46ee3e29b851b9094d5810b"}	{"name": "Spectra ERC4626 Wrapper:  Usual Boosted USDC", "symbol": "sw-USUALUSDC+", "decimals": 18}
{"blockNumber":21084635,"chainId":1,"tokenAddress":"0x1b56e30b6efd7cfde46ee3e29b851b9094d5810b"}	{"name": "Spectra ERC4626 Wrapper:  Usual Boosted USDC", "symbol": "sw-USUALUSDC+", "decimals": 18}
{"blockNumber":21084728,"chainId":1,"tokenAddress":"0x1b56e30b6efd7cfde46ee3e29b851b9094d5810b"}	{"name": "Spectra ERC4626 Wrapper:  Usual Boosted USDC", "symbol": "sw-USUALUSDC+", "decimals": 18}
{"blockNumber":21186215,"chainId":1,"tokenAddress":"0x1b56e30b6efd7cfde46ee3e29b851b9094d5810b"}	{"name": "Spectra ERC4626 Wrapper:  Usual Boosted USDC", "symbol": "sw-USUALUSDC+", "decimals": 18}
{"blockNumber":21206381,"chainId":1,"tokenAddress":"0x1b56e30b6efd7cfde46ee3e29b851b9094d5810b"}	{"name": "Spectra ERC4626 Wrapper:  Usual Boosted USDC", "symbol": "sw-USUALUSDC+", "decimals": 18}
{"blockNumber":21206882,"chainId":1,"tokenAddress":"0x1b56e30b6efd7cfde46ee3e29b851b9094d5810b"}	{"name": "Spectra ERC4626 Wrapper:  Usual Boosted USDC", "symbol": "sw-USUALUSDC+", "decimals": 18}
{"blockNumber":21200038,"chainId":1,"tokenAddress":"0x1b56e30b6efd7cfde46ee3e29b851b9094d5810b"}	{"name": "Spectra ERC4626 Wrapper:  Usual Boosted USDC", "symbol": "sw-USUALUSDC+", "decimals": 18}
{"blockNumber":21209637,"chainId":1,"tokenAddress":"0x1b56e30b6efd7cfde46ee3e29b851b9094d5810b"}	{"name": "Spectra ERC4626 Wrapper:  Usual Boosted USDC", "symbol": "sw-USUALUSDC+", "decimals": 18}
{"blockNumber":21209603,"chainId":1,"tokenAddress":"0x1b56e30b6efd7cfde46ee3e29b851b9094d5810b"}	{"name": "Spectra ERC4626 Wrapper:  Usual Boosted USDC", "symbol": "sw-USUALUSDC+", "decimals": 18}
{"blockNumber":21184178,"chainId":1,"tokenAddress":"0x1b56e30b6efd7cfde46ee3e29b851b9094d5810b"}	{"name": "Spectra ERC4626 Wrapper:  Usual Boosted USDC", "symbol": "sw-USUALUSDC+", "decimals": 18}
{"blockNumber":21195794,"chainId":1,"tokenAddress":"0x1b56e30b6efd7cfde46ee3e29b851b9094d5810b"}	{"name": "Spectra ERC4626 Wrapper:  Usual Boosted USDC", "symbol": "sw-USUALUSDC+", "decimals": 18}
{"blockNumber":21192345,"chainId":1,"tokenAddress":"0x1b56e30b6efd7cfde46ee3e29b851b9094d5810b"}	{"name": "Spectra ERC4626 Wrapper:  Usual Boosted USDC", "symbol": "sw-USUALUSDC+", "decimals": 18}
{"blockNumber":21222871,"chainId":1,"tokenAddress":"0x1b56e30b6efd7cfde46ee3e29b851b9094d5810b"}	{"name": "Spectra ERC4626 Wrapper:  Usual Boosted USDC", "symbol": "sw-USUALUSDC+", "decimals": 18}
{"blockNumber":21182367,"chainId":1,"tokenAddress":"0x1b56e30b6efd7cfde46ee3e29b851b9094d5810b"}	{"name": "Spectra ERC4626 Wrapper:  Usual Boosted USDC", "symbol": "sw-USUALUSDC+", "decimals": 18}
{"blockNumber":21194329,"chainId":1,"tokenAddress":"0x1b56e30b6efd7cfde46ee3e29b851b9094d5810b"}	{"name": "Spectra ERC4626 Wrapper:  Usual Boosted USDC", "symbol": "sw-USUALUSDC+", "decimals": 18}
{"blockNumber":21177792,"chainId":1,"tokenAddress":"0x1b56e30b6efd7cfde46ee3e29b851b9094d5810b"}	{"name": "Spectra ERC4626 Wrapper:  Usual Boosted USDC", "symbol": "sw-USUALUSDC+", "decimals": 18}
{"blockNumber":21242782,"chainId":1,"tokenAddress":"0x1b56e30b6efd7cfde46ee3e29b851b9094d5810b"}	{"name": "Spectra ERC4626 Wrapper:  Usual Boosted USDC", "symbol": "sw-USUALUSDC+", "decimals": 18}
{"blockNumber":21178994,"chainId":1,"tokenAddress":"0x1b56e30b6efd7cfde46ee3e29b851b9094d5810b"}	{"name": "Spectra ERC4626 Wrapper:  Usual Boosted USDC", "symbol": "sw-USUALUSDC+", "decimals": 18}
{"blockNumber":21184165,"chainId":1,"tokenAddress":"0x1b56e30b6efd7cfde46ee3e29b851b9094d5810b"}	{"name": "Spectra ERC4626 Wrapper:  Usual Boosted USDC", "symbol": "sw-USUALUSDC+", "decimals": 18}
{"blockNumber":21192327,"chainId":1,"tokenAddress":"0x1b56e30b6efd7cfde46ee3e29b851b9094d5810b"}	{"name": "Spectra ERC4626 Wrapper:  Usual Boosted USDC", "symbol": "sw-USUALUSDC+", "decimals": 18}
{"blockNumber":21200000,"chainId":1,"tokenAddress":"0x1b56e30b6efd7cfde46ee3e29b851b9094d5810b"}	{"name": "Spectra ERC4626 Wrapper:  Usual Boosted USDC", "symbol": "sw-USUALUSDC+", "decimals": 18}
{"blockNumber":21177785,"chainId":1,"tokenAddress":"0x1b56e30b6efd7cfde46ee3e29b851b9094d5810b"}	{"name": "Spectra ERC4626 Wrapper:  Usual Boosted USDC", "symbol": "sw-USUALUSDC+", "decimals": 18}
{"blockNumber":21182349,"chainId":1,"tokenAddress":"0x1b56e30b6efd7cfde46ee3e29b851b9094d5810b"}	{"name": "Spectra ERC4626 Wrapper:  Usual Boosted USDC", "symbol": "sw-USUALUSDC+", "decimals": 18}
{"blockNumber":21186184,"chainId":1,"tokenAddress":"0x1b56e30b6efd7cfde46ee3e29b851b9094d5810b"}	{"name": "Spectra ERC4626 Wrapper:  Usual Boosted USDC", "symbol": "sw-USUALUSDC+", "decimals": 18}
{"blockNumber":21192599,"chainId":1,"tokenAddress":"0x1b56e30b6efd7cfde46ee3e29b851b9094d5810b"}	{"name": "Spectra ERC4626 Wrapper:  Usual Boosted USDC", "symbol": "sw-USUALUSDC+", "decimals": 18}
{"blockNumber":21195324,"chainId":1,"tokenAddress":"0x1b56e30b6efd7cfde46ee3e29b851b9094d5810b"}	{"name": "Spectra ERC4626 Wrapper:  Usual Boosted USDC", "symbol": "sw-USUALUSDC+", "decimals": 18}
{"blockNumber":21205505,"chainId":1,"tokenAddress":"0x1b56e30b6efd7cfde46ee3e29b851b9094d5810b"}	{"name": "Spectra ERC4626 Wrapper:  Usual Boosted USDC", "symbol": "sw-USUALUSDC+", "decimals": 18}
{"blockNumber":21205511,"chainId":1,"tokenAddress":"0x1b56e30b6efd7cfde46ee3e29b851b9094d5810b"}	{"name": "Spectra ERC4626 Wrapper:  Usual Boosted USDC", "symbol": "sw-USUALUSDC+", "decimals": 18}
{"blockNumber":21222856,"chainId":1,"tokenAddress":"0x1b56e30b6efd7cfde46ee3e29b851b9094d5810b"}	{"name": "Spectra ERC4626 Wrapper:  Usual Boosted USDC", "symbol": "sw-USUALUSDC+", "decimals": 18}
{"blockNumber":21242557,"chainId":1,"tokenAddress":"0x1b56e30b6efd7cfde46ee3e29b851b9094d5810b"}	{"name": "Spectra ERC4626 Wrapper:  Usual Boosted USDC", "symbol": "sw-USUALUSDC+", "decimals": 18}
{"blockNumber":21117701,"chainId":1,"tokenAddress":"0xbdc1d4bbca6429efaaa42c26e80f6a138f9c69d5"}	{"name": "Spectra ERC4626 Wrapper: Gauntlet LRT Core", "symbol": "sw-gtLRTcore", "decimals": 18}
{"blockNumber":20690567,"chainId":1,"tokenAddress":"0xcf79bc535076c0e75cabcbfdebfcaeaac8bb7209"}	{"name": "Principal Token: thWAR-1741132844", "symbol": "PT-thWAR-1741132844", "decimals": 18}
{"blockNumber":20693922,"chainId":1,"tokenAddress":"0xcf79bc535076c0e75cabcbfdebfcaeaac8bb7209"}	{"name": "Principal Token: thWAR-1741132844", "symbol": "PT-thWAR-1741132844", "decimals": 18}
{"blockNumber":20710811,"chainId":1,"tokenAddress":"0xcf79bc535076c0e75cabcbfdebfcaeaac8bb7209"}	{"name": "Principal Token: thWAR-1741132844", "symbol": "PT-thWAR-1741132844", "decimals": 18}
{"blockNumber":20716354,"chainId":1,"tokenAddress":"0xcf79bc535076c0e75cabcbfdebfcaeaac8bb7209"}	{"name": "Principal Token: thWAR-1741132844", "symbol": "PT-thWAR-1741132844", "decimals": 18}
{"blockNumber":20718294,"chainId":1,"tokenAddress":"0xcf79bc535076c0e75cabcbfdebfcaeaac8bb7209"}	{"name": "Principal Token: thWAR-1741132844", "symbol": "PT-thWAR-1741132844", "decimals": 18}
{"blockNumber":20721511,"chainId":1,"tokenAddress":"0xcf79bc535076c0e75cabcbfdebfcaeaac8bb7209"}	{"name": "Principal Token: thWAR-1741132844", "symbol": "PT-thWAR-1741132844", "decimals": 18}
{"blockNumber":20730394,"chainId":1,"tokenAddress":"0xcf79bc535076c0e75cabcbfdebfcaeaac8bb7209"}	{"name": "Principal Token: thWAR-1741132844", "symbol": "PT-thWAR-1741132844", "decimals": 18}
{"blockNumber":20731134,"chainId":1,"tokenAddress":"0xcf79bc535076c0e75cabcbfdebfcaeaac8bb7209"}	{"name": "Principal Token: thWAR-1741132844", "symbol": "PT-thWAR-1741132844", "decimals": 18}
{"blockNumber":20740867,"chainId":1,"tokenAddress":"0xcf79bc535076c0e75cabcbfdebfcaeaac8bb7209"}	{"name": "Principal Token: thWAR-1741132844", "symbol": "PT-thWAR-1741132844", "decimals": 18}
{"blockNumber":19954841,"chainId":1,"tokenAddress":"0xfe8ab51fd37ea5cebe203510160303dad4ad11ad"}	{"name": "Curve.fi Factory Crypto Pool: Spectra-PT/IBT", "symbol": "SPT-PT/IBT-f", "decimals": 18}
{"blockNumber":19962081,"chainId":1,"tokenAddress":"0x00edfad7dd3dd2129f0f0227d219d83a761ed044"}	{"name": "Curve.fi Factory Crypto Pool: Spectra-PT/IBT", "symbol": "SPT-PT/IBT-f", "decimals": 18}
{"blockNumber":19975352,"chainId":1,"tokenAddress":"0x00edfad7dd3dd2129f0f0227d219d83a761ed044"}	{"name": "Curve.fi Factory Crypto Pool: Spectra-PT/IBT", "symbol": "SPT-PT/IBT-f", "decimals": 18}
{"blockNumber":19974973,"chainId":1,"tokenAddress":"0x2b697ceb121275b6b7c37d1749ddc101ea960b8e"}	{"name": "Curve.fi Factory Crypto Pool: Spectra-PT/IBT", "symbol": "SPT-PT/IBT-f", "decimals": 18}
{"blockNumber":19954841,"chainId":1,"tokenAddress":"0xc7d669e7cc521a6676b20e209b3a49a1e64856f1"}	{"name": "Principal Token: sw-stkGHO-1732492824", "symbol": "PT-sw-stkGHO-1732492824", "decimals": 18}
{"blockNumber":19962081,"chainId":1,"tokenAddress":"0x6def54ae7e38992a7d1ab60d279483ba7f7b0aeb"}	{"name": "Principal Token: KweETH-1727308807", "symbol": "PT-KweETH-1727308807", "decimals": 18}
{"blockNumber":19975352,"chainId":1,"tokenAddress":"0x6def54ae7e38992a7d1ab60d279483ba7f7b0aeb"}	{"name": "Principal Token: KweETH-1727308807", "symbol": "PT-KweETH-1727308807", "decimals": 18}
{"blockNumber":19974973,"chainId":1,"tokenAddress":"0xe617fc640413171100c32cc8dbf69fc7928d895e"}	{"name": "Principal Token: sw-uniBTC-1732752015", "symbol": "PT-sw-uniBTC-1732752015", "decimals": 8}
{"blockNumber":19954841,"chainId":1,"tokenAddress":"0x47b5d8d9d105ee794dfc7e0ac755dd151336d84d"}	{"name": "Yield Token: sw-stkGHO-1732492824", "symbol": "YT-sw-stkGHO-1732492824", "decimals": 18}
{"blockNumber":19954856,"chainId":1,"tokenAddress":"0x47b5d8d9d105ee794dfc7e0ac755dd151336d84d"}	{"name": "Yield Token: sw-stkGHO-1732492824", "symbol": "YT-sw-stkGHO-1732492824", "decimals": 18}
{"blockNumber":19962081,"chainId":1,"tokenAddress":"0x763056e4000a9abdd11caa0d47d872944d34d129"}	{"name": "Yield Token: KweETH-1727308807", "symbol": "YT-KweETH-1727308807", "decimals": 18}
{"blockNumber":19975352,"chainId":1,"tokenAddress":"0x763056e4000a9abdd11caa0d47d872944d34d129"}	{"name": "Yield Token: KweETH-1727308807", "symbol": "YT-KweETH-1727308807", "decimals": 18}
{"blockNumber":19974973,"chainId":1,"tokenAddress":"0x4c9d41dfda778ab7cff5136f4083497cd3e4cbd9"}	{"name": "Yield Token: sw-uniBTC-1732752015", "symbol": "YT-sw-uniBTC-1732752015", "decimals": 8}
{"blockNumber":20470434,"chainId":1,"tokenAddress":"0x66fbb4fca7fd1095a6bd62d2225647cfefbcddf4"}	{"name": "Curve.fi Factory Crypto Pool: Spectra-PT/IBT", "symbol": "SPT-PT/IBT-f", "decimals": 18}
{"blockNumber":20470434,"chainId":1,"tokenAddress":"0x1ec04df27c0f5460a4cef9bd9790d760af381385"}	{"name": "Curve.fi Factory Crypto Pool: Spectra-PT/IBT", "symbol": "SPT-PT/IBT-f", "decimals": 18}
{"blockNumber":20470434,"chainId":1,"tokenAddress":"0xef578b2a16ee408d89cd4e83085d90126846416f"}	{"name": "Curve.fi Factory Crypto Pool: Spectra-PT/IBT", "symbol": "SPT-PT/IBT-f", "decimals": 18}
{"blockNumber":20470434,"chainId":1,"tokenAddress":"0x2944b97803e203b0e34d972e50d4edc099b1f97d"}	{"name": "Yield Token: sr-kUSD-1738195558", "symbol": "YT-sr-kUSD-1738195558", "decimals": 18}
{"blockNumber":20470434,"chainId":1,"tokenAddress":"0xd040ef2009de5c61c02838bf89dc5de2a9f6dbf3"}	{"name": "Yield Token: sr-ksETH-1738195500", "symbol": "YT-sr-ksETH-1738195500", "decimals": 18}
{"blockNumber":20470434,"chainId":1,"tokenAddress":"0x544d89d8630287e74e9f738ed28b916810e14ee5"}	{"name": "Yield Token: sr-krETH-1738195474", "symbol": "YT-sr-krETH-1738195474", "decimals": 18}
{"blockNumber":20532131,"chainId":1,"tokenAddress":"0x0e9d35405d7ed06821d4f4d030821db6335bd8d2"}	{"name": "Principal Token: f50APW-50WETH-1744761606", "symbol": "PT-f50APW-50WETH-1744761606", "decimals": 18}
{"blockNumber":20532229,"chainId":1,"tokenAddress":"0x0e9d35405d7ed06821d4f4d030821db6335bd8d2"}	{"name": "Principal Token: f50APW-50WETH-1744761606", "symbol": "PT-f50APW-50WETH-1744761606", "decimals": 18}
{"blockNumber":20588565,"chainId":1,"tokenAddress":"0x0e9d35405d7ed06821d4f4d030821db6335bd8d2"}	{"name": "Principal Token: f50APW-50WETH-1744761606", "symbol": "PT-f50APW-50WETH-1744761606", "decimals": 18}
{"blockNumber":20596734,"chainId":1,"tokenAddress":"0x0e9d35405d7ed06821d4f4d030821db6335bd8d2"}	{"name": "Principal Token: f50APW-50WETH-1744761606", "symbol": "PT-f50APW-50WETH-1744761606", "decimals": 18}
{"blockNumber":20598670,"chainId":1,"tokenAddress":"0x0e9d35405d7ed06821d4f4d030821db6335bd8d2"}	{"name": "Principal Token: f50APW-50WETH-1744761606", "symbol": "PT-f50APW-50WETH-1744761606", "decimals": 18}
{"blockNumber":20599699,"chainId":1,"tokenAddress":"0x0e9d35405d7ed06821d4f4d030821db6335bd8d2"}	{"name": "Principal Token: f50APW-50WETH-1744761606", "symbol": "PT-f50APW-50WETH-1744761606", "decimals": 18}
{"blockNumber":20634266,"chainId":1,"tokenAddress":"0x0e9d35405d7ed06821d4f4d030821db6335bd8d2"}	{"name": "Principal Token: f50APW-50WETH-1744761606", "symbol": "PT-f50APW-50WETH-1744761606", "decimals": 18}
{"blockNumber":20591733,"chainId":1,"tokenAddress":"0xd0097149aa4cc0d0e1fc99b8bd73fc17dc32c1e9"}	{"name": "Principal Token: wstUSR-1740182579", "symbol": "PT-wstUSR-1740182579", "decimals": 18}
{"blockNumber":20618312,"chainId":1,"tokenAddress":"0xd0097149aa4cc0d0e1fc99b8bd73fc17dc32c1e9"}	{"name": "Principal Token: wstUSR-1740182579", "symbol": "PT-wstUSR-1740182579", "decimals": 18}
{"blockNumber":20620107,"chainId":1,"tokenAddress":"0xd0097149aa4cc0d0e1fc99b8bd73fc17dc32c1e9"}	{"name": "Principal Token: wstUSR-1740182579", "symbol": "PT-wstUSR-1740182579", "decimals": 18}
{"blockNumber":20620547,"chainId":1,"tokenAddress":"0xd0097149aa4cc0d0e1fc99b8bd73fc17dc32c1e9"}	{"name": "Principal Token: wstUSR-1740182579", "symbol": "PT-wstUSR-1740182579", "decimals": 18}
{"blockNumber":20625418,"chainId":1,"tokenAddress":"0xd0097149aa4cc0d0e1fc99b8bd73fc17dc32c1e9"}	{"name": "Principal Token: wstUSR-1740182579", "symbol": "PT-wstUSR-1740182579", "decimals": 18}
{"blockNumber":20620523,"chainId":1,"tokenAddress":"0xd0097149aa4cc0d0e1fc99b8bd73fc17dc32c1e9"}	{"name": "Principal Token: wstUSR-1740182579", "symbol": "PT-wstUSR-1740182579", "decimals": 18}
{"blockNumber":20620557,"chainId":1,"tokenAddress":"0xd0097149aa4cc0d0e1fc99b8bd73fc17dc32c1e9"}	{"name": "Principal Token: wstUSR-1740182579", "symbol": "PT-wstUSR-1740182579", "decimals": 18}
{"blockNumber":20037351,"chainId":1,"tokenAddress":"0x982e5a072cb6634f45715665a02c723392977e9f"}	{"name": "Principal Token: thWAR-1725581923", "symbol": "PT-thWAR-1725581923", "decimals": 18}
{"blockNumber":20083940,"chainId":1,"tokenAddress":"0x982e5a072cb6634f45715665a02c723392977e9f"}	{"name": "Principal Token: thWAR-1725581923", "symbol": "PT-thWAR-1725581923", "decimals": 18}
{"blockNumber":20084354,"chainId":1,"tokenAddress":"0x982e5a072cb6634f45715665a02c723392977e9f"}	{"name": "Principal Token: thWAR-1725581923", "symbol": "PT-thWAR-1725581923", "decimals": 18}
{"blockNumber":20084465,"chainId":1,"tokenAddress":"0x982e5a072cb6634f45715665a02c723392977e9f"}	{"name": "Principal Token: thWAR-1725581923", "symbol": "PT-thWAR-1725581923", "decimals": 18}
{"blockNumber":20084540,"chainId":1,"tokenAddress":"0x982e5a072cb6634f45715665a02c723392977e9f"}	{"name": "Principal Token: thWAR-1725581923", "symbol": "PT-thWAR-1725581923", "decimals": 18}
{"blockNumber":20084547,"chainId":1,"tokenAddress":"0x982e5a072cb6634f45715665a02c723392977e9f"}	{"name": "Principal Token: thWAR-1725581923", "symbol": "PT-thWAR-1725581923", "decimals": 18}
{"blockNumber":20084550,"chainId":1,"tokenAddress":"0x982e5a072cb6634f45715665a02c723392977e9f"}	{"name": "Principal Token: thWAR-1725581923", "symbol": "PT-thWAR-1725581923", "decimals": 18}
{"blockNumber":20084688,"chainId":1,"tokenAddress":"0x982e5a072cb6634f45715665a02c723392977e9f"}	{"name": "Principal Token: thWAR-1725581923", "symbol": "PT-thWAR-1725581923", "decimals": 18}
{"blockNumber":20084925,"chainId":1,"tokenAddress":"0x982e5a072cb6634f45715665a02c723392977e9f"}	{"name": "Principal Token: thWAR-1725581923", "symbol": "PT-thWAR-1725581923", "decimals": 18}
{"blockNumber":20085002,"chainId":1,"tokenAddress":"0x982e5a072cb6634f45715665a02c723392977e9f"}	{"name": "Principal Token: thWAR-1725581923", "symbol": "PT-thWAR-1725581923", "decimals": 18}
{"blockNumber":20085283,"chainId":1,"tokenAddress":"0x982e5a072cb6634f45715665a02c723392977e9f"}	{"name": "Principal Token: thWAR-1725581923", "symbol": "PT-thWAR-1725581923", "decimals": 18}
{"blockNumber":20086114,"chainId":1,"tokenAddress":"0x982e5a072cb6634f45715665a02c723392977e9f"}	{"name": "Principal Token: thWAR-1725581923", "symbol": "PT-thWAR-1725581923", "decimals": 18}
{"blockNumber":20086584,"chainId":1,"tokenAddress":"0x982e5a072cb6634f45715665a02c723392977e9f"}	{"name": "Principal Token: thWAR-1725581923", "symbol": "PT-thWAR-1725581923", "decimals": 18}
{"blockNumber":20087061,"chainId":1,"tokenAddress":"0x982e5a072cb6634f45715665a02c723392977e9f"}	{"name": "Principal Token: thWAR-1725581923", "symbol": "PT-thWAR-1725581923", "decimals": 18}
{"blockNumber":20087646,"chainId":1,"tokenAddress":"0x982e5a072cb6634f45715665a02c723392977e9f"}	{"name": "Principal Token: thWAR-1725581923", "symbol": "PT-thWAR-1725581923", "decimals": 18}
{"blockNumber":20091221,"chainId":1,"tokenAddress":"0x982e5a072cb6634f45715665a02c723392977e9f"}	{"name": "Principal Token: thWAR-1725581923", "symbol": "PT-thWAR-1725581923", "decimals": 18}
{"blockNumber":20094062,"chainId":1,"tokenAddress":"0x982e5a072cb6634f45715665a02c723392977e9f"}	{"name": "Principal Token: thWAR-1725581923", "symbol": "PT-thWAR-1725581923", "decimals": 18}
{"blockNumber":20094152,"chainId":1,"tokenAddress":"0x982e5a072cb6634f45715665a02c723392977e9f"}	{"name": "Principal Token: thWAR-1725581923", "symbol": "PT-thWAR-1725581923", "decimals": 18}
{"blockNumber":20094162,"chainId":1,"tokenAddress":"0x982e5a072cb6634f45715665a02c723392977e9f"}	{"name": "Principal Token: thWAR-1725581923", "symbol": "PT-thWAR-1725581923", "decimals": 18}
{"blockNumber":20094174,"chainId":1,"tokenAddress":"0x982e5a072cb6634f45715665a02c723392977e9f"}	{"name": "Principal Token: thWAR-1725581923", "symbol": "PT-thWAR-1725581923", "decimals": 18}
{"blockNumber":20097582,"chainId":1,"tokenAddress":"0x982e5a072cb6634f45715665a02c723392977e9f"}	{"name": "Principal Token: thWAR-1725581923", "symbol": "PT-thWAR-1725581923", "decimals": 18}
{"blockNumber":20097648,"chainId":1,"tokenAddress":"0x982e5a072cb6634f45715665a02c723392977e9f"}	{"name": "Principal Token: thWAR-1725581923", "symbol": "PT-thWAR-1725581923", "decimals": 18}
{"blockNumber":20097716,"chainId":1,"tokenAddress":"0x982e5a072cb6634f45715665a02c723392977e9f"}	{"name": "Principal Token: thWAR-1725581923", "symbol": "PT-thWAR-1725581923", "decimals": 18}
{"blockNumber":20103204,"chainId":1,"tokenAddress":"0x982e5a072cb6634f45715665a02c723392977e9f"}	{"name": "Principal Token: thWAR-1725581923", "symbol": "PT-thWAR-1725581923", "decimals": 18}
{"blockNumber":20105630,"chainId":1,"tokenAddress":"0x982e5a072cb6634f45715665a02c723392977e9f"}	{"name": "Principal Token: thWAR-1725581923", "symbol": "PT-thWAR-1725581923", "decimals": 18}
{"blockNumber":20109288,"chainId":1,"tokenAddress":"0x982e5a072cb6634f45715665a02c723392977e9f"}	{"name": "Principal Token: thWAR-1725581923", "symbol": "PT-thWAR-1725581923", "decimals": 18}
{"blockNumber":20109295,"chainId":1,"tokenAddress":"0x982e5a072cb6634f45715665a02c723392977e9f"}	{"name": "Principal Token: thWAR-1725581923", "symbol": "PT-thWAR-1725581923", "decimals": 18}
{"blockNumber":20111292,"chainId":1,"tokenAddress":"0x982e5a072cb6634f45715665a02c723392977e9f"}	{"name": "Principal Token: thWAR-1725581923", "symbol": "PT-thWAR-1725581923", "decimals": 18}
{"blockNumber":20118365,"chainId":1,"tokenAddress":"0x982e5a072cb6634f45715665a02c723392977e9f"}	{"name": "Principal Token: thWAR-1725581923", "symbol": "PT-thWAR-1725581923", "decimals": 18}
{"blockNumber":20119985,"chainId":1,"tokenAddress":"0x982e5a072cb6634f45715665a02c723392977e9f"}	{"name": "Principal Token: thWAR-1725581923", "symbol": "PT-thWAR-1725581923", "decimals": 18}
{"blockNumber":20124459,"chainId":1,"tokenAddress":"0x982e5a072cb6634f45715665a02c723392977e9f"}	{"name": "Principal Token: thWAR-1725581923", "symbol": "PT-thWAR-1725581923", "decimals": 18}
{"blockNumber":20099970,"chainId":1,"tokenAddress":"0x982e5a072cb6634f45715665a02c723392977e9f"}	{"name": "Principal Token: thWAR-1725581923", "symbol": "PT-thWAR-1725581923", "decimals": 18}
{"blockNumber":20099978,"chainId":1,"tokenAddress":"0x982e5a072cb6634f45715665a02c723392977e9f"}	{"name": "Principal Token: thWAR-1725581923", "symbol": "PT-thWAR-1725581923", "decimals": 18}
{"blockNumber":20109300,"chainId":1,"tokenAddress":"0x982e5a072cb6634f45715665a02c723392977e9f"}	{"name": "Principal Token: thWAR-1725581923", "symbol": "PT-thWAR-1725581923", "decimals": 18}
{"blockNumber":20111272,"chainId":1,"tokenAddress":"0x982e5a072cb6634f45715665a02c723392977e9f"}	{"name": "Principal Token: thWAR-1725581923", "symbol": "PT-thWAR-1725581923", "decimals": 18}
{"blockNumber":20094001,"chainId":1,"tokenAddress":"0x982e5a072cb6634f45715665a02c723392977e9f"}	{"name": "Principal Token: thWAR-1725581923", "symbol": "PT-thWAR-1725581923", "decimals": 18}
{"blockNumber":20094075,"chainId":1,"tokenAddress":"0x982e5a072cb6634f45715665a02c723392977e9f"}	{"name": "Principal Token: thWAR-1725581923", "symbol": "PT-thWAR-1725581923", "decimals": 18}
{"blockNumber":20109167,"chainId":1,"tokenAddress":"0x982e5a072cb6634f45715665a02c723392977e9f"}	{"name": "Principal Token: thWAR-1725581923", "symbol": "PT-thWAR-1725581923", "decimals": 18}
{"blockNumber":20099945,"chainId":1,"tokenAddress":"0x982e5a072cb6634f45715665a02c723392977e9f"}	{"name": "Principal Token: thWAR-1725581923", "symbol": "PT-thWAR-1725581923", "decimals": 18}
{"blockNumber":20094167,"chainId":1,"tokenAddress":"0x982e5a072cb6634f45715665a02c723392977e9f"}	{"name": "Principal Token: thWAR-1725581923", "symbol": "PT-thWAR-1725581923", "decimals": 18}
{"blockNumber":20109214,"chainId":1,"tokenAddress":"0x982e5a072cb6634f45715665a02c723392977e9f"}	{"name": "Principal Token: thWAR-1725581923", "symbol": "PT-thWAR-1725581923", "decimals": 18}
{"blockNumber":20094035,"chainId":1,"tokenAddress":"0x982e5a072cb6634f45715665a02c723392977e9f"}	{"name": "Principal Token: thWAR-1725581923", "symbol": "PT-thWAR-1725581923", "decimals": 18}
{"blockNumber":20094116,"chainId":1,"tokenAddress":"0x982e5a072cb6634f45715665a02c723392977e9f"}	{"name": "Principal Token: thWAR-1725581923", "symbol": "PT-thWAR-1725581923", "decimals": 18}
{"blockNumber":20088800,"chainId":1,"tokenAddress":"0x982e5a072cb6634f45715665a02c723392977e9f"}	{"name": "Principal Token: thWAR-1725581923", "symbol": "PT-thWAR-1725581923", "decimals": 18}
{"blockNumber":20081722,"chainId":1,"tokenAddress":"0xf85640cf6ec7658180761927516d11264d635775"}	{"name": "Principal Token: asdCRV-1733973768", "symbol": "PT-asdCRV-1733973768", "decimals": 18}
{"blockNumber":20096644,"chainId":1,"tokenAddress":"0xf85640cf6ec7658180761927516d11264d635775"}	{"name": "Principal Token: asdCRV-1733973768", "symbol": "PT-asdCRV-1733973768", "decimals": 18}
{"blockNumber":20102271,"chainId":1,"tokenAddress":"0xf85640cf6ec7658180761927516d11264d635775"}	{"name": "Principal Token: asdCRV-1733973768", "symbol": "PT-asdCRV-1733973768", "decimals": 18}
{"blockNumber":20114395,"chainId":1,"tokenAddress":"0xf85640cf6ec7658180761927516d11264d635775"}	{"name": "Principal Token: asdCRV-1733973768", "symbol": "PT-asdCRV-1733973768", "decimals": 18}
{"blockNumber":20114456,"chainId":1,"tokenAddress":"0xf85640cf6ec7658180761927516d11264d635775"}	{"name": "Principal Token: asdCRV-1733973768", "symbol": "PT-asdCRV-1733973768", "decimals": 18}
{"blockNumber":20114488,"chainId":1,"tokenAddress":"0xf85640cf6ec7658180761927516d11264d635775"}	{"name": "Principal Token: asdCRV-1733973768", "symbol": "PT-asdCRV-1733973768", "decimals": 18}
{"blockNumber":20114432,"chainId":1,"tokenAddress":"0xf85640cf6ec7658180761927516d11264d635775"}	{"name": "Principal Token: asdCRV-1733973768", "symbol": "PT-asdCRV-1733973768", "decimals": 18}
{"blockNumber":20114483,"chainId":1,"tokenAddress":"0xf85640cf6ec7658180761927516d11264d635775"}	{"name": "Principal Token: asdCRV-1733973768", "symbol": "PT-asdCRV-1733973768", "decimals": 18}
{"blockNumber":20087886,"chainId":1,"tokenAddress":"0xf85640cf6ec7658180761927516d11264d635775"}	{"name": "Principal Token: asdCRV-1733973768", "symbol": "PT-asdCRV-1733973768", "decimals": 18}
{"blockNumber":20105630,"chainId":1,"tokenAddress":"0x0882ff8ff5c3e547b4afdb86c309c2bf0c7fcad8"}	{"name": "Yield Token: thWAR-1725581923", "symbol": "YT-thWAR-1725581923", "decimals": 18}
{"blockNumber":20111292,"chainId":1,"tokenAddress":"0x0882ff8ff5c3e547b4afdb86c309c2bf0c7fcad8"}	{"name": "Yield Token: thWAR-1725581923", "symbol": "YT-thWAR-1725581923", "decimals": 18}
{"blockNumber":20109300,"chainId":1,"tokenAddress":"0x0882ff8ff5c3e547b4afdb86c309c2bf0c7fcad8"}	{"name": "Yield Token: thWAR-1725581923", "symbol": "YT-thWAR-1725581923", "decimals": 18}
{"blockNumber":20099978,"chainId":1,"tokenAddress":"0x0882ff8ff5c3e547b4afdb86c309c2bf0c7fcad8"}	{"name": "Yield Token: thWAR-1725581923", "symbol": "YT-thWAR-1725581923", "decimals": 18}
{"blockNumber":20037351,"chainId":1,"tokenAddress":"0x0882ff8ff5c3e547b4afdb86c309c2bf0c7fcad8"}	{"name": "Yield Token: thWAR-1725581923", "symbol": "YT-thWAR-1725581923", "decimals": 18}
{"blockNumber":20083940,"chainId":1,"tokenAddress":"0x0882ff8ff5c3e547b4afdb86c309c2bf0c7fcad8"}	{"name": "Yield Token: thWAR-1725581923", "symbol": "YT-thWAR-1725581923", "decimals": 18}
{"blockNumber":20085283,"chainId":1,"tokenAddress":"0x0882ff8ff5c3e547b4afdb86c309c2bf0c7fcad8"}	{"name": "Yield Token: thWAR-1725581923", "symbol": "YT-thWAR-1725581923", "decimals": 18}
{"blockNumber":20087061,"chainId":1,"tokenAddress":"0x0882ff8ff5c3e547b4afdb86c309c2bf0c7fcad8"}	{"name": "Yield Token: thWAR-1725581923", "symbol": "YT-thWAR-1725581923", "decimals": 18}
{"blockNumber":20094062,"chainId":1,"tokenAddress":"0x0882ff8ff5c3e547b4afdb86c309c2bf0c7fcad8"}	{"name": "Yield Token: thWAR-1725581923", "symbol": "YT-thWAR-1725581923", "decimals": 18}
{"blockNumber":20094152,"chainId":1,"tokenAddress":"0x0882ff8ff5c3e547b4afdb86c309c2bf0c7fcad8"}	{"name": "Yield Token: thWAR-1725581923", "symbol": "YT-thWAR-1725581923", "decimals": 18}
{"blockNumber":20094162,"chainId":1,"tokenAddress":"0x0882ff8ff5c3e547b4afdb86c309c2bf0c7fcad8"}	{"name": "Yield Token: thWAR-1725581923", "symbol": "YT-thWAR-1725581923", "decimals": 18}
{"blockNumber":20094174,"chainId":1,"tokenAddress":"0x0882ff8ff5c3e547b4afdb86c309c2bf0c7fcad8"}	{"name": "Yield Token: thWAR-1725581923", "symbol": "YT-thWAR-1725581923", "decimals": 18}
{"blockNumber":20109288,"chainId":1,"tokenAddress":"0x0882ff8ff5c3e547b4afdb86c309c2bf0c7fcad8"}	{"name": "Yield Token: thWAR-1725581923", "symbol": "YT-thWAR-1725581923", "decimals": 18}
{"blockNumber":20109295,"chainId":1,"tokenAddress":"0x0882ff8ff5c3e547b4afdb86c309c2bf0c7fcad8"}	{"name": "Yield Token: thWAR-1725581923", "symbol": "YT-thWAR-1725581923", "decimals": 18}
{"blockNumber":20084354,"chainId":1,"tokenAddress":"0x0882ff8ff5c3e547b4afdb86c309c2bf0c7fcad8"}	{"name": "Yield Token: thWAR-1725581923", "symbol": "YT-thWAR-1725581923", "decimals": 18}
{"blockNumber":20084465,"chainId":1,"tokenAddress":"0x0882ff8ff5c3e547b4afdb86c309c2bf0c7fcad8"}	{"name": "Yield Token: thWAR-1725581923", "symbol": "YT-thWAR-1725581923", "decimals": 18}
{"blockNumber":20084540,"chainId":1,"tokenAddress":"0x0882ff8ff5c3e547b4afdb86c309c2bf0c7fcad8"}	{"name": "Yield Token: thWAR-1725581923", "symbol": "YT-thWAR-1725581923", "decimals": 18}
{"blockNumber":20084547,"chainId":1,"tokenAddress":"0x0882ff8ff5c3e547b4afdb86c309c2bf0c7fcad8"}	{"name": "Yield Token: thWAR-1725581923", "symbol": "YT-thWAR-1725581923", "decimals": 18}
{"blockNumber":20084688,"chainId":1,"tokenAddress":"0x0882ff8ff5c3e547b4afdb86c309c2bf0c7fcad8"}	{"name": "Yield Token: thWAR-1725581923", "symbol": "YT-thWAR-1725581923", "decimals": 18}
{"blockNumber":20084550,"chainId":1,"tokenAddress":"0x0882ff8ff5c3e547b4afdb86c309c2bf0c7fcad8"}	{"name": "Yield Token: thWAR-1725581923", "symbol": "YT-thWAR-1725581923", "decimals": 18}
{"blockNumber":20084925,"chainId":1,"tokenAddress":"0x0882ff8ff5c3e547b4afdb86c309c2bf0c7fcad8"}	{"name": "Yield Token: thWAR-1725581923", "symbol": "YT-thWAR-1725581923", "decimals": 18}
{"blockNumber":20085002,"chainId":1,"tokenAddress":"0x0882ff8ff5c3e547b4afdb86c309c2bf0c7fcad8"}	{"name": "Yield Token: thWAR-1725581923", "symbol": "YT-thWAR-1725581923", "decimals": 18}
{"blockNumber":20124459,"chainId":1,"tokenAddress":"0x0882ff8ff5c3e547b4afdb86c309c2bf0c7fcad8"}	{"name": "Yield Token: thWAR-1725581923", "symbol": "YT-thWAR-1725581923", "decimals": 18}
{"blockNumber":20091221,"chainId":1,"tokenAddress":"0x0882ff8ff5c3e547b4afdb86c309c2bf0c7fcad8"}	{"name": "Yield Token: thWAR-1725581923", "symbol": "YT-thWAR-1725581923", "decimals": 18}
{"blockNumber":20086114,"chainId":1,"tokenAddress":"0x0882ff8ff5c3e547b4afdb86c309c2bf0c7fcad8"}	{"name": "Yield Token: thWAR-1725581923", "symbol": "YT-thWAR-1725581923", "decimals": 18}
{"blockNumber":20086584,"chainId":1,"tokenAddress":"0x0882ff8ff5c3e547b4afdb86c309c2bf0c7fcad8"}	{"name": "Yield Token: thWAR-1725581923", "symbol": "YT-thWAR-1725581923", "decimals": 18}
{"blockNumber":20087646,"chainId":1,"tokenAddress":"0x0882ff8ff5c3e547b4afdb86c309c2bf0c7fcad8"}	{"name": "Yield Token: thWAR-1725581923", "symbol": "YT-thWAR-1725581923", "decimals": 18}
{"blockNumber":20097582,"chainId":1,"tokenAddress":"0x0882ff8ff5c3e547b4afdb86c309c2bf0c7fcad8"}	{"name": "Yield Token: thWAR-1725581923", "symbol": "YT-thWAR-1725581923", "decimals": 18}
{"blockNumber":20097648,"chainId":1,"tokenAddress":"0x0882ff8ff5c3e547b4afdb86c309c2bf0c7fcad8"}	{"name": "Yield Token: thWAR-1725581923", "symbol": "YT-thWAR-1725581923", "decimals": 18}
{"blockNumber":20097716,"chainId":1,"tokenAddress":"0x0882ff8ff5c3e547b4afdb86c309c2bf0c7fcad8"}	{"name": "Yield Token: thWAR-1725581923", "symbol": "YT-thWAR-1725581923", "decimals": 18}
{"blockNumber":20103204,"chainId":1,"tokenAddress":"0x0882ff8ff5c3e547b4afdb86c309c2bf0c7fcad8"}	{"name": "Yield Token: thWAR-1725581923", "symbol": "YT-thWAR-1725581923", "decimals": 18}
{"blockNumber":20118365,"chainId":1,"tokenAddress":"0x0882ff8ff5c3e547b4afdb86c309c2bf0c7fcad8"}	{"name": "Yield Token: thWAR-1725581923", "symbol": "YT-thWAR-1725581923", "decimals": 18}
{"blockNumber":20119985,"chainId":1,"tokenAddress":"0x0882ff8ff5c3e547b4afdb86c309c2bf0c7fcad8"}	{"name": "Yield Token: thWAR-1725581923", "symbol": "YT-thWAR-1725581923", "decimals": 18}
{"blockNumber":20094167,"chainId":1,"tokenAddress":"0x0882ff8ff5c3e547b4afdb86c309c2bf0c7fcad8"}	{"name": "Yield Token: thWAR-1725581923", "symbol": "YT-thWAR-1725581923", "decimals": 18}
{"blockNumber":20109214,"chainId":1,"tokenAddress":"0x0882ff8ff5c3e547b4afdb86c309c2bf0c7fcad8"}	{"name": "Yield Token: thWAR-1725581923", "symbol": "YT-thWAR-1725581923", "decimals": 18}
{"blockNumber":20118268,"chainId":1,"tokenAddress":"0xf58e22d224e465fb65f4257573b58dbfb0f704a0"}	{"name": "Principal Token: arUSD-1734480037", "symbol": "PT-arUSD-1734480037", "decimals": 18}
{"blockNumber":20126513,"chainId":1,"tokenAddress":"0xf58e22d224e465fb65f4257573b58dbfb0f704a0"}	{"name": "Principal Token: arUSD-1734480037", "symbol": "PT-arUSD-1734480037", "decimals": 18}
{"blockNumber":20118268,"chainId":1,"tokenAddress":"0xb4fe541f3ffb0f35da15e5919682e270f5a35a4d"}	{"name": "Yield Token: arUSD-1734480037", "symbol": "YT-arUSD-1734480037", "decimals": 18}
{"blockNumber":20126513,"chainId":1,"tokenAddress":"0xb4fe541f3ffb0f35da15e5919682e270f5a35a4d"}	{"name": "Yield Token: arUSD-1734480037", "symbol": "YT-arUSD-1734480037", "decimals": 18}
{"blockNumber":20131655,"chainId":1,"tokenAddress":"0xb4fe541f3ffb0f35da15e5919682e270f5a35a4d"}	{"name": "Yield Token: arUSD-1734480037", "symbol": "YT-arUSD-1734480037", "decimals": 18}
{"blockNumber":20126833,"chainId":1,"tokenAddress":"0x912ff30d1536bb4b2db604b7b0fca2da76a0c5f3"}	{"name": "Principal Token: sw-amphrETH-1726704008", "symbol": "PT-sw-amphrETH-1726704008", "decimals": 18}
{"blockNumber":20127270,"chainId":1,"tokenAddress":"0x912ff30d1536bb4b2db604b7b0fca2da76a0c5f3"}	{"name": "Principal Token: sw-amphrETH-1726704008", "symbol": "PT-sw-amphrETH-1726704008", "decimals": 18}
{"blockNumber":20133115,"chainId":1,"tokenAddress":"0x912ff30d1536bb4b2db604b7b0fca2da76a0c5f3"}	{"name": "Principal Token: sw-amphrETH-1726704008", "symbol": "PT-sw-amphrETH-1726704008", "decimals": 18}
{"blockNumber":20134018,"chainId":1,"tokenAddress":"0x912ff30d1536bb4b2db604b7b0fca2da76a0c5f3"}	{"name": "Principal Token: sw-amphrETH-1726704008", "symbol": "PT-sw-amphrETH-1726704008", "decimals": 18}
{"blockNumber":20133177,"chainId":1,"tokenAddress":"0x912ff30d1536bb4b2db604b7b0fca2da76a0c5f3"}	{"name": "Principal Token: sw-amphrETH-1726704008", "symbol": "PT-sw-amphrETH-1726704008", "decimals": 18}
{"blockNumber":20134042,"chainId":1,"tokenAddress":"0x912ff30d1536bb4b2db604b7b0fca2da76a0c5f3"}	{"name": "Principal Token: sw-amphrETH-1726704008", "symbol": "PT-sw-amphrETH-1726704008", "decimals": 18}
{"blockNumber":20128439,"chainId":1,"tokenAddress":"0x470f623e8bc3c870f96516b8cbfc6a27e253424d"}	{"name": "Principal Token: sw-amphrETH-1726790425", "symbol": "PT-sw-amphrETH-1726790425", "decimals": 18}
{"blockNumber":20128506,"chainId":1,"tokenAddress":"0x470f623e8bc3c870f96516b8cbfc6a27e253424d"}	{"name": "Principal Token: sw-amphrETH-1726790425", "symbol": "PT-sw-amphrETH-1726790425", "decimals": 18}
{"blockNumber":20131696,"chainId":1,"tokenAddress":"0x470f623e8bc3c870f96516b8cbfc6a27e253424d"}	{"name": "Principal Token: sw-amphrETH-1726790425", "symbol": "PT-sw-amphrETH-1726790425", "decimals": 18}
{"blockNumber":20134013,"chainId":1,"tokenAddress":"0x470f623e8bc3c870f96516b8cbfc6a27e253424d"}	{"name": "Principal Token: sw-amphrETH-1726790425", "symbol": "PT-sw-amphrETH-1726790425", "decimals": 18}
{"blockNumber":20134023,"chainId":1,"tokenAddress":"0x470f623e8bc3c870f96516b8cbfc6a27e253424d"}	{"name": "Principal Token: sw-amphrETH-1726790425", "symbol": "PT-sw-amphrETH-1726790425", "decimals": 18}
{"blockNumber":20134095,"chainId":1,"tokenAddress":"0x470f623e8bc3c870f96516b8cbfc6a27e253424d"}	{"name": "Principal Token: sw-amphrETH-1726790425", "symbol": "PT-sw-amphrETH-1726790425", "decimals": 18}
{"blockNumber":20134134,"chainId":1,"tokenAddress":"0x470f623e8bc3c870f96516b8cbfc6a27e253424d"}	{"name": "Principal Token: sw-amphrETH-1726790425", "symbol": "PT-sw-amphrETH-1726790425", "decimals": 18}
{"blockNumber":20130152,"chainId":1,"tokenAddress":"0x470f623e8bc3c870f96516b8cbfc6a27e253424d"}	{"name": "Principal Token: sw-amphrETH-1726790425", "symbol": "PT-sw-amphrETH-1726790425", "decimals": 18}
{"blockNumber":20131696,"chainId":1,"tokenAddress":"0x380e5d1a776a80a11291633ac77786e7061c40e0"}	{"name": "Yield Token: sw-amphrETH-1726790425", "symbol": "YT-sw-amphrETH-1726790425", "decimals": 18}
{"blockNumber":20134013,"chainId":1,"tokenAddress":"0x380e5d1a776a80a11291633ac77786e7061c40e0"}	{"name": "Yield Token: sw-amphrETH-1726790425", "symbol": "YT-sw-amphrETH-1726790425", "decimals": 18}
{"blockNumber":20134134,"chainId":1,"tokenAddress":"0x380e5d1a776a80a11291633ac77786e7061c40e0"}	{"name": "Yield Token: sw-amphrETH-1726790425", "symbol": "YT-sw-amphrETH-1726790425", "decimals": 18}
{"blockNumber":20128506,"chainId":1,"tokenAddress":"0x380e5d1a776a80a11291633ac77786e7061c40e0"}	{"name": "Yield Token: sw-amphrETH-1726790425", "symbol": "YT-sw-amphrETH-1726790425", "decimals": 18}
{"blockNumber":20134095,"chainId":1,"tokenAddress":"0x380e5d1a776a80a11291633ac77786e7061c40e0"}	{"name": "Yield Token: sw-amphrETH-1726790425", "symbol": "YT-sw-amphrETH-1726790425", "decimals": 18}
{"blockNumber":20128439,"chainId":1,"tokenAddress":"0x380e5d1a776a80a11291633ac77786e7061c40e0"}	{"name": "Yield Token: sw-amphrETH-1726790425", "symbol": "YT-sw-amphrETH-1726790425", "decimals": 18}
{"blockNumber":20134023,"chainId":1,"tokenAddress":"0x380e5d1a776a80a11291633ac77786e7061c40e0"}	{"name": "Yield Token: sw-amphrETH-1726790425", "symbol": "YT-sw-amphrETH-1726790425", "decimals": 18}
{"blockNumber":20133115,"chainId":1,"tokenAddress":"0x52cbf58cb19f4c56633c272faec796a0872e43c6"}	{"name": "Curve.fi Factory Crypto Pool: Spectra-PT/IBT", "symbol": "SPT-PT/IBT-f", "decimals": 18}
{"blockNumber":20134018,"chainId":1,"tokenAddress":"0x52cbf58cb19f4c56633c272faec796a0872e43c6"}	{"name": "Curve.fi Factory Crypto Pool: Spectra-PT/IBT", "symbol": "SPT-PT/IBT-f", "decimals": 18}
{"blockNumber":20127270,"chainId":1,"tokenAddress":"0x52cbf58cb19f4c56633c272faec796a0872e43c6"}	{"name": "Curve.fi Factory Crypto Pool: Spectra-PT/IBT", "symbol": "SPT-PT/IBT-f", "decimals": 18}
{"blockNumber":20126833,"chainId":1,"tokenAddress":"0x52cbf58cb19f4c56633c272faec796a0872e43c6"}	{"name": "Curve.fi Factory Crypto Pool: Spectra-PT/IBT", "symbol": "SPT-PT/IBT-f", "decimals": 18}
{"blockNumber":20111090,"chainId":1,"tokenAddress":"0x6c6d8ad90664d00f7b548d1f2a64c41a941d2cd2"}	{"name": "Curve.fi Factory Crypto Pool: Spectra-PT/IBT", "symbol": "SPT-PT/IBT-f", "decimals": 18}
{"blockNumber":20094001,"chainId":1,"tokenAddress":"0x6c6d8ad90664d00f7b548d1f2a64c41a941d2cd2"}	{"name": "Curve.fi Factory Crypto Pool: Spectra-PT/IBT", "symbol": "SPT-PT/IBT-f", "decimals": 18}
{"blockNumber":20109167,"chainId":1,"tokenAddress":"0x6c6d8ad90664d00f7b548d1f2a64c41a941d2cd2"}	{"name": "Curve.fi Factory Crypto Pool: Spectra-PT/IBT", "symbol": "SPT-PT/IBT-f", "decimals": 18}
{"blockNumber":20099945,"chainId":1,"tokenAddress":"0x6c6d8ad90664d00f7b548d1f2a64c41a941d2cd2"}	{"name": "Curve.fi Factory Crypto Pool: Spectra-PT/IBT", "symbol": "SPT-PT/IBT-f", "decimals": 18}
{"blockNumber":20093631,"chainId":1,"tokenAddress":"0x6c6d8ad90664d00f7b548d1f2a64c41a941d2cd2"}	{"name": "Curve.fi Factory Crypto Pool: Spectra-PT/IBT", "symbol": "SPT-PT/IBT-f", "decimals": 18}
{"blockNumber":20089804,"chainId":1,"tokenAddress":"0x6c6d8ad90664d00f7b548d1f2a64c41a941d2cd2"}	{"name": "Curve.fi Factory Crypto Pool: Spectra-PT/IBT", "symbol": "SPT-PT/IBT-f", "decimals": 18}
{"blockNumber":20091221,"chainId":1,"tokenAddress":"0x6c6d8ad90664d00f7b548d1f2a64c41a941d2cd2"}	{"name": "Curve.fi Factory Crypto Pool: Spectra-PT/IBT", "symbol": "SPT-PT/IBT-f", "decimals": 18}
{"blockNumber":20092378,"chainId":1,"tokenAddress":"0x6c6d8ad90664d00f7b548d1f2a64c41a941d2cd2"}	{"name": "Curve.fi Factory Crypto Pool: Spectra-PT/IBT", "symbol": "SPT-PT/IBT-f", "decimals": 18}
{"blockNumber":20092429,"chainId":1,"tokenAddress":"0x6c6d8ad90664d00f7b548d1f2a64c41a941d2cd2"}	{"name": "Curve.fi Factory Crypto Pool: Spectra-PT/IBT", "symbol": "SPT-PT/IBT-f", "decimals": 18}
{"blockNumber":20094035,"chainId":1,"tokenAddress":"0x6c6d8ad90664d00f7b548d1f2a64c41a941d2cd2"}	{"name": "Curve.fi Factory Crypto Pool: Spectra-PT/IBT", "symbol": "SPT-PT/IBT-f", "decimals": 18}
{"blockNumber":20094062,"chainId":1,"tokenAddress":"0x6c6d8ad90664d00f7b548d1f2a64c41a941d2cd2"}	{"name": "Curve.fi Factory Crypto Pool: Spectra-PT/IBT", "symbol": "SPT-PT/IBT-f", "decimals": 18}
{"blockNumber":20094116,"chainId":1,"tokenAddress":"0x6c6d8ad90664d00f7b548d1f2a64c41a941d2cd2"}	{"name": "Curve.fi Factory Crypto Pool: Spectra-PT/IBT", "symbol": "SPT-PT/IBT-f", "decimals": 18}
{"blockNumber":20094152,"chainId":1,"tokenAddress":"0x6c6d8ad90664d00f7b548d1f2a64c41a941d2cd2"}	{"name": "Curve.fi Factory Crypto Pool: Spectra-PT/IBT", "symbol": "SPT-PT/IBT-f", "decimals": 18}
{"blockNumber":20094162,"chainId":1,"tokenAddress":"0x6c6d8ad90664d00f7b548d1f2a64c41a941d2cd2"}	{"name": "Curve.fi Factory Crypto Pool: Spectra-PT/IBT", "symbol": "SPT-PT/IBT-f", "decimals": 18}
{"blockNumber":20094174,"chainId":1,"tokenAddress":"0x6c6d8ad90664d00f7b548d1f2a64c41a941d2cd2"}	{"name": "Curve.fi Factory Crypto Pool: Spectra-PT/IBT", "symbol": "SPT-PT/IBT-f", "decimals": 18}
{"blockNumber":20097582,"chainId":1,"tokenAddress":"0x6c6d8ad90664d00f7b548d1f2a64c41a941d2cd2"}	{"name": "Curve.fi Factory Crypto Pool: Spectra-PT/IBT", "symbol": "SPT-PT/IBT-f", "decimals": 18}
{"blockNumber":20097648,"chainId":1,"tokenAddress":"0x6c6d8ad90664d00f7b548d1f2a64c41a941d2cd2"}	{"name": "Curve.fi Factory Crypto Pool: Spectra-PT/IBT", "symbol": "SPT-PT/IBT-f", "decimals": 18}
{"blockNumber":20097716,"chainId":1,"tokenAddress":"0x6c6d8ad90664d00f7b548d1f2a64c41a941d2cd2"}	{"name": "Curve.fi Factory Crypto Pool: Spectra-PT/IBT", "symbol": "SPT-PT/IBT-f", "decimals": 18}
{"blockNumber":20099970,"chainId":1,"tokenAddress":"0x6c6d8ad90664d00f7b548d1f2a64c41a941d2cd2"}	{"name": "Curve.fi Factory Crypto Pool: Spectra-PT/IBT", "symbol": "SPT-PT/IBT-f", "decimals": 18}
{"blockNumber":20099978,"chainId":1,"tokenAddress":"0x6c6d8ad90664d00f7b548d1f2a64c41a941d2cd2"}	{"name": "Curve.fi Factory Crypto Pool: Spectra-PT/IBT", "symbol": "SPT-PT/IBT-f", "decimals": 18}
{"blockNumber":20103204,"chainId":1,"tokenAddress":"0x6c6d8ad90664d00f7b548d1f2a64c41a941d2cd2"}	{"name": "Curve.fi Factory Crypto Pool: Spectra-PT/IBT", "symbol": "SPT-PT/IBT-f", "decimals": 18}
{"blockNumber":20105630,"chainId":1,"tokenAddress":"0x6c6d8ad90664d00f7b548d1f2a64c41a941d2cd2"}	{"name": "Curve.fi Factory Crypto Pool: Spectra-PT/IBT", "symbol": "SPT-PT/IBT-f", "decimals": 18}
{"blockNumber":20109288,"chainId":1,"tokenAddress":"0x6c6d8ad90664d00f7b548d1f2a64c41a941d2cd2"}	{"name": "Curve.fi Factory Crypto Pool: Spectra-PT/IBT", "symbol": "SPT-PT/IBT-f", "decimals": 18}
{"blockNumber":20109295,"chainId":1,"tokenAddress":"0x6c6d8ad90664d00f7b548d1f2a64c41a941d2cd2"}	{"name": "Curve.fi Factory Crypto Pool: Spectra-PT/IBT", "symbol": "SPT-PT/IBT-f", "decimals": 18}
{"blockNumber":20109300,"chainId":1,"tokenAddress":"0x6c6d8ad90664d00f7b548d1f2a64c41a941d2cd2"}	{"name": "Curve.fi Factory Crypto Pool: Spectra-PT/IBT", "symbol": "SPT-PT/IBT-f", "decimals": 18}
{"blockNumber":20111272,"chainId":1,"tokenAddress":"0x6c6d8ad90664d00f7b548d1f2a64c41a941d2cd2"}	{"name": "Curve.fi Factory Crypto Pool: Spectra-PT/IBT", "symbol": "SPT-PT/IBT-f", "decimals": 18}
{"blockNumber":20111292,"chainId":1,"tokenAddress":"0x6c6d8ad90664d00f7b548d1f2a64c41a941d2cd2"}	{"name": "Curve.fi Factory Crypto Pool: Spectra-PT/IBT", "symbol": "SPT-PT/IBT-f", "decimals": 18}
{"blockNumber":20118365,"chainId":1,"tokenAddress":"0x6c6d8ad90664d00f7b548d1f2a64c41a941d2cd2"}	{"name": "Curve.fi Factory Crypto Pool: Spectra-PT/IBT", "symbol": "SPT-PT/IBT-f", "decimals": 18}
{"blockNumber":20119985,"chainId":1,"tokenAddress":"0x6c6d8ad90664d00f7b548d1f2a64c41a941d2cd2"}	{"name": "Curve.fi Factory Crypto Pool: Spectra-PT/IBT", "symbol": "SPT-PT/IBT-f", "decimals": 18}
{"blockNumber":20124459,"chainId":1,"tokenAddress":"0x6c6d8ad90664d00f7b548d1f2a64c41a941d2cd2"}	{"name": "Curve.fi Factory Crypto Pool: Spectra-PT/IBT", "symbol": "SPT-PT/IBT-f", "decimals": 18}
{"blockNumber":20037351,"chainId":1,"tokenAddress":"0x6c6d8ad90664d00f7b548d1f2a64c41a941d2cd2"}	{"name": "Curve.fi Factory Crypto Pool: Spectra-PT/IBT", "symbol": "SPT-PT/IBT-f", "decimals": 18}
{"blockNumber":20083940,"chainId":1,"tokenAddress":"0x6c6d8ad90664d00f7b548d1f2a64c41a941d2cd2"}	{"name": "Curve.fi Factory Crypto Pool: Spectra-PT/IBT", "symbol": "SPT-PT/IBT-f", "decimals": 18}
{"blockNumber":20085283,"chainId":1,"tokenAddress":"0x6c6d8ad90664d00f7b548d1f2a64c41a941d2cd2"}	{"name": "Curve.fi Factory Crypto Pool: Spectra-PT/IBT", "symbol": "SPT-PT/IBT-f", "decimals": 18}
{"blockNumber":20087061,"chainId":1,"tokenAddress":"0x6c6d8ad90664d00f7b548d1f2a64c41a941d2cd2"}	{"name": "Curve.fi Factory Crypto Pool: Spectra-PT/IBT", "symbol": "SPT-PT/IBT-f", "decimals": 18}
{"blockNumber":20084300,"chainId":1,"tokenAddress":"0x6c6d8ad90664d00f7b548d1f2a64c41a941d2cd2"}	{"name": "Curve.fi Factory Crypto Pool: Spectra-PT/IBT", "symbol": "SPT-PT/IBT-f", "decimals": 18}
{"blockNumber":20084354,"chainId":1,"tokenAddress":"0x6c6d8ad90664d00f7b548d1f2a64c41a941d2cd2"}	{"name": "Curve.fi Factory Crypto Pool: Spectra-PT/IBT", "symbol": "SPT-PT/IBT-f", "decimals": 18}
{"blockNumber":20084465,"chainId":1,"tokenAddress":"0x6c6d8ad90664d00f7b548d1f2a64c41a941d2cd2"}	{"name": "Curve.fi Factory Crypto Pool: Spectra-PT/IBT", "symbol": "SPT-PT/IBT-f", "decimals": 18}
{"blockNumber":20084540,"chainId":1,"tokenAddress":"0x6c6d8ad90664d00f7b548d1f2a64c41a941d2cd2"}	{"name": "Curve.fi Factory Crypto Pool: Spectra-PT/IBT", "symbol": "SPT-PT/IBT-f", "decimals": 18}
{"blockNumber":20084547,"chainId":1,"tokenAddress":"0x6c6d8ad90664d00f7b548d1f2a64c41a941d2cd2"}	{"name": "Curve.fi Factory Crypto Pool: Spectra-PT/IBT", "symbol": "SPT-PT/IBT-f", "decimals": 18}
{"blockNumber":20084688,"chainId":1,"tokenAddress":"0x6c6d8ad90664d00f7b548d1f2a64c41a941d2cd2"}	{"name": "Curve.fi Factory Crypto Pool: Spectra-PT/IBT", "symbol": "SPT-PT/IBT-f", "decimals": 18}
{"blockNumber":20084550,"chainId":1,"tokenAddress":"0x6c6d8ad90664d00f7b548d1f2a64c41a941d2cd2"}	{"name": "Curve.fi Factory Crypto Pool: Spectra-PT/IBT", "symbol": "SPT-PT/IBT-f", "decimals": 18}
{"blockNumber":20084925,"chainId":1,"tokenAddress":"0x6c6d8ad90664d00f7b548d1f2a64c41a941d2cd2"}	{"name": "Curve.fi Factory Crypto Pool: Spectra-PT/IBT", "symbol": "SPT-PT/IBT-f", "decimals": 18}
{"blockNumber":20085002,"chainId":1,"tokenAddress":"0x6c6d8ad90664d00f7b548d1f2a64c41a941d2cd2"}	{"name": "Curve.fi Factory Crypto Pool: Spectra-PT/IBT", "symbol": "SPT-PT/IBT-f", "decimals": 18}
{"blockNumber":20086114,"chainId":1,"tokenAddress":"0x6c6d8ad90664d00f7b548d1f2a64c41a941d2cd2"}	{"name": "Curve.fi Factory Crypto Pool: Spectra-PT/IBT", "symbol": "SPT-PT/IBT-f", "decimals": 18}
{"blockNumber":20086584,"chainId":1,"tokenAddress":"0x6c6d8ad90664d00f7b548d1f2a64c41a941d2cd2"}	{"name": "Curve.fi Factory Crypto Pool: Spectra-PT/IBT", "symbol": "SPT-PT/IBT-f", "decimals": 18}
{"blockNumber":20087646,"chainId":1,"tokenAddress":"0x6c6d8ad90664d00f7b548d1f2a64c41a941d2cd2"}	{"name": "Curve.fi Factory Crypto Pool: Spectra-PT/IBT", "symbol": "SPT-PT/IBT-f", "decimals": 18}
{"blockNumber":20094075,"chainId":1,"tokenAddress":"0x6c6d8ad90664d00f7b548d1f2a64c41a941d2cd2"}	{"name": "Curve.fi Factory Crypto Pool: Spectra-PT/IBT", "symbol": "SPT-PT/IBT-f", "decimals": 18}
{"blockNumber":20114432,"chainId":1,"tokenAddress":"0x0698aa9762fc38b908315c5c3efd0aee469356e6"}	{"name": "Yield Token: asdCRV-1733973768", "symbol": "YT-asdCRV-1733973768", "decimals": 18}
{"blockNumber":20114483,"chainId":1,"tokenAddress":"0x0698aa9762fc38b908315c5c3efd0aee469356e6"}	{"name": "Yield Token: asdCRV-1733973768", "symbol": "YT-asdCRV-1733973768", "decimals": 18}
{"blockNumber":20081722,"chainId":1,"tokenAddress":"0x0698aa9762fc38b908315c5c3efd0aee469356e6"}	{"name": "Yield Token: asdCRV-1733973768", "symbol": "YT-asdCRV-1733973768", "decimals": 18}
{"blockNumber":20096644,"chainId":1,"tokenAddress":"0x0698aa9762fc38b908315c5c3efd0aee469356e6"}	{"name": "Yield Token: asdCRV-1733973768", "symbol": "YT-asdCRV-1733973768", "decimals": 18}
{"blockNumber":20114395,"chainId":1,"tokenAddress":"0x0698aa9762fc38b908315c5c3efd0aee469356e6"}	{"name": "Yield Token: asdCRV-1733973768", "symbol": "YT-asdCRV-1733973768", "decimals": 18}
{"blockNumber":20114456,"chainId":1,"tokenAddress":"0x0698aa9762fc38b908315c5c3efd0aee469356e6"}	{"name": "Yield Token: asdCRV-1733973768", "symbol": "YT-asdCRV-1733973768", "decimals": 18}
{"blockNumber":20114488,"chainId":1,"tokenAddress":"0x0698aa9762fc38b908315c5c3efd0aee469356e6"}	{"name": "Yield Token: asdCRV-1733973768", "symbol": "YT-asdCRV-1733973768", "decimals": 18}
{"blockNumber":20102271,"chainId":1,"tokenAddress":"0x0698aa9762fc38b908315c5c3efd0aee469356e6"}	{"name": "Yield Token: asdCRV-1733973768", "symbol": "YT-asdCRV-1733973768", "decimals": 18}
{"blockNumber":20127270,"chainId":1,"tokenAddress":"0xc71f86ab0e10485a7c2f3c2ae5303e87dd28cca4"}	{"name": "Yield Token: sw-amphrETH-1726704008", "symbol": "YT-sw-amphrETH-1726704008", "decimals": 18}
{"blockNumber":20126833,"chainId":1,"tokenAddress":"0xc71f86ab0e10485a7c2f3c2ae5303e87dd28cca4"}	{"name": "Yield Token: sw-amphrETH-1726704008", "symbol": "YT-sw-amphrETH-1726704008", "decimals": 18}
{"blockNumber":20133177,"chainId":1,"tokenAddress":"0xc71f86ab0e10485a7c2f3c2ae5303e87dd28cca4"}	{"name": "Yield Token: sw-amphrETH-1726704008", "symbol": "YT-sw-amphrETH-1726704008", "decimals": 18}
{"blockNumber":20134042,"chainId":1,"tokenAddress":"0xc71f86ab0e10485a7c2f3c2ae5303e87dd28cca4"}	{"name": "Yield Token: sw-amphrETH-1726704008", "symbol": "YT-sw-amphrETH-1726704008", "decimals": 18}
{"blockNumber":20128114,"chainId":1,"tokenAddress":"0x4d46b713fc1e38f9923cd2a5ca5050574f9f0d73"}	{"name": "Curve.fi Factory Crypto Pool: Spectra-PT/IBT", "symbol": "SPT-PT/IBT-f", "decimals": 18}
{"blockNumber":20128506,"chainId":1,"tokenAddress":"0x4d46b713fc1e38f9923cd2a5ca5050574f9f0d73"}	{"name": "Curve.fi Factory Crypto Pool: Spectra-PT/IBT", "symbol": "SPT-PT/IBT-f", "decimals": 18}
{"blockNumber":20128280,"chainId":1,"tokenAddress":"0x4d46b713fc1e38f9923cd2a5ca5050574f9f0d73"}	{"name": "Curve.fi Factory Crypto Pool: Spectra-PT/IBT", "symbol": "SPT-PT/IBT-f", "decimals": 18}
{"blockNumber":20134095,"chainId":1,"tokenAddress":"0x4d46b713fc1e38f9923cd2a5ca5050574f9f0d73"}	{"name": "Curve.fi Factory Crypto Pool: Spectra-PT/IBT", "symbol": "SPT-PT/IBT-f", "decimals": 18}
{"blockNumber":20128439,"chainId":1,"tokenAddress":"0x4d46b713fc1e38f9923cd2a5ca5050574f9f0d73"}	{"name": "Curve.fi Factory Crypto Pool: Spectra-PT/IBT", "symbol": "SPT-PT/IBT-f", "decimals": 18}
{"blockNumber":20130152,"chainId":1,"tokenAddress":"0x4d46b713fc1e38f9923cd2a5ca5050574f9f0d73"}	{"name": "Curve.fi Factory Crypto Pool: Spectra-PT/IBT", "symbol": "SPT-PT/IBT-f", "decimals": 18}
{"blockNumber":20134023,"chainId":1,"tokenAddress":"0x4d46b713fc1e38f9923cd2a5ca5050574f9f0d73"}	{"name": "Curve.fi Factory Crypto Pool: Spectra-PT/IBT", "symbol": "SPT-PT/IBT-f", "decimals": 18}
{"blockNumber":20081722,"chainId":1,"tokenAddress":"0x1bc03e4a69bcb5ff949b15d293f49df61727dde5"}	{"name": "Curve.fi Factory Crypto Pool: Spectra-PT/IBT", "symbol": "SPT-PT/IBT-f", "decimals": 18}
{"blockNumber":20096644,"chainId":1,"tokenAddress":"0x1bc03e4a69bcb5ff949b15d293f49df61727dde5"}	{"name": "Curve.fi Factory Crypto Pool: Spectra-PT/IBT", "symbol": "SPT-PT/IBT-f", "decimals": 18}
{"blockNumber":20114395,"chainId":1,"tokenAddress":"0x1bc03e4a69bcb5ff949b15d293f49df61727dde5"}	{"name": "Curve.fi Factory Crypto Pool: Spectra-PT/IBT", "symbol": "SPT-PT/IBT-f", "decimals": 18}
{"blockNumber":20114456,"chainId":1,"tokenAddress":"0x1bc03e4a69bcb5ff949b15d293f49df61727dde5"}	{"name": "Curve.fi Factory Crypto Pool: Spectra-PT/IBT", "symbol": "SPT-PT/IBT-f", "decimals": 18}
{"blockNumber":20114488,"chainId":1,"tokenAddress":"0x1bc03e4a69bcb5ff949b15d293f49df61727dde5"}	{"name": "Curve.fi Factory Crypto Pool: Spectra-PT/IBT", "symbol": "SPT-PT/IBT-f", "decimals": 18}
{"blockNumber":20102271,"chainId":1,"tokenAddress":"0x1bc03e4a69bcb5ff949b15d293f49df61727dde5"}	{"name": "Curve.fi Factory Crypto Pool: Spectra-PT/IBT", "symbol": "SPT-PT/IBT-f", "decimals": 18}
{"blockNumber":20126513,"chainId":1,"tokenAddress":"0x1563a5f5ddc88db8f5ee935cc8c0dd9c0dcdc1ff"}	{"name": "Curve.fi Factory Crypto Pool: Spectra-PT/IBT", "symbol": "SPT-PT/IBT-f", "decimals": 18}
{"blockNumber":20131646,"chainId":1,"tokenAddress":"0x1563a5f5ddc88db8f5ee935cc8c0dd9c0dcdc1ff"}	{"name": "Curve.fi Factory Crypto Pool: Spectra-PT/IBT", "symbol": "SPT-PT/IBT-f", "decimals": 18}
{"blockNumber":20181228,"chainId":1,"tokenAddress":"0xd4c0ab44698bca5070624ef62c66b1f4d1488551"}	{"name": "Principal Token: sw-uniETH-1727136009", "symbol": "PT-sw-uniETH-1727136009", "decimals": 18}
{"blockNumber":20182219,"chainId":1,"tokenAddress":"0x4f65a884eb41cd09a2f0a4505de2c6d698a78c73"}	{"name": "Principal Token: afCVX-1727222454", "symbol": "PT-afCVX-1727222454", "decimals": 18}
{"blockNumber":20247138,"chainId":1,"tokenAddress":"0x4f65a884eb41cd09a2f0a4505de2c6d698a78c73"}	{"name": "Principal Token: afCVX-1727222454", "symbol": "PT-afCVX-1727222454", "decimals": 18}
{"blockNumber":20289077,"chainId":1,"tokenAddress":"0x4f65a884eb41cd09a2f0a4505de2c6d698a78c73"}	{"name": "Principal Token: afCVX-1727222454", "symbol": "PT-afCVX-1727222454", "decimals": 18}
{"blockNumber":20252546,"chainId":1,"tokenAddress":"0x4f65a884eb41cd09a2f0a4505de2c6d698a78c73"}	{"name": "Principal Token: afCVX-1727222454", "symbol": "PT-afCVX-1727222454", "decimals": 18}
{"blockNumber":20344461,"chainId":1,"tokenAddress":"0x4f65a884eb41cd09a2f0a4505de2c6d698a78c73"}	{"name": "Principal Token: afCVX-1727222454", "symbol": "PT-afCVX-1727222454", "decimals": 18}
{"blockNumber":20252552,"chainId":1,"tokenAddress":"0x4f65a884eb41cd09a2f0a4505de2c6d698a78c73"}	{"name": "Principal Token: afCVX-1727222454", "symbol": "PT-afCVX-1727222454", "decimals": 18}
{"blockNumber":20271230,"chainId":1,"tokenAddress":"0x4f65a884eb41cd09a2f0a4505de2c6d698a78c73"}	{"name": "Principal Token: afCVX-1727222454", "symbol": "PT-afCVX-1727222454", "decimals": 18}
{"blockNumber":20247138,"chainId":1,"tokenAddress":"0x71449da26926f6879f47ec3a3dcfb9c2323d19a0"}	{"name": "Yield Token: afCVX-1727222454", "symbol": "YT-afCVX-1727222454", "decimals": 18}
{"blockNumber":20252546,"chainId":1,"tokenAddress":"0x71449da26926f6879f47ec3a3dcfb9c2323d19a0"}	{"name": "Yield Token: afCVX-1727222454", "symbol": "YT-afCVX-1727222454", "decimals": 18}
{"blockNumber":20344461,"chainId":1,"tokenAddress":"0x71449da26926f6879f47ec3a3dcfb9c2323d19a0"}	{"name": "Yield Token: afCVX-1727222454", "symbol": "YT-afCVX-1727222454", "decimals": 18}
{"blockNumber":20182219,"chainId":1,"tokenAddress":"0x71449da26926f6879f47ec3a3dcfb9c2323d19a0"}	{"name": "Yield Token: afCVX-1727222454", "symbol": "YT-afCVX-1727222454", "decimals": 18}
{"blockNumber":20289077,"chainId":1,"tokenAddress":"0x71449da26926f6879f47ec3a3dcfb9c2323d19a0"}	{"name": "Yield Token: afCVX-1727222454", "symbol": "YT-afCVX-1727222454", "decimals": 18}
{"blockNumber":20271854,"chainId":1,"tokenAddress":"0x8f01036563831feabbf3bee396d99b117c032428"}	{"name": "Principal Token: sw-amphrLRT-1728172816", "symbol": "PT-sw-amphrLRT-1728172816", "decimals": 18}
{"blockNumber":20271923,"chainId":1,"tokenAddress":"0x8f01036563831feabbf3bee396d99b117c032428"}	{"name": "Principal Token: sw-amphrLRT-1728172816", "symbol": "PT-sw-amphrLRT-1728172816", "decimals": 18}
{"blockNumber":20286306,"chainId":1,"tokenAddress":"0x8f01036563831feabbf3bee396d99b117c032428"}	{"name": "Principal Token: sw-amphrLRT-1728172816", "symbol": "PT-sw-amphrLRT-1728172816", "decimals": 18}
{"blockNumber":20295881,"chainId":1,"tokenAddress":"0x8f01036563831feabbf3bee396d99b117c032428"}	{"name": "Principal Token: sw-amphrLRT-1728172816", "symbol": "PT-sw-amphrLRT-1728172816", "decimals": 18}
{"blockNumber":20274935,"chainId":1,"tokenAddress":"0x8f01036563831feabbf3bee396d99b117c032428"}	{"name": "Principal Token: sw-amphrLRT-1728172816", "symbol": "PT-sw-amphrLRT-1728172816", "decimals": 18}
{"blockNumber":20274867,"chainId":1,"tokenAddress":"0x8f01036563831feabbf3bee396d99b117c032428"}	{"name": "Principal Token: sw-amphrLRT-1728172816", "symbol": "PT-sw-amphrLRT-1728172816", "decimals": 18}
{"blockNumber":20274878,"chainId":1,"tokenAddress":"0x8f01036563831feabbf3bee396d99b117c032428"}	{"name": "Principal Token: sw-amphrLRT-1728172816", "symbol": "PT-sw-amphrLRT-1728172816", "decimals": 18}
{"blockNumber":20274887,"chainId":1,"tokenAddress":"0x8f01036563831feabbf3bee396d99b117c032428"}	{"name": "Principal Token: sw-amphrLRT-1728172816", "symbol": "PT-sw-amphrLRT-1728172816", "decimals": 18}
{"blockNumber":20274903,"chainId":1,"tokenAddress":"0x8f01036563831feabbf3bee396d99b117c032428"}	{"name": "Principal Token: sw-amphrLRT-1728172816", "symbol": "PT-sw-amphrLRT-1728172816", "decimals": 18}
{"blockNumber":20313316,"chainId":1,"tokenAddress":"0x8f01036563831feabbf3bee396d99b117c032428"}	{"name": "Principal Token: sw-amphrLRT-1728172816", "symbol": "PT-sw-amphrLRT-1728172816", "decimals": 18}
{"blockNumber":20274943,"chainId":1,"tokenAddress":"0x8f01036563831feabbf3bee396d99b117c032428"}	{"name": "Principal Token: sw-amphrLRT-1728172816", "symbol": "PT-sw-amphrLRT-1728172816", "decimals": 18}
{"blockNumber":20274950,"chainId":1,"tokenAddress":"0x8f01036563831feabbf3bee396d99b117c032428"}	{"name": "Principal Token: sw-amphrLRT-1728172816", "symbol": "PT-sw-amphrLRT-1728172816", "decimals": 18}
{"blockNumber":20274957,"chainId":1,"tokenAddress":"0x8f01036563831feabbf3bee396d99b117c032428"}	{"name": "Principal Token: sw-amphrLRT-1728172816", "symbol": "PT-sw-amphrLRT-1728172816", "decimals": 18}
{"blockNumber":20274961,"chainId":1,"tokenAddress":"0x8f01036563831feabbf3bee396d99b117c032428"}	{"name": "Principal Token: sw-amphrLRT-1728172816", "symbol": "PT-sw-amphrLRT-1728172816", "decimals": 18}
{"blockNumber":20274969,"chainId":1,"tokenAddress":"0x8f01036563831feabbf3bee396d99b117c032428"}	{"name": "Principal Token: sw-amphrLRT-1728172816", "symbol": "PT-sw-amphrLRT-1728172816", "decimals": 18}
{"blockNumber":20274867,"chainId":1,"tokenAddress":"0x9b1e5e8909609f5b2a07394746f28e1eb0b236ae"}	{"name": "Curve.fi Factory Crypto Pool: Spectra-PT/IBT", "symbol": "SPT-PT/IBT-f", "decimals": 18}
{"blockNumber":20274878,"chainId":1,"tokenAddress":"0x9b1e5e8909609f5b2a07394746f28e1eb0b236ae"}	{"name": "Curve.fi Factory Crypto Pool: Spectra-PT/IBT", "symbol": "SPT-PT/IBT-f", "decimals": 18}
{"blockNumber":20274887,"chainId":1,"tokenAddress":"0x9b1e5e8909609f5b2a07394746f28e1eb0b236ae"}	{"name": "Curve.fi Factory Crypto Pool: Spectra-PT/IBT", "symbol": "SPT-PT/IBT-f", "decimals": 18}
{"blockNumber":20274903,"chainId":1,"tokenAddress":"0x9b1e5e8909609f5b2a07394746f28e1eb0b236ae"}	{"name": "Curve.fi Factory Crypto Pool: Spectra-PT/IBT", "symbol": "SPT-PT/IBT-f", "decimals": 18}
{"blockNumber":20274943,"chainId":1,"tokenAddress":"0x9b1e5e8909609f5b2a07394746f28e1eb0b236ae"}	{"name": "Curve.fi Factory Crypto Pool: Spectra-PT/IBT", "symbol": "SPT-PT/IBT-f", "decimals": 18}
{"blockNumber":20274950,"chainId":1,"tokenAddress":"0x9b1e5e8909609f5b2a07394746f28e1eb0b236ae"}	{"name": "Curve.fi Factory Crypto Pool: Spectra-PT/IBT", "symbol": "SPT-PT/IBT-f", "decimals": 18}
{"blockNumber":20274957,"chainId":1,"tokenAddress":"0x9b1e5e8909609f5b2a07394746f28e1eb0b236ae"}	{"name": "Curve.fi Factory Crypto Pool: Spectra-PT/IBT", "symbol": "SPT-PT/IBT-f", "decimals": 18}
{"blockNumber":20274961,"chainId":1,"tokenAddress":"0x9b1e5e8909609f5b2a07394746f28e1eb0b236ae"}	{"name": "Curve.fi Factory Crypto Pool: Spectra-PT/IBT", "symbol": "SPT-PT/IBT-f", "decimals": 18}
{"blockNumber":20274969,"chainId":1,"tokenAddress":"0x9b1e5e8909609f5b2a07394746f28e1eb0b236ae"}	{"name": "Curve.fi Factory Crypto Pool: Spectra-PT/IBT", "symbol": "SPT-PT/IBT-f", "decimals": 18}
{"blockNumber":20286306,"chainId":1,"tokenAddress":"0x9b1e5e8909609f5b2a07394746f28e1eb0b236ae"}	{"name": "Curve.fi Factory Crypto Pool: Spectra-PT/IBT", "symbol": "SPT-PT/IBT-f", "decimals": 18}
{"blockNumber":20295881,"chainId":1,"tokenAddress":"0x9b1e5e8909609f5b2a07394746f28e1eb0b236ae"}	{"name": "Curve.fi Factory Crypto Pool: Spectra-PT/IBT", "symbol": "SPT-PT/IBT-f", "decimals": 18}
{"blockNumber":20313316,"chainId":1,"tokenAddress":"0x9b1e5e8909609f5b2a07394746f28e1eb0b236ae"}	{"name": "Curve.fi Factory Crypto Pool: Spectra-PT/IBT", "symbol": "SPT-PT/IBT-f", "decimals": 18}
{"blockNumber":20271854,"chainId":1,"tokenAddress":"0x9b1e5e8909609f5b2a07394746f28e1eb0b236ae"}	{"name": "Curve.fi Factory Crypto Pool: Spectra-PT/IBT", "symbol": "SPT-PT/IBT-f", "decimals": 18}
{"blockNumber":20271923,"chainId":1,"tokenAddress":"0x9b1e5e8909609f5b2a07394746f28e1eb0b236ae"}	{"name": "Curve.fi Factory Crypto Pool: Spectra-PT/IBT", "symbol": "SPT-PT/IBT-f", "decimals": 18}
{"blockNumber":20273972,"chainId":1,"tokenAddress":"0x9b1e5e8909609f5b2a07394746f28e1eb0b236ae"}	{"name": "Curve.fi Factory Crypto Pool: Spectra-PT/IBT", "symbol": "SPT-PT/IBT-f", "decimals": 18}
{"blockNumber":20274005,"chainId":1,"tokenAddress":"0x9b1e5e8909609f5b2a07394746f28e1eb0b236ae"}	{"name": "Curve.fi Factory Crypto Pool: Spectra-PT/IBT", "symbol": "SPT-PT/IBT-f", "decimals": 18}
{"blockNumber":20344461,"chainId":1,"tokenAddress":"0x4d78afe5b63ab9d44a4acc3ebcbe30f1d81a2531"}	{"name": "Curve.fi Factory Crypto Pool: Spectra-PT/IBT", "symbol": "SPT-PT/IBT-f", "decimals": 18}
{"blockNumber":20182219,"chainId":1,"tokenAddress":"0x4d78afe5b63ab9d44a4acc3ebcbe30f1d81a2531"}	{"name": "Curve.fi Factory Crypto Pool: Spectra-PT/IBT", "symbol": "SPT-PT/IBT-f", "decimals": 18}
{"blockNumber":20289077,"chainId":1,"tokenAddress":"0x4d78afe5b63ab9d44a4acc3ebcbe30f1d81a2531"}	{"name": "Curve.fi Factory Crypto Pool: Spectra-PT/IBT", "symbol": "SPT-PT/IBT-f", "decimals": 18}
{"blockNumber":20181228,"chainId":1,"tokenAddress":"0xe1cd8c0a6845122bada434ede90fe3635aa1bbfb"}	{"name": "Yield Token: sw-uniETH-1727136009", "symbol": "YT-sw-uniETH-1727136009", "decimals": 18}
{"blockNumber":20181228,"chainId":1,"tokenAddress":"0x68a9a9a404f0d5f9a42659ad12b1d9bb1ad98e4e"}	{"name": "Curve.fi Factory Crypto Pool: Spectra-PT/IBT", "symbol": "SPT-PT/IBT-f", "decimals": 18}
{"blockNumber":20274867,"chainId":1,"tokenAddress":"0xa52e41ddf4461f93840c9e26462ffdc333e015b9"}	{"name": "Yield Token: sw-amphrLRT-1728172816", "symbol": "YT-sw-amphrLRT-1728172816", "decimals": 18}
{"blockNumber":20274878,"chainId":1,"tokenAddress":"0xa52e41ddf4461f93840c9e26462ffdc333e015b9"}	{"name": "Yield Token: sw-amphrLRT-1728172816", "symbol": "YT-sw-amphrLRT-1728172816", "decimals": 18}
{"blockNumber":20274887,"chainId":1,"tokenAddress":"0xa52e41ddf4461f93840c9e26462ffdc333e015b9"}	{"name": "Yield Token: sw-amphrLRT-1728172816", "symbol": "YT-sw-amphrLRT-1728172816", "decimals": 18}
{"blockNumber":20274903,"chainId":1,"tokenAddress":"0xa52e41ddf4461f93840c9e26462ffdc333e015b9"}	{"name": "Yield Token: sw-amphrLRT-1728172816", "symbol": "YT-sw-amphrLRT-1728172816", "decimals": 18}
{"blockNumber":20274935,"chainId":1,"tokenAddress":"0xa52e41ddf4461f93840c9e26462ffdc333e015b9"}	{"name": "Yield Token: sw-amphrLRT-1728172816", "symbol": "YT-sw-amphrLRT-1728172816", "decimals": 18}
{"blockNumber":20286306,"chainId":1,"tokenAddress":"0xa52e41ddf4461f93840c9e26462ffdc333e015b9"}	{"name": "Yield Token: sw-amphrLRT-1728172816", "symbol": "YT-sw-amphrLRT-1728172816", "decimals": 18}
{"blockNumber":20271854,"chainId":1,"tokenAddress":"0xa52e41ddf4461f93840c9e26462ffdc333e015b9"}	{"name": "Yield Token: sw-amphrLRT-1728172816", "symbol": "YT-sw-amphrLRT-1728172816", "decimals": 18}
{"blockNumber":20271923,"chainId":1,"tokenAddress":"0xa52e41ddf4461f93840c9e26462ffdc333e015b9"}	{"name": "Yield Token: sw-amphrLRT-1728172816", "symbol": "YT-sw-amphrLRT-1728172816", "decimals": 18}
{"blockNumber":20295881,"chainId":1,"tokenAddress":"0xa52e41ddf4461f93840c9e26462ffdc333e015b9"}	{"name": "Yield Token: sw-amphrLRT-1728172816", "symbol": "YT-sw-amphrLRT-1728172816", "decimals": 18}
{"blockNumber":20313316,"chainId":1,"tokenAddress":"0xa52e41ddf4461f93840c9e26462ffdc333e015b9"}	{"name": "Yield Token: sw-amphrLRT-1728172816", "symbol": "YT-sw-amphrLRT-1728172816", "decimals": 18}
{"blockNumber":20782133,"chainId":1,"tokenAddress":"0xcf79bc535076c0e75cabcbfdebfcaeaac8bb7209"}	{"name": "Principal Token: thWAR-1741132844", "symbol": "PT-thWAR-1741132844", "decimals": 18}
{"blockNumber":20740414,"chainId":1,"tokenAddress":"0xcf79bc535076c0e75cabcbfdebfcaeaac8bb7209"}	{"name": "Principal Token: thWAR-1741132844", "symbol": "PT-thWAR-1741132844", "decimals": 18}
{"blockNumber":20740399,"chainId":1,"tokenAddress":"0xcf79bc535076c0e75cabcbfdebfcaeaac8bb7209"}	{"name": "Principal Token: thWAR-1741132844", "symbol": "PT-thWAR-1741132844", "decimals": 18}
{"blockNumber":20735382,"chainId":1,"tokenAddress":"0x4ee81b93cf490f7157144c82ff07557cffd2b86b"}	{"name": "Principal Token: sw-USUALUSDC+-1731480491", "symbol": "PT-sw-USUALUSDC+-1731480491", "decimals": 18}
{"blockNumber":20735936,"chainId":1,"tokenAddress":"0x4ee81b93cf490f7157144c82ff07557cffd2b86b"}	{"name": "Principal Token: sw-USUALUSDC+-1731480491", "symbol": "PT-sw-USUALUSDC+-1731480491", "decimals": 18}
{"blockNumber":20738411,"chainId":1,"tokenAddress":"0x4ee81b93cf490f7157144c82ff07557cffd2b86b"}	{"name": "Principal Token: sw-USUALUSDC+-1731480491", "symbol": "PT-sw-USUALUSDC+-1731480491", "decimals": 18}
{"blockNumber":20739331,"chainId":1,"tokenAddress":"0x4ee81b93cf490f7157144c82ff07557cffd2b86b"}	{"name": "Principal Token: sw-USUALUSDC+-1731480491", "symbol": "PT-sw-USUALUSDC+-1731480491", "decimals": 18}
{"blockNumber":20741027,"chainId":1,"tokenAddress":"0x4ee81b93cf490f7157144c82ff07557cffd2b86b"}	{"name": "Principal Token: sw-USUALUSDC+-1731480491", "symbol": "PT-sw-USUALUSDC+-1731480491", "decimals": 18}
{"blockNumber":20743205,"chainId":1,"tokenAddress":"0x4ee81b93cf490f7157144c82ff07557cffd2b86b"}	{"name": "Principal Token: sw-USUALUSDC+-1731480491", "symbol": "PT-sw-USUALUSDC+-1731480491", "decimals": 18}
{"blockNumber":20746333,"chainId":1,"tokenAddress":"0x4ee81b93cf490f7157144c82ff07557cffd2b86b"}	{"name": "Principal Token: sw-USUALUSDC+-1731480491", "symbol": "PT-sw-USUALUSDC+-1731480491", "decimals": 18}
{"blockNumber":20747348,"chainId":1,"tokenAddress":"0x4ee81b93cf490f7157144c82ff07557cffd2b86b"}	{"name": "Principal Token: sw-USUALUSDC+-1731480491", "symbol": "PT-sw-USUALUSDC+-1731480491", "decimals": 18}
{"blockNumber":20747916,"chainId":1,"tokenAddress":"0x4ee81b93cf490f7157144c82ff07557cffd2b86b"}	{"name": "Principal Token: sw-USUALUSDC+-1731480491", "symbol": "PT-sw-USUALUSDC+-1731480491", "decimals": 18}
{"blockNumber":20748856,"chainId":1,"tokenAddress":"0x4ee81b93cf490f7157144c82ff07557cffd2b86b"}	{"name": "Principal Token: sw-USUALUSDC+-1731480491", "symbol": "PT-sw-USUALUSDC+-1731480491", "decimals": 18}
{"blockNumber":20752756,"chainId":1,"tokenAddress":"0x4ee81b93cf490f7157144c82ff07557cffd2b86b"}	{"name": "Principal Token: sw-USUALUSDC+-1731480491", "symbol": "PT-sw-USUALUSDC+-1731480491", "decimals": 18}
{"blockNumber":20752955,"chainId":1,"tokenAddress":"0x4ee81b93cf490f7157144c82ff07557cffd2b86b"}	{"name": "Principal Token: sw-USUALUSDC+-1731480491", "symbol": "PT-sw-USUALUSDC+-1731480491", "decimals": 18}
{"blockNumber":20752969,"chainId":1,"tokenAddress":"0x4ee81b93cf490f7157144c82ff07557cffd2b86b"}	{"name": "Principal Token: sw-USUALUSDC+-1731480491", "symbol": "PT-sw-USUALUSDC+-1731480491", "decimals": 18}
{"blockNumber":20620538,"chainId":1,"tokenAddress":"0xd0097149aa4cc0d0e1fc99b8bd73fc17dc32c1e9"}	{"name": "Principal Token: wstUSR-1740182579", "symbol": "PT-wstUSR-1740182579", "decimals": 18}
{"blockNumber":20625413,"chainId":1,"tokenAddress":"0xd0097149aa4cc0d0e1fc99b8bd73fc17dc32c1e9"}	{"name": "Principal Token: wstUSR-1740182579", "symbol": "PT-wstUSR-1740182579", "decimals": 18}
{"blockNumber":20582620,"chainId":1,"tokenAddress":"0xd0097149aa4cc0d0e1fc99b8bd73fc17dc32c1e9"}	{"name": "Principal Token: wstUSR-1740182579", "symbol": "PT-wstUSR-1740182579", "decimals": 18}
{"blockNumber":20591874,"chainId":1,"tokenAddress":"0xd0097149aa4cc0d0e1fc99b8bd73fc17dc32c1e9"}	{"name": "Principal Token: wstUSR-1740182579", "symbol": "PT-wstUSR-1740182579", "decimals": 18}
{"blockNumber":20618312,"chainId":1,"tokenAddress":"0x861e65f1bf472ead79c248111d78211907130820"}	{"name": "Yield Token: wstUSR-1740182579", "symbol": "YT-wstUSR-1740182579", "decimals": 18}
{"blockNumber":20625418,"chainId":1,"tokenAddress":"0x861e65f1bf472ead79c248111d78211907130820"}	{"name": "Yield Token: wstUSR-1740182579", "symbol": "YT-wstUSR-1740182579", "decimals": 18}
{"blockNumber":20591733,"chainId":1,"tokenAddress":"0x861e65f1bf472ead79c248111d78211907130820"}	{"name": "Yield Token: wstUSR-1740182579", "symbol": "YT-wstUSR-1740182579", "decimals": 18}
{"blockNumber":20620107,"chainId":1,"tokenAddress":"0x861e65f1bf472ead79c248111d78211907130820"}	{"name": "Yield Token: wstUSR-1740182579", "symbol": "YT-wstUSR-1740182579", "decimals": 18}
{"blockNumber":20620547,"chainId":1,"tokenAddress":"0x861e65f1bf472ead79c248111d78211907130820"}	{"name": "Yield Token: wstUSR-1740182579", "symbol": "YT-wstUSR-1740182579", "decimals": 18}
{"blockNumber":20620557,"chainId":1,"tokenAddress":"0x3523de26602bec599a01da5f0ca91df9b85964e7"}	{"name": "Curve.fi Factory Crypto Pool: Spectra-PT/IBT", "symbol": "SPT-PT/IBT-f", "decimals": 18}
{"blockNumber":20591874,"chainId":1,"tokenAddress":"0x3523de26602bec599a01da5f0ca91df9b85964e7"}	{"name": "Curve.fi Factory Crypto Pool: Spectra-PT/IBT", "symbol": "SPT-PT/IBT-f", "decimals": 18}
{"blockNumber":20618312,"chainId":1,"tokenAddress":"0x3523de26602bec599a01da5f0ca91df9b85964e7"}	{"name": "Curve.fi Factory Crypto Pool: Spectra-PT/IBT", "symbol": "SPT-PT/IBT-f", "decimals": 18}
{"blockNumber":20620107,"chainId":1,"tokenAddress":"0x3523de26602bec599a01da5f0ca91df9b85964e7"}	{"name": "Curve.fi Factory Crypto Pool: Spectra-PT/IBT", "symbol": "SPT-PT/IBT-f", "decimals": 18}
{"blockNumber":20620523,"chainId":1,"tokenAddress":"0x3523de26602bec599a01da5f0ca91df9b85964e7"}	{"name": "Curve.fi Factory Crypto Pool: Spectra-PT/IBT", "symbol": "SPT-PT/IBT-f", "decimals": 18}
{"blockNumber":20620538,"chainId":1,"tokenAddress":"0x3523de26602bec599a01da5f0ca91df9b85964e7"}	{"name": "Curve.fi Factory Crypto Pool: Spectra-PT/IBT", "symbol": "SPT-PT/IBT-f", "decimals": 18}
{"blockNumber":20620547,"chainId":1,"tokenAddress":"0x3523de26602bec599a01da5f0ca91df9b85964e7"}	{"name": "Curve.fi Factory Crypto Pool: Spectra-PT/IBT", "symbol": "SPT-PT/IBT-f", "decimals": 18}
{"blockNumber":20625413,"chainId":1,"tokenAddress":"0x3523de26602bec599a01da5f0ca91df9b85964e7"}	{"name": "Curve.fi Factory Crypto Pool: Spectra-PT/IBT", "symbol": "SPT-PT/IBT-f", "decimals": 18}
{"blockNumber":20625418,"chainId":1,"tokenAddress":"0x3523de26602bec599a01da5f0ca91df9b85964e7"}	{"name": "Curve.fi Factory Crypto Pool: Spectra-PT/IBT", "symbol": "SPT-PT/IBT-f", "decimals": 18}
{"blockNumber":20591733,"chainId":1,"tokenAddress":"0x3523de26602bec599a01da5f0ca91df9b85964e7"}	{"name": "Curve.fi Factory Crypto Pool: Spectra-PT/IBT", "symbol": "SPT-PT/IBT-f", "decimals": 18}
{"blockNumber":20634266,"chainId":1,"tokenAddress":"0x9dcbd8707072f6e99ae7fdb8e4b4b982c0957adc"}	{"name": "Curve.fi Factory Crypto Pool: Spectra-PT/IBT", "symbol": "SPT-PT/IBT-f", "decimals": 18}
{"blockNumber":20598670,"chainId":1,"tokenAddress":"0x9dcbd8707072f6e99ae7fdb8e4b4b982c0957adc"}	{"name": "Curve.fi Factory Crypto Pool: Spectra-PT/IBT", "symbol": "SPT-PT/IBT-f", "decimals": 18}
{"blockNumber":20532131,"chainId":1,"tokenAddress":"0x9dcbd8707072f6e99ae7fdb8e4b4b982c0957adc"}	{"name": "Curve.fi Factory Crypto Pool: Spectra-PT/IBT", "symbol": "SPT-PT/IBT-f", "decimals": 18}
{"blockNumber":20532229,"chainId":1,"tokenAddress":"0x9dcbd8707072f6e99ae7fdb8e4b4b982c0957adc"}	{"name": "Curve.fi Factory Crypto Pool: Spectra-PT/IBT", "symbol": "SPT-PT/IBT-f", "decimals": 18}
{"blockNumber":20582831,"chainId":1,"tokenAddress":"0x9dcbd8707072f6e99ae7fdb8e4b4b982c0957adc"}	{"name": "Curve.fi Factory Crypto Pool: Spectra-PT/IBT", "symbol": "SPT-PT/IBT-f", "decimals": 18}
{"blockNumber":20588432,"chainId":1,"tokenAddress":"0x9dcbd8707072f6e99ae7fdb8e4b4b982c0957adc"}	{"name": "Curve.fi Factory Crypto Pool: Spectra-PT/IBT", "symbol": "SPT-PT/IBT-f", "decimals": 18}
{"blockNumber":20588565,"chainId":1,"tokenAddress":"0x9dcbd8707072f6e99ae7fdb8e4b4b982c0957adc"}	{"name": "Curve.fi Factory Crypto Pool: Spectra-PT/IBT", "symbol": "SPT-PT/IBT-f", "decimals": 18}
{"blockNumber":20599699,"chainId":1,"tokenAddress":"0x9dcbd8707072f6e99ae7fdb8e4b4b982c0957adc"}	{"name": "Curve.fi Factory Crypto Pool: Spectra-PT/IBT", "symbol": "SPT-PT/IBT-f", "decimals": 18}
{"blockNumber":20596734,"chainId":1,"tokenAddress":"0x9dcbd8707072f6e99ae7fdb8e4b4b982c0957adc"}	{"name": "Curve.fi Factory Crypto Pool: Spectra-PT/IBT", "symbol": "SPT-PT/IBT-f", "decimals": 18}
{"blockNumber":20606553,"chainId":1,"tokenAddress":"0x9dcbd8707072f6e99ae7fdb8e4b4b982c0957adc"}	{"name": "Curve.fi Factory Crypto Pool: Spectra-PT/IBT", "symbol": "SPT-PT/IBT-f", "decimals": 18}
{"blockNumber":20615222,"chainId":1,"tokenAddress":"0x9dcbd8707072f6e99ae7fdb8e4b4b982c0957adc"}	{"name": "Curve.fi Factory Crypto Pool: Spectra-PT/IBT", "symbol": "SPT-PT/IBT-f", "decimals": 18}
{"blockNumber":20598670,"chainId":1,"tokenAddress":"0x5a89ea1ccecfcba4a70722648056914cb8bb4506"}	{"name": "Yield Token: f50APW-50WETH-1744761606", "symbol": "YT-f50APW-50WETH-1744761606", "decimals": 18}
{"blockNumber":20532131,"chainId":1,"tokenAddress":"0x5a89ea1ccecfcba4a70722648056914cb8bb4506"}	{"name": "Yield Token: f50APW-50WETH-1744761606", "symbol": "YT-f50APW-50WETH-1744761606", "decimals": 18}
{"blockNumber":20532229,"chainId":1,"tokenAddress":"0x5a89ea1ccecfcba4a70722648056914cb8bb4506"}	{"name": "Yield Token: f50APW-50WETH-1744761606", "symbol": "YT-f50APW-50WETH-1744761606", "decimals": 18}
{"blockNumber":20588565,"chainId":1,"tokenAddress":"0x5a89ea1ccecfcba4a70722648056914cb8bb4506"}	{"name": "Yield Token: f50APW-50WETH-1744761606", "symbol": "YT-f50APW-50WETH-1744761606", "decimals": 18}
{"blockNumber":20599699,"chainId":1,"tokenAddress":"0x5a89ea1ccecfcba4a70722648056914cb8bb4506"}	{"name": "Yield Token: f50APW-50WETH-1744761606", "symbol": "YT-f50APW-50WETH-1744761606", "decimals": 18}
{"blockNumber":20596734,"chainId":1,"tokenAddress":"0x5a89ea1ccecfcba4a70722648056914cb8bb4506"}	{"name": "Yield Token: f50APW-50WETH-1744761606", "symbol": "YT-f50APW-50WETH-1744761606", "decimals": 18}
{"blockNumber":20634266,"chainId":1,"tokenAddress":"0x5a89ea1ccecfcba4a70722648056914cb8bb4506"}	{"name": "Yield Token: f50APW-50WETH-1744761606", "symbol": "YT-f50APW-50WETH-1744761606", "decimals": 18}
{"blockNumber":20754610,"chainId":1,"tokenAddress":"0x4ee81b93cf490f7157144c82ff07557cffd2b86b"}	{"name": "Principal Token: sw-USUALUSDC+-1731480491", "symbol": "PT-sw-USUALUSDC+-1731480491", "decimals": 18}
{"blockNumber":20754736,"chainId":1,"tokenAddress":"0x4ee81b93cf490f7157144c82ff07557cffd2b86b"}	{"name": "Principal Token: sw-USUALUSDC+-1731480491", "symbol": "PT-sw-USUALUSDC+-1731480491", "decimals": 18}
{"blockNumber":20765948,"chainId":1,"tokenAddress":"0x4ee81b93cf490f7157144c82ff07557cffd2b86b"}	{"name": "Principal Token: sw-USUALUSDC+-1731480491", "symbol": "PT-sw-USUALUSDC+-1731480491", "decimals": 18}
{"blockNumber":20768697,"chainId":1,"tokenAddress":"0x4ee81b93cf490f7157144c82ff07557cffd2b86b"}	{"name": "Principal Token: sw-USUALUSDC+-1731480491", "symbol": "PT-sw-USUALUSDC+-1731480491", "decimals": 18}
{"blockNumber":20778895,"chainId":1,"tokenAddress":"0x4ee81b93cf490f7157144c82ff07557cffd2b86b"}	{"name": "Principal Token: sw-USUALUSDC+-1731480491", "symbol": "PT-sw-USUALUSDC+-1731480491", "decimals": 18}
{"blockNumber":20779621,"chainId":1,"tokenAddress":"0x4ee81b93cf490f7157144c82ff07557cffd2b86b"}	{"name": "Principal Token: sw-USUALUSDC+-1731480491", "symbol": "PT-sw-USUALUSDC+-1731480491", "decimals": 18}
{"blockNumber":20726053,"chainId":1,"tokenAddress":"0x4ee81b93cf490f7157144c82ff07557cffd2b86b"}	{"name": "Principal Token: sw-USUALUSDC+-1731480491", "symbol": "PT-sw-USUALUSDC+-1731480491", "decimals": 18}
{"blockNumber":20778878,"chainId":1,"tokenAddress":"0x4ee81b93cf490f7157144c82ff07557cffd2b86b"}	{"name": "Principal Token: sw-USUALUSDC+-1731480491", "symbol": "PT-sw-USUALUSDC+-1731480491", "decimals": 18}
{"blockNumber":20726010,"chainId":1,"tokenAddress":"0x4ee81b93cf490f7157144c82ff07557cffd2b86b"}	{"name": "Principal Token: sw-USUALUSDC+-1731480491", "symbol": "PT-sw-USUALUSDC+-1731480491", "decimals": 18}
{"blockNumber":20776946,"chainId":1,"tokenAddress":"0x4ee81b93cf490f7157144c82ff07557cffd2b86b"}	{"name": "Principal Token: sw-USUALUSDC+-1731480491", "symbol": "PT-sw-USUALUSDC+-1731480491", "decimals": 18}
{"blockNumber":20754704,"chainId":1,"tokenAddress":"0x4ee81b93cf490f7157144c82ff07557cffd2b86b"}	{"name": "Principal Token: sw-USUALUSDC+-1731480491", "symbol": "PT-sw-USUALUSDC+-1731480491", "decimals": 18}
{"blockNumber":20777068,"chainId":1,"tokenAddress":"0x4ee81b93cf490f7157144c82ff07557cffd2b86b"}	{"name": "Principal Token: sw-USUALUSDC+-1731480491", "symbol": "PT-sw-USUALUSDC+-1731480491", "decimals": 18}
{"blockNumber":20746726,"chainId":1,"tokenAddress":"0x4ee81b93cf490f7157144c82ff07557cffd2b86b"}	{"name": "Principal Token: sw-USUALUSDC+-1731480491", "symbol": "PT-sw-USUALUSDC+-1731480491", "decimals": 18}
{"blockNumber":20746766,"chainId":1,"tokenAddress":"0x4ee81b93cf490f7157144c82ff07557cffd2b86b"}	{"name": "Principal Token: sw-USUALUSDC+-1731480491", "symbol": "PT-sw-USUALUSDC+-1731480491", "decimals": 18}
{"blockNumber":20753410,"chainId":1,"tokenAddress":"0x4ee81b93cf490f7157144c82ff07557cffd2b86b"}	{"name": "Principal Token: sw-USUALUSDC+-1731480491", "symbol": "PT-sw-USUALUSDC+-1731480491", "decimals": 18}
{"blockNumber":20756258,"chainId":1,"tokenAddress":"0x4ee81b93cf490f7157144c82ff07557cffd2b86b"}	{"name": "Principal Token: sw-USUALUSDC+-1731480491", "symbol": "PT-sw-USUALUSDC+-1731480491", "decimals": 18}
{"blockNumber":20782995,"chainId":1,"tokenAddress":"0x4ee81b93cf490f7157144c82ff07557cffd2b86b"}	{"name": "Principal Token: sw-USUALUSDC+-1731480491", "symbol": "PT-sw-USUALUSDC+-1731480491", "decimals": 18}
{"blockNumber":20735936,"chainId":1,"tokenAddress":"0x3b53a1a02f54c77aef429e8750b1722ef8ce9fd6"}	{"name": "Yield Token: sw-USUALUSDC+-1731480491", "symbol": "YT-sw-USUALUSDC+-1731480491", "decimals": 18}
{"blockNumber":20741027,"chainId":1,"tokenAddress":"0x3b53a1a02f54c77aef429e8750b1722ef8ce9fd6"}	{"name": "Yield Token: sw-USUALUSDC+-1731480491", "symbol": "YT-sw-USUALUSDC+-1731480491", "decimals": 18}
{"blockNumber":20752756,"chainId":1,"tokenAddress":"0x3b53a1a02f54c77aef429e8750b1722ef8ce9fd6"}	{"name": "Yield Token: sw-USUALUSDC+-1731480491", "symbol": "YT-sw-USUALUSDC+-1731480491", "decimals": 18}
{"blockNumber":20752955,"chainId":1,"tokenAddress":"0x3b53a1a02f54c77aef429e8750b1722ef8ce9fd6"}	{"name": "Yield Token: sw-USUALUSDC+-1731480491", "symbol": "YT-sw-USUALUSDC+-1731480491", "decimals": 18}
{"blockNumber":20747916,"chainId":1,"tokenAddress":"0x3b53a1a02f54c77aef429e8750b1722ef8ce9fd6"}	{"name": "Yield Token: sw-USUALUSDC+-1731480491", "symbol": "YT-sw-USUALUSDC+-1731480491", "decimals": 18}
{"blockNumber":20752969,"chainId":1,"tokenAddress":"0x3b53a1a02f54c77aef429e8750b1722ef8ce9fd6"}	{"name": "Yield Token: sw-USUALUSDC+-1731480491", "symbol": "YT-sw-USUALUSDC+-1731480491", "decimals": 18}
{"blockNumber":20765948,"chainId":1,"tokenAddress":"0x3b53a1a02f54c77aef429e8750b1722ef8ce9fd6"}	{"name": "Yield Token: sw-USUALUSDC+-1731480491", "symbol": "YT-sw-USUALUSDC+-1731480491", "decimals": 18}
{"blockNumber":20726010,"chainId":1,"tokenAddress":"0x3b53a1a02f54c77aef429e8750b1722ef8ce9fd6"}	{"name": "Yield Token: sw-USUALUSDC+-1731480491", "symbol": "YT-sw-USUALUSDC+-1731480491", "decimals": 18}
{"blockNumber":20735382,"chainId":1,"tokenAddress":"0x3b53a1a02f54c77aef429e8750b1722ef8ce9fd6"}	{"name": "Yield Token: sw-USUALUSDC+-1731480491", "symbol": "YT-sw-USUALUSDC+-1731480491", "decimals": 18}
{"blockNumber":20738411,"chainId":1,"tokenAddress":"0x3b53a1a02f54c77aef429e8750b1722ef8ce9fd6"}	{"name": "Yield Token: sw-USUALUSDC+-1731480491", "symbol": "YT-sw-USUALUSDC+-1731480491", "decimals": 18}
{"blockNumber":20739331,"chainId":1,"tokenAddress":"0x3b53a1a02f54c77aef429e8750b1722ef8ce9fd6"}	{"name": "Yield Token: sw-USUALUSDC+-1731480491", "symbol": "YT-sw-USUALUSDC+-1731480491", "decimals": 18}
{"blockNumber":20743205,"chainId":1,"tokenAddress":"0x3b53a1a02f54c77aef429e8750b1722ef8ce9fd6"}	{"name": "Yield Token: sw-USUALUSDC+-1731480491", "symbol": "YT-sw-USUALUSDC+-1731480491", "decimals": 18}
{"blockNumber":20746333,"chainId":1,"tokenAddress":"0x3b53a1a02f54c77aef429e8750b1722ef8ce9fd6"}	{"name": "Yield Token: sw-USUALUSDC+-1731480491", "symbol": "YT-sw-USUALUSDC+-1731480491", "decimals": 18}
{"blockNumber":20747348,"chainId":1,"tokenAddress":"0x3b53a1a02f54c77aef429e8750b1722ef8ce9fd6"}	{"name": "Yield Token: sw-USUALUSDC+-1731480491", "symbol": "YT-sw-USUALUSDC+-1731480491", "decimals": 18}
{"blockNumber":20748856,"chainId":1,"tokenAddress":"0x3b53a1a02f54c77aef429e8750b1722ef8ce9fd6"}	{"name": "Yield Token: sw-USUALUSDC+-1731480491", "symbol": "YT-sw-USUALUSDC+-1731480491", "decimals": 18}
{"blockNumber":20754610,"chainId":1,"tokenAddress":"0x3b53a1a02f54c77aef429e8750b1722ef8ce9fd6"}	{"name": "Yield Token: sw-USUALUSDC+-1731480491", "symbol": "YT-sw-USUALUSDC+-1731480491", "decimals": 18}
{"blockNumber":20754736,"chainId":1,"tokenAddress":"0x3b53a1a02f54c77aef429e8750b1722ef8ce9fd6"}	{"name": "Yield Token: sw-USUALUSDC+-1731480491", "symbol": "YT-sw-USUALUSDC+-1731480491", "decimals": 18}
{"blockNumber":20768697,"chainId":1,"tokenAddress":"0x3b53a1a02f54c77aef429e8750b1722ef8ce9fd6"}	{"name": "Yield Token: sw-USUALUSDC+-1731480491", "symbol": "YT-sw-USUALUSDC+-1731480491", "decimals": 18}
{"blockNumber":20778895,"chainId":1,"tokenAddress":"0x3b53a1a02f54c77aef429e8750b1722ef8ce9fd6"}	{"name": "Yield Token: sw-USUALUSDC+-1731480491", "symbol": "YT-sw-USUALUSDC+-1731480491", "decimals": 18}
{"blockNumber":20779621,"chainId":1,"tokenAddress":"0x3b53a1a02f54c77aef429e8750b1722ef8ce9fd6"}	{"name": "Yield Token: sw-USUALUSDC+-1731480491", "symbol": "YT-sw-USUALUSDC+-1731480491", "decimals": 18}
{"blockNumber":20740867,"chainId":1,"tokenAddress":"0x3a14c9de53d3f3476a74bd5c53b64cdbde5482c8"}	{"name": "Yield Token: thWAR-1741132844", "symbol": "YT-thWAR-1741132844", "decimals": 18}
{"blockNumber":20782133,"chainId":1,"tokenAddress":"0x3a14c9de53d3f3476a74bd5c53b64cdbde5482c8"}	{"name": "Yield Token: thWAR-1741132844", "symbol": "YT-thWAR-1741132844", "decimals": 18}
{"blockNumber":20740414,"chainId":1,"tokenAddress":"0x3a14c9de53d3f3476a74bd5c53b64cdbde5482c8"}	{"name": "Yield Token: thWAR-1741132844", "symbol": "YT-thWAR-1741132844", "decimals": 18}
{"blockNumber":20690567,"chainId":1,"tokenAddress":"0x3a14c9de53d3f3476a74bd5c53b64cdbde5482c8"}	{"name": "Yield Token: thWAR-1741132844", "symbol": "YT-thWAR-1741132844", "decimals": 18}
{"blockNumber":20693922,"chainId":1,"tokenAddress":"0x3a14c9de53d3f3476a74bd5c53b64cdbde5482c8"}	{"name": "Yield Token: thWAR-1741132844", "symbol": "YT-thWAR-1741132844", "decimals": 18}
{"blockNumber":20710811,"chainId":1,"tokenAddress":"0x3a14c9de53d3f3476a74bd5c53b64cdbde5482c8"}	{"name": "Yield Token: thWAR-1741132844", "symbol": "YT-thWAR-1741132844", "decimals": 18}
{"blockNumber":20716354,"chainId":1,"tokenAddress":"0x3a14c9de53d3f3476a74bd5c53b64cdbde5482c8"}	{"name": "Yield Token: thWAR-1741132844", "symbol": "YT-thWAR-1741132844", "decimals": 18}
{"blockNumber":20718294,"chainId":1,"tokenAddress":"0x3a14c9de53d3f3476a74bd5c53b64cdbde5482c8"}	{"name": "Yield Token: thWAR-1741132844", "symbol": "YT-thWAR-1741132844", "decimals": 18}
{"blockNumber":20721511,"chainId":1,"tokenAddress":"0x3a14c9de53d3f3476a74bd5c53b64cdbde5482c8"}	{"name": "Yield Token: thWAR-1741132844", "symbol": "YT-thWAR-1741132844", "decimals": 18}
{"blockNumber":20730394,"chainId":1,"tokenAddress":"0x3a14c9de53d3f3476a74bd5c53b64cdbde5482c8"}	{"name": "Yield Token: thWAR-1741132844", "symbol": "YT-thWAR-1741132844", "decimals": 18}
{"blockNumber":20731134,"chainId":1,"tokenAddress":"0x3a14c9de53d3f3476a74bd5c53b64cdbde5482c8"}	{"name": "Yield Token: thWAR-1741132844", "symbol": "YT-thWAR-1741132844", "decimals": 18}
{"blockNumber":20740399,"chainId":1,"tokenAddress":"0x9093260fa354497397928c1404241e8657639876"}	{"name": "Curve.fi Factory Crypto Pool: Spectra-PT/IBT", "symbol": "SPT-PT/IBT-f", "decimals": 18}
{"blockNumber":20710811,"chainId":1,"tokenAddress":"0x9093260fa354497397928c1404241e8657639876"}	{"name": "Curve.fi Factory Crypto Pool: Spectra-PT/IBT", "symbol": "SPT-PT/IBT-f", "decimals": 18}
{"blockNumber":20716354,"chainId":1,"tokenAddress":"0x9093260fa354497397928c1404241e8657639876"}	{"name": "Curve.fi Factory Crypto Pool: Spectra-PT/IBT", "symbol": "SPT-PT/IBT-f", "decimals": 18}
{"blockNumber":20718294,"chainId":1,"tokenAddress":"0x9093260fa354497397928c1404241e8657639876"}	{"name": "Curve.fi Factory Crypto Pool: Spectra-PT/IBT", "symbol": "SPT-PT/IBT-f", "decimals": 18}
{"blockNumber":20721511,"chainId":1,"tokenAddress":"0x9093260fa354497397928c1404241e8657639876"}	{"name": "Curve.fi Factory Crypto Pool: Spectra-PT/IBT", "symbol": "SPT-PT/IBT-f", "decimals": 18}
{"blockNumber":20730394,"chainId":1,"tokenAddress":"0x9093260fa354497397928c1404241e8657639876"}	{"name": "Curve.fi Factory Crypto Pool: Spectra-PT/IBT", "symbol": "SPT-PT/IBT-f", "decimals": 18}
{"blockNumber":20731134,"chainId":1,"tokenAddress":"0x9093260fa354497397928c1404241e8657639876"}	{"name": "Curve.fi Factory Crypto Pool: Spectra-PT/IBT", "symbol": "SPT-PT/IBT-f", "decimals": 18}
{"blockNumber":20690567,"chainId":1,"tokenAddress":"0x9093260fa354497397928c1404241e8657639876"}	{"name": "Curve.fi Factory Crypto Pool: Spectra-PT/IBT", "symbol": "SPT-PT/IBT-f", "decimals": 18}
{"blockNumber":20693922,"chainId":1,"tokenAddress":"0x9093260fa354497397928c1404241e8657639876"}	{"name": "Curve.fi Factory Crypto Pool: Spectra-PT/IBT", "symbol": "SPT-PT/IBT-f", "decimals": 18}
{"blockNumber":20782147,"chainId":1,"tokenAddress":"0x9093260fa354497397928c1404241e8657639876"}	{"name": "Curve.fi Factory Crypto Pool: Spectra-PT/IBT", "symbol": "SPT-PT/IBT-f", "decimals": 18}
{"blockNumber":20776946,"chainId":1,"tokenAddress":"0x926b0a79a0dfa26a88ce3c1fff5d38c7212fcd1b"}	{"name": "Curve.fi Factory Crypto Pool: Spectra-PT/IBT", "symbol": "SPT-PT/IBT-f", "decimals": 18}
{"blockNumber":20747916,"chainId":1,"tokenAddress":"0x926b0a79a0dfa26a88ce3c1fff5d38c7212fcd1b"}	{"name": "Curve.fi Factory Crypto Pool: Spectra-PT/IBT", "symbol": "SPT-PT/IBT-f", "decimals": 18}
{"blockNumber":20752969,"chainId":1,"tokenAddress":"0x926b0a79a0dfa26a88ce3c1fff5d38c7212fcd1b"}	{"name": "Curve.fi Factory Crypto Pool: Spectra-PT/IBT", "symbol": "SPT-PT/IBT-f", "decimals": 18}
{"blockNumber":20739331,"chainId":1,"tokenAddress":"0x926b0a79a0dfa26a88ce3c1fff5d38c7212fcd1b"}	{"name": "Curve.fi Factory Crypto Pool: Spectra-PT/IBT", "symbol": "SPT-PT/IBT-f", "decimals": 18}
{"blockNumber":20741027,"chainId":1,"tokenAddress":"0x926b0a79a0dfa26a88ce3c1fff5d38c7212fcd1b"}	{"name": "Curve.fi Factory Crypto Pool: Spectra-PT/IBT", "symbol": "SPT-PT/IBT-f", "decimals": 18}
{"blockNumber":20743205,"chainId":1,"tokenAddress":"0x926b0a79a0dfa26a88ce3c1fff5d38c7212fcd1b"}	{"name": "Curve.fi Factory Crypto Pool: Spectra-PT/IBT", "symbol": "SPT-PT/IBT-f", "decimals": 18}
{"blockNumber":20746333,"chainId":1,"tokenAddress":"0x926b0a79a0dfa26a88ce3c1fff5d38c7212fcd1b"}	{"name": "Curve.fi Factory Crypto Pool: Spectra-PT/IBT", "symbol": "SPT-PT/IBT-f", "decimals": 18}
{"blockNumber":20746726,"chainId":1,"tokenAddress":"0x926b0a79a0dfa26a88ce3c1fff5d38c7212fcd1b"}	{"name": "Curve.fi Factory Crypto Pool: Spectra-PT/IBT", "symbol": "SPT-PT/IBT-f", "decimals": 18}
{"blockNumber":20746766,"chainId":1,"tokenAddress":"0x926b0a79a0dfa26a88ce3c1fff5d38c7212fcd1b"}	{"name": "Curve.fi Factory Crypto Pool: Spectra-PT/IBT", "symbol": "SPT-PT/IBT-f", "decimals": 18}
{"blockNumber":20748856,"chainId":1,"tokenAddress":"0x926b0a79a0dfa26a88ce3c1fff5d38c7212fcd1b"}	{"name": "Curve.fi Factory Crypto Pool: Spectra-PT/IBT", "symbol": "SPT-PT/IBT-f", "decimals": 18}
{"blockNumber":20752756,"chainId":1,"tokenAddress":"0x926b0a79a0dfa26a88ce3c1fff5d38c7212fcd1b"}	{"name": "Curve.fi Factory Crypto Pool: Spectra-PT/IBT", "symbol": "SPT-PT/IBT-f", "decimals": 18}
{"blockNumber":20752955,"chainId":1,"tokenAddress":"0x926b0a79a0dfa26a88ce3c1fff5d38c7212fcd1b"}	{"name": "Curve.fi Factory Crypto Pool: Spectra-PT/IBT", "symbol": "SPT-PT/IBT-f", "decimals": 18}
{"blockNumber":20753410,"chainId":1,"tokenAddress":"0x926b0a79a0dfa26a88ce3c1fff5d38c7212fcd1b"}	{"name": "Curve.fi Factory Crypto Pool: Spectra-PT/IBT", "symbol": "SPT-PT/IBT-f", "decimals": 18}
{"blockNumber":20754610,"chainId":1,"tokenAddress":"0x926b0a79a0dfa26a88ce3c1fff5d38c7212fcd1b"}	{"name": "Curve.fi Factory Crypto Pool: Spectra-PT/IBT", "symbol": "SPT-PT/IBT-f", "decimals": 18}
{"blockNumber":20754704,"chainId":1,"tokenAddress":"0x926b0a79a0dfa26a88ce3c1fff5d38c7212fcd1b"}	{"name": "Curve.fi Factory Crypto Pool: Spectra-PT/IBT", "symbol": "SPT-PT/IBT-f", "decimals": 18}
{"blockNumber":20754736,"chainId":1,"tokenAddress":"0x926b0a79a0dfa26a88ce3c1fff5d38c7212fcd1b"}	{"name": "Curve.fi Factory Crypto Pool: Spectra-PT/IBT", "symbol": "SPT-PT/IBT-f", "decimals": 18}
{"blockNumber":20756258,"chainId":1,"tokenAddress":"0x926b0a79a0dfa26a88ce3c1fff5d38c7212fcd1b"}	{"name": "Curve.fi Factory Crypto Pool: Spectra-PT/IBT", "symbol": "SPT-PT/IBT-f", "decimals": 18}
{"blockNumber":20765948,"chainId":1,"tokenAddress":"0x926b0a79a0dfa26a88ce3c1fff5d38c7212fcd1b"}	{"name": "Curve.fi Factory Crypto Pool: Spectra-PT/IBT", "symbol": "SPT-PT/IBT-f", "decimals": 18}
{"blockNumber":20768697,"chainId":1,"tokenAddress":"0x926b0a79a0dfa26a88ce3c1fff5d38c7212fcd1b"}	{"name": "Curve.fi Factory Crypto Pool: Spectra-PT/IBT", "symbol": "SPT-PT/IBT-f", "decimals": 18}
{"blockNumber":20777006,"chainId":1,"tokenAddress":"0x926b0a79a0dfa26a88ce3c1fff5d38c7212fcd1b"}	{"name": "Curve.fi Factory Crypto Pool: Spectra-PT/IBT", "symbol": "SPT-PT/IBT-f", "decimals": 18}
{"blockNumber":20726053,"chainId":1,"tokenAddress":"0x926b0a79a0dfa26a88ce3c1fff5d38c7212fcd1b"}	{"name": "Curve.fi Factory Crypto Pool: Spectra-PT/IBT", "symbol": "SPT-PT/IBT-f", "decimals": 18}
{"blockNumber":20735382,"chainId":1,"tokenAddress":"0x926b0a79a0dfa26a88ce3c1fff5d38c7212fcd1b"}	{"name": "Curve.fi Factory Crypto Pool: Spectra-PT/IBT", "symbol": "SPT-PT/IBT-f", "decimals": 18}
{"blockNumber":20738411,"chainId":1,"tokenAddress":"0x926b0a79a0dfa26a88ce3c1fff5d38c7212fcd1b"}	{"name": "Curve.fi Factory Crypto Pool: Spectra-PT/IBT", "symbol": "SPT-PT/IBT-f", "decimals": 18}
{"blockNumber":20747348,"chainId":1,"tokenAddress":"0x926b0a79a0dfa26a88ce3c1fff5d38c7212fcd1b"}	{"name": "Curve.fi Factory Crypto Pool: Spectra-PT/IBT", "symbol": "SPT-PT/IBT-f", "decimals": 18}
{"blockNumber":20778895,"chainId":1,"tokenAddress":"0x926b0a79a0dfa26a88ce3c1fff5d38c7212fcd1b"}	{"name": "Curve.fi Factory Crypto Pool: Spectra-PT/IBT", "symbol": "SPT-PT/IBT-f", "decimals": 18}
{"blockNumber":20779621,"chainId":1,"tokenAddress":"0x926b0a79a0dfa26a88ce3c1fff5d38c7212fcd1b"}	{"name": "Curve.fi Factory Crypto Pool: Spectra-PT/IBT", "symbol": "SPT-PT/IBT-f", "decimals": 18}
{"blockNumber":20903695,"chainId":1,"tokenAddress":"0xa62ca1514944cc858a52e672df52fde0fda44a20"}	{"name": "Curve.fi Factory Crypto Pool: Spectra-PT/IBT", "symbol": "SPT-PT/IBT-f", "decimals": 18}
{"blockNumber":20905441,"chainId":1,"tokenAddress":"0xa62ca1514944cc858a52e672df52fde0fda44a20"}	{"name": "Curve.fi Factory Crypto Pool: Spectra-PT/IBT", "symbol": "SPT-PT/IBT-f", "decimals": 18}
{"blockNumber":20837684,"chainId":1,"tokenAddress":"0xa62ca1514944cc858a52e672df52fde0fda44a20"}	{"name": "Curve.fi Factory Crypto Pool: Spectra-PT/IBT", "symbol": "SPT-PT/IBT-f", "decimals": 18}
{"blockNumber":20849053,"chainId":1,"tokenAddress":"0xa62ca1514944cc858a52e672df52fde0fda44a20"}	{"name": "Curve.fi Factory Crypto Pool: Spectra-PT/IBT", "symbol": "SPT-PT/IBT-f", "decimals": 18}
{"blockNumber":20933984,"chainId":1,"tokenAddress":"0xa62ca1514944cc858a52e672df52fde0fda44a20"}	{"name": "Curve.fi Factory Crypto Pool: Spectra-PT/IBT", "symbol": "SPT-PT/IBT-f", "decimals": 18}
{"blockNumber":20828847,"chainId":1,"tokenAddress":"0xa62ca1514944cc858a52e672df52fde0fda44a20"}	{"name": "Curve.fi Factory Crypto Pool: Spectra-PT/IBT", "symbol": "SPT-PT/IBT-f", "decimals": 18}
{"blockNumber":20846721,"chainId":1,"tokenAddress":"0xa62ca1514944cc858a52e672df52fde0fda44a20"}	{"name": "Curve.fi Factory Crypto Pool: Spectra-PT/IBT", "symbol": "SPT-PT/IBT-f", "decimals": 18}
{"blockNumber":20849053,"chainId":1,"tokenAddress":"0xdfb8d94c25c8cfc4df171077fad479adaaef51c9"}	{"name": "Yield Token: sw-stkGHO-1742860812", "symbol": "YT-sw-stkGHO-1742860812", "decimals": 18}
{"blockNumber":20933989,"chainId":1,"tokenAddress":"0xdfb8d94c25c8cfc4df171077fad479adaaef51c9"}	{"name": "Yield Token: sw-stkGHO-1742860812", "symbol": "YT-sw-stkGHO-1742860812", "decimals": 18}
{"blockNumber":20828847,"chainId":1,"tokenAddress":"0xdfb8d94c25c8cfc4df171077fad479adaaef51c9"}	{"name": "Yield Token: sw-stkGHO-1742860812", "symbol": "YT-sw-stkGHO-1742860812", "decimals": 18}
{"blockNumber":20846721,"chainId":1,"tokenAddress":"0xdfb8d94c25c8cfc4df171077fad479adaaef51c9"}	{"name": "Yield Token: sw-stkGHO-1742860812", "symbol": "YT-sw-stkGHO-1742860812", "decimals": 18}
{"blockNumber":20903695,"chainId":1,"tokenAddress":"0xdfb8d94c25c8cfc4df171077fad479adaaef51c9"}	{"name": "Yield Token: sw-stkGHO-1742860812", "symbol": "YT-sw-stkGHO-1742860812", "decimals": 18}
{"blockNumber":20920846,"chainId":1,"tokenAddress":"0x6228bbf6ebc60303c822d62ed06c12ed43edeb58"}	{"name": "Curve.fi Factory Crypto Pool: Spectra-PT/IBT", "symbol": "SPT-PT/IBT-f", "decimals": 18}
{"blockNumber":20920871,"chainId":1,"tokenAddress":"0x6228bbf6ebc60303c822d62ed06c12ed43edeb58"}	{"name": "Curve.fi Factory Crypto Pool: Spectra-PT/IBT", "symbol": "SPT-PT/IBT-f", "decimals": 18}
{"blockNumber":20841693,"chainId":1,"tokenAddress":"0x6228bbf6ebc60303c822d62ed06c12ed43edeb58"}	{"name": "Curve.fi Factory Crypto Pool: Spectra-PT/IBT", "symbol": "SPT-PT/IBT-f", "decimals": 18}
{"blockNumber":20835886,"chainId":1,"tokenAddress":"0x6228bbf6ebc60303c822d62ed06c12ed43edeb58"}	{"name": "Curve.fi Factory Crypto Pool: Spectra-PT/IBT", "symbol": "SPT-PT/IBT-f", "decimals": 18}
{"blockNumber":20836979,"chainId":1,"tokenAddress":"0x6228bbf6ebc60303c822d62ed06c12ed43edeb58"}	{"name": "Curve.fi Factory Crypto Pool: Spectra-PT/IBT", "symbol": "SPT-PT/IBT-f", "decimals": 18}
{"blockNumber":20922785,"chainId":1,"tokenAddress":"0x8e82b4295996feda8648b9ce3ff6d0ec40c4f83b"}	{"name": "Yield Token: sw-amphrLRT-1742860816", "symbol": "YT-sw-amphrLRT-1742860816", "decimals": 18}
{"blockNumber":20920850,"chainId":1,"tokenAddress":"0x8e82b4295996feda8648b9ce3ff6d0ec40c4f83b"}	{"name": "Yield Token: sw-amphrLRT-1742860816", "symbol": "YT-sw-amphrLRT-1742860816", "decimals": 18}
{"blockNumber":20841693,"chainId":1,"tokenAddress":"0x8e82b4295996feda8648b9ce3ff6d0ec40c4f83b"}	{"name": "Yield Token: sw-amphrLRT-1742860816", "symbol": "YT-sw-amphrLRT-1742860816", "decimals": 18}
{"blockNumber":20835886,"chainId":1,"tokenAddress":"0x8e82b4295996feda8648b9ce3ff6d0ec40c4f83b"}	{"name": "Yield Token: sw-amphrLRT-1742860816", "symbol": "YT-sw-amphrLRT-1742860816", "decimals": 18}
{"blockNumber":20836979,"chainId":1,"tokenAddress":"0x8e82b4295996feda8648b9ce3ff6d0ec40c4f83b"}	{"name": "Yield Token: sw-amphrLRT-1742860816", "symbol": "YT-sw-amphrLRT-1742860816", "decimals": 18}
{"blockNumber":20922785,"chainId":1,"tokenAddress":"0xa5ad927a85516885f09aa1b2124a8975dc725c48"}	{"name": "Principal Token: sw-amphrLRT-1742860816", "symbol": "PT-sw-amphrLRT-1742860816", "decimals": 18}
{"blockNumber":20920850,"chainId":1,"tokenAddress":"0xa5ad927a85516885f09aa1b2124a8975dc725c48"}	{"name": "Principal Token: sw-amphrLRT-1742860816", "symbol": "PT-sw-amphrLRT-1742860816", "decimals": 18}
{"blockNumber":20835886,"chainId":1,"tokenAddress":"0xa5ad927a85516885f09aa1b2124a8975dc725c48"}	{"name": "Principal Token: sw-amphrLRT-1742860816", "symbol": "PT-sw-amphrLRT-1742860816", "decimals": 18}
{"blockNumber":20836979,"chainId":1,"tokenAddress":"0xa5ad927a85516885f09aa1b2124a8975dc725c48"}	{"name": "Principal Token: sw-amphrLRT-1742860816", "symbol": "PT-sw-amphrLRT-1742860816", "decimals": 18}
{"blockNumber":20841693,"chainId":1,"tokenAddress":"0xa5ad927a85516885f09aa1b2124a8975dc725c48"}	{"name": "Principal Token: sw-amphrLRT-1742860816", "symbol": "PT-sw-amphrLRT-1742860816", "decimals": 18}
{"blockNumber":20920846,"chainId":1,"tokenAddress":"0xa5ad927a85516885f09aa1b2124a8975dc725c48"}	{"name": "Principal Token: sw-amphrLRT-1742860816", "symbol": "PT-sw-amphrLRT-1742860816", "decimals": 18}
{"blockNumber":20920871,"chainId":1,"tokenAddress":"0xa5ad927a85516885f09aa1b2124a8975dc725c48"}	{"name": "Principal Token: sw-amphrLRT-1742860816", "symbol": "PT-sw-amphrLRT-1742860816", "decimals": 18}
{"blockNumber":20933989,"chainId":1,"tokenAddress":"0x0f7454c4537afe1243df65842c7919b5d6d6198c"}	{"name": "Principal Token: sw-stkGHO-1742860812", "symbol": "PT-sw-stkGHO-1742860812", "decimals": 18}
{"blockNumber":20828847,"chainId":1,"tokenAddress":"0x0f7454c4537afe1243df65842c7919b5d6d6198c"}	{"name": "Principal Token: sw-stkGHO-1742860812", "symbol": "PT-sw-stkGHO-1742860812", "decimals": 18}
{"blockNumber":20846721,"chainId":1,"tokenAddress":"0x0f7454c4537afe1243df65842c7919b5d6d6198c"}	{"name": "Principal Token: sw-stkGHO-1742860812", "symbol": "PT-sw-stkGHO-1742860812", "decimals": 18}
{"blockNumber":20849053,"chainId":1,"tokenAddress":"0x0f7454c4537afe1243df65842c7919b5d6d6198c"}	{"name": "Principal Token: sw-stkGHO-1742860812", "symbol": "PT-sw-stkGHO-1742860812", "decimals": 18}
{"blockNumber":20903695,"chainId":1,"tokenAddress":"0x0f7454c4537afe1243df65842c7919b5d6d6198c"}	{"name": "Principal Token: sw-stkGHO-1742860812", "symbol": "PT-sw-stkGHO-1742860812", "decimals": 18}
{"blockNumber":20933984,"chainId":1,"tokenAddress":"0x0f7454c4537afe1243df65842c7919b5d6d6198c"}	{"name": "Principal Token: sw-stkGHO-1742860812", "symbol": "PT-sw-stkGHO-1742860812", "decimals": 18}
{"blockNumber":20939936,"chainId":1,"tokenAddress":"0x57e9ebeb30852d31f99a08e39068d93b0d8fc917"}	{"name": "Principal Token: sw-ynETH-1735516827", "symbol": "PT-sw-ynETH-1735516827", "decimals": 18}
{"blockNumber":20939936,"chainId":1,"tokenAddress":"0x85f05383f7cb67f35385f7bf3b74e68f4795cbb9"}	{"name": "Curve.fi Factory Crypto Pool: Spectra-PT/IBT", "symbol": "SPT-PT/IBT-f", "decimals": 18}
{"blockNumber":20939936,"chainId":1,"tokenAddress":"0x52aceff7804bb5f251926d5a53a12cb8488efa71"}	{"name": "Yield Token: sw-ynETH-1735516827", "symbol": "YT-sw-ynETH-1735516827", "decimals": 18}
{"blockNumber":21118006,"chainId":1,"tokenAddress":"0xe835a841c2a4c55c62ab0162b2a8f9921d41c645"}	{"name": "Principal Token: sw-hETH-1746316809", "symbol": "PT-sw-hETH-1746316809", "decimals": 18}
{"blockNumber":21123670,"chainId":1,"tokenAddress":"0xe835a841c2a4c55c62ab0162b2a8f9921d41c645"}	{"name": "Principal Token: sw-hETH-1746316809", "symbol": "PT-sw-hETH-1746316809", "decimals": 18}
{"blockNumber":21135613,"chainId":1,"tokenAddress":"0xe835a841c2a4c55c62ab0162b2a8f9921d41c645"}	{"name": "Principal Token: sw-hETH-1746316809", "symbol": "PT-sw-hETH-1746316809", "decimals": 18}
{"blockNumber":21123713,"chainId":1,"tokenAddress":"0xe835a841c2a4c55c62ab0162b2a8f9921d41c645"}	{"name": "Principal Token: sw-hETH-1746316809", "symbol": "PT-sw-hETH-1746316809", "decimals": 18}
{"blockNumber":21142489,"chainId":1,"tokenAddress":"0x86fa5e412f82bec8e911ca1a44e5daead7136930"}	{"name": "Principal Token: sw-eBTC-1746403213", "symbol": "PT-sw-eBTC-1746403213", "decimals": 8}
{"blockNumber":21123713,"chainId":1,"tokenAddress":"0x8e36baf17dde6d1edfc94e9832d2e119779fa4f5"}	{"name": "Curve.fi Factory Crypto Pool: Spectra-PT/IBT", "symbol": "SPT-PT/IBT-f", "decimals": 18}
{"blockNumber":21118006,"chainId":1,"tokenAddress":"0x8e36baf17dde6d1edfc94e9832d2e119779fa4f5"}	{"name": "Curve.fi Factory Crypto Pool: Spectra-PT/IBT", "symbol": "SPT-PT/IBT-f", "decimals": 18}
{"blockNumber":21123670,"chainId":1,"tokenAddress":"0x8e36baf17dde6d1edfc94e9832d2e119779fa4f5"}	{"name": "Curve.fi Factory Crypto Pool: Spectra-PT/IBT", "symbol": "SPT-PT/IBT-f", "decimals": 18}
{"blockNumber":21133867,"chainId":1,"tokenAddress":"0x8e36baf17dde6d1edfc94e9832d2e119779fa4f5"}	{"name": "Curve.fi Factory Crypto Pool: Spectra-PT/IBT", "symbol": "SPT-PT/IBT-f", "decimals": 18}
{"blockNumber":21134274,"chainId":1,"tokenAddress":"0x8e36baf17dde6d1edfc94e9832d2e119779fa4f5"}	{"name": "Curve.fi Factory Crypto Pool: Spectra-PT/IBT", "symbol": "SPT-PT/IBT-f", "decimals": 18}
{"blockNumber":21135613,"chainId":1,"tokenAddress":"0x8e36baf17dde6d1edfc94e9832d2e119779fa4f5"}	{"name": "Curve.fi Factory Crypto Pool: Spectra-PT/IBT", "symbol": "SPT-PT/IBT-f", "decimals": 18}
{"blockNumber":21118006,"chainId":1,"tokenAddress":"0x70d0478c4dee033902f0187814a751936513fc93"}	{"name": "Yield Token: sw-hETH-1746316809", "symbol": "YT-sw-hETH-1746316809", "decimals": 18}
{"blockNumber":21123670,"chainId":1,"tokenAddress":"0x70d0478c4dee033902f0187814a751936513fc93"}	{"name": "Yield Token: sw-hETH-1746316809", "symbol": "YT-sw-hETH-1746316809", "decimals": 18}
{"blockNumber":21135613,"chainId":1,"tokenAddress":"0x70d0478c4dee033902f0187814a751936513fc93"}	{"name": "Yield Token: sw-hETH-1746316809", "symbol": "YT-sw-hETH-1746316809", "decimals": 18}
{"blockNumber":21142489,"chainId":1,"tokenAddress":"0xe2e33e45c2322e7bccb15973caab28e27489fc61"}	{"name": "Yield Token: sw-eBTC-1746403213", "symbol": "YT-sw-eBTC-1746403213", "decimals": 8}
{"blockNumber":21142489,"chainId":1,"tokenAddress":"0xf0ce4940445a2dc0338a6669a90d6817c617419d"}	{"name": "Curve.fi Factory Crypto Pool: Spectra-PT/IBT", "symbol": "SPT-PT/IBT-f", "decimals": 18}
{"blockNumber":21278927,"chainId":1,"tokenAddress":"0x729908238075f050fa25ab8e50051d28acae0588"}	{"name": "Principal Token: scrvUSD-1747180822", "symbol": "PT-scrvUSD-1747180822", "decimals": 18}
{"blockNumber":21285555,"chainId":1,"tokenAddress":"0x729908238075f050fa25ab8e50051d28acae0588"}	{"name": "Principal Token: scrvUSD-1747180822", "symbol": "PT-scrvUSD-1747180822", "decimals": 18}
{"blockNumber":21278927,"chainId":1,"tokenAddress":"0xce664f6e46fdcafdc4841c6b47c91021b0f34a43"}	{"name": "Curve.fi Factory Crypto Pool: Spectra-PT/IBT", "symbol": "SPT-PT/IBT-f", "decimals": 18}
{"blockNumber":21278927,"chainId":1,"tokenAddress":"0xd421352e09bade9b07b54bf3c95d359b1e041f05"}	{"name": "Yield Token: scrvUSD-1747180822", "symbol": "YT-scrvUSD-1747180822", "decimals": 18}
{"blockNumber":21335831,"chainId":1,"tokenAddress":"0xbba9b8e2f698d2b1d79b6ee9fb05ac2520696f6d"}	{"name": "Principal Token: sw-ynETH-1743379491", "symbol": "PT-sw-ynETH-1743379491", "decimals": 18}
{"blockNumber":21335831,"chainId":1,"tokenAddress":"0xc5773fb124cc02fa865bfb968de8ffa43bc1902f"}	{"name": "Yield Token: sw-ynETH-1743379491", "symbol": "YT-sw-ynETH-1743379491", "decimals": 18}
{"blockNumber":21335831,"chainId":1,"tokenAddress":"0x2408569177553a427dd6956e1717f2fbe1a96f1d"}	{"name": "Curve.fi Factory Crypto Pool: Spectra-PT/IBT", "symbol": "SPT-PT/IBT-f", "decimals": 18}
