id	output
{"blockNumber":22370132,"chainId":1,"poolAddress":"0x6b6e36e0516b3020dff0edd01fe90c18774de709","poolType":"CURVE_SNG"}	{"ptAdminBalance": "0", "ibtAdminBalance": "0"}
{"blockNumber":22375551,"chainId":1,"poolAddress":"0x6b6e36e0516b3020dff0edd01fe90c18774de709","poolType":"CURVE_SNG"}	{"ptAdminBalance": "0", "ibtAdminBalance": "0"}
{"blockNumber":22375557,"chainId":1,"poolAddress":"0x6b6e36e0516b3020dff0edd01fe90c18774de709","poolType":"CURVE_SNG"}	{"ptAdminBalance": "0", "ibtAdminBalance": "0"}
{"blockNumber":22375877,"chainId":1,"poolAddress":"0x6b6e36e0516b3020dff0edd01fe90c18774de709","poolType":"CURVE_SNG"}	{"ptAdminBalance": "0", "ibtAdminBalance": "0"}
{"blockNumber":22377237,"chainId":1,"poolAddress":"0x6b6e36e0516b3020dff0edd01fe90c18774de709","poolType":"CURVE_SNG"}	{"ptAdminBalance": "0", "ibtAdminBalance": "0"}
{"blockNumber":22381401,"chainId":1,"poolAddress":"0xf2f4b713093f9d34cfcb3dadffa58a6ac0bee1ff","poolType":"CURVE_SNG"}	{"ptAdminBalance": "0", "ibtAdminBalance": "0"}
{"blockNumber":22381421,"chainId":1,"poolAddress":"0x2fe6c0f3f8e7821bb3e2164247aa24e1fd77e9e3","poolType":"CURVE_SNG"}	{"ptAdminBalance": "0", "ibtAdminBalance": "0"}
{"blockNumber":22385071,"chainId":1,"poolAddress":"0x6b6e36e0516b3020dff0edd01fe90c18774de709","poolType":"CURVE_SNG"}	{"ptAdminBalance": "0", "ibtAdminBalance": "0"}
{"blockNumber":22387681,"chainId":1,"poolAddress":"0x6b6e36e0516b3020dff0edd01fe90c18774de709","poolType":"CURVE_SNG"}	{"ptAdminBalance": "0", "ibtAdminBalance": "0"}
{"blockNumber":22389002,"chainId":1,"poolAddress":"0x6b6e36e0516b3020dff0edd01fe90c18774de709","poolType":"CURVE_SNG"}	{"ptAdminBalance": "0", "ibtAdminBalance": "0"}
{"blockNumber":22389635,"chainId":1,"poolAddress":"0x6b6e36e0516b3020dff0edd01fe90c18774de709","poolType":"CURVE_SNG"}	{"ptAdminBalance": "0", "ibtAdminBalance": "0"}
{"blockNumber":22390540,"chainId":1,"poolAddress":"0x6b6e36e0516b3020dff0edd01fe90c18774de709","poolType":"CURVE_SNG"}	{"ptAdminBalance": "0", "ibtAdminBalance": "0"}
{"blockNumber":22391593,"chainId":1,"poolAddress":"0x6b6e36e0516b3020dff0edd01fe90c18774de709","poolType":"CURVE_SNG"}	{"ptAdminBalance": "0", "ibtAdminBalance": "0"}
{"blockNumber":22391911,"chainId":1,"poolAddress":"0x6b6e36e0516b3020dff0edd01fe90c18774de709","poolType":"CURVE_SNG"}	{"ptAdminBalance": "0", "ibtAdminBalance": "0"}
{"blockNumber":22392652,"chainId":1,"poolAddress":"0x6b6e36e0516b3020dff0edd01fe90c18774de709","poolType":"CURVE_SNG"}	{"ptAdminBalance": "0", "ibtAdminBalance": "0"}
{"blockNumber":22393198,"chainId":1,"poolAddress":"0x6b6e36e0516b3020dff0edd01fe90c18774de709","poolType":"CURVE_SNG"}	{"ptAdminBalance": "0", "ibtAdminBalance": "0"}
{"blockNumber":22395778,"chainId":1,"poolAddress":"0x6b6e36e0516b3020dff0edd01fe90c18774de709","poolType":"CURVE_SNG"}	{"ptAdminBalance": "0", "ibtAdminBalance": "0"}
{"blockNumber":22396392,"chainId":1,"poolAddress":"0x6b6e36e0516b3020dff0edd01fe90c18774de709","poolType":"CURVE_SNG"}	{"ptAdminBalance": "0", "ibtAdminBalance": "0"}
{"blockNumber":22396457,"chainId":1,"poolAddress":"0x6b6e36e0516b3020dff0edd01fe90c18774de709","poolType":"CURVE_SNG"}	{"ptAdminBalance": "0", "ibtAdminBalance": "0"}
{"blockNumber":22396541,"chainId":1,"poolAddress":"0x6b6e36e0516b3020dff0edd01fe90c18774de709","poolType":"CURVE_SNG"}	{"ptAdminBalance": "0", "ibtAdminBalance": "0"}
{"blockNumber":22396568,"chainId":1,"poolAddress":"0x6b6e36e0516b3020dff0edd01fe90c18774de709","poolType":"CURVE_SNG"}	{"ptAdminBalance": "0", "ibtAdminBalance": "0"}
{"blockNumber":22400411,"chainId":1,"poolAddress":"0x6b6e36e0516b3020dff0edd01fe90c18774de709","poolType":"CURVE_SNG"}	{"ptAdminBalance": "0", "ibtAdminBalance": "0"}
{"blockNumber":22401503,"chainId":1,"poolAddress":"0x6b6e36e0516b3020dff0edd01fe90c18774de709","poolType":"CURVE_SNG"}	{"ptAdminBalance": "0", "ibtAdminBalance": "0"}
{"blockNumber":22402377,"chainId":1,"poolAddress":"0x6b6e36e0516b3020dff0edd01fe90c18774de709","poolType":"CURVE_SNG"}	{"ptAdminBalance": "0", "ibtAdminBalance": "0"}
{"blockNumber":22405513,"chainId":1,"poolAddress":"0x6b6e36e0516b3020dff0edd01fe90c18774de709","poolType":"CURVE_SNG"}	{"ptAdminBalance": "0", "ibtAdminBalance": "0"}
{"blockNumber":22415891,"chainId":1,"poolAddress":"0x6b6e36e0516b3020dff0edd01fe90c18774de709","poolType":"CURVE_SNG"}	{"ptAdminBalance": "0", "ibtAdminBalance": "0"}
{"blockNumber":22415967,"chainId":1,"poolAddress":"0x6b6e36e0516b3020dff0edd01fe90c18774de709","poolType":"CURVE_SNG"}	{"ptAdminBalance": "0", "ibtAdminBalance": "0"}
{"blockNumber":22416446,"chainId":1,"poolAddress":"0x6b6e36e0516b3020dff0edd01fe90c18774de709","poolType":"CURVE_SNG"}	{"ptAdminBalance": "0", "ibtAdminBalance": "0"}
{"blockNumber":22422777,"chainId":1,"poolAddress":"0x6b6e36e0516b3020dff0edd01fe90c18774de709","poolType":"CURVE_SNG"}	{"ptAdminBalance": "0", "ibtAdminBalance": "0"}
{"blockNumber":22422820,"chainId":1,"poolAddress":"0x6b6e36e0516b3020dff0edd01fe90c18774de709","poolType":"CURVE_SNG"}	{"ptAdminBalance": "0", "ibtAdminBalance": "0"}
{"blockNumber":22423509,"chainId":1,"poolAddress":"0x01149e8aff4efc8a59c96d6750bb7d3900577603","poolType":"CURVE_SNG"}	{"ptAdminBalance": "0", "ibtAdminBalance": "0"}
{"blockNumber":22423799,"chainId":1,"poolAddress":"0x6b6e36e0516b3020dff0edd01fe90c18774de709","poolType":"CURVE_SNG"}	{"ptAdminBalance": "0", "ibtAdminBalance": "0"}
{"blockNumber":22425550,"chainId":1,"poolAddress":"0x01149e8aff4efc8a59c96d6750bb7d3900577603","poolType":"CURVE_SNG"}	{"ptAdminBalance": "0", "ibtAdminBalance": "0"}
{"blockNumber":22427562,"chainId":1,"poolAddress":"0x6b6e36e0516b3020dff0edd01fe90c18774de709","poolType":"CURVE_SNG"}	{"ptAdminBalance": "0", "ibtAdminBalance": "0"}
{"blockNumber":22515396,"chainId":1,"poolAddress":"0x6b6e36e0516b3020dff0edd01fe90c18774de709","poolType":"CURVE_SNG"}	{"ptAdminBalance": "0", "ibtAdminBalance": "0"}
{"blockNumber":22516370,"chainId":1,"poolAddress":"0x6b6e36e0516b3020dff0edd01fe90c18774de709","poolType":"CURVE_SNG"}	{"ptAdminBalance": "0", "ibtAdminBalance": "0"}
{"blockNumber":22516748,"chainId":1,"poolAddress":"0x6b6e36e0516b3020dff0edd01fe90c18774de709","poolType":"CURVE_SNG"}	{"ptAdminBalance": "0", "ibtAdminBalance": "0"}
{"blockNumber":22453450,"chainId":1,"poolAddress":"0x6b6e36e0516b3020dff0edd01fe90c18774de709","poolType":"CURVE_SNG"}	{"ptAdminBalance": "0", "ibtAdminBalance": "0"}
{"blockNumber":22505625,"chainId":1,"poolAddress":"0x6b6e36e0516b3020dff0edd01fe90c18774de709","poolType":"CURVE_SNG"}	{"ptAdminBalance": "0", "ibtAdminBalance": "0"}
{"blockNumber":22449999,"chainId":1,"poolAddress":"0x6b6e36e0516b3020dff0edd01fe90c18774de709","poolType":"CURVE_SNG"}	{"ptAdminBalance": "0", "ibtAdminBalance": "0"}
{"blockNumber":22452067,"chainId":1,"poolAddress":"0x6b6e36e0516b3020dff0edd01fe90c18774de709","poolType":"CURVE_SNG"}	{"ptAdminBalance": "0", "ibtAdminBalance": "0"}
{"blockNumber":22451010,"chainId":1,"poolAddress":"0x6b6e36e0516b3020dff0edd01fe90c18774de709","poolType":"CURVE_SNG"}	{"ptAdminBalance": "0", "ibtAdminBalance": "0"}
{"blockNumber":22474004,"chainId":1,"poolAddress":"0x6b6e36e0516b3020dff0edd01fe90c18774de709","poolType":"CURVE_SNG"}	{"ptAdminBalance": "0", "ibtAdminBalance": "0"}
{"blockNumber":22479226,"chainId":1,"poolAddress":"0x6b6e36e0516b3020dff0edd01fe90c18774de709","poolType":"CURVE_SNG"}	{"ptAdminBalance": "0", "ibtAdminBalance": "0"}
{"blockNumber":22516768,"chainId":1,"poolAddress":"0x6b6e36e0516b3020dff0edd01fe90c18774de709","poolType":"CURVE_SNG"}	{"ptAdminBalance": "0", "ibtAdminBalance": "0"}
{"blockNumber":22531910,"chainId":1,"poolAddress":"0x6b6e36e0516b3020dff0edd01fe90c18774de709","poolType":"CURVE_SNG"}	{"ptAdminBalance": "0", "ibtAdminBalance": "0"}
{"blockNumber":22475601,"chainId":1,"poolAddress":"0x6b6e36e0516b3020dff0edd01fe90c18774de709","poolType":"CURVE_SNG"}	{"ptAdminBalance": "0", "ibtAdminBalance": "0"}
{"blockNumber":22455458,"chainId":1,"poolAddress":"0x6b6e36e0516b3020dff0edd01fe90c18774de709","poolType":"CURVE_SNG"}	{"ptAdminBalance": "0", "ibtAdminBalance": "0"}
{"blockNumber":22484485,"chainId":1,"poolAddress":"0x6b6e36e0516b3020dff0edd01fe90c18774de709","poolType":"CURVE_SNG"}	{"ptAdminBalance": "0", "ibtAdminBalance": "0"}
{"blockNumber":22514176,"chainId":1,"poolAddress":"0x6b6e36e0516b3020dff0edd01fe90c18774de709","poolType":"CURVE_SNG"}	{"ptAdminBalance": "0", "ibtAdminBalance": "0"}
{"blockNumber":22515406,"chainId":1,"poolAddress":"0x6b6e36e0516b3020dff0edd01fe90c18774de709","poolType":"CURVE_SNG"}	{"ptAdminBalance": "0", "ibtAdminBalance": "0"}
{"blockNumber":22516714,"chainId":1,"poolAddress":"0x6b6e36e0516b3020dff0edd01fe90c18774de709","poolType":"CURVE_SNG"}	{"ptAdminBalance": "0", "ibtAdminBalance": "0"}
{"blockNumber":22437438,"chainId":1,"poolAddress":"0x6b6e36e0516b3020dff0edd01fe90c18774de709","poolType":"CURVE_SNG"}	{"ptAdminBalance": "0", "ibtAdminBalance": "0"}
{"blockNumber":22465475,"chainId":1,"poolAddress":"0x6b6e36e0516b3020dff0edd01fe90c18774de709","poolType":"CURVE_SNG"}	{"ptAdminBalance": "0", "ibtAdminBalance": "0"}
{"blockNumber":22494197,"chainId":1,"poolAddress":"0x6b6e36e0516b3020dff0edd01fe90c18774de709","poolType":"CURVE_SNG"}	{"ptAdminBalance": "0", "ibtAdminBalance": "0"}
{"blockNumber":22443861,"chainId":1,"poolAddress":"0x6b6e36e0516b3020dff0edd01fe90c18774de709","poolType":"CURVE_SNG"}	{"ptAdminBalance": "0", "ibtAdminBalance": "0"}
{"blockNumber":22475608,"chainId":1,"poolAddress":"0x6b6e36e0516b3020dff0edd01fe90c18774de709","poolType":"CURVE_SNG"}	{"ptAdminBalance": "0", "ibtAdminBalance": "0"}
{"blockNumber":22497024,"chainId":1,"poolAddress":"0x6b6e36e0516b3020dff0edd01fe90c18774de709","poolType":"CURVE_SNG"}	{"ptAdminBalance": "0", "ibtAdminBalance": "0"}
{"blockNumber":22453466,"chainId":1,"poolAddress":"0x6b6e36e0516b3020dff0edd01fe90c18774de709","poolType":"CURVE_SNG"}	{"ptAdminBalance": "0", "ibtAdminBalance": "0"}
{"blockNumber":22455474,"chainId":1,"poolAddress":"0x6b6e36e0516b3020dff0edd01fe90c18774de709","poolType":"CURVE_SNG"}	{"ptAdminBalance": "0", "ibtAdminBalance": "0"}
{"blockNumber":22516877,"chainId":1,"poolAddress":"0x6b6e36e0516b3020dff0edd01fe90c18774de709","poolType":"CURVE_SNG"}	{"ptAdminBalance": "0", "ibtAdminBalance": "0"}
{"blockNumber":22449934,"chainId":1,"poolAddress":"0x6b6e36e0516b3020dff0edd01fe90c18774de709","poolType":"CURVE_SNG"}	{"ptAdminBalance": "0", "ibtAdminBalance": "0"}
{"blockNumber":22451917,"chainId":1,"poolAddress":"0x6b6e36e0516b3020dff0edd01fe90c18774de709","poolType":"CURVE_SNG"}	{"ptAdminBalance": "0", "ibtAdminBalance": "0"}
{"blockNumber":22470007,"chainId":1,"poolAddress":"0x6b6e36e0516b3020dff0edd01fe90c18774de709","poolType":"CURVE_SNG"}	{"ptAdminBalance": "0", "ibtAdminBalance": "0"}
{"blockNumber":22445595,"chainId":1,"poolAddress":"0xa95a5eb4f639ddc9cd0b431036eb2cc2d018c18c","poolType":"CURVE_SNG"}	{"ptAdminBalance": "369727162466843101", "ibtAdminBalance": "210220522356239003"}
{"blockNumber":22460968,"chainId":1,"poolAddress":"0xa95a5eb4f639ddc9cd0b431036eb2cc2d018c18c","poolType":"CURVE_SNG"}	{"ptAdminBalance": "369727162466843101", "ibtAdminBalance": "210220522356239003"}
{"blockNumber":22465905,"chainId":1,"poolAddress":"0x702bb558601e597b513f704e2017e378912baf96","poolType":"CURVE_SNG"}	{"ptAdminBalance": "0", "ibtAdminBalance": "0"}
{"blockNumber":22591938,"chainId":1,"poolAddress":"0x6b6e36e0516b3020dff0edd01fe90c18774de709","poolType":"CURVE_SNG"}	{"ptAdminBalance": "0", "ibtAdminBalance": "0"}
{"blockNumber":22554859,"chainId":1,"poolAddress":"0x6b6e36e0516b3020dff0edd01fe90c18774de709","poolType":"CURVE_SNG"}	{"ptAdminBalance": "0", "ibtAdminBalance": "0"}
{"blockNumber":22584642,"chainId":1,"poolAddress":"0x6b6e36e0516b3020dff0edd01fe90c18774de709","poolType":"CURVE_SNG"}	{"ptAdminBalance": "0", "ibtAdminBalance": "0"}
{"blockNumber":22549404,"chainId":1,"poolAddress":"0x6b6e36e0516b3020dff0edd01fe90c18774de709","poolType":"CURVE_SNG"}	{"ptAdminBalance": "0", "ibtAdminBalance": "0"}
{"blockNumber":22607955,"chainId":1,"poolAddress":"0x6b6e36e0516b3020dff0edd01fe90c18774de709","poolType":"CURVE_SNG"}	{"ptAdminBalance": "0", "ibtAdminBalance": "0"}
{"blockNumber":22637440,"chainId":1,"poolAddress":"0x6b6e36e0516b3020dff0edd01fe90c18774de709","poolType":"CURVE_SNG"}	{"ptAdminBalance": "0", "ibtAdminBalance": "0"}
{"blockNumber":22642076,"chainId":1,"poolAddress":"0x6b6e36e0516b3020dff0edd01fe90c18774de709","poolType":"CURVE_SNG"}	{"ptAdminBalance": "0", "ibtAdminBalance": "0"}
{"blockNumber":22559300,"chainId":1,"poolAddress":"0x6b6e36e0516b3020dff0edd01fe90c18774de709","poolType":"CURVE_SNG"}	{"ptAdminBalance": "0", "ibtAdminBalance": "0"}
{"blockNumber":22591932,"chainId":1,"poolAddress":"0x6b6e36e0516b3020dff0edd01fe90c18774de709","poolType":"CURVE_SNG"}	{"ptAdminBalance": "0", "ibtAdminBalance": "0"}
{"blockNumber":22598882,"chainId":1,"poolAddress":"0x6b6e36e0516b3020dff0edd01fe90c18774de709","poolType":"CURVE_SNG"}	{"ptAdminBalance": "0", "ibtAdminBalance": "0"}
{"blockNumber":22642543,"chainId":1,"poolAddress":"0x6b6e36e0516b3020dff0edd01fe90c18774de709","poolType":"CURVE_SNG"}	{"ptAdminBalance": "0", "ibtAdminBalance": "0"}
{"blockNumber":22601382,"chainId":1,"poolAddress":"0x6b6e36e0516b3020dff0edd01fe90c18774de709","poolType":"CURVE_SNG"}	{"ptAdminBalance": "0", "ibtAdminBalance": "0"}
{"blockNumber":22589887,"chainId":1,"poolAddress":"0x702bb558601e597b513f704e2017e378912baf96","poolType":"CURVE_SNG"}	{"ptAdminBalance": "0", "ibtAdminBalance": "0"}
{"blockNumber":22595453,"chainId":1,"poolAddress":"0x702bb558601e597b513f704e2017e378912baf96","poolType":"CURVE_SNG"}	{"ptAdminBalance": "0", "ibtAdminBalance": "0"}
{"blockNumber":22569772,"chainId":1,"poolAddress":"0x1ed0bea7db2815283da9e184145386bd7789a735","poolType":"CURVE_SNG"}	{"ptAdminBalance": "0", "ibtAdminBalance": "0"}
{"blockNumber":22572183,"chainId":1,"poolAddress":"0x1ed0bea7db2815283da9e184145386bd7789a735","poolType":"CURVE_SNG"}	{"ptAdminBalance": "0", "ibtAdminBalance": "0"}
{"blockNumber":22583294,"chainId":1,"poolAddress":"0xcbe13315809acf6d7b92472fcb9546655b874ee7","poolType":"CURVE_SNG"}	{"ptAdminBalance": "0", "ibtAdminBalance": "0"}
{"blockNumber":22628021,"chainId":1,"poolAddress":"0x1253e519aedc35f9da29a14e155f64605d5144ce","poolType":"CURVE_SNG"}	{"ptAdminBalance": "0", "ibtAdminBalance": "0"}
{"blockNumber":22633853,"chainId":1,"poolAddress":"0xab663a50ef56d064ecc27b2656ed6889ea70e502","poolType":"CURVE_SNG"}	{"ptAdminBalance": "0", "ibtAdminBalance": "0"}
{"blockNumber":22633909,"chainId":1,"poolAddress":"0x21ff331d1928cb7fde9a151d43eba4ebee843e87","poolType":"CURVE_SNG"}	{"ptAdminBalance": "0", "ibtAdminBalance": "0"}
{"blockNumber":22633964,"chainId":1,"poolAddress":"0x17a23e49ae0209b5243090c138e800c4ca1921e9","poolType":"CURVE_SNG"}	{"ptAdminBalance": "0", "ibtAdminBalance": "0"}
{"blockNumber":22719360,"chainId":1,"poolAddress":"0x17a23e49ae0209b5243090c138e800c4ca1921e9","poolType":"CURVE_SNG"}	{"ptAdminBalance": "0", "ibtAdminBalance": "0"}
{"blockNumber":22719782,"chainId":1,"poolAddress":"0x17a23e49ae0209b5243090c138e800c4ca1921e9","poolType":"CURVE_SNG"}	{"ptAdminBalance": "0", "ibtAdminBalance": "0"}
{"blockNumber":22719763,"chainId":1,"poolAddress":"0x17a23e49ae0209b5243090c138e800c4ca1921e9","poolType":"CURVE_SNG"}	{"ptAdminBalance": "0", "ibtAdminBalance": "0"}
{"blockNumber":22695101,"chainId":1,"poolAddress":"0x17a23e49ae0209b5243090c138e800c4ca1921e9","poolType":"CURVE_SNG"}	{"ptAdminBalance": "0", "ibtAdminBalance": "0"}
{"blockNumber":22709894,"chainId":1,"poolAddress":"0x17a23e49ae0209b5243090c138e800c4ca1921e9","poolType":"CURVE_SNG"}	{"ptAdminBalance": "0", "ibtAdminBalance": "0"}
{"blockNumber":22701567,"chainId":1,"poolAddress":"0x17a23e49ae0209b5243090c138e800c4ca1921e9","poolType":"CURVE_SNG"}	{"ptAdminBalance": "0", "ibtAdminBalance": "0"}
{"blockNumber":22723558,"chainId":1,"poolAddress":"0x17a23e49ae0209b5243090c138e800c4ca1921e9","poolType":"CURVE_SNG"}	{"ptAdminBalance": "0", "ibtAdminBalance": "0"}
{"blockNumber":22716019,"chainId":1,"poolAddress":"0x17a23e49ae0209b5243090c138e800c4ca1921e9","poolType":"CURVE_SNG"}	{"ptAdminBalance": "0", "ibtAdminBalance": "0"}
{"blockNumber":22722561,"chainId":1,"poolAddress":"0x17a23e49ae0209b5243090c138e800c4ca1921e9","poolType":"CURVE_SNG"}	{"ptAdminBalance": "0", "ibtAdminBalance": "0"}
{"blockNumber":22703558,"chainId":1,"poolAddress":"0xcbe13315809acf6d7b92472fcb9546655b874ee7","poolType":"CURVE_SNG"}	{"ptAdminBalance": "0", "ibtAdminBalance": "0"}
{"blockNumber":22706545,"chainId":1,"poolAddress":"0xcbe13315809acf6d7b92472fcb9546655b874ee7","poolType":"CURVE_SNG"}	{"ptAdminBalance": "0", "ibtAdminBalance": "0"}
{"blockNumber":22731239,"chainId":1,"poolAddress":"0xcbe13315809acf6d7b92472fcb9546655b874ee7","poolType":"CURVE_SNG"}	{"ptAdminBalance": "0", "ibtAdminBalance": "0"}
{"blockNumber":22695511,"chainId":1,"poolAddress":"0xcbe13315809acf6d7b92472fcb9546655b874ee7","poolType":"CURVE_SNG"}	{"ptAdminBalance": "0", "ibtAdminBalance": "0"}
{"blockNumber":22683778,"chainId":1,"poolAddress":"0x6b6e36e0516b3020dff0edd01fe90c18774de709","poolType":"CURVE_SNG"}	{"ptAdminBalance": "0", "ibtAdminBalance": "0"}
{"blockNumber":22696521,"chainId":1,"poolAddress":"0x6b6e36e0516b3020dff0edd01fe90c18774de709","poolType":"CURVE_SNG"}	{"ptAdminBalance": "0", "ibtAdminBalance": "0"}
{"blockNumber":22697100,"chainId":1,"poolAddress":"0x6b6e36e0516b3020dff0edd01fe90c18774de709","poolType":"CURVE_SNG"}	{"ptAdminBalance": "0", "ibtAdminBalance": "0"}
{"blockNumber":22654559,"chainId":1,"poolAddress":"0x6b6e36e0516b3020dff0edd01fe90c18774de709","poolType":"CURVE_SNG"}	{"ptAdminBalance": "0", "ibtAdminBalance": "0"}
{"blockNumber":22670553,"chainId":1,"poolAddress":"0x6b6e36e0516b3020dff0edd01fe90c18774de709","poolType":"CURVE_SNG"}	{"ptAdminBalance": "0", "ibtAdminBalance": "0"}
{"blockNumber":22670607,"chainId":1,"poolAddress":"0x6b6e36e0516b3020dff0edd01fe90c18774de709","poolType":"CURVE_SNG"}	{"ptAdminBalance": "0", "ibtAdminBalance": "0"}
{"blockNumber":22704871,"chainId":1,"poolAddress":"0xcbe13315809acf6d7b92472fcb9546655b874ee7","poolType":"CURVE_SNG"}	{"ptAdminBalance": "0", "ibtAdminBalance": "0"}
{"blockNumber":22695047,"chainId":1,"poolAddress":"0xcbe13315809acf6d7b92472fcb9546655b874ee7","poolType":"CURVE_SNG"}	{"ptAdminBalance": "0", "ibtAdminBalance": "0"}
{"blockNumber":22719601,"chainId":1,"poolAddress":"0xcbe13315809acf6d7b92472fcb9546655b874ee7","poolType":"CURVE_SNG"}	{"ptAdminBalance": "0", "ibtAdminBalance": "0"}
{"blockNumber":22695197,"chainId":1,"poolAddress":"0xcbe13315809acf6d7b92472fcb9546655b874ee7","poolType":"CURVE_SNG"}	{"ptAdminBalance": "0", "ibtAdminBalance": "0"}
{"blockNumber":22698033,"chainId":1,"poolAddress":"0xcbe13315809acf6d7b92472fcb9546655b874ee7","poolType":"CURVE_SNG"}	{"ptAdminBalance": "0", "ibtAdminBalance": "0"}
{"blockNumber":22702606,"chainId":1,"poolAddress":"0xcbe13315809acf6d7b92472fcb9546655b874ee7","poolType":"CURVE_SNG"}	{"ptAdminBalance": "0", "ibtAdminBalance": "0"}
{"blockNumber":22703553,"chainId":1,"poolAddress":"0xcbe13315809acf6d7b92472fcb9546655b874ee7","poolType":"CURVE_SNG"}	{"ptAdminBalance": "0", "ibtAdminBalance": "0"}
{"blockNumber":22704831,"chainId":1,"poolAddress":"0xcbe13315809acf6d7b92472fcb9546655b874ee7","poolType":"CURVE_SNG"}	{"ptAdminBalance": "0", "ibtAdminBalance": "0"}
{"blockNumber":22705280,"chainId":1,"poolAddress":"0xcbe13315809acf6d7b92472fcb9546655b874ee7","poolType":"CURVE_SNG"}	{"ptAdminBalance": "0", "ibtAdminBalance": "0"}
{"blockNumber":22708583,"chainId":1,"poolAddress":"0xcbe13315809acf6d7b92472fcb9546655b874ee7","poolType":"CURVE_SNG"}	{"ptAdminBalance": "0", "ibtAdminBalance": "0"}
{"blockNumber":22709131,"chainId":1,"poolAddress":"0xcbe13315809acf6d7b92472fcb9546655b874ee7","poolType":"CURVE_SNG"}	{"ptAdminBalance": "0", "ibtAdminBalance": "0"}
{"blockNumber":22709764,"chainId":1,"poolAddress":"0xcbe13315809acf6d7b92472fcb9546655b874ee7","poolType":"CURVE_SNG"}	{"ptAdminBalance": "0", "ibtAdminBalance": "0"}
{"blockNumber":22715298,"chainId":1,"poolAddress":"0xcbe13315809acf6d7b92472fcb9546655b874ee7","poolType":"CURVE_SNG"}	{"ptAdminBalance": "0", "ibtAdminBalance": "0"}
{"blockNumber":22713583,"chainId":1,"poolAddress":"0xcbe13315809acf6d7b92472fcb9546655b874ee7","poolType":"CURVE_SNG"}	{"ptAdminBalance": "0", "ibtAdminBalance": "0"}
{"blockNumber":22722695,"chainId":1,"poolAddress":"0xcbe13315809acf6d7b92472fcb9546655b874ee7","poolType":"CURVE_SNG"}	{"ptAdminBalance": "0", "ibtAdminBalance": "0"}
{"blockNumber":22720070,"chainId":1,"poolAddress":"0xcbe13315809acf6d7b92472fcb9546655b874ee7","poolType":"CURVE_SNG"}	{"ptAdminBalance": "0", "ibtAdminBalance": "0"}
{"blockNumber":22722510,"chainId":1,"poolAddress":"0xcbe13315809acf6d7b92472fcb9546655b874ee7","poolType":"CURVE_SNG"}	{"ptAdminBalance": "0", "ibtAdminBalance": "0"}
{"blockNumber":22722683,"chainId":1,"poolAddress":"0xcbe13315809acf6d7b92472fcb9546655b874ee7","poolType":"CURVE_SNG"}	{"ptAdminBalance": "0", "ibtAdminBalance": "0"}
{"blockNumber":22711323,"chainId":1,"poolAddress":"0xcbe13315809acf6d7b92472fcb9546655b874ee7","poolType":"CURVE_SNG"}	{"ptAdminBalance": "0", "ibtAdminBalance": "0"}
{"blockNumber":22694919,"chainId":1,"poolAddress":"0xcbe13315809acf6d7b92472fcb9546655b874ee7","poolType":"CURVE_SNG"}	{"ptAdminBalance": "0", "ibtAdminBalance": "0"}
{"blockNumber":22703190,"chainId":1,"poolAddress":"0xcbe13315809acf6d7b92472fcb9546655b874ee7","poolType":"CURVE_SNG"}	{"ptAdminBalance": "0", "ibtAdminBalance": "0"}
{"blockNumber":22698803,"chainId":1,"poolAddress":"0xcbe13315809acf6d7b92472fcb9546655b874ee7","poolType":"CURVE_SNG"}	{"ptAdminBalance": "0", "ibtAdminBalance": "0"}
{"blockNumber":22711691,"chainId":1,"poolAddress":"0xcbe13315809acf6d7b92472fcb9546655b874ee7","poolType":"CURVE_SNG"}	{"ptAdminBalance": "0", "ibtAdminBalance": "0"}
{"blockNumber":22708959,"chainId":1,"poolAddress":"0xcbe13315809acf6d7b92472fcb9546655b874ee7","poolType":"CURVE_SNG"}	{"ptAdminBalance": "0", "ibtAdminBalance": "0"}
{"blockNumber":22709641,"chainId":1,"poolAddress":"0xcbe13315809acf6d7b92472fcb9546655b874ee7","poolType":"CURVE_SNG"}	{"ptAdminBalance": "0", "ibtAdminBalance": "0"}
{"blockNumber":22709646,"chainId":1,"poolAddress":"0xcbe13315809acf6d7b92472fcb9546655b874ee7","poolType":"CURVE_SNG"}	{"ptAdminBalance": "0", "ibtAdminBalance": "0"}
{"blockNumber":22709648,"chainId":1,"poolAddress":"0xcbe13315809acf6d7b92472fcb9546655b874ee7","poolType":"CURVE_SNG"}	{"ptAdminBalance": "0", "ibtAdminBalance": "0"}
{"blockNumber":22709650,"chainId":1,"poolAddress":"0xcbe13315809acf6d7b92472fcb9546655b874ee7","poolType":"CURVE_SNG"}	{"ptAdminBalance": "0", "ibtAdminBalance": "0"}
{"blockNumber":22709652,"chainId":1,"poolAddress":"0xcbe13315809acf6d7b92472fcb9546655b874ee7","poolType":"CURVE_SNG"}	{"ptAdminBalance": "0", "ibtAdminBalance": "0"}
{"blockNumber":22709656,"chainId":1,"poolAddress":"0xcbe13315809acf6d7b92472fcb9546655b874ee7","poolType":"CURVE_SNG"}	{"ptAdminBalance": "0", "ibtAdminBalance": "0"}
{"blockNumber":22709779,"chainId":1,"poolAddress":"0xcbe13315809acf6d7b92472fcb9546655b874ee7","poolType":"CURVE_SNG"}	{"ptAdminBalance": "0", "ibtAdminBalance": "0"}
{"blockNumber":22709895,"chainId":1,"poolAddress":"0xcbe13315809acf6d7b92472fcb9546655b874ee7","poolType":"CURVE_SNG"}	{"ptAdminBalance": "0", "ibtAdminBalance": "0"}
{"blockNumber":22709897,"chainId":1,"poolAddress":"0xcbe13315809acf6d7b92472fcb9546655b874ee7","poolType":"CURVE_SNG"}	{"ptAdminBalance": "0", "ibtAdminBalance": "0"}
{"blockNumber":22709899,"chainId":1,"poolAddress":"0xcbe13315809acf6d7b92472fcb9546655b874ee7","poolType":"CURVE_SNG"}	{"ptAdminBalance": "0", "ibtAdminBalance": "0"}
{"blockNumber":22709901,"chainId":1,"poolAddress":"0xcbe13315809acf6d7b92472fcb9546655b874ee7","poolType":"CURVE_SNG"}	{"ptAdminBalance": "0", "ibtAdminBalance": "0"}
{"blockNumber":22709905,"chainId":1,"poolAddress":"0xcbe13315809acf6d7b92472fcb9546655b874ee7","poolType":"CURVE_SNG"}	{"ptAdminBalance": "0", "ibtAdminBalance": "0"}
{"blockNumber":22709908,"chainId":1,"poolAddress":"0xcbe13315809acf6d7b92472fcb9546655b874ee7","poolType":"CURVE_SNG"}	{"ptAdminBalance": "0", "ibtAdminBalance": "0"}
{"blockNumber":22710032,"chainId":1,"poolAddress":"0xcbe13315809acf6d7b92472fcb9546655b874ee7","poolType":"CURVE_SNG"}	{"ptAdminBalance": "0", "ibtAdminBalance": "0"}
{"blockNumber":22710034,"chainId":1,"poolAddress":"0xcbe13315809acf6d7b92472fcb9546655b874ee7","poolType":"CURVE_SNG"}	{"ptAdminBalance": "0", "ibtAdminBalance": "0"}
{"blockNumber":22710036,"chainId":1,"poolAddress":"0xcbe13315809acf6d7b92472fcb9546655b874ee7","poolType":"CURVE_SNG"}	{"ptAdminBalance": "0", "ibtAdminBalance": "0"}
{"blockNumber":22710038,"chainId":1,"poolAddress":"0xcbe13315809acf6d7b92472fcb9546655b874ee7","poolType":"CURVE_SNG"}	{"ptAdminBalance": "0", "ibtAdminBalance": "0"}
{"blockNumber":22710039,"chainId":1,"poolAddress":"0xcbe13315809acf6d7b92472fcb9546655b874ee7","poolType":"CURVE_SNG"}	{"ptAdminBalance": "0", "ibtAdminBalance": "0"}
{"blockNumber":22710041,"chainId":1,"poolAddress":"0xcbe13315809acf6d7b92472fcb9546655b874ee7","poolType":"CURVE_SNG"}	{"ptAdminBalance": "0", "ibtAdminBalance": "0"}
{"blockNumber":22710338,"chainId":1,"poolAddress":"0xcbe13315809acf6d7b92472fcb9546655b874ee7","poolType":"CURVE_SNG"}	{"ptAdminBalance": "0", "ibtAdminBalance": "0"}
{"blockNumber":22710341,"chainId":1,"poolAddress":"0xcbe13315809acf6d7b92472fcb9546655b874ee7","poolType":"CURVE_SNG"}	{"ptAdminBalance": "0", "ibtAdminBalance": "0"}
{"blockNumber":22710352,"chainId":1,"poolAddress":"0xcbe13315809acf6d7b92472fcb9546655b874ee7","poolType":"CURVE_SNG"}	{"ptAdminBalance": "0", "ibtAdminBalance": "0"}
{"blockNumber":22710357,"chainId":1,"poolAddress":"0xcbe13315809acf6d7b92472fcb9546655b874ee7","poolType":"CURVE_SNG"}	{"ptAdminBalance": "0", "ibtAdminBalance": "0"}
{"blockNumber":22710390,"chainId":1,"poolAddress":"0xcbe13315809acf6d7b92472fcb9546655b874ee7","poolType":"CURVE_SNG"}	{"ptAdminBalance": "0", "ibtAdminBalance": "0"}
{"blockNumber":22710399,"chainId":1,"poolAddress":"0xcbe13315809acf6d7b92472fcb9546655b874ee7","poolType":"CURVE_SNG"}	{"ptAdminBalance": "0", "ibtAdminBalance": "0"}
{"blockNumber":22710401,"chainId":1,"poolAddress":"0xcbe13315809acf6d7b92472fcb9546655b874ee7","poolType":"CURVE_SNG"}	{"ptAdminBalance": "0", "ibtAdminBalance": "0"}
{"blockNumber":22710404,"chainId":1,"poolAddress":"0xcbe13315809acf6d7b92472fcb9546655b874ee7","poolType":"CURVE_SNG"}	{"ptAdminBalance": "0", "ibtAdminBalance": "0"}
{"blockNumber":22716524,"chainId":1,"poolAddress":"0xcbe13315809acf6d7b92472fcb9546655b874ee7","poolType":"CURVE_SNG"}	{"ptAdminBalance": "0", "ibtAdminBalance": "0"}
{"blockNumber":22722494,"chainId":1,"poolAddress":"0xcbe13315809acf6d7b92472fcb9546655b874ee7","poolType":"CURVE_SNG"}	{"ptAdminBalance": "0", "ibtAdminBalance": "0"}
{"blockNumber":22729173,"chainId":1,"poolAddress":"0xcbe13315809acf6d7b92472fcb9546655b874ee7","poolType":"CURVE_SNG"}	{"ptAdminBalance": "0", "ibtAdminBalance": "0"}
{"blockNumber":22729910,"chainId":1,"poolAddress":"0xcbe13315809acf6d7b92472fcb9546655b874ee7","poolType":"CURVE_SNG"}	{"ptAdminBalance": "0", "ibtAdminBalance": "0"}
{"blockNumber":22731153,"chainId":1,"poolAddress":"0xcbe13315809acf6d7b92472fcb9546655b874ee7","poolType":"CURVE_SNG"}	{"ptAdminBalance": "0", "ibtAdminBalance": "0"}
{"blockNumber":22660844,"chainId":1,"poolAddress":"0x6b6e36e0516b3020dff0edd01fe90c18774de709","poolType":"CURVE_SNG"}	{"ptAdminBalance": "0", "ibtAdminBalance": "0"}
{"blockNumber":22720134,"chainId":1,"poolAddress":"0x1253e519aedc35f9da29a14e155f64605d5144ce","poolType":"CURVE_SNG"}	{"ptAdminBalance": "0", "ibtAdminBalance": "0"}
{"blockNumber":22719687,"chainId":1,"poolAddress":"0x6b6e36e0516b3020dff0edd01fe90c18774de709","poolType":"CURVE_SNG"}	{"ptAdminBalance": "0", "ibtAdminBalance": "0"}
{"blockNumber":22709647,"chainId":1,"poolAddress":"0xab663a50ef56d064ecc27b2656ed6889ea70e502","poolType":"CURVE_SNG"}	{"ptAdminBalance": "0", "ibtAdminBalance": "0"}
{"blockNumber":22723482,"chainId":1,"poolAddress":"0xab663a50ef56d064ecc27b2656ed6889ea70e502","poolType":"CURVE_SNG"}	{"ptAdminBalance": "0", "ibtAdminBalance": "0"}
{"blockNumber":22722622,"chainId":1,"poolAddress":"0xab663a50ef56d064ecc27b2656ed6889ea70e502","poolType":"CURVE_SNG"}	{"ptAdminBalance": "0", "ibtAdminBalance": "0"}
{"blockNumber":22726184,"chainId":1,"poolAddress":"0xab663a50ef56d064ecc27b2656ed6889ea70e502","poolType":"CURVE_SNG"}	{"ptAdminBalance": "0", "ibtAdminBalance": "0"}
{"blockNumber":22728710,"chainId":1,"poolAddress":"0xab663a50ef56d064ecc27b2656ed6889ea70e502","poolType":"CURVE_SNG"}	{"ptAdminBalance": "0", "ibtAdminBalance": "0"}
{"blockNumber":22691873,"chainId":1,"poolAddress":"0x17a23e49ae0209b5243090c138e800c4ca1921e9","poolType":"CURVE_SNG"}	{"ptAdminBalance": "0", "ibtAdminBalance": "0"}
{"blockNumber":22712047,"chainId":1,"poolAddress":"0xcbe13315809acf6d7b92472fcb9546655b874ee7","poolType":"CURVE_SNG"}	{"ptAdminBalance": "0", "ibtAdminBalance": "0"}
{"blockNumber":22731191,"chainId":1,"poolAddress":"0xcbe13315809acf6d7b92472fcb9546655b874ee7","poolType":"CURVE_SNG"}	{"ptAdminBalance": "0", "ibtAdminBalance": "0"}
{"blockNumber":22704822,"chainId":1,"poolAddress":"0xcbe13315809acf6d7b92472fcb9546655b874ee7","poolType":"CURVE_SNG"}	{"ptAdminBalance": "0", "ibtAdminBalance": "0"}
{"blockNumber":22687355,"chainId":1,"poolAddress":"0x21ff331d1928cb7fde9a151d43eba4ebee843e87","poolType":"CURVE_SNG"}	{"ptAdminBalance": "0", "ibtAdminBalance": "0"}
{"blockNumber":22716002,"chainId":1,"poolAddress":"0x17a23e49ae0209b5243090c138e800c4ca1921e9","poolType":"CURVE_SNG"}	{"ptAdminBalance": "0", "ibtAdminBalance": "0"}
{"blockNumber":22660092,"chainId":1,"poolAddress":"0x6b6e36e0516b3020dff0edd01fe90c18774de709","poolType":"CURVE_SNG"}	{"ptAdminBalance": "0", "ibtAdminBalance": "0"}
{"blockNumber":22717338,"chainId":1,"poolAddress":"0x21ff331d1928cb7fde9a151d43eba4ebee843e87","poolType":"CURVE_SNG"}	{"ptAdminBalance": "0", "ibtAdminBalance": "0"}
{"blockNumber":22646786,"chainId":1,"poolAddress":"0x702bb558601e597b513f704e2017e378912baf96","poolType":"CURVE_SNG"}	{"ptAdminBalance": "0", "ibtAdminBalance": "0"}
{"blockNumber":22674267,"chainId":1,"poolAddress":"0x702bb558601e597b513f704e2017e378912baf96","poolType":"CURVE_SNG"}	{"ptAdminBalance": "0", "ibtAdminBalance": "0"}
{"blockNumber":22674274,"chainId":1,"poolAddress":"0xab663a50ef56d064ecc27b2656ed6889ea70e502","poolType":"CURVE_SNG"}	{"ptAdminBalance": "0", "ibtAdminBalance": "0"}
{"blockNumber":22674257,"chainId":1,"poolAddress":"0x1ed0bea7db2815283da9e184145386bd7789a735","poolType":"CURVE_SNG"}	{"ptAdminBalance": "0", "ibtAdminBalance": "0"}
{"blockNumber":22653681,"chainId":1,"poolAddress":"0x6b6e36e0516b3020dff0edd01fe90c18774de709","poolType":"CURVE_SNG"}	{"ptAdminBalance": "0", "ibtAdminBalance": "0"}
{"blockNumber":22653784,"chainId":1,"poolAddress":"0x6b6e36e0516b3020dff0edd01fe90c18774de709","poolType":"CURVE_SNG"}	{"ptAdminBalance": "0", "ibtAdminBalance": "0"}
{"blockNumber":22686354,"chainId":1,"poolAddress":"0x6b6e36e0516b3020dff0edd01fe90c18774de709","poolType":"CURVE_SNG"}	{"ptAdminBalance": "0", "ibtAdminBalance": "0"}
{"blockNumber":22702324,"chainId":1,"poolAddress":"0x6b6e36e0516b3020dff0edd01fe90c18774de709","poolType":"CURVE_SNG"}	{"ptAdminBalance": "0", "ibtAdminBalance": "0"}
{"blockNumber":22715987,"chainId":1,"poolAddress":"0x6b6e36e0516b3020dff0edd01fe90c18774de709","poolType":"CURVE_SNG"}	{"ptAdminBalance": "0", "ibtAdminBalance": "0"}
{"blockNumber":22719987,"chainId":1,"poolAddress":"0x1253e519aedc35f9da29a14e155f64605d5144ce","poolType":"CURVE_SNG"}	{"ptAdminBalance": "0", "ibtAdminBalance": "0"}
{"blockNumber":22647867,"chainId":1,"poolAddress":"0xab663a50ef56d064ecc27b2656ed6889ea70e502","poolType":"CURVE_SNG"}	{"ptAdminBalance": "0", "ibtAdminBalance": "0"}
{"blockNumber":22695115,"chainId":1,"poolAddress":"0x21ff331d1928cb7fde9a151d43eba4ebee843e87","poolType":"CURVE_SNG"}	{"ptAdminBalance": "0", "ibtAdminBalance": "0"}
{"blockNumber":22687337,"chainId":1,"poolAddress":"0x21ff331d1928cb7fde9a151d43eba4ebee843e87","poolType":"CURVE_SNG"}	{"ptAdminBalance": "0", "ibtAdminBalance": "0"}
{"blockNumber":22695382,"chainId":1,"poolAddress":"0x21ff331d1928cb7fde9a151d43eba4ebee843e87","poolType":"CURVE_SNG"}	{"ptAdminBalance": "0", "ibtAdminBalance": "0"}
{"blockNumber":22695638,"chainId":1,"poolAddress":"0x21ff331d1928cb7fde9a151d43eba4ebee843e87","poolType":"CURVE_SNG"}	{"ptAdminBalance": "0", "ibtAdminBalance": "0"}
{"blockNumber":22716932,"chainId":1,"poolAddress":"0x21ff331d1928cb7fde9a151d43eba4ebee843e87","poolType":"CURVE_SNG"}	{"ptAdminBalance": "0", "ibtAdminBalance": "0"}
{"blockNumber":22720304,"chainId":1,"poolAddress":"0x21ff331d1928cb7fde9a151d43eba4ebee843e87","poolType":"CURVE_SNG"}	{"ptAdminBalance": "0", "ibtAdminBalance": "0"}
{"blockNumber":22695408,"chainId":1,"poolAddress":"0x21ff331d1928cb7fde9a151d43eba4ebee843e87","poolType":"CURVE_SNG"}	{"ptAdminBalance": "0", "ibtAdminBalance": "0"}
{"blockNumber":22702173,"chainId":1,"poolAddress":"0x21ff331d1928cb7fde9a151d43eba4ebee843e87","poolType":"CURVE_SNG"}	{"ptAdminBalance": "0", "ibtAdminBalance": "0"}
{"blockNumber":22703677,"chainId":1,"poolAddress":"0x21ff331d1928cb7fde9a151d43eba4ebee843e87","poolType":"CURVE_SNG"}	{"ptAdminBalance": "0", "ibtAdminBalance": "0"}
{"blockNumber":22703846,"chainId":1,"poolAddress":"0x21ff331d1928cb7fde9a151d43eba4ebee843e87","poolType":"CURVE_SNG"}	{"ptAdminBalance": "0", "ibtAdminBalance": "0"}
{"blockNumber":22687231,"chainId":1,"poolAddress":"0xcbe13315809acf6d7b92472fcb9546655b874ee7","poolType":"CURVE_SNG"}	{"ptAdminBalance": "0", "ibtAdminBalance": "0"}
{"blockNumber":22711329,"chainId":1,"poolAddress":"0xcbe13315809acf6d7b92472fcb9546655b874ee7","poolType":"CURVE_SNG"}	{"ptAdminBalance": "0", "ibtAdminBalance": "0"}
{"blockNumber":22694055,"chainId":1,"poolAddress":"0xcbe13315809acf6d7b92472fcb9546655b874ee7","poolType":"CURVE_SNG"}	{"ptAdminBalance": "0", "ibtAdminBalance": "0"}
{"blockNumber":22694584,"chainId":1,"poolAddress":"0xcbe13315809acf6d7b92472fcb9546655b874ee7","poolType":"CURVE_SNG"}	{"ptAdminBalance": "0", "ibtAdminBalance": "0"}
{"blockNumber":22719040,"chainId":1,"poolAddress":"0xcbe13315809acf6d7b92472fcb9546655b874ee7","poolType":"CURVE_SNG"}	{"ptAdminBalance": "0", "ibtAdminBalance": "0"}
{"blockNumber":22694144,"chainId":1,"poolAddress":"0xcbe13315809acf6d7b92472fcb9546655b874ee7","poolType":"CURVE_SNG"}	{"ptAdminBalance": "0", "ibtAdminBalance": "0"}
{"blockNumber":22730352,"chainId":1,"poolAddress":"0xcbe13315809acf6d7b92472fcb9546655b874ee7","poolType":"CURVE_SNG"}	{"ptAdminBalance": "0", "ibtAdminBalance": "0"}
{"blockNumber":22694571,"chainId":1,"poolAddress":"0xcbe13315809acf6d7b92472fcb9546655b874ee7","poolType":"CURVE_SNG"}	{"ptAdminBalance": "0", "ibtAdminBalance": "0"}
{"blockNumber":22694580,"chainId":1,"poolAddress":"0xcbe13315809acf6d7b92472fcb9546655b874ee7","poolType":"CURVE_SNG"}	{"ptAdminBalance": "0", "ibtAdminBalance": "0"}
{"blockNumber":22694959,"chainId":1,"poolAddress":"0xcbe13315809acf6d7b92472fcb9546655b874ee7","poolType":"CURVE_SNG"}	{"ptAdminBalance": "0", "ibtAdminBalance": "0"}
{"blockNumber":22694736,"chainId":1,"poolAddress":"0xcbe13315809acf6d7b92472fcb9546655b874ee7","poolType":"CURVE_SNG"}	{"ptAdminBalance": "0", "ibtAdminBalance": "0"}
{"blockNumber":22695185,"chainId":1,"poolAddress":"0xcbe13315809acf6d7b92472fcb9546655b874ee7","poolType":"CURVE_SNG"}	{"ptAdminBalance": "0", "ibtAdminBalance": "0"}
{"blockNumber":22695230,"chainId":1,"poolAddress":"0xcbe13315809acf6d7b92472fcb9546655b874ee7","poolType":"CURVE_SNG"}	{"ptAdminBalance": "0", "ibtAdminBalance": "0"}
{"blockNumber":22695399,"chainId":1,"poolAddress":"0xcbe13315809acf6d7b92472fcb9546655b874ee7","poolType":"CURVE_SNG"}	{"ptAdminBalance": "0", "ibtAdminBalance": "0"}
{"blockNumber":22695595,"chainId":1,"poolAddress":"0xcbe13315809acf6d7b92472fcb9546655b874ee7","poolType":"CURVE_SNG"}	{"ptAdminBalance": "0", "ibtAdminBalance": "0"}
{"blockNumber":22695868,"chainId":1,"poolAddress":"0xcbe13315809acf6d7b92472fcb9546655b874ee7","poolType":"CURVE_SNG"}	{"ptAdminBalance": "0", "ibtAdminBalance": "0"}
{"blockNumber":22697035,"chainId":1,"poolAddress":"0xcbe13315809acf6d7b92472fcb9546655b874ee7","poolType":"CURVE_SNG"}	{"ptAdminBalance": "0", "ibtAdminBalance": "0"}
{"blockNumber":22698099,"chainId":1,"poolAddress":"0xcbe13315809acf6d7b92472fcb9546655b874ee7","poolType":"CURVE_SNG"}	{"ptAdminBalance": "0", "ibtAdminBalance": "0"}
{"blockNumber":22700221,"chainId":1,"poolAddress":"0xcbe13315809acf6d7b92472fcb9546655b874ee7","poolType":"CURVE_SNG"}	{"ptAdminBalance": "0", "ibtAdminBalance": "0"}
{"blockNumber":22700464,"chainId":1,"poolAddress":"0xcbe13315809acf6d7b92472fcb9546655b874ee7","poolType":"CURVE_SNG"}	{"ptAdminBalance": "0", "ibtAdminBalance": "0"}
{"blockNumber":22701424,"chainId":1,"poolAddress":"0xcbe13315809acf6d7b92472fcb9546655b874ee7","poolType":"CURVE_SNG"}	{"ptAdminBalance": "0", "ibtAdminBalance": "0"}
{"blockNumber":22703131,"chainId":1,"poolAddress":"0xcbe13315809acf6d7b92472fcb9546655b874ee7","poolType":"CURVE_SNG"}	{"ptAdminBalance": "0", "ibtAdminBalance": "0"}
{"blockNumber":22703354,"chainId":1,"poolAddress":"0xcbe13315809acf6d7b92472fcb9546655b874ee7","poolType":"CURVE_SNG"}	{"ptAdminBalance": "0", "ibtAdminBalance": "0"}
{"blockNumber":22703659,"chainId":1,"poolAddress":"0xcbe13315809acf6d7b92472fcb9546655b874ee7","poolType":"CURVE_SNG"}	{"ptAdminBalance": "0", "ibtAdminBalance": "0"}
{"blockNumber":22704173,"chainId":1,"poolAddress":"0xcbe13315809acf6d7b92472fcb9546655b874ee7","poolType":"CURVE_SNG"}	{"ptAdminBalance": "0", "ibtAdminBalance": "0"}
{"blockNumber":22725260,"chainId":1,"poolAddress":"0xcbe13315809acf6d7b92472fcb9546655b874ee7","poolType":"CURVE_SNG"}	{"ptAdminBalance": "0", "ibtAdminBalance": "0"}
{"blockNumber":22706535,"chainId":1,"poolAddress":"0xcbe13315809acf6d7b92472fcb9546655b874ee7","poolType":"CURVE_SNG"}	{"ptAdminBalance": "0", "ibtAdminBalance": "0"}
{"blockNumber":22706618,"chainId":1,"poolAddress":"0xcbe13315809acf6d7b92472fcb9546655b874ee7","poolType":"CURVE_SNG"}	{"ptAdminBalance": "0", "ibtAdminBalance": "0"}
{"blockNumber":22709915,"chainId":1,"poolAddress":"0xcbe13315809acf6d7b92472fcb9546655b874ee7","poolType":"CURVE_SNG"}	{"ptAdminBalance": "0", "ibtAdminBalance": "0"}
{"blockNumber":22710699,"chainId":1,"poolAddress":"0xcbe13315809acf6d7b92472fcb9546655b874ee7","poolType":"CURVE_SNG"}	{"ptAdminBalance": "0", "ibtAdminBalance": "0"}
{"blockNumber":22711978,"chainId":1,"poolAddress":"0xcbe13315809acf6d7b92472fcb9546655b874ee7","poolType":"CURVE_SNG"}	{"ptAdminBalance": "0", "ibtAdminBalance": "0"}
{"blockNumber":22712001,"chainId":1,"poolAddress":"0xcbe13315809acf6d7b92472fcb9546655b874ee7","poolType":"CURVE_SNG"}	{"ptAdminBalance": "0", "ibtAdminBalance": "0"}
{"blockNumber":22715189,"chainId":1,"poolAddress":"0xcbe13315809acf6d7b92472fcb9546655b874ee7","poolType":"CURVE_SNG"}	{"ptAdminBalance": "0", "ibtAdminBalance": "0"}
{"blockNumber":22715208,"chainId":1,"poolAddress":"0xcbe13315809acf6d7b92472fcb9546655b874ee7","poolType":"CURVE_SNG"}	{"ptAdminBalance": "0", "ibtAdminBalance": "0"}
{"blockNumber":22717274,"chainId":1,"poolAddress":"0xcbe13315809acf6d7b92472fcb9546655b874ee7","poolType":"CURVE_SNG"}	{"ptAdminBalance": "0", "ibtAdminBalance": "0"}
{"blockNumber":22718759,"chainId":1,"poolAddress":"0xcbe13315809acf6d7b92472fcb9546655b874ee7","poolType":"CURVE_SNG"}	{"ptAdminBalance": "0", "ibtAdminBalance": "0"}
{"blockNumber":22719785,"chainId":1,"poolAddress":"0xcbe13315809acf6d7b92472fcb9546655b874ee7","poolType":"CURVE_SNG"}	{"ptAdminBalance": "0", "ibtAdminBalance": "0"}
{"blockNumber":22722017,"chainId":1,"poolAddress":"0xcbe13315809acf6d7b92472fcb9546655b874ee7","poolType":"CURVE_SNG"}	{"ptAdminBalance": "0", "ibtAdminBalance": "0"}
{"blockNumber":22722690,"chainId":1,"poolAddress":"0xcbe13315809acf6d7b92472fcb9546655b874ee7","poolType":"CURVE_SNG"}	{"ptAdminBalance": "0", "ibtAdminBalance": "0"}
{"blockNumber":22722868,"chainId":1,"poolAddress":"0xcbe13315809acf6d7b92472fcb9546655b874ee7","poolType":"CURVE_SNG"}	{"ptAdminBalance": "0", "ibtAdminBalance": "0"}
{"blockNumber":22727493,"chainId":1,"poolAddress":"0xcbe13315809acf6d7b92472fcb9546655b874ee7","poolType":"CURVE_SNG"}	{"ptAdminBalance": "0", "ibtAdminBalance": "0"}
{"blockNumber":22729796,"chainId":1,"poolAddress":"0xcbe13315809acf6d7b92472fcb9546655b874ee7","poolType":"CURVE_SNG"}	{"ptAdminBalance": "0", "ibtAdminBalance": "0"}
{"blockNumber":22729951,"chainId":1,"poolAddress":"0xcbe13315809acf6d7b92472fcb9546655b874ee7","poolType":"CURVE_SNG"}	{"ptAdminBalance": "0", "ibtAdminBalance": "0"}
{"blockNumber":22698379,"chainId":1,"poolAddress":"0xcbe13315809acf6d7b92472fcb9546655b874ee7","poolType":"CURVE_SNG"}	{"ptAdminBalance": "0", "ibtAdminBalance": "0"}
{"blockNumber":22699354,"chainId":1,"poolAddress":"0xcbe13315809acf6d7b92472fcb9546655b874ee7","poolType":"CURVE_SNG"}	{"ptAdminBalance": "0", "ibtAdminBalance": "0"}
{"blockNumber":22699462,"chainId":1,"poolAddress":"0xcbe13315809acf6d7b92472fcb9546655b874ee7","poolType":"CURVE_SNG"}	{"ptAdminBalance": "0", "ibtAdminBalance": "0"}
{"blockNumber":22702130,"chainId":1,"poolAddress":"0xcbe13315809acf6d7b92472fcb9546655b874ee7","poolType":"CURVE_SNG"}	{"ptAdminBalance": "0", "ibtAdminBalance": "0"}
{"blockNumber":22702640,"chainId":1,"poolAddress":"0xcbe13315809acf6d7b92472fcb9546655b874ee7","poolType":"CURVE_SNG"}	{"ptAdminBalance": "0", "ibtAdminBalance": "0"}
{"blockNumber":22702740,"chainId":1,"poolAddress":"0xcbe13315809acf6d7b92472fcb9546655b874ee7","poolType":"CURVE_SNG"}	{"ptAdminBalance": "0", "ibtAdminBalance": "0"}
{"blockNumber":22708311,"chainId":1,"poolAddress":"0xcbe13315809acf6d7b92472fcb9546655b874ee7","poolType":"CURVE_SNG"}	{"ptAdminBalance": "0", "ibtAdminBalance": "0"}
{"blockNumber":22710495,"chainId":1,"poolAddress":"0xcbe13315809acf6d7b92472fcb9546655b874ee7","poolType":"CURVE_SNG"}	{"ptAdminBalance": "0", "ibtAdminBalance": "0"}
{"blockNumber":22711518,"chainId":1,"poolAddress":"0xcbe13315809acf6d7b92472fcb9546655b874ee7","poolType":"CURVE_SNG"}	{"ptAdminBalance": "0", "ibtAdminBalance": "0"}
{"blockNumber":22713498,"chainId":1,"poolAddress":"0xcbe13315809acf6d7b92472fcb9546655b874ee7","poolType":"CURVE_SNG"}	{"ptAdminBalance": "0", "ibtAdminBalance": "0"}
{"blockNumber":22715595,"chainId":1,"poolAddress":"0xcbe13315809acf6d7b92472fcb9546655b874ee7","poolType":"CURVE_SNG"}	{"ptAdminBalance": "0", "ibtAdminBalance": "0"}
{"blockNumber":22715700,"chainId":1,"poolAddress":"0xcbe13315809acf6d7b92472fcb9546655b874ee7","poolType":"CURVE_SNG"}	{"ptAdminBalance": "0", "ibtAdminBalance": "0"}
{"blockNumber":22720846,"chainId":1,"poolAddress":"0xcbe13315809acf6d7b92472fcb9546655b874ee7","poolType":"CURVE_SNG"}	{"ptAdminBalance": "0", "ibtAdminBalance": "0"}
{"blockNumber":22723014,"chainId":1,"poolAddress":"0xcbe13315809acf6d7b92472fcb9546655b874ee7","poolType":"CURVE_SNG"}	{"ptAdminBalance": "0", "ibtAdminBalance": "0"}
{"blockNumber":22723255,"chainId":1,"poolAddress":"0xcbe13315809acf6d7b92472fcb9546655b874ee7","poolType":"CURVE_SNG"}	{"ptAdminBalance": "0", "ibtAdminBalance": "0"}
{"blockNumber":22723568,"chainId":1,"poolAddress":"0xcbe13315809acf6d7b92472fcb9546655b874ee7","poolType":"CURVE_SNG"}	{"ptAdminBalance": "0", "ibtAdminBalance": "0"}
{"blockNumber":22723704,"chainId":1,"poolAddress":"0xcbe13315809acf6d7b92472fcb9546655b874ee7","poolType":"CURVE_SNG"}	{"ptAdminBalance": "0", "ibtAdminBalance": "0"}
{"blockNumber":22726374,"chainId":1,"poolAddress":"0xcbe13315809acf6d7b92472fcb9546655b874ee7","poolType":"CURVE_SNG"}	{"ptAdminBalance": "0", "ibtAdminBalance": "0"}
{"blockNumber":22727713,"chainId":1,"poolAddress":"0xcbe13315809acf6d7b92472fcb9546655b874ee7","poolType":"CURVE_SNG"}	{"ptAdminBalance": "0", "ibtAdminBalance": "0"}
{"blockNumber":22727770,"chainId":1,"poolAddress":"0xcbe13315809acf6d7b92472fcb9546655b874ee7","poolType":"CURVE_SNG"}	{"ptAdminBalance": "0", "ibtAdminBalance": "0"}
{"blockNumber":22728556,"chainId":1,"poolAddress":"0xcbe13315809acf6d7b92472fcb9546655b874ee7","poolType":"CURVE_SNG"}	{"ptAdminBalance": "0", "ibtAdminBalance": "0"}
{"blockNumber":22687017,"chainId":1,"poolAddress":"0x17a23e49ae0209b5243090c138e800c4ca1921e9","poolType":"CURVE_SNG"}	{"ptAdminBalance": "0", "ibtAdminBalance": "0"}
{"blockNumber":22688189,"chainId":1,"poolAddress":"0x17a23e49ae0209b5243090c138e800c4ca1921e9","poolType":"CURVE_SNG"}	{"ptAdminBalance": "0", "ibtAdminBalance": "0"}
{"blockNumber":22694731,"chainId":1,"poolAddress":"0x17a23e49ae0209b5243090c138e800c4ca1921e9","poolType":"CURVE_SNG"}	{"ptAdminBalance": "0", "ibtAdminBalance": "0"}
{"blockNumber":22694759,"chainId":1,"poolAddress":"0x17a23e49ae0209b5243090c138e800c4ca1921e9","poolType":"CURVE_SNG"}	{"ptAdminBalance": "0", "ibtAdminBalance": "0"}
{"blockNumber":22694781,"chainId":1,"poolAddress":"0x17a23e49ae0209b5243090c138e800c4ca1921e9","poolType":"CURVE_SNG"}	{"ptAdminBalance": "0", "ibtAdminBalance": "0"}
{"blockNumber":22695577,"chainId":1,"poolAddress":"0x17a23e49ae0209b5243090c138e800c4ca1921e9","poolType":"CURVE_SNG"}	{"ptAdminBalance": "0", "ibtAdminBalance": "0"}
{"blockNumber":22695691,"chainId":1,"poolAddress":"0x17a23e49ae0209b5243090c138e800c4ca1921e9","poolType":"CURVE_SNG"}	{"ptAdminBalance": "0", "ibtAdminBalance": "0"}
{"blockNumber":22702400,"chainId":1,"poolAddress":"0x17a23e49ae0209b5243090c138e800c4ca1921e9","poolType":"CURVE_SNG"}	{"ptAdminBalance": "0", "ibtAdminBalance": "0"}
{"blockNumber":22702407,"chainId":1,"poolAddress":"0x17a23e49ae0209b5243090c138e800c4ca1921e9","poolType":"CURVE_SNG"}	{"ptAdminBalance": "0", "ibtAdminBalance": "0"}
{"blockNumber":22702866,"chainId":1,"poolAddress":"0x17a23e49ae0209b5243090c138e800c4ca1921e9","poolType":"CURVE_SNG"}	{"ptAdminBalance": "0", "ibtAdminBalance": "0"}
{"blockNumber":22705303,"chainId":1,"poolAddress":"0x17a23e49ae0209b5243090c138e800c4ca1921e9","poolType":"CURVE_SNG"}	{"ptAdminBalance": "0", "ibtAdminBalance": "0"}
{"blockNumber":22704389,"chainId":1,"poolAddress":"0x17a23e49ae0209b5243090c138e800c4ca1921e9","poolType":"CURVE_SNG"}	{"ptAdminBalance": "0", "ibtAdminBalance": "0"}
{"blockNumber":22704423,"chainId":1,"poolAddress":"0x17a23e49ae0209b5243090c138e800c4ca1921e9","poolType":"CURVE_SNG"}	{"ptAdminBalance": "0", "ibtAdminBalance": "0"}
{"blockNumber":22707974,"chainId":1,"poolAddress":"0x17a23e49ae0209b5243090c138e800c4ca1921e9","poolType":"CURVE_SNG"}	{"ptAdminBalance": "0", "ibtAdminBalance": "0"}
{"blockNumber":22697787,"chainId":1,"poolAddress":"0x17a23e49ae0209b5243090c138e800c4ca1921e9","poolType":"CURVE_SNG"}	{"ptAdminBalance": "0", "ibtAdminBalance": "0"}
{"blockNumber":22701752,"chainId":1,"poolAddress":"0x17a23e49ae0209b5243090c138e800c4ca1921e9","poolType":"CURVE_SNG"}	{"ptAdminBalance": "0", "ibtAdminBalance": "0"}
{"blockNumber":22700216,"chainId":1,"poolAddress":"0x17a23e49ae0209b5243090c138e800c4ca1921e9","poolType":"CURVE_SNG"}	{"ptAdminBalance": "0", "ibtAdminBalance": "0"}
{"blockNumber":22702520,"chainId":1,"poolAddress":"0x17a23e49ae0209b5243090c138e800c4ca1921e9","poolType":"CURVE_SNG"}	{"ptAdminBalance": "0", "ibtAdminBalance": "0"}
{"blockNumber":22706142,"chainId":1,"poolAddress":"0x17a23e49ae0209b5243090c138e800c4ca1921e9","poolType":"CURVE_SNG"}	{"ptAdminBalance": "0", "ibtAdminBalance": "0"}
{"blockNumber":22708259,"chainId":1,"poolAddress":"0x17a23e49ae0209b5243090c138e800c4ca1921e9","poolType":"CURVE_SNG"}	{"ptAdminBalance": "0", "ibtAdminBalance": "0"}
{"blockNumber":22710543,"chainId":1,"poolAddress":"0x17a23e49ae0209b5243090c138e800c4ca1921e9","poolType":"CURVE_SNG"}	{"ptAdminBalance": "0", "ibtAdminBalance": "0"}
{"blockNumber":22717261,"chainId":1,"poolAddress":"0x17a23e49ae0209b5243090c138e800c4ca1921e9","poolType":"CURVE_SNG"}	{"ptAdminBalance": "0", "ibtAdminBalance": "0"}
{"blockNumber":22722765,"chainId":1,"poolAddress":"0x17a23e49ae0209b5243090c138e800c4ca1921e9","poolType":"CURVE_SNG"}	{"ptAdminBalance": "0", "ibtAdminBalance": "0"}
{"blockNumber":22731085,"chainId":1,"poolAddress":"0x17a23e49ae0209b5243090c138e800c4ca1921e9","poolType":"CURVE_SNG"}	{"ptAdminBalance": "0", "ibtAdminBalance": "0"}
{"blockNumber":22698900,"chainId":1,"poolAddress":"0x17a23e49ae0209b5243090c138e800c4ca1921e9","poolType":"CURVE_SNG"}	{"ptAdminBalance": "0", "ibtAdminBalance": "0"}
{"blockNumber":22707433,"chainId":1,"poolAddress":"0x17a23e49ae0209b5243090c138e800c4ca1921e9","poolType":"CURVE_SNG"}	{"ptAdminBalance": "0", "ibtAdminBalance": "0"}
{"blockNumber":22688108,"chainId":1,"poolAddress":"0x17a23e49ae0209b5243090c138e800c4ca1921e9","poolType":"CURVE_SNG"}	{"ptAdminBalance": "0", "ibtAdminBalance": "0"}
{"blockNumber":22693806,"chainId":1,"poolAddress":"0x17a23e49ae0209b5243090c138e800c4ca1921e9","poolType":"CURVE_SNG"}	{"ptAdminBalance": "0", "ibtAdminBalance": "0"}
{"blockNumber":22696486,"chainId":1,"poolAddress":"0x17a23e49ae0209b5243090c138e800c4ca1921e9","poolType":"CURVE_SNG"}	{"ptAdminBalance": "0", "ibtAdminBalance": "0"}
{"blockNumber":22700207,"chainId":1,"poolAddress":"0x17a23e49ae0209b5243090c138e800c4ca1921e9","poolType":"CURVE_SNG"}	{"ptAdminBalance": "0", "ibtAdminBalance": "0"}
{"blockNumber":22698315,"chainId":1,"poolAddress":"0x17a23e49ae0209b5243090c138e800c4ca1921e9","poolType":"CURVE_SNG"}	{"ptAdminBalance": "0", "ibtAdminBalance": "0"}
{"blockNumber":22704153,"chainId":1,"poolAddress":"0x17a23e49ae0209b5243090c138e800c4ca1921e9","poolType":"CURVE_SNG"}	{"ptAdminBalance": "0", "ibtAdminBalance": "0"}
{"blockNumber":22704778,"chainId":1,"poolAddress":"0x17a23e49ae0209b5243090c138e800c4ca1921e9","poolType":"CURVE_SNG"}	{"ptAdminBalance": "0", "ibtAdminBalance": "0"}
{"blockNumber":22704847,"chainId":1,"poolAddress":"0x17a23e49ae0209b5243090c138e800c4ca1921e9","poolType":"CURVE_SNG"}	{"ptAdminBalance": "0", "ibtAdminBalance": "0"}
{"blockNumber":22705257,"chainId":1,"poolAddress":"0x17a23e49ae0209b5243090c138e800c4ca1921e9","poolType":"CURVE_SNG"}	{"ptAdminBalance": "0", "ibtAdminBalance": "0"}
{"blockNumber":22709693,"chainId":1,"poolAddress":"0x17a23e49ae0209b5243090c138e800c4ca1921e9","poolType":"CURVE_SNG"}	{"ptAdminBalance": "0", "ibtAdminBalance": "0"}
{"blockNumber":22711827,"chainId":1,"poolAddress":"0x17a23e49ae0209b5243090c138e800c4ca1921e9","poolType":"CURVE_SNG"}	{"ptAdminBalance": "0", "ibtAdminBalance": "0"}
{"blockNumber":22718765,"chainId":1,"poolAddress":"0x17a23e49ae0209b5243090c138e800c4ca1921e9","poolType":"CURVE_SNG"}	{"ptAdminBalance": "0", "ibtAdminBalance": "0"}
{"blockNumber":22719080,"chainId":1,"poolAddress":"0x17a23e49ae0209b5243090c138e800c4ca1921e9","poolType":"CURVE_SNG"}	{"ptAdminBalance": "0", "ibtAdminBalance": "0"}
{"blockNumber":22719165,"chainId":1,"poolAddress":"0x17a23e49ae0209b5243090c138e800c4ca1921e9","poolType":"CURVE_SNG"}	{"ptAdminBalance": "0", "ibtAdminBalance": "0"}
{"blockNumber":22725199,"chainId":1,"poolAddress":"0x17a23e49ae0209b5243090c138e800c4ca1921e9","poolType":"CURVE_SNG"}	{"ptAdminBalance": "0", "ibtAdminBalance": "0"}
{"blockNumber":22687989,"chainId":1,"poolAddress":"0x1ed0bea7db2815283da9e184145386bd7789a735","poolType":"CURVE_SNG"}	{"ptAdminBalance": "0", "ibtAdminBalance": "0"}
{"blockNumber":22731031,"chainId":1,"poolAddress":"0x1ed0bea7db2815283da9e184145386bd7789a735","poolType":"CURVE_SNG"}	{"ptAdminBalance": "0", "ibtAdminBalance": "0"}
{"blockNumber":22695423,"chainId":1,"poolAddress":"0x1ed0bea7db2815283da9e184145386bd7789a735","poolType":"CURVE_SNG"}	{"ptAdminBalance": "0", "ibtAdminBalance": "0"}
{"blockNumber":22674607,"chainId":1,"poolAddress":"0x593a8a7c12d8111e12945ff167389662a02b5ece","poolType":"CURVE_SNG"}	{"ptAdminBalance": "0", "ibtAdminBalance": "0"}
{"blockNumber":22680941,"chainId":1,"poolAddress":"0x593a8a7c12d8111e12945ff167389662a02b5ece","poolType":"CURVE_SNG"}	{"ptAdminBalance": "0", "ibtAdminBalance": "0"}
{"blockNumber":22682292,"chainId":1,"poolAddress":"0x593a8a7c12d8111e12945ff167389662a02b5ece","poolType":"CURVE_SNG"}	{"ptAdminBalance": "0", "ibtAdminBalance": "0"}
{"blockNumber":22682343,"chainId":1,"poolAddress":"0x593a8a7c12d8111e12945ff167389662a02b5ece","poolType":"CURVE_SNG"}	{"ptAdminBalance": "0", "ibtAdminBalance": "0"}
{"blockNumber":22690142,"chainId":1,"poolAddress":"0x593a8a7c12d8111e12945ff167389662a02b5ece","poolType":"CURVE_SNG"}	{"ptAdminBalance": "0", "ibtAdminBalance": "0"}
{"blockNumber":22690153,"chainId":1,"poolAddress":"0x593a8a7c12d8111e12945ff167389662a02b5ece","poolType":"CURVE_SNG"}	{"ptAdminBalance": "0", "ibtAdminBalance": "0"}
{"blockNumber":22695977,"chainId":1,"poolAddress":"0x593a8a7c12d8111e12945ff167389662a02b5ece","poolType":"CURVE_SNG"}	{"ptAdminBalance": "0", "ibtAdminBalance": "0"}
{"blockNumber":22696071,"chainId":1,"poolAddress":"0x593a8a7c12d8111e12945ff167389662a02b5ece","poolType":"CURVE_SNG"}	{"ptAdminBalance": "0", "ibtAdminBalance": "0"}
{"blockNumber":22696616,"chainId":1,"poolAddress":"0x593a8a7c12d8111e12945ff167389662a02b5ece","poolType":"CURVE_SNG"}	{"ptAdminBalance": "0", "ibtAdminBalance": "0"}
{"blockNumber":22697035,"chainId":1,"poolAddress":"0x593a8a7c12d8111e12945ff167389662a02b5ece","poolType":"CURVE_SNG"}	{"ptAdminBalance": "0", "ibtAdminBalance": "0"}
{"blockNumber":22697091,"chainId":1,"poolAddress":"0x593a8a7c12d8111e12945ff167389662a02b5ece","poolType":"CURVE_SNG"}	{"ptAdminBalance": "0", "ibtAdminBalance": "0"}
{"blockNumber":22697420,"chainId":1,"poolAddress":"0x593a8a7c12d8111e12945ff167389662a02b5ece","poolType":"CURVE_SNG"}	{"ptAdminBalance": "0", "ibtAdminBalance": "0"}
{"blockNumber":22697693,"chainId":1,"poolAddress":"0x593a8a7c12d8111e12945ff167389662a02b5ece","poolType":"CURVE_SNG"}	{"ptAdminBalance": "0", "ibtAdminBalance": "0"}
{"blockNumber":22698006,"chainId":1,"poolAddress":"0x593a8a7c12d8111e12945ff167389662a02b5ece","poolType":"CURVE_SNG"}	{"ptAdminBalance": "0", "ibtAdminBalance": "0"}
{"blockNumber":22698030,"chainId":1,"poolAddress":"0x593a8a7c12d8111e12945ff167389662a02b5ece","poolType":"CURVE_SNG"}	{"ptAdminBalance": "0", "ibtAdminBalance": "0"}
{"blockNumber":22698265,"chainId":1,"poolAddress":"0x593a8a7c12d8111e12945ff167389662a02b5ece","poolType":"CURVE_SNG"}	{"ptAdminBalance": "0", "ibtAdminBalance": "0"}
{"blockNumber":22698313,"chainId":1,"poolAddress":"0x593a8a7c12d8111e12945ff167389662a02b5ece","poolType":"CURVE_SNG"}	{"ptAdminBalance": "0", "ibtAdminBalance": "0"}
{"blockNumber":22698674,"chainId":1,"poolAddress":"0x593a8a7c12d8111e12945ff167389662a02b5ece","poolType":"CURVE_SNG"}	{"ptAdminBalance": "0", "ibtAdminBalance": "0"}
{"blockNumber":22698719,"chainId":1,"poolAddress":"0x593a8a7c12d8111e12945ff167389662a02b5ece","poolType":"CURVE_SNG"}	{"ptAdminBalance": "0", "ibtAdminBalance": "0"}
{"blockNumber":22700018,"chainId":1,"poolAddress":"0x593a8a7c12d8111e12945ff167389662a02b5ece","poolType":"CURVE_SNG"}	{"ptAdminBalance": "0", "ibtAdminBalance": "0"}
{"blockNumber":22701051,"chainId":1,"poolAddress":"0x593a8a7c12d8111e12945ff167389662a02b5ece","poolType":"CURVE_SNG"}	{"ptAdminBalance": "0", "ibtAdminBalance": "0"}
{"blockNumber":22701058,"chainId":1,"poolAddress":"0x593a8a7c12d8111e12945ff167389662a02b5ece","poolType":"CURVE_SNG"}	{"ptAdminBalance": "0", "ibtAdminBalance": "0"}
{"blockNumber":22701135,"chainId":1,"poolAddress":"0x593a8a7c12d8111e12945ff167389662a02b5ece","poolType":"CURVE_SNG"}	{"ptAdminBalance": "0", "ibtAdminBalance": "0"}
{"blockNumber":22701854,"chainId":1,"poolAddress":"0x593a8a7c12d8111e12945ff167389662a02b5ece","poolType":"CURVE_SNG"}	{"ptAdminBalance": "0", "ibtAdminBalance": "0"}
{"blockNumber":22702035,"chainId":1,"poolAddress":"0x593a8a7c12d8111e12945ff167389662a02b5ece","poolType":"CURVE_SNG"}	{"ptAdminBalance": "0", "ibtAdminBalance": "0"}
{"blockNumber":22702820,"chainId":1,"poolAddress":"0x593a8a7c12d8111e12945ff167389662a02b5ece","poolType":"CURVE_SNG"}	{"ptAdminBalance": "0", "ibtAdminBalance": "0"}
{"blockNumber":22703213,"chainId":1,"poolAddress":"0x593a8a7c12d8111e12945ff167389662a02b5ece","poolType":"CURVE_SNG"}	{"ptAdminBalance": "0", "ibtAdminBalance": "0"}
{"blockNumber":22703406,"chainId":1,"poolAddress":"0x593a8a7c12d8111e12945ff167389662a02b5ece","poolType":"CURVE_SNG"}	{"ptAdminBalance": "0", "ibtAdminBalance": "0"}
{"blockNumber":22704823,"chainId":1,"poolAddress":"0x593a8a7c12d8111e12945ff167389662a02b5ece","poolType":"CURVE_SNG"}	{"ptAdminBalance": "0", "ibtAdminBalance": "0"}
{"blockNumber":22704883,"chainId":1,"poolAddress":"0x593a8a7c12d8111e12945ff167389662a02b5ece","poolType":"CURVE_SNG"}	{"ptAdminBalance": "0", "ibtAdminBalance": "0"}
{"blockNumber":22705804,"chainId":1,"poolAddress":"0x593a8a7c12d8111e12945ff167389662a02b5ece","poolType":"CURVE_SNG"}	{"ptAdminBalance": "0", "ibtAdminBalance": "0"}
{"blockNumber":22708309,"chainId":1,"poolAddress":"0x593a8a7c12d8111e12945ff167389662a02b5ece","poolType":"CURVE_SNG"}	{"ptAdminBalance": "0", "ibtAdminBalance": "0"}
{"blockNumber":22709191,"chainId":1,"poolAddress":"0x593a8a7c12d8111e12945ff167389662a02b5ece","poolType":"CURVE_SNG"}	{"ptAdminBalance": "0", "ibtAdminBalance": "0"}
{"blockNumber":22709372,"chainId":1,"poolAddress":"0x593a8a7c12d8111e12945ff167389662a02b5ece","poolType":"CURVE_SNG"}	{"ptAdminBalance": "0", "ibtAdminBalance": "0"}
{"blockNumber":22709386,"chainId":1,"poolAddress":"0x593a8a7c12d8111e12945ff167389662a02b5ece","poolType":"CURVE_SNG"}	{"ptAdminBalance": "0", "ibtAdminBalance": "0"}
{"blockNumber":22709943,"chainId":1,"poolAddress":"0x593a8a7c12d8111e12945ff167389662a02b5ece","poolType":"CURVE_SNG"}	{"ptAdminBalance": "0", "ibtAdminBalance": "0"}
{"blockNumber":22710159,"chainId":1,"poolAddress":"0x593a8a7c12d8111e12945ff167389662a02b5ece","poolType":"CURVE_SNG"}	{"ptAdminBalance": "0", "ibtAdminBalance": "0"}
{"blockNumber":22710206,"chainId":1,"poolAddress":"0x593a8a7c12d8111e12945ff167389662a02b5ece","poolType":"CURVE_SNG"}	{"ptAdminBalance": "0", "ibtAdminBalance": "0"}
{"blockNumber":22711491,"chainId":1,"poolAddress":"0x593a8a7c12d8111e12945ff167389662a02b5ece","poolType":"CURVE_SNG"}	{"ptAdminBalance": "0", "ibtAdminBalance": "0"}
{"blockNumber":22712286,"chainId":1,"poolAddress":"0x593a8a7c12d8111e12945ff167389662a02b5ece","poolType":"CURVE_SNG"}	{"ptAdminBalance": "0", "ibtAdminBalance": "0"}
{"blockNumber":22712574,"chainId":1,"poolAddress":"0x593a8a7c12d8111e12945ff167389662a02b5ece","poolType":"CURVE_SNG"}	{"ptAdminBalance": "0", "ibtAdminBalance": "0"}
{"blockNumber":22713235,"chainId":1,"poolAddress":"0x593a8a7c12d8111e12945ff167389662a02b5ece","poolType":"CURVE_SNG"}	{"ptAdminBalance": "0", "ibtAdminBalance": "0"}
{"blockNumber":22714394,"chainId":1,"poolAddress":"0x593a8a7c12d8111e12945ff167389662a02b5ece","poolType":"CURVE_SNG"}	{"ptAdminBalance": "0", "ibtAdminBalance": "0"}
{"blockNumber":22716054,"chainId":1,"poolAddress":"0x593a8a7c12d8111e12945ff167389662a02b5ece","poolType":"CURVE_SNG"}	{"ptAdminBalance": "0", "ibtAdminBalance": "0"}
{"blockNumber":22717788,"chainId":1,"poolAddress":"0x593a8a7c12d8111e12945ff167389662a02b5ece","poolType":"CURVE_SNG"}	{"ptAdminBalance": "0", "ibtAdminBalance": "0"}
{"blockNumber":22717875,"chainId":1,"poolAddress":"0x593a8a7c12d8111e12945ff167389662a02b5ece","poolType":"CURVE_SNG"}	{"ptAdminBalance": "0", "ibtAdminBalance": "0"}
{"blockNumber":22718099,"chainId":1,"poolAddress":"0x593a8a7c12d8111e12945ff167389662a02b5ece","poolType":"CURVE_SNG"}	{"ptAdminBalance": "0", "ibtAdminBalance": "0"}
{"blockNumber":22718103,"chainId":1,"poolAddress":"0x593a8a7c12d8111e12945ff167389662a02b5ece","poolType":"CURVE_SNG"}	{"ptAdminBalance": "0", "ibtAdminBalance": "0"}
{"blockNumber":22718115,"chainId":1,"poolAddress":"0x593a8a7c12d8111e12945ff167389662a02b5ece","poolType":"CURVE_SNG"}	{"ptAdminBalance": "0", "ibtAdminBalance": "0"}
{"blockNumber":22718156,"chainId":1,"poolAddress":"0x593a8a7c12d8111e12945ff167389662a02b5ece","poolType":"CURVE_SNG"}	{"ptAdminBalance": "0", "ibtAdminBalance": "0"}
{"blockNumber":22718160,"chainId":1,"poolAddress":"0x593a8a7c12d8111e12945ff167389662a02b5ece","poolType":"CURVE_SNG"}	{"ptAdminBalance": "0", "ibtAdminBalance": "0"}
{"blockNumber":22718172,"chainId":1,"poolAddress":"0x593a8a7c12d8111e12945ff167389662a02b5ece","poolType":"CURVE_SNG"}	{"ptAdminBalance": "0", "ibtAdminBalance": "0"}
{"blockNumber":22718204,"chainId":1,"poolAddress":"0x593a8a7c12d8111e12945ff167389662a02b5ece","poolType":"CURVE_SNG"}	{"ptAdminBalance": "0", "ibtAdminBalance": "0"}
{"blockNumber":22718320,"chainId":1,"poolAddress":"0x593a8a7c12d8111e12945ff167389662a02b5ece","poolType":"CURVE_SNG"}	{"ptAdminBalance": "0", "ibtAdminBalance": "0"}
{"blockNumber":22718343,"chainId":1,"poolAddress":"0x593a8a7c12d8111e12945ff167389662a02b5ece","poolType":"CURVE_SNG"}	{"ptAdminBalance": "0", "ibtAdminBalance": "0"}
{"blockNumber":22718374,"chainId":1,"poolAddress":"0x593a8a7c12d8111e12945ff167389662a02b5ece","poolType":"CURVE_SNG"}	{"ptAdminBalance": "0", "ibtAdminBalance": "0"}
{"blockNumber":22718654,"chainId":1,"poolAddress":"0x593a8a7c12d8111e12945ff167389662a02b5ece","poolType":"CURVE_SNG"}	{"ptAdminBalance": "0", "ibtAdminBalance": "0"}
{"blockNumber":22718727,"chainId":1,"poolAddress":"0x593a8a7c12d8111e12945ff167389662a02b5ece","poolType":"CURVE_SNG"}	{"ptAdminBalance": "0", "ibtAdminBalance": "0"}
{"blockNumber":22718777,"chainId":1,"poolAddress":"0x593a8a7c12d8111e12945ff167389662a02b5ece","poolType":"CURVE_SNG"}	{"ptAdminBalance": "0", "ibtAdminBalance": "0"}
{"blockNumber":22718808,"chainId":1,"poolAddress":"0x593a8a7c12d8111e12945ff167389662a02b5ece","poolType":"CURVE_SNG"}	{"ptAdminBalance": "0", "ibtAdminBalance": "0"}
{"blockNumber":22719204,"chainId":1,"poolAddress":"0x593a8a7c12d8111e12945ff167389662a02b5ece","poolType":"CURVE_SNG"}	{"ptAdminBalance": "0", "ibtAdminBalance": "0"}
{"blockNumber":22719234,"chainId":1,"poolAddress":"0x593a8a7c12d8111e12945ff167389662a02b5ece","poolType":"CURVE_SNG"}	{"ptAdminBalance": "0", "ibtAdminBalance": "0"}
{"blockNumber":22719270,"chainId":1,"poolAddress":"0x593a8a7c12d8111e12945ff167389662a02b5ece","poolType":"CURVE_SNG"}	{"ptAdminBalance": "0", "ibtAdminBalance": "0"}
{"blockNumber":22719292,"chainId":1,"poolAddress":"0x593a8a7c12d8111e12945ff167389662a02b5ece","poolType":"CURVE_SNG"}	{"ptAdminBalance": "0", "ibtAdminBalance": "0"}
{"blockNumber":22719423,"chainId":1,"poolAddress":"0x593a8a7c12d8111e12945ff167389662a02b5ece","poolType":"CURVE_SNG"}	{"ptAdminBalance": "0", "ibtAdminBalance": "0"}
{"blockNumber":22719470,"chainId":1,"poolAddress":"0x593a8a7c12d8111e12945ff167389662a02b5ece","poolType":"CURVE_SNG"}	{"ptAdminBalance": "0", "ibtAdminBalance": "0"}
{"blockNumber":22720281,"chainId":1,"poolAddress":"0x593a8a7c12d8111e12945ff167389662a02b5ece","poolType":"CURVE_SNG"}	{"ptAdminBalance": "0", "ibtAdminBalance": "0"}
{"blockNumber":22720729,"chainId":1,"poolAddress":"0x593a8a7c12d8111e12945ff167389662a02b5ece","poolType":"CURVE_SNG"}	{"ptAdminBalance": "0", "ibtAdminBalance": "0"}
{"blockNumber":22721088,"chainId":1,"poolAddress":"0x593a8a7c12d8111e12945ff167389662a02b5ece","poolType":"CURVE_SNG"}	{"ptAdminBalance": "0", "ibtAdminBalance": "0"}
{"blockNumber":22721114,"chainId":1,"poolAddress":"0x593a8a7c12d8111e12945ff167389662a02b5ece","poolType":"CURVE_SNG"}	{"ptAdminBalance": "0", "ibtAdminBalance": "0"}
{"blockNumber":22721192,"chainId":1,"poolAddress":"0x593a8a7c12d8111e12945ff167389662a02b5ece","poolType":"CURVE_SNG"}	{"ptAdminBalance": "0", "ibtAdminBalance": "0"}
{"blockNumber":22721658,"chainId":1,"poolAddress":"0x593a8a7c12d8111e12945ff167389662a02b5ece","poolType":"CURVE_SNG"}	{"ptAdminBalance": "0", "ibtAdminBalance": "0"}
{"blockNumber":22722703,"chainId":1,"poolAddress":"0x593a8a7c12d8111e12945ff167389662a02b5ece","poolType":"CURVE_SNG"}	{"ptAdminBalance": "0", "ibtAdminBalance": "0"}
{"blockNumber":22724595,"chainId":1,"poolAddress":"0x593a8a7c12d8111e12945ff167389662a02b5ece","poolType":"CURVE_SNG"}	{"ptAdminBalance": "0", "ibtAdminBalance": "0"}
{"blockNumber":22725265,"chainId":1,"poolAddress":"0x593a8a7c12d8111e12945ff167389662a02b5ece","poolType":"CURVE_SNG"}	{"ptAdminBalance": "0", "ibtAdminBalance": "0"}
{"blockNumber":22727299,"chainId":1,"poolAddress":"0x593a8a7c12d8111e12945ff167389662a02b5ece","poolType":"CURVE_SNG"}	{"ptAdminBalance": "0", "ibtAdminBalance": "0"}
{"blockNumber":22729642,"chainId":1,"poolAddress":"0x593a8a7c12d8111e12945ff167389662a02b5ece","poolType":"CURVE_SNG"}	{"ptAdminBalance": "0", "ibtAdminBalance": "0"}
{"blockNumber":22730218,"chainId":1,"poolAddress":"0x593a8a7c12d8111e12945ff167389662a02b5ece","poolType":"CURVE_SNG"}	{"ptAdminBalance": "0", "ibtAdminBalance": "0"}
{"blockNumber":22731939,"chainId":1,"poolAddress":"0x593a8a7c12d8111e12945ff167389662a02b5ece","poolType":"CURVE_SNG"}	{"ptAdminBalance": "0", "ibtAdminBalance": "0"}
{"blockNumber":22743580,"chainId":1,"poolAddress":"0x593a8a7c12d8111e12945ff167389662a02b5ece","poolType":"CURVE_SNG"}	{"ptAdminBalance": "0", "ibtAdminBalance": "0"}
{"blockNumber":22740175,"chainId":1,"poolAddress":"0x593a8a7c12d8111e12945ff167389662a02b5ece","poolType":"CURVE_SNG"}	{"ptAdminBalance": "0", "ibtAdminBalance": "0"}
{"blockNumber":22782595,"chainId":1,"poolAddress":"0x593a8a7c12d8111e12945ff167389662a02b5ece","poolType":"CURVE_SNG"}	{"ptAdminBalance": "0", "ibtAdminBalance": "0"}
{"blockNumber":22809048,"chainId":1,"poolAddress":"0x593a8a7c12d8111e12945ff167389662a02b5ece","poolType":"CURVE_SNG"}	{"ptAdminBalance": "0", "ibtAdminBalance": "0"}
{"blockNumber":22732719,"chainId":1,"poolAddress":"0xcbe13315809acf6d7b92472fcb9546655b874ee7","poolType":"CURVE_SNG"}	{"ptAdminBalance": "0", "ibtAdminBalance": "0"}
{"blockNumber":22735971,"chainId":1,"poolAddress":"0xcbe13315809acf6d7b92472fcb9546655b874ee7","poolType":"CURVE_SNG"}	{"ptAdminBalance": "0", "ibtAdminBalance": "0"}
{"blockNumber":22800141,"chainId":1,"poolAddress":"0xcbe13315809acf6d7b92472fcb9546655b874ee7","poolType":"CURVE_SNG"}	{"ptAdminBalance": "0", "ibtAdminBalance": "0"}
{"blockNumber":22743789,"chainId":1,"poolAddress":"0xcbe13315809acf6d7b92472fcb9546655b874ee7","poolType":"CURVE_SNG"}	{"ptAdminBalance": "0", "ibtAdminBalance": "0"}
{"blockNumber":22744350,"chainId":1,"poolAddress":"0xcbe13315809acf6d7b92472fcb9546655b874ee7","poolType":"CURVE_SNG"}	{"ptAdminBalance": "0", "ibtAdminBalance": "0"}
{"blockNumber":22744853,"chainId":1,"poolAddress":"0xcbe13315809acf6d7b92472fcb9546655b874ee7","poolType":"CURVE_SNG"}	{"ptAdminBalance": "0", "ibtAdminBalance": "0"}
{"blockNumber":22784217,"chainId":1,"poolAddress":"0xcbe13315809acf6d7b92472fcb9546655b874ee7","poolType":"CURVE_SNG"}	{"ptAdminBalance": "0", "ibtAdminBalance": "0"}
{"blockNumber":22817096,"chainId":1,"poolAddress":"0xcbe13315809acf6d7b92472fcb9546655b874ee7","poolType":"CURVE_SNG"}	{"ptAdminBalance": "0", "ibtAdminBalance": "0"}
{"blockNumber":22800214,"chainId":1,"poolAddress":"0xcbe13315809acf6d7b92472fcb9546655b874ee7","poolType":"CURVE_SNG"}	{"ptAdminBalance": "0", "ibtAdminBalance": "0"}
{"blockNumber":22734139,"chainId":1,"poolAddress":"0x17a23e49ae0209b5243090c138e800c4ca1921e9","poolType":"CURVE_SNG"}	{"ptAdminBalance": "0", "ibtAdminBalance": "0"}
{"blockNumber":22737095,"chainId":1,"poolAddress":"0x17a23e49ae0209b5243090c138e800c4ca1921e9","poolType":"CURVE_SNG"}	{"ptAdminBalance": "0", "ibtAdminBalance": "0"}
{"blockNumber":22745592,"chainId":1,"poolAddress":"0x21ff331d1928cb7fde9a151d43eba4ebee843e87","poolType":"CURVE_SNG"}	{"ptAdminBalance": "0", "ibtAdminBalance": "0"}
{"blockNumber":22752723,"chainId":1,"poolAddress":"0x21ff331d1928cb7fde9a151d43eba4ebee843e87","poolType":"CURVE_SNG"}	{"ptAdminBalance": "0", "ibtAdminBalance": "0"}
{"blockNumber":22812689,"chainId":1,"poolAddress":"0xab663a50ef56d064ecc27b2656ed6889ea70e502","poolType":"CURVE_SNG"}	{"ptAdminBalance": "0", "ibtAdminBalance": "0"}
{"blockNumber":22812702,"chainId":1,"poolAddress":"0xab663a50ef56d064ecc27b2656ed6889ea70e502","poolType":"CURVE_SNG"}	{"ptAdminBalance": "0", "ibtAdminBalance": "0"}
{"blockNumber":22777630,"chainId":1,"poolAddress":"0xab663a50ef56d064ecc27b2656ed6889ea70e502","poolType":"CURVE_SNG"}	{"ptAdminBalance": "0", "ibtAdminBalance": "0"}
{"blockNumber":22738433,"chainId":1,"poolAddress":"0x21ff331d1928cb7fde9a151d43eba4ebee843e87","poolType":"CURVE_SNG"}	{"ptAdminBalance": "0", "ibtAdminBalance": "0"}
{"blockNumber":22801976,"chainId":1,"poolAddress":"0x21ff331d1928cb7fde9a151d43eba4ebee843e87","poolType":"CURVE_SNG"}	{"ptAdminBalance": "0", "ibtAdminBalance": "0"}
{"blockNumber":22745271,"chainId":1,"poolAddress":"0x1253e519aedc35f9da29a14e155f64605d5144ce","poolType":"CURVE_SNG"}	{"ptAdminBalance": "0", "ibtAdminBalance": "0"}
{"blockNumber":22815629,"chainId":1,"poolAddress":"0xcbe13315809acf6d7b92472fcb9546655b874ee7","poolType":"CURVE_SNG"}	{"ptAdminBalance": "0", "ibtAdminBalance": "0"}
{"blockNumber":22731373,"chainId":1,"poolAddress":"0xcbe13315809acf6d7b92472fcb9546655b874ee7","poolType":"CURVE_SNG"}	{"ptAdminBalance": "0", "ibtAdminBalance": "0"}
{"blockNumber":22732478,"chainId":1,"poolAddress":"0xcbe13315809acf6d7b92472fcb9546655b874ee7","poolType":"CURVE_SNG"}	{"ptAdminBalance": "0", "ibtAdminBalance": "0"}
{"blockNumber":22739146,"chainId":1,"poolAddress":"0xcbe13315809acf6d7b92472fcb9546655b874ee7","poolType":"CURVE_SNG"}	{"ptAdminBalance": "0", "ibtAdminBalance": "0"}
{"blockNumber":22745035,"chainId":1,"poolAddress":"0xcbe13315809acf6d7b92472fcb9546655b874ee7","poolType":"CURVE_SNG"}	{"ptAdminBalance": "0", "ibtAdminBalance": "0"}
{"blockNumber":22750665,"chainId":1,"poolAddress":"0xcbe13315809acf6d7b92472fcb9546655b874ee7","poolType":"CURVE_SNG"}	{"ptAdminBalance": "0", "ibtAdminBalance": "0"}
{"blockNumber":22790468,"chainId":1,"poolAddress":"0xcbe13315809acf6d7b92472fcb9546655b874ee7","poolType":"CURVE_SNG"}	{"ptAdminBalance": "0", "ibtAdminBalance": "0"}
{"blockNumber":22791866,"chainId":1,"poolAddress":"0xcbe13315809acf6d7b92472fcb9546655b874ee7","poolType":"CURVE_SNG"}	{"ptAdminBalance": "0", "ibtAdminBalance": "0"}
{"blockNumber":22794535,"chainId":1,"poolAddress":"0xcbe13315809acf6d7b92472fcb9546655b874ee7","poolType":"CURVE_SNG"}	{"ptAdminBalance": "0", "ibtAdminBalance": "0"}
{"blockNumber":22802269,"chainId":1,"poolAddress":"0xcbe13315809acf6d7b92472fcb9546655b874ee7","poolType":"CURVE_SNG"}	{"ptAdminBalance": "0", "ibtAdminBalance": "0"}
{"blockNumber":22802599,"chainId":1,"poolAddress":"0xcbe13315809acf6d7b92472fcb9546655b874ee7","poolType":"CURVE_SNG"}	{"ptAdminBalance": "0", "ibtAdminBalance": "0"}
{"blockNumber":22807545,"chainId":1,"poolAddress":"0xcbe13315809acf6d7b92472fcb9546655b874ee7","poolType":"CURVE_SNG"}	{"ptAdminBalance": "0", "ibtAdminBalance": "0"}
{"blockNumber":22807666,"chainId":1,"poolAddress":"0xcbe13315809acf6d7b92472fcb9546655b874ee7","poolType":"CURVE_SNG"}	{"ptAdminBalance": "0", "ibtAdminBalance": "0"}
{"blockNumber":22772369,"chainId":1,"poolAddress":"0xcbe13315809acf6d7b92472fcb9546655b874ee7","poolType":"CURVE_SNG"}	{"ptAdminBalance": "0", "ibtAdminBalance": "0"}
{"blockNumber":22786115,"chainId":1,"poolAddress":"0xcbe13315809acf6d7b92472fcb9546655b874ee7","poolType":"CURVE_SNG"}	{"ptAdminBalance": "0", "ibtAdminBalance": "0"}
{"blockNumber":22792864,"chainId":1,"poolAddress":"0xcbe13315809acf6d7b92472fcb9546655b874ee7","poolType":"CURVE_SNG"}	{"ptAdminBalance": "0", "ibtAdminBalance": "0"}
{"blockNumber":22811273,"chainId":1,"poolAddress":"0x593a8a7c12d8111e12945ff167389662a02b5ece","poolType":"CURVE_SNG"}	{"ptAdminBalance": "0", "ibtAdminBalance": "0"}
{"blockNumber":22751147,"chainId":1,"poolAddress":"0x17a23e49ae0209b5243090c138e800c4ca1921e9","poolType":"CURVE_SNG"}	{"ptAdminBalance": "0", "ibtAdminBalance": "0"}
{"blockNumber":22789510,"chainId":1,"poolAddress":"0x21ff331d1928cb7fde9a151d43eba4ebee843e87","poolType":"CURVE_SNG"}	{"ptAdminBalance": "0", "ibtAdminBalance": "0"}
{"blockNumber":22792677,"chainId":1,"poolAddress":"0x1ed0bea7db2815283da9e184145386bd7789a735","poolType":"CURVE_SNG"}	{"ptAdminBalance": "0", "ibtAdminBalance": "0"}
{"blockNumber":22753835,"chainId":1,"poolAddress":"0x593a8a7c12d8111e12945ff167389662a02b5ece","poolType":"CURVE_SNG"}	{"ptAdminBalance": "0", "ibtAdminBalance": "0"}
{"blockNumber":22737781,"chainId":1,"poolAddress":"0x593a8a7c12d8111e12945ff167389662a02b5ece","poolType":"CURVE_SNG"}	{"ptAdminBalance": "0", "ibtAdminBalance": "0"}
{"blockNumber":22741307,"chainId":1,"poolAddress":"0x593a8a7c12d8111e12945ff167389662a02b5ece","poolType":"CURVE_SNG"}	{"ptAdminBalance": "0", "ibtAdminBalance": "0"}
{"blockNumber":22745451,"chainId":1,"poolAddress":"0x593a8a7c12d8111e12945ff167389662a02b5ece","poolType":"CURVE_SNG"}	{"ptAdminBalance": "0", "ibtAdminBalance": "0"}
{"blockNumber":22749857,"chainId":1,"poolAddress":"0x593a8a7c12d8111e12945ff167389662a02b5ece","poolType":"CURVE_SNG"}	{"ptAdminBalance": "0", "ibtAdminBalance": "0"}
{"blockNumber":22754821,"chainId":1,"poolAddress":"0x593a8a7c12d8111e12945ff167389662a02b5ece","poolType":"CURVE_SNG"}	{"ptAdminBalance": "0", "ibtAdminBalance": "0"}
{"blockNumber":22761624,"chainId":1,"poolAddress":"0x593a8a7c12d8111e12945ff167389662a02b5ece","poolType":"CURVE_SNG"}	{"ptAdminBalance": "0", "ibtAdminBalance": "0"}
{"blockNumber":22787186,"chainId":1,"poolAddress":"0x593a8a7c12d8111e12945ff167389662a02b5ece","poolType":"CURVE_SNG"}	{"ptAdminBalance": "0", "ibtAdminBalance": "0"}
{"blockNumber":22731852,"chainId":1,"poolAddress":"0xcbe13315809acf6d7b92472fcb9546655b874ee7","poolType":"CURVE_SNG"}	{"ptAdminBalance": "0", "ibtAdminBalance": "0"}
{"blockNumber":22733537,"chainId":1,"poolAddress":"0xcbe13315809acf6d7b92472fcb9546655b874ee7","poolType":"CURVE_SNG"}	{"ptAdminBalance": "0", "ibtAdminBalance": "0"}
{"blockNumber":22799298,"chainId":1,"poolAddress":"0xcbe13315809acf6d7b92472fcb9546655b874ee7","poolType":"CURVE_SNG"}	{"ptAdminBalance": "0", "ibtAdminBalance": "0"}
{"blockNumber":22734134,"chainId":1,"poolAddress":"0x17a23e49ae0209b5243090c138e800c4ca1921e9","poolType":"CURVE_SNG"}	{"ptAdminBalance": "0", "ibtAdminBalance": "0"}
{"blockNumber":22736928,"chainId":1,"poolAddress":"0x17a23e49ae0209b5243090c138e800c4ca1921e9","poolType":"CURVE_SNG"}	{"ptAdminBalance": "0", "ibtAdminBalance": "0"}
{"blockNumber":22743849,"chainId":1,"poolAddress":"0x17a23e49ae0209b5243090c138e800c4ca1921e9","poolType":"CURVE_SNG"}	{"ptAdminBalance": "0", "ibtAdminBalance": "0"}
{"blockNumber":22772385,"chainId":1,"poolAddress":"0x17a23e49ae0209b5243090c138e800c4ca1921e9","poolType":"CURVE_SNG"}	{"ptAdminBalance": "0", "ibtAdminBalance": "0"}
{"blockNumber":22788382,"chainId":1,"poolAddress":"0x17a23e49ae0209b5243090c138e800c4ca1921e9","poolType":"CURVE_SNG"}	{"ptAdminBalance": "0", "ibtAdminBalance": "0"}
{"blockNumber":22792584,"chainId":1,"poolAddress":"0x21ff331d1928cb7fde9a151d43eba4ebee843e87","poolType":"CURVE_SNG"}	{"ptAdminBalance": "0", "ibtAdminBalance": "0"}
{"blockNumber":22773992,"chainId":1,"poolAddress":"0x21ff331d1928cb7fde9a151d43eba4ebee843e87","poolType":"CURVE_SNG"}	{"ptAdminBalance": "0", "ibtAdminBalance": "0"}
{"blockNumber":22795016,"chainId":1,"poolAddress":"0x21ff331d1928cb7fde9a151d43eba4ebee843e87","poolType":"CURVE_SNG"}	{"ptAdminBalance": "0", "ibtAdminBalance": "0"}
{"blockNumber":22739335,"chainId":1,"poolAddress":"0x1ed0bea7db2815283da9e184145386bd7789a735","poolType":"CURVE_SNG"}	{"ptAdminBalance": "0", "ibtAdminBalance": "0"}
{"blockNumber":22800899,"chainId":1,"poolAddress":"0x6b6e36e0516b3020dff0edd01fe90c18774de709","poolType":"CURVE_SNG"}	{"ptAdminBalance": "0", "ibtAdminBalance": "0"}
{"blockNumber":22772054,"chainId":1,"poolAddress":"0xcbe13315809acf6d7b92472fcb9546655b874ee7","poolType":"CURVE_SNG"}	{"ptAdminBalance": "0", "ibtAdminBalance": "0"}
{"blockNumber":22772417,"chainId":1,"poolAddress":"0xcbe13315809acf6d7b92472fcb9546655b874ee7","poolType":"CURVE_SNG"}	{"ptAdminBalance": "0", "ibtAdminBalance": "0"}
{"blockNumber":22772430,"chainId":1,"poolAddress":"0xcbe13315809acf6d7b92472fcb9546655b874ee7","poolType":"CURVE_SNG"}	{"ptAdminBalance": "0", "ibtAdminBalance": "0"}
{"blockNumber":22732110,"chainId":1,"poolAddress":"0x593a8a7c12d8111e12945ff167389662a02b5ece","poolType":"CURVE_SNG"}	{"ptAdminBalance": "0", "ibtAdminBalance": "0"}
{"blockNumber":22785880,"chainId":1,"poolAddress":"0x593a8a7c12d8111e12945ff167389662a02b5ece","poolType":"CURVE_SNG"}	{"ptAdminBalance": "0", "ibtAdminBalance": "0"}
{"blockNumber":22748200,"chainId":1,"poolAddress":"0x593a8a7c12d8111e12945ff167389662a02b5ece","poolType":"CURVE_SNG"}	{"ptAdminBalance": "0", "ibtAdminBalance": "0"}
{"blockNumber":22736843,"chainId":1,"poolAddress":"0x593a8a7c12d8111e12945ff167389662a02b5ece","poolType":"CURVE_SNG"}	{"ptAdminBalance": "0", "ibtAdminBalance": "0"}
{"blockNumber":22740823,"chainId":1,"poolAddress":"0x593a8a7c12d8111e12945ff167389662a02b5ece","poolType":"CURVE_SNG"}	{"ptAdminBalance": "0", "ibtAdminBalance": "0"}
{"blockNumber":22741799,"chainId":1,"poolAddress":"0x593a8a7c12d8111e12945ff167389662a02b5ece","poolType":"CURVE_SNG"}	{"ptAdminBalance": "0", "ibtAdminBalance": "0"}
{"blockNumber":22741846,"chainId":1,"poolAddress":"0x593a8a7c12d8111e12945ff167389662a02b5ece","poolType":"CURVE_SNG"}	{"ptAdminBalance": "0", "ibtAdminBalance": "0"}
{"blockNumber":22782140,"chainId":1,"poolAddress":"0x593a8a7c12d8111e12945ff167389662a02b5ece","poolType":"CURVE_SNG"}	{"ptAdminBalance": "0", "ibtAdminBalance": "0"}
{"blockNumber":22803125,"chainId":1,"poolAddress":"0x593a8a7c12d8111e12945ff167389662a02b5ece","poolType":"CURVE_SNG"}	{"ptAdminBalance": "0", "ibtAdminBalance": "0"}
{"blockNumber":22812634,"chainId":1,"poolAddress":"0x593a8a7c12d8111e12945ff167389662a02b5ece","poolType":"CURVE_SNG"}	{"ptAdminBalance": "0", "ibtAdminBalance": "0"}
{"blockNumber":22785603,"chainId":1,"poolAddress":"0x17a23e49ae0209b5243090c138e800c4ca1921e9","poolType":"CURVE_SNG"}	{"ptAdminBalance": "0", "ibtAdminBalance": "0"}
{"blockNumber":22771947,"chainId":1,"poolAddress":"0x17a23e49ae0209b5243090c138e800c4ca1921e9","poolType":"CURVE_SNG"}	{"ptAdminBalance": "0", "ibtAdminBalance": "0"}
{"blockNumber":22779708,"chainId":1,"poolAddress":"0x17a23e49ae0209b5243090c138e800c4ca1921e9","poolType":"CURVE_SNG"}	{"ptAdminBalance": "0", "ibtAdminBalance": "0"}
{"blockNumber":22772509,"chainId":1,"poolAddress":"0x17a23e49ae0209b5243090c138e800c4ca1921e9","poolType":"CURVE_SNG"}	{"ptAdminBalance": "0", "ibtAdminBalance": "0"}
{"blockNumber":22782491,"chainId":1,"poolAddress":"0x17a23e49ae0209b5243090c138e800c4ca1921e9","poolType":"CURVE_SNG"}	{"ptAdminBalance": "0", "ibtAdminBalance": "0"}
{"blockNumber":22787054,"chainId":1,"poolAddress":"0xcbe13315809acf6d7b92472fcb9546655b874ee7","poolType":"CURVE_SNG"}	{"ptAdminBalance": "0", "ibtAdminBalance": "0"}
{"blockNumber":22809155,"chainId":1,"poolAddress":"0xcbe13315809acf6d7b92472fcb9546655b874ee7","poolType":"CURVE_SNG"}	{"ptAdminBalance": "0", "ibtAdminBalance": "0"}
{"blockNumber":22809162,"chainId":1,"poolAddress":"0xcbe13315809acf6d7b92472fcb9546655b874ee7","poolType":"CURVE_SNG"}	{"ptAdminBalance": "0", "ibtAdminBalance": "0"}
{"blockNumber":22810406,"chainId":1,"poolAddress":"0xcbe13315809acf6d7b92472fcb9546655b874ee7","poolType":"CURVE_SNG"}	{"ptAdminBalance": "0", "ibtAdminBalance": "0"}
{"blockNumber":22743323,"chainId":1,"poolAddress":"0xcbe13315809acf6d7b92472fcb9546655b874ee7","poolType":"CURVE_SNG"}	{"ptAdminBalance": "0", "ibtAdminBalance": "0"}
{"blockNumber":22803642,"chainId":1,"poolAddress":"0xcbe13315809acf6d7b92472fcb9546655b874ee7","poolType":"CURVE_SNG"}	{"ptAdminBalance": "0", "ibtAdminBalance": "0"}
{"blockNumber":22786788,"chainId":1,"poolAddress":"0xcbe13315809acf6d7b92472fcb9546655b874ee7","poolType":"CURVE_SNG"}	{"ptAdminBalance": "0", "ibtAdminBalance": "0"}
{"blockNumber":22814032,"chainId":1,"poolAddress":"0xab663a50ef56d064ecc27b2656ed6889ea70e502","poolType":"CURVE_SNG"}	{"ptAdminBalance": "0", "ibtAdminBalance": "0"}
{"blockNumber":22738827,"chainId":1,"poolAddress":"0xab663a50ef56d064ecc27b2656ed6889ea70e502","poolType":"CURVE_SNG"}	{"ptAdminBalance": "0", "ibtAdminBalance": "0"}
{"blockNumber":22766884,"chainId":1,"poolAddress":"0x6b6e36e0516b3020dff0edd01fe90c18774de709","poolType":"CURVE_SNG"}	{"ptAdminBalance": "0", "ibtAdminBalance": "0"}
{"blockNumber":22739313,"chainId":1,"poolAddress":"0x21ff331d1928cb7fde9a151d43eba4ebee843e87","poolType":"CURVE_SNG"}	{"ptAdminBalance": "0", "ibtAdminBalance": "0"}
{"blockNumber":22746581,"chainId":1,"poolAddress":"0x21ff331d1928cb7fde9a151d43eba4ebee843e87","poolType":"CURVE_SNG"}	{"ptAdminBalance": "0", "ibtAdminBalance": "0"}
{"blockNumber":22746782,"chainId":1,"poolAddress":"0x21ff331d1928cb7fde9a151d43eba4ebee843e87","poolType":"CURVE_SNG"}	{"ptAdminBalance": "0", "ibtAdminBalance": "0"}
{"blockNumber":22739298,"chainId":1,"poolAddress":"0x1ed0bea7db2815283da9e184145386bd7789a735","poolType":"CURVE_SNG"}	{"ptAdminBalance": "0", "ibtAdminBalance": "0"}
{"blockNumber":22746694,"chainId":1,"poolAddress":"0x1ed0bea7db2815283da9e184145386bd7789a735","poolType":"CURVE_SNG"}	{"ptAdminBalance": "0", "ibtAdminBalance": "0"}
{"blockNumber":22736985,"chainId":1,"poolAddress":"0x1ed0bea7db2815283da9e184145386bd7789a735","poolType":"CURVE_SNG"}	{"ptAdminBalance": "0", "ibtAdminBalance": "0"}
{"blockNumber":22810673,"chainId":1,"poolAddress":"0x6b6e36e0516b3020dff0edd01fe90c18774de709","poolType":"CURVE_SNG"}	{"ptAdminBalance": "0", "ibtAdminBalance": "0"}
{"blockNumber":22817661,"chainId":1,"poolAddress":"0xa95a5eb4f639ddc9cd0b431036eb2cc2d018c18c","poolType":"CURVE_SNG"}	{"ptAdminBalance": "369727162466843101", "ibtAdminBalance": "210220522356239003"}
{"blockNumber":22732637,"chainId":1,"poolAddress":"0x593a8a7c12d8111e12945ff167389662a02b5ece","poolType":"CURVE_SNG"}	{"ptAdminBalance": "0", "ibtAdminBalance": "0"}
{"blockNumber":22805247,"chainId":1,"poolAddress":"0x593a8a7c12d8111e12945ff167389662a02b5ece","poolType":"CURVE_SNG"}	{"ptAdminBalance": "0", "ibtAdminBalance": "0"}
{"blockNumber":22731506,"chainId":1,"poolAddress":"0x593a8a7c12d8111e12945ff167389662a02b5ece","poolType":"CURVE_SNG"}	{"ptAdminBalance": "0", "ibtAdminBalance": "0"}
{"blockNumber":22731608,"chainId":1,"poolAddress":"0x593a8a7c12d8111e12945ff167389662a02b5ece","poolType":"CURVE_SNG"}	{"ptAdminBalance": "0", "ibtAdminBalance": "0"}
{"blockNumber":22734553,"chainId":1,"poolAddress":"0x593a8a7c12d8111e12945ff167389662a02b5ece","poolType":"CURVE_SNG"}	{"ptAdminBalance": "0", "ibtAdminBalance": "0"}
{"blockNumber":22739224,"chainId":1,"poolAddress":"0x593a8a7c12d8111e12945ff167389662a02b5ece","poolType":"CURVE_SNG"}	{"ptAdminBalance": "0", "ibtAdminBalance": "0"}
{"blockNumber":22739616,"chainId":1,"poolAddress":"0x593a8a7c12d8111e12945ff167389662a02b5ece","poolType":"CURVE_SNG"}	{"ptAdminBalance": "0", "ibtAdminBalance": "0"}
{"blockNumber":22739773,"chainId":1,"poolAddress":"0x593a8a7c12d8111e12945ff167389662a02b5ece","poolType":"CURVE_SNG"}	{"ptAdminBalance": "0", "ibtAdminBalance": "0"}
{"blockNumber":22746998,"chainId":1,"poolAddress":"0x593a8a7c12d8111e12945ff167389662a02b5ece","poolType":"CURVE_SNG"}	{"ptAdminBalance": "0", "ibtAdminBalance": "0"}
{"blockNumber":22747061,"chainId":1,"poolAddress":"0x593a8a7c12d8111e12945ff167389662a02b5ece","poolType":"CURVE_SNG"}	{"ptAdminBalance": "0", "ibtAdminBalance": "0"}
{"blockNumber":22748369,"chainId":1,"poolAddress":"0x593a8a7c12d8111e12945ff167389662a02b5ece","poolType":"CURVE_SNG"}	{"ptAdminBalance": "0", "ibtAdminBalance": "0"}
{"blockNumber":22750896,"chainId":1,"poolAddress":"0x593a8a7c12d8111e12945ff167389662a02b5ece","poolType":"CURVE_SNG"}	{"ptAdminBalance": "0", "ibtAdminBalance": "0"}
{"blockNumber":22752728,"chainId":1,"poolAddress":"0x593a8a7c12d8111e12945ff167389662a02b5ece","poolType":"CURVE_SNG"}	{"ptAdminBalance": "0", "ibtAdminBalance": "0"}
{"blockNumber":22759362,"chainId":1,"poolAddress":"0x593a8a7c12d8111e12945ff167389662a02b5ece","poolType":"CURVE_SNG"}	{"ptAdminBalance": "0", "ibtAdminBalance": "0"}
{"blockNumber":22788411,"chainId":1,"poolAddress":"0x593a8a7c12d8111e12945ff167389662a02b5ece","poolType":"CURVE_SNG"}	{"ptAdminBalance": "0", "ibtAdminBalance": "0"}
{"blockNumber":22808426,"chainId":1,"poolAddress":"0x593a8a7c12d8111e12945ff167389662a02b5ece","poolType":"CURVE_SNG"}	{"ptAdminBalance": "0", "ibtAdminBalance": "0"}
{"blockNumber":22808430,"chainId":1,"poolAddress":"0x593a8a7c12d8111e12945ff167389662a02b5ece","poolType":"CURVE_SNG"}	{"ptAdminBalance": "0", "ibtAdminBalance": "0"}
{"blockNumber":22765683,"chainId":1,"poolAddress":"0x593a8a7c12d8111e12945ff167389662a02b5ece","poolType":"CURVE_SNG"}	{"ptAdminBalance": "0", "ibtAdminBalance": "0"}
{"blockNumber":22769373,"chainId":1,"poolAddress":"0x593a8a7c12d8111e12945ff167389662a02b5ece","poolType":"CURVE_SNG"}	{"ptAdminBalance": "0", "ibtAdminBalance": "0"}
{"blockNumber":22789150,"chainId":1,"poolAddress":"0x593a8a7c12d8111e12945ff167389662a02b5ece","poolType":"CURVE_SNG"}	{"ptAdminBalance": "0", "ibtAdminBalance": "0"}
{"blockNumber":22809025,"chainId":1,"poolAddress":"0x593a8a7c12d8111e12945ff167389662a02b5ece","poolType":"CURVE_SNG"}	{"ptAdminBalance": "0", "ibtAdminBalance": "0"}
{"blockNumber":22790654,"chainId":1,"poolAddress":"0x593a8a7c12d8111e12945ff167389662a02b5ece","poolType":"CURVE_SNG"}	{"ptAdminBalance": "0", "ibtAdminBalance": "0"}
{"blockNumber":22794875,"chainId":1,"poolAddress":"0x593a8a7c12d8111e12945ff167389662a02b5ece","poolType":"CURVE_SNG"}	{"ptAdminBalance": "0", "ibtAdminBalance": "0"}
{"blockNumber":22795009,"chainId":1,"poolAddress":"0x593a8a7c12d8111e12945ff167389662a02b5ece","poolType":"CURVE_SNG"}	{"ptAdminBalance": "0", "ibtAdminBalance": "0"}
{"blockNumber":22797668,"chainId":1,"poolAddress":"0x593a8a7c12d8111e12945ff167389662a02b5ece","poolType":"CURVE_SNG"}	{"ptAdminBalance": "0", "ibtAdminBalance": "0"}
{"blockNumber":22802655,"chainId":1,"poolAddress":"0x593a8a7c12d8111e12945ff167389662a02b5ece","poolType":"CURVE_SNG"}	{"ptAdminBalance": "0", "ibtAdminBalance": "0"}
{"blockNumber":22803097,"chainId":1,"poolAddress":"0x593a8a7c12d8111e12945ff167389662a02b5ece","poolType":"CURVE_SNG"}	{"ptAdminBalance": "0", "ibtAdminBalance": "0"}
{"blockNumber":22803570,"chainId":1,"poolAddress":"0x593a8a7c12d8111e12945ff167389662a02b5ece","poolType":"CURVE_SNG"}	{"ptAdminBalance": "0", "ibtAdminBalance": "0"}
{"blockNumber":22804597,"chainId":1,"poolAddress":"0x593a8a7c12d8111e12945ff167389662a02b5ece","poolType":"CURVE_SNG"}	{"ptAdminBalance": "0", "ibtAdminBalance": "0"}
{"blockNumber":22809045,"chainId":1,"poolAddress":"0x593a8a7c12d8111e12945ff167389662a02b5ece","poolType":"CURVE_SNG"}	{"ptAdminBalance": "0", "ibtAdminBalance": "0"}
{"blockNumber":22809668,"chainId":1,"poolAddress":"0x593a8a7c12d8111e12945ff167389662a02b5ece","poolType":"CURVE_SNG"}	{"ptAdminBalance": "0", "ibtAdminBalance": "0"}
{"blockNumber":22810669,"chainId":1,"poolAddress":"0x593a8a7c12d8111e12945ff167389662a02b5ece","poolType":"CURVE_SNG"}	{"ptAdminBalance": "0", "ibtAdminBalance": "0"}
{"blockNumber":22814149,"chainId":1,"poolAddress":"0x593a8a7c12d8111e12945ff167389662a02b5ece","poolType":"CURVE_SNG"}	{"ptAdminBalance": "0", "ibtAdminBalance": "0"}
{"blockNumber":22731587,"chainId":1,"poolAddress":"0xcbe13315809acf6d7b92472fcb9546655b874ee7","poolType":"CURVE_SNG"}	{"ptAdminBalance": "0", "ibtAdminBalance": "0"}
{"blockNumber":22731629,"chainId":1,"poolAddress":"0xcbe13315809acf6d7b92472fcb9546655b874ee7","poolType":"CURVE_SNG"}	{"ptAdminBalance": "0", "ibtAdminBalance": "0"}
{"blockNumber":22746091,"chainId":1,"poolAddress":"0xcbe13315809acf6d7b92472fcb9546655b874ee7","poolType":"CURVE_SNG"}	{"ptAdminBalance": "0", "ibtAdminBalance": "0"}
{"blockNumber":22733614,"chainId":1,"poolAddress":"0xcbe13315809acf6d7b92472fcb9546655b874ee7","poolType":"CURVE_SNG"}	{"ptAdminBalance": "0", "ibtAdminBalance": "0"}
{"blockNumber":22735068,"chainId":1,"poolAddress":"0xcbe13315809acf6d7b92472fcb9546655b874ee7","poolType":"CURVE_SNG"}	{"ptAdminBalance": "0", "ibtAdminBalance": "0"}
{"blockNumber":22735373,"chainId":1,"poolAddress":"0xcbe13315809acf6d7b92472fcb9546655b874ee7","poolType":"CURVE_SNG"}	{"ptAdminBalance": "0", "ibtAdminBalance": "0"}
{"blockNumber":22735573,"chainId":1,"poolAddress":"0xcbe13315809acf6d7b92472fcb9546655b874ee7","poolType":"CURVE_SNG"}	{"ptAdminBalance": "0", "ibtAdminBalance": "0"}
{"blockNumber":22735634,"chainId":1,"poolAddress":"0xcbe13315809acf6d7b92472fcb9546655b874ee7","poolType":"CURVE_SNG"}	{"ptAdminBalance": "0", "ibtAdminBalance": "0"}
{"blockNumber":22735711,"chainId":1,"poolAddress":"0xcbe13315809acf6d7b92472fcb9546655b874ee7","poolType":"CURVE_SNG"}	{"ptAdminBalance": "0", "ibtAdminBalance": "0"}
{"blockNumber":22736299,"chainId":1,"poolAddress":"0xcbe13315809acf6d7b92472fcb9546655b874ee7","poolType":"CURVE_SNG"}	{"ptAdminBalance": "0", "ibtAdminBalance": "0"}
{"blockNumber":22736358,"chainId":1,"poolAddress":"0xcbe13315809acf6d7b92472fcb9546655b874ee7","poolType":"CURVE_SNG"}	{"ptAdminBalance": "0", "ibtAdminBalance": "0"}
{"blockNumber":22736743,"chainId":1,"poolAddress":"0xcbe13315809acf6d7b92472fcb9546655b874ee7","poolType":"CURVE_SNG"}	{"ptAdminBalance": "0", "ibtAdminBalance": "0"}
{"blockNumber":22737276,"chainId":1,"poolAddress":"0xcbe13315809acf6d7b92472fcb9546655b874ee7","poolType":"CURVE_SNG"}	{"ptAdminBalance": "0", "ibtAdminBalance": "0"}
{"blockNumber":22737292,"chainId":1,"poolAddress":"0xcbe13315809acf6d7b92472fcb9546655b874ee7","poolType":"CURVE_SNG"}	{"ptAdminBalance": "0", "ibtAdminBalance": "0"}
{"blockNumber":22801846,"chainId":1,"poolAddress":"0xcbe13315809acf6d7b92472fcb9546655b874ee7","poolType":"CURVE_SNG"}	{"ptAdminBalance": "0", "ibtAdminBalance": "0"}
{"blockNumber":22738672,"chainId":1,"poolAddress":"0xcbe13315809acf6d7b92472fcb9546655b874ee7","poolType":"CURVE_SNG"}	{"ptAdminBalance": "0", "ibtAdminBalance": "0"}
{"blockNumber":22740693,"chainId":1,"poolAddress":"0xcbe13315809acf6d7b92472fcb9546655b874ee7","poolType":"CURVE_SNG"}	{"ptAdminBalance": "0", "ibtAdminBalance": "0"}
{"blockNumber":22741199,"chainId":1,"poolAddress":"0xcbe13315809acf6d7b92472fcb9546655b874ee7","poolType":"CURVE_SNG"}	{"ptAdminBalance": "0", "ibtAdminBalance": "0"}
{"blockNumber":22742262,"chainId":1,"poolAddress":"0xcbe13315809acf6d7b92472fcb9546655b874ee7","poolType":"CURVE_SNG"}	{"ptAdminBalance": "0", "ibtAdminBalance": "0"}
{"blockNumber":22742644,"chainId":1,"poolAddress":"0xcbe13315809acf6d7b92472fcb9546655b874ee7","poolType":"CURVE_SNG"}	{"ptAdminBalance": "0", "ibtAdminBalance": "0"}
{"blockNumber":22743984,"chainId":1,"poolAddress":"0xcbe13315809acf6d7b92472fcb9546655b874ee7","poolType":"CURVE_SNG"}	{"ptAdminBalance": "0", "ibtAdminBalance": "0"}
{"blockNumber":22748375,"chainId":1,"poolAddress":"0xcbe13315809acf6d7b92472fcb9546655b874ee7","poolType":"CURVE_SNG"}	{"ptAdminBalance": "0", "ibtAdminBalance": "0"}
{"blockNumber":22750196,"chainId":1,"poolAddress":"0xcbe13315809acf6d7b92472fcb9546655b874ee7","poolType":"CURVE_SNG"}	{"ptAdminBalance": "0", "ibtAdminBalance": "0"}
{"blockNumber":22751394,"chainId":1,"poolAddress":"0xcbe13315809acf6d7b92472fcb9546655b874ee7","poolType":"CURVE_SNG"}	{"ptAdminBalance": "0", "ibtAdminBalance": "0"}
{"blockNumber":22751576,"chainId":1,"poolAddress":"0xcbe13315809acf6d7b92472fcb9546655b874ee7","poolType":"CURVE_SNG"}	{"ptAdminBalance": "0", "ibtAdminBalance": "0"}
{"blockNumber":22751686,"chainId":1,"poolAddress":"0xcbe13315809acf6d7b92472fcb9546655b874ee7","poolType":"CURVE_SNG"}	{"ptAdminBalance": "0", "ibtAdminBalance": "0"}
{"blockNumber":22752035,"chainId":1,"poolAddress":"0xcbe13315809acf6d7b92472fcb9546655b874ee7","poolType":"CURVE_SNG"}	{"ptAdminBalance": "0", "ibtAdminBalance": "0"}
{"blockNumber":22752198,"chainId":1,"poolAddress":"0xcbe13315809acf6d7b92472fcb9546655b874ee7","poolType":"CURVE_SNG"}	{"ptAdminBalance": "0", "ibtAdminBalance": "0"}
{"blockNumber":22752317,"chainId":1,"poolAddress":"0xcbe13315809acf6d7b92472fcb9546655b874ee7","poolType":"CURVE_SNG"}	{"ptAdminBalance": "0", "ibtAdminBalance": "0"}
{"blockNumber":22752405,"chainId":1,"poolAddress":"0xcbe13315809acf6d7b92472fcb9546655b874ee7","poolType":"CURVE_SNG"}	{"ptAdminBalance": "0", "ibtAdminBalance": "0"}
{"blockNumber":22752456,"chainId":1,"poolAddress":"0xcbe13315809acf6d7b92472fcb9546655b874ee7","poolType":"CURVE_SNG"}	{"ptAdminBalance": "0", "ibtAdminBalance": "0"}
{"blockNumber":22752545,"chainId":1,"poolAddress":"0xcbe13315809acf6d7b92472fcb9546655b874ee7","poolType":"CURVE_SNG"}	{"ptAdminBalance": "0", "ibtAdminBalance": "0"}
{"blockNumber":22752591,"chainId":1,"poolAddress":"0xcbe13315809acf6d7b92472fcb9546655b874ee7","poolType":"CURVE_SNG"}	{"ptAdminBalance": "0", "ibtAdminBalance": "0"}
{"blockNumber":22752824,"chainId":1,"poolAddress":"0xcbe13315809acf6d7b92472fcb9546655b874ee7","poolType":"CURVE_SNG"}	{"ptAdminBalance": "0", "ibtAdminBalance": "0"}
{"blockNumber":22752945,"chainId":1,"poolAddress":"0xcbe13315809acf6d7b92472fcb9546655b874ee7","poolType":"CURVE_SNG"}	{"ptAdminBalance": "0", "ibtAdminBalance": "0"}
{"blockNumber":22753130,"chainId":1,"poolAddress":"0xcbe13315809acf6d7b92472fcb9546655b874ee7","poolType":"CURVE_SNG"}	{"ptAdminBalance": "0", "ibtAdminBalance": "0"}
{"blockNumber":22753245,"chainId":1,"poolAddress":"0xcbe13315809acf6d7b92472fcb9546655b874ee7","poolType":"CURVE_SNG"}	{"ptAdminBalance": "0", "ibtAdminBalance": "0"}
{"blockNumber":22753330,"chainId":1,"poolAddress":"0xcbe13315809acf6d7b92472fcb9546655b874ee7","poolType":"CURVE_SNG"}	{"ptAdminBalance": "0", "ibtAdminBalance": "0"}
{"blockNumber":22754766,"chainId":1,"poolAddress":"0xcbe13315809acf6d7b92472fcb9546655b874ee7","poolType":"CURVE_SNG"}	{"ptAdminBalance": "0", "ibtAdminBalance": "0"}
{"blockNumber":22757856,"chainId":1,"poolAddress":"0xcbe13315809acf6d7b92472fcb9546655b874ee7","poolType":"CURVE_SNG"}	{"ptAdminBalance": "0", "ibtAdminBalance": "0"}
{"blockNumber":22764367,"chainId":1,"poolAddress":"0xcbe13315809acf6d7b92472fcb9546655b874ee7","poolType":"CURVE_SNG"}	{"ptAdminBalance": "0", "ibtAdminBalance": "0"}
{"blockNumber":22764782,"chainId":1,"poolAddress":"0xcbe13315809acf6d7b92472fcb9546655b874ee7","poolType":"CURVE_SNG"}	{"ptAdminBalance": "0", "ibtAdminBalance": "0"}
{"blockNumber":22765284,"chainId":1,"poolAddress":"0xcbe13315809acf6d7b92472fcb9546655b874ee7","poolType":"CURVE_SNG"}	{"ptAdminBalance": "0", "ibtAdminBalance": "0"}
{"blockNumber":22766595,"chainId":1,"poolAddress":"0xcbe13315809acf6d7b92472fcb9546655b874ee7","poolType":"CURVE_SNG"}	{"ptAdminBalance": "0", "ibtAdminBalance": "0"}
{"blockNumber":22770892,"chainId":1,"poolAddress":"0xcbe13315809acf6d7b92472fcb9546655b874ee7","poolType":"CURVE_SNG"}	{"ptAdminBalance": "0", "ibtAdminBalance": "0"}
{"blockNumber":22772691,"chainId":1,"poolAddress":"0xcbe13315809acf6d7b92472fcb9546655b874ee7","poolType":"CURVE_SNG"}	{"ptAdminBalance": "0", "ibtAdminBalance": "0"}
{"blockNumber":22773445,"chainId":1,"poolAddress":"0xcbe13315809acf6d7b92472fcb9546655b874ee7","poolType":"CURVE_SNG"}	{"ptAdminBalance": "0", "ibtAdminBalance": "0"}
{"blockNumber":22773618,"chainId":1,"poolAddress":"0xcbe13315809acf6d7b92472fcb9546655b874ee7","poolType":"CURVE_SNG"}	{"ptAdminBalance": "0", "ibtAdminBalance": "0"}
{"blockNumber":22779694,"chainId":1,"poolAddress":"0xcbe13315809acf6d7b92472fcb9546655b874ee7","poolType":"CURVE_SNG"}	{"ptAdminBalance": "0", "ibtAdminBalance": "0"}
{"blockNumber":22780879,"chainId":1,"poolAddress":"0xcbe13315809acf6d7b92472fcb9546655b874ee7","poolType":"CURVE_SNG"}	{"ptAdminBalance": "0", "ibtAdminBalance": "0"}
{"blockNumber":22787879,"chainId":1,"poolAddress":"0xcbe13315809acf6d7b92472fcb9546655b874ee7","poolType":"CURVE_SNG"}	{"ptAdminBalance": "0", "ibtAdminBalance": "0"}
{"blockNumber":22792294,"chainId":1,"poolAddress":"0xcbe13315809acf6d7b92472fcb9546655b874ee7","poolType":"CURVE_SNG"}	{"ptAdminBalance": "0", "ibtAdminBalance": "0"}
{"blockNumber":22793461,"chainId":1,"poolAddress":"0xcbe13315809acf6d7b92472fcb9546655b874ee7","poolType":"CURVE_SNG"}	{"ptAdminBalance": "0", "ibtAdminBalance": "0"}
{"blockNumber":22795193,"chainId":1,"poolAddress":"0xcbe13315809acf6d7b92472fcb9546655b874ee7","poolType":"CURVE_SNG"}	{"ptAdminBalance": "0", "ibtAdminBalance": "0"}
{"blockNumber":22800437,"chainId":1,"poolAddress":"0xcbe13315809acf6d7b92472fcb9546655b874ee7","poolType":"CURVE_SNG"}	{"ptAdminBalance": "0", "ibtAdminBalance": "0"}
{"blockNumber":22810076,"chainId":1,"poolAddress":"0xcbe13315809acf6d7b92472fcb9546655b874ee7","poolType":"CURVE_SNG"}	{"ptAdminBalance": "0", "ibtAdminBalance": "0"}
{"blockNumber":22810656,"chainId":1,"poolAddress":"0xcbe13315809acf6d7b92472fcb9546655b874ee7","poolType":"CURVE_SNG"}	{"ptAdminBalance": "0", "ibtAdminBalance": "0"}
{"blockNumber":22815594,"chainId":1,"poolAddress":"0xcbe13315809acf6d7b92472fcb9546655b874ee7","poolType":"CURVE_SNG"}	{"ptAdminBalance": "0", "ibtAdminBalance": "0"}
{"blockNumber":22816661,"chainId":1,"poolAddress":"0xcbe13315809acf6d7b92472fcb9546655b874ee7","poolType":"CURVE_SNG"}	{"ptAdminBalance": "0", "ibtAdminBalance": "0"}
{"blockNumber":22735991,"chainId":1,"poolAddress":"0x17a23e49ae0209b5243090c138e800c4ca1921e9","poolType":"CURVE_SNG"}	{"ptAdminBalance": "0", "ibtAdminBalance": "0"}
{"blockNumber":22731529,"chainId":1,"poolAddress":"0x17a23e49ae0209b5243090c138e800c4ca1921e9","poolType":"CURVE_SNG"}	{"ptAdminBalance": "0", "ibtAdminBalance": "0"}
{"blockNumber":22751352,"chainId":1,"poolAddress":"0x17a23e49ae0209b5243090c138e800c4ca1921e9","poolType":"CURVE_SNG"}	{"ptAdminBalance": "0", "ibtAdminBalance": "0"}
{"blockNumber":22784420,"chainId":1,"poolAddress":"0x17a23e49ae0209b5243090c138e800c4ca1921e9","poolType":"CURVE_SNG"}	{"ptAdminBalance": "0", "ibtAdminBalance": "0"}
{"blockNumber":22787010,"chainId":1,"poolAddress":"0x17a23e49ae0209b5243090c138e800c4ca1921e9","poolType":"CURVE_SNG"}	{"ptAdminBalance": "0", "ibtAdminBalance": "0"}
{"blockNumber":22805572,"chainId":1,"poolAddress":"0x17a23e49ae0209b5243090c138e800c4ca1921e9","poolType":"CURVE_SNG"}	{"ptAdminBalance": "0", "ibtAdminBalance": "0"}
{"blockNumber":22811848,"chainId":1,"poolAddress":"0x17a23e49ae0209b5243090c138e800c4ca1921e9","poolType":"CURVE_SNG"}	{"ptAdminBalance": "0", "ibtAdminBalance": "0"}
{"blockNumber":22739095,"chainId":1,"poolAddress":"0x21ff331d1928cb7fde9a151d43eba4ebee843e87","poolType":"CURVE_SNG"}	{"ptAdminBalance": "0", "ibtAdminBalance": "0"}
{"blockNumber":22739202,"chainId":1,"poolAddress":"0x21ff331d1928cb7fde9a151d43eba4ebee843e87","poolType":"CURVE_SNG"}	{"ptAdminBalance": "0", "ibtAdminBalance": "0"}
{"blockNumber":22740421,"chainId":1,"poolAddress":"0x21ff331d1928cb7fde9a151d43eba4ebee843e87","poolType":"CURVE_SNG"}	{"ptAdminBalance": "0", "ibtAdminBalance": "0"}
{"blockNumber":22739845,"chainId":1,"poolAddress":"0x1ed0bea7db2815283da9e184145386bd7789a735","poolType":"CURVE_SNG"}	{"ptAdminBalance": "0", "ibtAdminBalance": "0"}
{"blockNumber":22816254,"chainId":1,"poolAddress":"0x6b6e36e0516b3020dff0edd01fe90c18774de709","poolType":"CURVE_SNG"}	{"ptAdminBalance": "0", "ibtAdminBalance": "0"}
{"blockNumber":22745257,"chainId":1,"poolAddress":"0x1253e519aedc35f9da29a14e155f64605d5144ce","poolType":"CURVE_SNG"}	{"ptAdminBalance": "0", "ibtAdminBalance": "0"}
{"blockNumber":22809069,"chainId":1,"poolAddress":"0x593a8a7c12d8111e12945ff167389662a02b5ece","poolType":"CURVE_SNG"}	{"ptAdminBalance": "0", "ibtAdminBalance": "0"}
{"blockNumber":22754188,"chainId":1,"poolAddress":"0x593a8a7c12d8111e12945ff167389662a02b5ece","poolType":"CURVE_SNG"}	{"ptAdminBalance": "0", "ibtAdminBalance": "0"}
{"blockNumber":22772418,"chainId":1,"poolAddress":"0x593a8a7c12d8111e12945ff167389662a02b5ece","poolType":"CURVE_SNG"}	{"ptAdminBalance": "0", "ibtAdminBalance": "0"}
{"blockNumber":22815545,"chainId":1,"poolAddress":"0x593a8a7c12d8111e12945ff167389662a02b5ece","poolType":"CURVE_SNG"}	{"ptAdminBalance": "0", "ibtAdminBalance": "0"}
{"blockNumber":22754826,"chainId":1,"poolAddress":"0x593a8a7c12d8111e12945ff167389662a02b5ece","poolType":"CURVE_SNG"}	{"ptAdminBalance": "0", "ibtAdminBalance": "0"}
{"blockNumber":22800674,"chainId":1,"poolAddress":"0xcbe13315809acf6d7b92472fcb9546655b874ee7","poolType":"CURVE_SNG"}	{"ptAdminBalance": "0", "ibtAdminBalance": "0"}
{"blockNumber":22800687,"chainId":1,"poolAddress":"0xcbe13315809acf6d7b92472fcb9546655b874ee7","poolType":"CURVE_SNG"}	{"ptAdminBalance": "0", "ibtAdminBalance": "0"}
{"blockNumber":22758957,"chainId":1,"poolAddress":"0xcbe13315809acf6d7b92472fcb9546655b874ee7","poolType":"CURVE_SNG"}	{"ptAdminBalance": "0", "ibtAdminBalance": "0"}
{"blockNumber":22807757,"chainId":1,"poolAddress":"0xcbe13315809acf6d7b92472fcb9546655b874ee7","poolType":"CURVE_SNG"}	{"ptAdminBalance": "0", "ibtAdminBalance": "0"}
{"blockNumber":22736756,"chainId":1,"poolAddress":"0x17a23e49ae0209b5243090c138e800c4ca1921e9","poolType":"CURVE_SNG"}	{"ptAdminBalance": "0", "ibtAdminBalance": "0"}
{"blockNumber":22744105,"chainId":1,"poolAddress":"0x17a23e49ae0209b5243090c138e800c4ca1921e9","poolType":"CURVE_SNG"}	{"ptAdminBalance": "0", "ibtAdminBalance": "0"}
{"blockNumber":22787189,"chainId":1,"poolAddress":"0x17a23e49ae0209b5243090c138e800c4ca1921e9","poolType":"CURVE_SNG"}	{"ptAdminBalance": "0", "ibtAdminBalance": "0"}
{"blockNumber":22736925,"chainId":1,"poolAddress":"0x17a23e49ae0209b5243090c138e800c4ca1921e9","poolType":"CURVE_SNG"}	{"ptAdminBalance": "0", "ibtAdminBalance": "0"}
{"blockNumber":22752494,"chainId":1,"poolAddress":"0x17a23e49ae0209b5243090c138e800c4ca1921e9","poolType":"CURVE_SNG"}	{"ptAdminBalance": "0", "ibtAdminBalance": "0"}
{"blockNumber":22787161,"chainId":1,"poolAddress":"0x17a23e49ae0209b5243090c138e800c4ca1921e9","poolType":"CURVE_SNG"}	{"ptAdminBalance": "0", "ibtAdminBalance": "0"}
{"blockNumber":22745632,"chainId":1,"poolAddress":"0xcbe13315809acf6d7b92472fcb9546655b874ee7","poolType":"CURVE_SNG"}	{"ptAdminBalance": "0", "ibtAdminBalance": "0"}
{"blockNumber":22765655,"chainId":1,"poolAddress":"0xcbe13315809acf6d7b92472fcb9546655b874ee7","poolType":"CURVE_SNG"}	{"ptAdminBalance": "0", "ibtAdminBalance": "0"}
{"blockNumber":22743654,"chainId":1,"poolAddress":"0xcbe13315809acf6d7b92472fcb9546655b874ee7","poolType":"CURVE_SNG"}	{"ptAdminBalance": "0", "ibtAdminBalance": "0"}
{"blockNumber":22772332,"chainId":1,"poolAddress":"0xcbe13315809acf6d7b92472fcb9546655b874ee7","poolType":"CURVE_SNG"}	{"ptAdminBalance": "0", "ibtAdminBalance": "0"}
{"blockNumber":22789510,"chainId":1,"poolAddress":"0x17a23e49ae0209b5243090c138e800c4ca1921e9","poolType":"CURVE_SNG"}	{"ptAdminBalance": "0", "ibtAdminBalance": "0"}
{"blockNumber":22731272,"chainId":1,"poolAddress":"0x593a8a7c12d8111e12945ff167389662a02b5ece","poolType":"CURVE_SNG"}	{"ptAdminBalance": "0", "ibtAdminBalance": "0"}
{"blockNumber":22731571,"chainId":1,"poolAddress":"0x593a8a7c12d8111e12945ff167389662a02b5ece","poolType":"CURVE_SNG"}	{"ptAdminBalance": "0", "ibtAdminBalance": "0"}
{"blockNumber":22802144,"chainId":1,"poolAddress":"0x593a8a7c12d8111e12945ff167389662a02b5ece","poolType":"CURVE_SNG"}	{"ptAdminBalance": "0", "ibtAdminBalance": "0"}
{"blockNumber":22811290,"chainId":1,"poolAddress":"0x593a8a7c12d8111e12945ff167389662a02b5ece","poolType":"CURVE_SNG"}	{"ptAdminBalance": "0", "ibtAdminBalance": "0"}
{"blockNumber":22803300,"chainId":1,"poolAddress":"0x593a8a7c12d8111e12945ff167389662a02b5ece","poolType":"CURVE_SNG"}	{"ptAdminBalance": "0", "ibtAdminBalance": "0"}
{"blockNumber":22737757,"chainId":1,"poolAddress":"0x593a8a7c12d8111e12945ff167389662a02b5ece","poolType":"CURVE_SNG"}	{"ptAdminBalance": "0", "ibtAdminBalance": "0"}
{"blockNumber":22744211,"chainId":1,"poolAddress":"0x593a8a7c12d8111e12945ff167389662a02b5ece","poolType":"CURVE_SNG"}	{"ptAdminBalance": "0", "ibtAdminBalance": "0"}
{"blockNumber":22744329,"chainId":1,"poolAddress":"0x593a8a7c12d8111e12945ff167389662a02b5ece","poolType":"CURVE_SNG"}	{"ptAdminBalance": "0", "ibtAdminBalance": "0"}
{"blockNumber":22748269,"chainId":1,"poolAddress":"0x593a8a7c12d8111e12945ff167389662a02b5ece","poolType":"CURVE_SNG"}	{"ptAdminBalance": "0", "ibtAdminBalance": "0"}
{"blockNumber":22751463,"chainId":1,"poolAddress":"0x593a8a7c12d8111e12945ff167389662a02b5ece","poolType":"CURVE_SNG"}	{"ptAdminBalance": "0", "ibtAdminBalance": "0"}
{"blockNumber":22766116,"chainId":1,"poolAddress":"0x593a8a7c12d8111e12945ff167389662a02b5ece","poolType":"CURVE_SNG"}	{"ptAdminBalance": "0", "ibtAdminBalance": "0"}
{"blockNumber":22815554,"chainId":1,"poolAddress":"0x593a8a7c12d8111e12945ff167389662a02b5ece","poolType":"CURVE_SNG"}	{"ptAdminBalance": "0", "ibtAdminBalance": "0"}
{"blockNumber":22789006,"chainId":1,"poolAddress":"0x593a8a7c12d8111e12945ff167389662a02b5ece","poolType":"CURVE_SNG"}	{"ptAdminBalance": "0", "ibtAdminBalance": "0"}
{"blockNumber":22789647,"chainId":1,"poolAddress":"0x593a8a7c12d8111e12945ff167389662a02b5ece","poolType":"CURVE_SNG"}	{"ptAdminBalance": "0", "ibtAdminBalance": "0"}
{"blockNumber":22802637,"chainId":1,"poolAddress":"0x593a8a7c12d8111e12945ff167389662a02b5ece","poolType":"CURVE_SNG"}	{"ptAdminBalance": "0", "ibtAdminBalance": "0"}
{"blockNumber":22737204,"chainId":1,"poolAddress":"0xcbe13315809acf6d7b92472fcb9546655b874ee7","poolType":"CURVE_SNG"}	{"ptAdminBalance": "0", "ibtAdminBalance": "0"}
{"blockNumber":22733818,"chainId":1,"poolAddress":"0xcbe13315809acf6d7b92472fcb9546655b874ee7","poolType":"CURVE_SNG"}	{"ptAdminBalance": "0", "ibtAdminBalance": "0"}
{"blockNumber":22736200,"chainId":1,"poolAddress":"0xcbe13315809acf6d7b92472fcb9546655b874ee7","poolType":"CURVE_SNG"}	{"ptAdminBalance": "0", "ibtAdminBalance": "0"}
{"blockNumber":22744066,"chainId":1,"poolAddress":"0xcbe13315809acf6d7b92472fcb9546655b874ee7","poolType":"CURVE_SNG"}	{"ptAdminBalance": "0", "ibtAdminBalance": "0"}
{"blockNumber":22736374,"chainId":1,"poolAddress":"0xcbe13315809acf6d7b92472fcb9546655b874ee7","poolType":"CURVE_SNG"}	{"ptAdminBalance": "0", "ibtAdminBalance": "0"}
{"blockNumber":22744265,"chainId":1,"poolAddress":"0xcbe13315809acf6d7b92472fcb9546655b874ee7","poolType":"CURVE_SNG"}	{"ptAdminBalance": "0", "ibtAdminBalance": "0"}
{"blockNumber":22814016,"chainId":1,"poolAddress":"0xcbe13315809acf6d7b92472fcb9546655b874ee7","poolType":"CURVE_SNG"}	{"ptAdminBalance": "0", "ibtAdminBalance": "0"}
{"blockNumber":22752206,"chainId":1,"poolAddress":"0xcbe13315809acf6d7b92472fcb9546655b874ee7","poolType":"CURVE_SNG"}	{"ptAdminBalance": "0", "ibtAdminBalance": "0"}
{"blockNumber":22752331,"chainId":1,"poolAddress":"0xcbe13315809acf6d7b92472fcb9546655b874ee7","poolType":"CURVE_SNG"}	{"ptAdminBalance": "0", "ibtAdminBalance": "0"}
{"blockNumber":22752409,"chainId":1,"poolAddress":"0xcbe13315809acf6d7b92472fcb9546655b874ee7","poolType":"CURVE_SNG"}	{"ptAdminBalance": "0", "ibtAdminBalance": "0"}
{"blockNumber":22752461,"chainId":1,"poolAddress":"0xcbe13315809acf6d7b92472fcb9546655b874ee7","poolType":"CURVE_SNG"}	{"ptAdminBalance": "0", "ibtAdminBalance": "0"}
{"blockNumber":22752550,"chainId":1,"poolAddress":"0xcbe13315809acf6d7b92472fcb9546655b874ee7","poolType":"CURVE_SNG"}	{"ptAdminBalance": "0", "ibtAdminBalance": "0"}
{"blockNumber":22752596,"chainId":1,"poolAddress":"0xcbe13315809acf6d7b92472fcb9546655b874ee7","poolType":"CURVE_SNG"}	{"ptAdminBalance": "0", "ibtAdminBalance": "0"}
{"blockNumber":22752952,"chainId":1,"poolAddress":"0xcbe13315809acf6d7b92472fcb9546655b874ee7","poolType":"CURVE_SNG"}	{"ptAdminBalance": "0", "ibtAdminBalance": "0"}
{"blockNumber":22753133,"chainId":1,"poolAddress":"0xcbe13315809acf6d7b92472fcb9546655b874ee7","poolType":"CURVE_SNG"}	{"ptAdminBalance": "0", "ibtAdminBalance": "0"}
{"blockNumber":22753251,"chainId":1,"poolAddress":"0xcbe13315809acf6d7b92472fcb9546655b874ee7","poolType":"CURVE_SNG"}	{"ptAdminBalance": "0", "ibtAdminBalance": "0"}
{"blockNumber":22753335,"chainId":1,"poolAddress":"0xcbe13315809acf6d7b92472fcb9546655b874ee7","poolType":"CURVE_SNG"}	{"ptAdminBalance": "0", "ibtAdminBalance": "0"}
{"blockNumber":22764010,"chainId":1,"poolAddress":"0xcbe13315809acf6d7b92472fcb9546655b874ee7","poolType":"CURVE_SNG"}	{"ptAdminBalance": "0", "ibtAdminBalance": "0"}
{"blockNumber":22785331,"chainId":1,"poolAddress":"0xcbe13315809acf6d7b92472fcb9546655b874ee7","poolType":"CURVE_SNG"}	{"ptAdminBalance": "0", "ibtAdminBalance": "0"}
{"blockNumber":22793254,"chainId":1,"poolAddress":"0xcbe13315809acf6d7b92472fcb9546655b874ee7","poolType":"CURVE_SNG"}	{"ptAdminBalance": "0", "ibtAdminBalance": "0"}
{"blockNumber":22733587,"chainId":1,"poolAddress":"0xcbe13315809acf6d7b92472fcb9546655b874ee7","poolType":"CURVE_SNG"}	{"ptAdminBalance": "0", "ibtAdminBalance": "0"}
{"blockNumber":22736533,"chainId":1,"poolAddress":"0xcbe13315809acf6d7b92472fcb9546655b874ee7","poolType":"CURVE_SNG"}	{"ptAdminBalance": "0", "ibtAdminBalance": "0"}
{"blockNumber":22743721,"chainId":1,"poolAddress":"0xcbe13315809acf6d7b92472fcb9546655b874ee7","poolType":"CURVE_SNG"}	{"ptAdminBalance": "0", "ibtAdminBalance": "0"}
{"blockNumber":22746578,"chainId":1,"poolAddress":"0xcbe13315809acf6d7b92472fcb9546655b874ee7","poolType":"CURVE_SNG"}	{"ptAdminBalance": "0", "ibtAdminBalance": "0"}
{"blockNumber":22746585,"chainId":1,"poolAddress":"0xcbe13315809acf6d7b92472fcb9546655b874ee7","poolType":"CURVE_SNG"}	{"ptAdminBalance": "0", "ibtAdminBalance": "0"}
{"blockNumber":22737527,"chainId":1,"poolAddress":"0xcbe13315809acf6d7b92472fcb9546655b874ee7","poolType":"CURVE_SNG"}	{"ptAdminBalance": "0", "ibtAdminBalance": "0"}
{"blockNumber":22738953,"chainId":1,"poolAddress":"0xcbe13315809acf6d7b92472fcb9546655b874ee7","poolType":"CURVE_SNG"}	{"ptAdminBalance": "0", "ibtAdminBalance": "0"}
{"blockNumber":22740316,"chainId":1,"poolAddress":"0xcbe13315809acf6d7b92472fcb9546655b874ee7","poolType":"CURVE_SNG"}	{"ptAdminBalance": "0", "ibtAdminBalance": "0"}
{"blockNumber":22740489,"chainId":1,"poolAddress":"0xcbe13315809acf6d7b92472fcb9546655b874ee7","poolType":"CURVE_SNG"}	{"ptAdminBalance": "0", "ibtAdminBalance": "0"}
{"blockNumber":22748783,"chainId":1,"poolAddress":"0xcbe13315809acf6d7b92472fcb9546655b874ee7","poolType":"CURVE_SNG"}	{"ptAdminBalance": "0", "ibtAdminBalance": "0"}
{"blockNumber":22748885,"chainId":1,"poolAddress":"0xcbe13315809acf6d7b92472fcb9546655b874ee7","poolType":"CURVE_SNG"}	{"ptAdminBalance": "0", "ibtAdminBalance": "0"}
{"blockNumber":22750425,"chainId":1,"poolAddress":"0xcbe13315809acf6d7b92472fcb9546655b874ee7","poolType":"CURVE_SNG"}	{"ptAdminBalance": "0", "ibtAdminBalance": "0"}
{"blockNumber":22750457,"chainId":1,"poolAddress":"0xcbe13315809acf6d7b92472fcb9546655b874ee7","poolType":"CURVE_SNG"}	{"ptAdminBalance": "0", "ibtAdminBalance": "0"}
{"blockNumber":22752672,"chainId":1,"poolAddress":"0xcbe13315809acf6d7b92472fcb9546655b874ee7","poolType":"CURVE_SNG"}	{"ptAdminBalance": "0", "ibtAdminBalance": "0"}
{"blockNumber":22752903,"chainId":1,"poolAddress":"0xcbe13315809acf6d7b92472fcb9546655b874ee7","poolType":"CURVE_SNG"}	{"ptAdminBalance": "0", "ibtAdminBalance": "0"}
{"blockNumber":22753309,"chainId":1,"poolAddress":"0xcbe13315809acf6d7b92472fcb9546655b874ee7","poolType":"CURVE_SNG"}	{"ptAdminBalance": "0", "ibtAdminBalance": "0"}
{"blockNumber":22754598,"chainId":1,"poolAddress":"0xcbe13315809acf6d7b92472fcb9546655b874ee7","poolType":"CURVE_SNG"}	{"ptAdminBalance": "0", "ibtAdminBalance": "0"}
{"blockNumber":22755473,"chainId":1,"poolAddress":"0xcbe13315809acf6d7b92472fcb9546655b874ee7","poolType":"CURVE_SNG"}	{"ptAdminBalance": "0", "ibtAdminBalance": "0"}
{"blockNumber":22770690,"chainId":1,"poolAddress":"0xcbe13315809acf6d7b92472fcb9546655b874ee7","poolType":"CURVE_SNG"}	{"ptAdminBalance": "0", "ibtAdminBalance": "0"}
{"blockNumber":22793285,"chainId":1,"poolAddress":"0xcbe13315809acf6d7b92472fcb9546655b874ee7","poolType":"CURVE_SNG"}	{"ptAdminBalance": "0", "ibtAdminBalance": "0"}
{"blockNumber":22766284,"chainId":1,"poolAddress":"0xcbe13315809acf6d7b92472fcb9546655b874ee7","poolType":"CURVE_SNG"}	{"ptAdminBalance": "0", "ibtAdminBalance": "0"}
{"blockNumber":22784146,"chainId":1,"poolAddress":"0xcbe13315809acf6d7b92472fcb9546655b874ee7","poolType":"CURVE_SNG"}	{"ptAdminBalance": "0", "ibtAdminBalance": "0"}
{"blockNumber":22785657,"chainId":1,"poolAddress":"0xcbe13315809acf6d7b92472fcb9546655b874ee7","poolType":"CURVE_SNG"}	{"ptAdminBalance": "0", "ibtAdminBalance": "0"}
{"blockNumber":22785720,"chainId":1,"poolAddress":"0xcbe13315809acf6d7b92472fcb9546655b874ee7","poolType":"CURVE_SNG"}	{"ptAdminBalance": "0", "ibtAdminBalance": "0"}
{"blockNumber":22794229,"chainId":1,"poolAddress":"0xcbe13315809acf6d7b92472fcb9546655b874ee7","poolType":"CURVE_SNG"}	{"ptAdminBalance": "0", "ibtAdminBalance": "0"}
{"blockNumber":22795413,"chainId":1,"poolAddress":"0xcbe13315809acf6d7b92472fcb9546655b874ee7","poolType":"CURVE_SNG"}	{"ptAdminBalance": "0", "ibtAdminBalance": "0"}
{"blockNumber":22799361,"chainId":1,"poolAddress":"0xcbe13315809acf6d7b92472fcb9546655b874ee7","poolType":"CURVE_SNG"}	{"ptAdminBalance": "0", "ibtAdminBalance": "0"}
{"blockNumber":22799976,"chainId":1,"poolAddress":"0xcbe13315809acf6d7b92472fcb9546655b874ee7","poolType":"CURVE_SNG"}	{"ptAdminBalance": "0", "ibtAdminBalance": "0"}
{"blockNumber":22804750,"chainId":1,"poolAddress":"0xcbe13315809acf6d7b92472fcb9546655b874ee7","poolType":"CURVE_SNG"}	{"ptAdminBalance": "0", "ibtAdminBalance": "0"}
{"blockNumber":22807080,"chainId":1,"poolAddress":"0xcbe13315809acf6d7b92472fcb9546655b874ee7","poolType":"CURVE_SNG"}	{"ptAdminBalance": "0", "ibtAdminBalance": "0"}
{"blockNumber":22810205,"chainId":1,"poolAddress":"0xcbe13315809acf6d7b92472fcb9546655b874ee7","poolType":"CURVE_SNG"}	{"ptAdminBalance": "0", "ibtAdminBalance": "0"}
{"blockNumber":22810554,"chainId":1,"poolAddress":"0xcbe13315809acf6d7b92472fcb9546655b874ee7","poolType":"CURVE_SNG"}	{"ptAdminBalance": "0", "ibtAdminBalance": "0"}
{"blockNumber":22810818,"chainId":1,"poolAddress":"0xcbe13315809acf6d7b92472fcb9546655b874ee7","poolType":"CURVE_SNG"}	{"ptAdminBalance": "0", "ibtAdminBalance": "0"}
{"blockNumber":22811461,"chainId":1,"poolAddress":"0xcbe13315809acf6d7b92472fcb9546655b874ee7","poolType":"CURVE_SNG"}	{"ptAdminBalance": "0", "ibtAdminBalance": "0"}
{"blockNumber":22816765,"chainId":1,"poolAddress":"0xcbe13315809acf6d7b92472fcb9546655b874ee7","poolType":"CURVE_SNG"}	{"ptAdminBalance": "0", "ibtAdminBalance": "0"}
{"blockNumber":22815568,"chainId":1,"poolAddress":"0x17a23e49ae0209b5243090c138e800c4ca1921e9","poolType":"CURVE_SNG"}	{"ptAdminBalance": "0", "ibtAdminBalance": "0"}
{"blockNumber":22751163,"chainId":1,"poolAddress":"0x17a23e49ae0209b5243090c138e800c4ca1921e9","poolType":"CURVE_SNG"}	{"ptAdminBalance": "0", "ibtAdminBalance": "0"}
{"blockNumber":22741679,"chainId":1,"poolAddress":"0x6b6e36e0516b3020dff0edd01fe90c18774de709","poolType":"CURVE_SNG"}	{"ptAdminBalance": "0", "ibtAdminBalance": "0"}
{"blockNumber":22751481,"chainId":1,"poolAddress":"0x6b6e36e0516b3020dff0edd01fe90c18774de709","poolType":"CURVE_SNG"}	{"ptAdminBalance": "0", "ibtAdminBalance": "0"}
{"blockNumber":22798895,"chainId":1,"poolAddress":"0x1ed0bea7db2815283da9e184145386bd7789a735","poolType":"CURVE_SNG"}	{"ptAdminBalance": "0", "ibtAdminBalance": "0"}
{"blockNumber":22795281,"chainId":1,"poolAddress":"0xab663a50ef56d064ecc27b2656ed6889ea70e502","poolType":"CURVE_SNG"}	{"ptAdminBalance": "0", "ibtAdminBalance": "0"}
{"blockNumber":22802083,"chainId":1,"poolAddress":"0xab663a50ef56d064ecc27b2656ed6889ea70e502","poolType":"CURVE_SNG"}	{"ptAdminBalance": "0", "ibtAdminBalance": "0"}
{"blockNumber":22817572,"chainId":1,"poolAddress":"0xa95a5eb4f639ddc9cd0b431036eb2cc2d018c18c","poolType":"CURVE_SNG"}	{"ptAdminBalance": "369727162466843101", "ibtAdminBalance": "210220522356239003"}
{"blockNumber":22740134,"chainId":1,"poolAddress":"0x593a8a7c12d8111e12945ff167389662a02b5ece","poolType":"CURVE_SNG"}	{"ptAdminBalance": "0", "ibtAdminBalance": "0"}
{"blockNumber":22732704,"chainId":1,"poolAddress":"0xcbe13315809acf6d7b92472fcb9546655b874ee7","poolType":"CURVE_SNG"}	{"ptAdminBalance": "0", "ibtAdminBalance": "0"}
{"blockNumber":22735953,"chainId":1,"poolAddress":"0xcbe13315809acf6d7b92472fcb9546655b874ee7","poolType":"CURVE_SNG"}	{"ptAdminBalance": "0", "ibtAdminBalance": "0"}
{"blockNumber":22799291,"chainId":1,"poolAddress":"0xcbe13315809acf6d7b92472fcb9546655b874ee7","poolType":"CURVE_SNG"}	{"ptAdminBalance": "0", "ibtAdminBalance": "0"}
{"blockNumber":22766793,"chainId":1,"poolAddress":"0xcbe13315809acf6d7b92472fcb9546655b874ee7","poolType":"CURVE_SNG"}	{"ptAdminBalance": "0", "ibtAdminBalance": "0"}
{"blockNumber":22771900,"chainId":1,"poolAddress":"0xcbe13315809acf6d7b92472fcb9546655b874ee7","poolType":"CURVE_SNG"}	{"ptAdminBalance": "0", "ibtAdminBalance": "0"}
{"blockNumber":22801351,"chainId":1,"poolAddress":"0xcbe13315809acf6d7b92472fcb9546655b874ee7","poolType":"CURVE_SNG"}	{"ptAdminBalance": "0", "ibtAdminBalance": "0"}
{"blockNumber":22817187,"chainId":1,"poolAddress":"0xcbe13315809acf6d7b92472fcb9546655b874ee7","poolType":"CURVE_SNG"}	{"ptAdminBalance": "0", "ibtAdminBalance": "0"}
{"blockNumber":22756419,"chainId":1,"poolAddress":"0xcbe13315809acf6d7b92472fcb9546655b874ee7","poolType":"CURVE_SNG"}	{"ptAdminBalance": "0", "ibtAdminBalance": "0"}
{"blockNumber":22816953,"chainId":1,"poolAddress":"0xcbe13315809acf6d7b92472fcb9546655b874ee7","poolType":"CURVE_SNG"}	{"ptAdminBalance": "0", "ibtAdminBalance": "0"}
{"blockNumber":22734127,"chainId":1,"poolAddress":"0x17a23e49ae0209b5243090c138e800c4ca1921e9","poolType":"CURVE_SNG"}	{"ptAdminBalance": "0", "ibtAdminBalance": "0"}
{"blockNumber":22736943,"chainId":1,"poolAddress":"0x17a23e49ae0209b5243090c138e800c4ca1921e9","poolType":"CURVE_SNG"}	{"ptAdminBalance": "0", "ibtAdminBalance": "0"}
{"blockNumber":22737047,"chainId":1,"poolAddress":"0x17a23e49ae0209b5243090c138e800c4ca1921e9","poolType":"CURVE_SNG"}	{"ptAdminBalance": "0", "ibtAdminBalance": "0"}
{"blockNumber":22734338,"chainId":1,"poolAddress":"0x17a23e49ae0209b5243090c138e800c4ca1921e9","poolType":"CURVE_SNG"}	{"ptAdminBalance": "0", "ibtAdminBalance": "0"}
{"blockNumber":22734357,"chainId":1,"poolAddress":"0x17a23e49ae0209b5243090c138e800c4ca1921e9","poolType":"CURVE_SNG"}	{"ptAdminBalance": "0", "ibtAdminBalance": "0"}
{"blockNumber":22733616,"chainId":1,"poolAddress":"0x17a23e49ae0209b5243090c138e800c4ca1921e9","poolType":"CURVE_SNG"}	{"ptAdminBalance": "0", "ibtAdminBalance": "0"}
{"blockNumber":22772375,"chainId":1,"poolAddress":"0x17a23e49ae0209b5243090c138e800c4ca1921e9","poolType":"CURVE_SNG"}	{"ptAdminBalance": "0", "ibtAdminBalance": "0"}
{"blockNumber":22731379,"chainId":1,"poolAddress":"0x17a23e49ae0209b5243090c138e800c4ca1921e9","poolType":"CURVE_SNG"}	{"ptAdminBalance": "0", "ibtAdminBalance": "0"}
{"blockNumber":22739291,"chainId":1,"poolAddress":"0x17a23e49ae0209b5243090c138e800c4ca1921e9","poolType":"CURVE_SNG"}	{"ptAdminBalance": "0", "ibtAdminBalance": "0"}
{"blockNumber":22792598,"chainId":1,"poolAddress":"0x21ff331d1928cb7fde9a151d43eba4ebee843e87","poolType":"CURVE_SNG"}	{"ptAdminBalance": "0", "ibtAdminBalance": "0"}
{"blockNumber":22745529,"chainId":1,"poolAddress":"0x21ff331d1928cb7fde9a151d43eba4ebee843e87","poolType":"CURVE_SNG"}	{"ptAdminBalance": "0", "ibtAdminBalance": "0"}
{"blockNumber":22801934,"chainId":1,"poolAddress":"0x21ff331d1928cb7fde9a151d43eba4ebee843e87","poolType":"CURVE_SNG"}	{"ptAdminBalance": "0", "ibtAdminBalance": "0"}
{"blockNumber":22792638,"chainId":1,"poolAddress":"0x1ed0bea7db2815283da9e184145386bd7789a735","poolType":"CURVE_SNG"}	{"ptAdminBalance": "0", "ibtAdminBalance": "0"}
{"blockNumber":22796065,"chainId":1,"poolAddress":"0xab663a50ef56d064ecc27b2656ed6889ea70e502","poolType":"CURVE_SNG"}	{"ptAdminBalance": "0", "ibtAdminBalance": "0"}
{"blockNumber":22745223,"chainId":1,"poolAddress":"0x1253e519aedc35f9da29a14e155f64605d5144ce","poolType":"CURVE_SNG"}	{"ptAdminBalance": "0", "ibtAdminBalance": "0"}
{"blockNumber":22745280,"chainId":1,"poolAddress":"0x1253e519aedc35f9da29a14e155f64605d5144ce","poolType":"CURVE_SNG"}	{"ptAdminBalance": "0", "ibtAdminBalance": "0"}
{"blockNumber":22751432,"chainId":1,"poolAddress":"0xcbe13315809acf6d7b92472fcb9546655b874ee7","poolType":"CURVE_SNG"}	{"ptAdminBalance": "0", "ibtAdminBalance": "0"}
{"blockNumber":22732125,"chainId":1,"poolAddress":"0xcbe13315809acf6d7b92472fcb9546655b874ee7","poolType":"CURVE_SNG"}	{"ptAdminBalance": "0", "ibtAdminBalance": "0"}
{"blockNumber":22733325,"chainId":1,"poolAddress":"0xcbe13315809acf6d7b92472fcb9546655b874ee7","poolType":"CURVE_SNG"}	{"ptAdminBalance": "0", "ibtAdminBalance": "0"}
{"blockNumber":22735258,"chainId":1,"poolAddress":"0xcbe13315809acf6d7b92472fcb9546655b874ee7","poolType":"CURVE_SNG"}	{"ptAdminBalance": "0", "ibtAdminBalance": "0"}
{"blockNumber":22742017,"chainId":1,"poolAddress":"0xcbe13315809acf6d7b92472fcb9546655b874ee7","poolType":"CURVE_SNG"}	{"ptAdminBalance": "0", "ibtAdminBalance": "0"}
{"blockNumber":22743350,"chainId":1,"poolAddress":"0xcbe13315809acf6d7b92472fcb9546655b874ee7","poolType":"CURVE_SNG"}	{"ptAdminBalance": "0", "ibtAdminBalance": "0"}
{"blockNumber":22744349,"chainId":1,"poolAddress":"0xcbe13315809acf6d7b92472fcb9546655b874ee7","poolType":"CURVE_SNG"}	{"ptAdminBalance": "0", "ibtAdminBalance": "0"}
{"blockNumber":22745025,"chainId":1,"poolAddress":"0xcbe13315809acf6d7b92472fcb9546655b874ee7","poolType":"CURVE_SNG"}	{"ptAdminBalance": "0", "ibtAdminBalance": "0"}
{"blockNumber":22767509,"chainId":1,"poolAddress":"0xcbe13315809acf6d7b92472fcb9546655b874ee7","poolType":"CURVE_SNG"}	{"ptAdminBalance": "0", "ibtAdminBalance": "0"}
{"blockNumber":22754801,"chainId":1,"poolAddress":"0xcbe13315809acf6d7b92472fcb9546655b874ee7","poolType":"CURVE_SNG"}	{"ptAdminBalance": "0", "ibtAdminBalance": "0"}
{"blockNumber":22808498,"chainId":1,"poolAddress":"0xcbe13315809acf6d7b92472fcb9546655b874ee7","poolType":"CURVE_SNG"}	{"ptAdminBalance": "0", "ibtAdminBalance": "0"}
{"blockNumber":22761345,"chainId":1,"poolAddress":"0xcbe13315809acf6d7b92472fcb9546655b874ee7","poolType":"CURVE_SNG"}	{"ptAdminBalance": "0", "ibtAdminBalance": "0"}
{"blockNumber":22772322,"chainId":1,"poolAddress":"0xcbe13315809acf6d7b92472fcb9546655b874ee7","poolType":"CURVE_SNG"}	{"ptAdminBalance": "0", "ibtAdminBalance": "0"}
{"blockNumber":22772349,"chainId":1,"poolAddress":"0xcbe13315809acf6d7b92472fcb9546655b874ee7","poolType":"CURVE_SNG"}	{"ptAdminBalance": "0", "ibtAdminBalance": "0"}
{"blockNumber":22772563,"chainId":1,"poolAddress":"0xcbe13315809acf6d7b92472fcb9546655b874ee7","poolType":"CURVE_SNG"}	{"ptAdminBalance": "0", "ibtAdminBalance": "0"}
{"blockNumber":22784569,"chainId":1,"poolAddress":"0xcbe13315809acf6d7b92472fcb9546655b874ee7","poolType":"CURVE_SNG"}	{"ptAdminBalance": "0", "ibtAdminBalance": "0"}
{"blockNumber":22784636,"chainId":1,"poolAddress":"0xcbe13315809acf6d7b92472fcb9546655b874ee7","poolType":"CURVE_SNG"}	{"ptAdminBalance": "0", "ibtAdminBalance": "0"}
{"blockNumber":22791864,"chainId":1,"poolAddress":"0xcbe13315809acf6d7b92472fcb9546655b874ee7","poolType":"CURVE_SNG"}	{"ptAdminBalance": "0", "ibtAdminBalance": "0"}
{"blockNumber":22800019,"chainId":1,"poolAddress":"0xcbe13315809acf6d7b92472fcb9546655b874ee7","poolType":"CURVE_SNG"}	{"ptAdminBalance": "0", "ibtAdminBalance": "0"}
{"blockNumber":22806172,"chainId":1,"poolAddress":"0xcbe13315809acf6d7b92472fcb9546655b874ee7","poolType":"CURVE_SNG"}	{"ptAdminBalance": "0", "ibtAdminBalance": "0"}
{"blockNumber":22806426,"chainId":1,"poolAddress":"0xcbe13315809acf6d7b92472fcb9546655b874ee7","poolType":"CURVE_SNG"}	{"ptAdminBalance": "0", "ibtAdminBalance": "0"}
{"blockNumber":22811527,"chainId":1,"poolAddress":"0xcbe13315809acf6d7b92472fcb9546655b874ee7","poolType":"CURVE_SNG"}	{"ptAdminBalance": "0", "ibtAdminBalance": "0"}
{"blockNumber":22817550,"chainId":1,"poolAddress":"0xcbe13315809acf6d7b92472fcb9546655b874ee7","poolType":"CURVE_SNG"}	{"ptAdminBalance": "0", "ibtAdminBalance": "0"}
{"blockNumber":22732757,"chainId":1,"poolAddress":"0x17a23e49ae0209b5243090c138e800c4ca1921e9","poolType":"CURVE_SNG"}	{"ptAdminBalance": "0", "ibtAdminBalance": "0"}
{"blockNumber":22782479,"chainId":1,"poolAddress":"0x17a23e49ae0209b5243090c138e800c4ca1921e9","poolType":"CURVE_SNG"}	{"ptAdminBalance": "0", "ibtAdminBalance": "0"}
{"blockNumber":22734320,"chainId":1,"poolAddress":"0xe48c3a1389be663f0e6f96ac1b90c10ee8b1b1ec","poolType":"CURVE_SNG"}	{"ptAdminBalance": "0", "ibtAdminBalance": "0"}
{"blockNumber":22747844,"chainId":1,"poolAddress":"0xa8cd51f4b240d2c19925a758e93142df1ed6f9d6","poolType":"CURVE_SNG"}	{"ptAdminBalance": "0", "ibtAdminBalance": "0"}
{"blockNumber":22747879,"chainId":1,"poolAddress":"0xbc682b0c7d0941bf0619886f9596f6f5c6d114c3","poolType":"CURVE_SNG"}	{"ptAdminBalance": "0", "ibtAdminBalance": "0"}
{"blockNumber":22775573,"chainId":1,"poolAddress":"0xa8cd51f4b240d2c19925a758e93142df1ed6f9d6","poolType":"CURVE_SNG"}	{"ptAdminBalance": "0", "ibtAdminBalance": "0"}
{"blockNumber":22775588,"chainId":1,"poolAddress":"0xbc682b0c7d0941bf0619886f9596f6f5c6d114c3","poolType":"CURVE_SNG"}	{"ptAdminBalance": "0", "ibtAdminBalance": "0"}
{"blockNumber":22775742,"chainId":1,"poolAddress":"0xe48c3a1389be663f0e6f96ac1b90c10ee8b1b1ec","poolType":"CURVE_SNG"}	{"ptAdminBalance": "0", "ibtAdminBalance": "0"}
{"blockNumber":22779218,"chainId":1,"poolAddress":"0xe48c3a1389be663f0e6f96ac1b90c10ee8b1b1ec","poolType":"CURVE_SNG"}	{"ptAdminBalance": "0", "ibtAdminBalance": "0"}
{"blockNumber":22780090,"chainId":1,"poolAddress":"0xe48c3a1389be663f0e6f96ac1b90c10ee8b1b1ec","poolType":"CURVE_SNG"}	{"ptAdminBalance": "0", "ibtAdminBalance": "0"}
{"blockNumber":22782276,"chainId":1,"poolAddress":"0xe48c3a1389be663f0e6f96ac1b90c10ee8b1b1ec","poolType":"CURVE_SNG"}	{"ptAdminBalance": "0", "ibtAdminBalance": "0"}
{"blockNumber":22783135,"chainId":1,"poolAddress":"0xe48c3a1389be663f0e6f96ac1b90c10ee8b1b1ec","poolType":"CURVE_SNG"}	{"ptAdminBalance": "0", "ibtAdminBalance": "0"}
{"blockNumber":22785217,"chainId":1,"poolAddress":"0xe48c3a1389be663f0e6f96ac1b90c10ee8b1b1ec","poolType":"CURVE_SNG"}	{"ptAdminBalance": "0", "ibtAdminBalance": "0"}
{"blockNumber":22785237,"chainId":1,"poolAddress":"0xe48c3a1389be663f0e6f96ac1b90c10ee8b1b1ec","poolType":"CURVE_SNG"}	{"ptAdminBalance": "0", "ibtAdminBalance": "0"}
{"blockNumber":22785964,"chainId":1,"poolAddress":"0xe48c3a1389be663f0e6f96ac1b90c10ee8b1b1ec","poolType":"CURVE_SNG"}	{"ptAdminBalance": "0", "ibtAdminBalance": "0"}
{"blockNumber":22785978,"chainId":1,"poolAddress":"0xe48c3a1389be663f0e6f96ac1b90c10ee8b1b1ec","poolType":"CURVE_SNG"}	{"ptAdminBalance": "0", "ibtAdminBalance": "0"}
{"blockNumber":22786390,"chainId":1,"poolAddress":"0xe48c3a1389be663f0e6f96ac1b90c10ee8b1b1ec","poolType":"CURVE_SNG"}	{"ptAdminBalance": "0", "ibtAdminBalance": "0"}
{"blockNumber":22787215,"chainId":1,"poolAddress":"0xe48c3a1389be663f0e6f96ac1b90c10ee8b1b1ec","poolType":"CURVE_SNG"}	{"ptAdminBalance": "0", "ibtAdminBalance": "0"}
{"blockNumber":22787223,"chainId":1,"poolAddress":"0xe48c3a1389be663f0e6f96ac1b90c10ee8b1b1ec","poolType":"CURVE_SNG"}	{"ptAdminBalance": "0", "ibtAdminBalance": "0"}
{"blockNumber":22787661,"chainId":1,"poolAddress":"0xe48c3a1389be663f0e6f96ac1b90c10ee8b1b1ec","poolType":"CURVE_SNG"}	{"ptAdminBalance": "0", "ibtAdminBalance": "0"}
{"blockNumber":22787723,"chainId":1,"poolAddress":"0xe48c3a1389be663f0e6f96ac1b90c10ee8b1b1ec","poolType":"CURVE_SNG"}	{"ptAdminBalance": "0", "ibtAdminBalance": "0"}
{"blockNumber":22788042,"chainId":1,"poolAddress":"0xe48c3a1389be663f0e6f96ac1b90c10ee8b1b1ec","poolType":"CURVE_SNG"}	{"ptAdminBalance": "0", "ibtAdminBalance": "0"}
{"blockNumber":22788200,"chainId":1,"poolAddress":"0xe48c3a1389be663f0e6f96ac1b90c10ee8b1b1ec","poolType":"CURVE_SNG"}	{"ptAdminBalance": "0", "ibtAdminBalance": "0"}
{"blockNumber":22788324,"chainId":1,"poolAddress":"0xe48c3a1389be663f0e6f96ac1b90c10ee8b1b1ec","poolType":"CURVE_SNG"}	{"ptAdminBalance": "0", "ibtAdminBalance": "0"}
{"blockNumber":22788328,"chainId":1,"poolAddress":"0xe48c3a1389be663f0e6f96ac1b90c10ee8b1b1ec","poolType":"CURVE_SNG"}	{"ptAdminBalance": "0", "ibtAdminBalance": "0"}
{"blockNumber":22788402,"chainId":1,"poolAddress":"0xe48c3a1389be663f0e6f96ac1b90c10ee8b1b1ec","poolType":"CURVE_SNG"}	{"ptAdminBalance": "0", "ibtAdminBalance": "0"}
{"blockNumber":22788422,"chainId":1,"poolAddress":"0xe48c3a1389be663f0e6f96ac1b90c10ee8b1b1ec","poolType":"CURVE_SNG"}	{"ptAdminBalance": "0", "ibtAdminBalance": "0"}
{"blockNumber":22789616,"chainId":1,"poolAddress":"0xe48c3a1389be663f0e6f96ac1b90c10ee8b1b1ec","poolType":"CURVE_SNG"}	{"ptAdminBalance": "0", "ibtAdminBalance": "0"}
{"blockNumber":22789880,"chainId":1,"poolAddress":"0xe48c3a1389be663f0e6f96ac1b90c10ee8b1b1ec","poolType":"CURVE_SNG"}	{"ptAdminBalance": "0", "ibtAdminBalance": "0"}
{"blockNumber":22789904,"chainId":1,"poolAddress":"0xe48c3a1389be663f0e6f96ac1b90c10ee8b1b1ec","poolType":"CURVE_SNG"}	{"ptAdminBalance": "0", "ibtAdminBalance": "0"}
{"blockNumber":22790683,"chainId":1,"poolAddress":"0xe48c3a1389be663f0e6f96ac1b90c10ee8b1b1ec","poolType":"CURVE_SNG"}	{"ptAdminBalance": "0", "ibtAdminBalance": "0"}
{"blockNumber":22792100,"chainId":1,"poolAddress":"0xe48c3a1389be663f0e6f96ac1b90c10ee8b1b1ec","poolType":"CURVE_SNG"}	{"ptAdminBalance": "0", "ibtAdminBalance": "0"}
{"blockNumber":22794010,"chainId":1,"poolAddress":"0xe48c3a1389be663f0e6f96ac1b90c10ee8b1b1ec","poolType":"CURVE_SNG"}	{"ptAdminBalance": "0", "ibtAdminBalance": "0"}
{"blockNumber":22794124,"chainId":1,"poolAddress":"0xe48c3a1389be663f0e6f96ac1b90c10ee8b1b1ec","poolType":"CURVE_SNG"}	{"ptAdminBalance": "0", "ibtAdminBalance": "0"}
{"blockNumber":22794344,"chainId":1,"poolAddress":"0xe48c3a1389be663f0e6f96ac1b90c10ee8b1b1ec","poolType":"CURVE_SNG"}	{"ptAdminBalance": "0", "ibtAdminBalance": "0"}
{"blockNumber":22794368,"chainId":1,"poolAddress":"0xe48c3a1389be663f0e6f96ac1b90c10ee8b1b1ec","poolType":"CURVE_SNG"}	{"ptAdminBalance": "0", "ibtAdminBalance": "0"}
{"blockNumber":22794832,"chainId":1,"poolAddress":"0xe48c3a1389be663f0e6f96ac1b90c10ee8b1b1ec","poolType":"CURVE_SNG"}	{"ptAdminBalance": "0", "ibtAdminBalance": "0"}
{"blockNumber":22794848,"chainId":1,"poolAddress":"0xe48c3a1389be663f0e6f96ac1b90c10ee8b1b1ec","poolType":"CURVE_SNG"}	{"ptAdminBalance": "0", "ibtAdminBalance": "0"}
{"blockNumber":22794869,"chainId":1,"poolAddress":"0xe48c3a1389be663f0e6f96ac1b90c10ee8b1b1ec","poolType":"CURVE_SNG"}	{"ptAdminBalance": "0", "ibtAdminBalance": "0"}
{"blockNumber":22796176,"chainId":1,"poolAddress":"0xe48c3a1389be663f0e6f96ac1b90c10ee8b1b1ec","poolType":"CURVE_SNG"}	{"ptAdminBalance": "0", "ibtAdminBalance": "0"}
{"blockNumber":22796183,"chainId":1,"poolAddress":"0xe48c3a1389be663f0e6f96ac1b90c10ee8b1b1ec","poolType":"CURVE_SNG"}	{"ptAdminBalance": "0", "ibtAdminBalance": "0"}
{"blockNumber":22798795,"chainId":1,"poolAddress":"0xe48c3a1389be663f0e6f96ac1b90c10ee8b1b1ec","poolType":"CURVE_SNG"}	{"ptAdminBalance": "0", "ibtAdminBalance": "0"}
{"blockNumber":22799415,"chainId":1,"poolAddress":"0xe48c3a1389be663f0e6f96ac1b90c10ee8b1b1ec","poolType":"CURVE_SNG"}	{"ptAdminBalance": "0", "ibtAdminBalance": "0"}
{"blockNumber":22800754,"chainId":1,"poolAddress":"0xe48c3a1389be663f0e6f96ac1b90c10ee8b1b1ec","poolType":"CURVE_SNG"}	{"ptAdminBalance": "0", "ibtAdminBalance": "0"}
{"blockNumber":22802178,"chainId":1,"poolAddress":"0xe48c3a1389be663f0e6f96ac1b90c10ee8b1b1ec","poolType":"CURVE_SNG"}	{"ptAdminBalance": "0", "ibtAdminBalance": "0"}
{"blockNumber":22805358,"chainId":1,"poolAddress":"0xe48c3a1389be663f0e6f96ac1b90c10ee8b1b1ec","poolType":"CURVE_SNG"}	{"ptAdminBalance": "0", "ibtAdminBalance": "0"}
{"blockNumber":22816998,"chainId":1,"poolAddress":"0xe48c3a1389be663f0e6f96ac1b90c10ee8b1b1ec","poolType":"CURVE_SNG"}	{"ptAdminBalance": "0", "ibtAdminBalance": "0"}
{"blockNumber":22895775,"chainId":1,"poolAddress":"0xab663a50ef56d064ecc27b2656ed6889ea70e502","poolType":"CURVE_SNG"}	{"ptAdminBalance": "0", "ibtAdminBalance": "0"}
{"blockNumber":22827822,"chainId":1,"poolAddress":"0xab663a50ef56d064ecc27b2656ed6889ea70e502","poolType":"CURVE_SNG"}	{"ptAdminBalance": "0", "ibtAdminBalance": "0"}
{"blockNumber":22817904,"chainId":1,"poolAddress":"0xa95a5eb4f639ddc9cd0b431036eb2cc2d018c18c","poolType":"CURVE_SNG"}	{"ptAdminBalance": "369727162466843101", "ibtAdminBalance": "210220522356239003"}
{"blockNumber":22823401,"chainId":1,"poolAddress":"0xa95a5eb4f639ddc9cd0b431036eb2cc2d018c18c","poolType":"CURVE_SNG"}	{"ptAdminBalance": "369727162466843101", "ibtAdminBalance": "210220522356239003"}
{"blockNumber":22863950,"chainId":1,"poolAddress":"0xa95a5eb4f639ddc9cd0b431036eb2cc2d018c18c","poolType":"CURVE_SNG"}	{"ptAdminBalance": "369727162466843101", "ibtAdminBalance": "210220522356239003"}
{"blockNumber":22869258,"chainId":1,"poolAddress":"0xa95a5eb4f639ddc9cd0b431036eb2cc2d018c18c","poolType":"CURVE_SNG"}	{"ptAdminBalance": "369727162466843101", "ibtAdminBalance": "210220522356239003"}
{"blockNumber":22864171,"chainId":1,"poolAddress":"0x21ff331d1928cb7fde9a151d43eba4ebee843e87","poolType":"CURVE_SNG"}	{"ptAdminBalance": "0", "ibtAdminBalance": "0"}
{"blockNumber":22949306,"chainId":1,"poolAddress":"0x593a8a7c12d8111e12945ff167389662a02b5ece","poolType":"CURVE_SNG"}	{"ptAdminBalance": "0", "ibtAdminBalance": "0"}
{"blockNumber":22967036,"chainId":1,"poolAddress":"0x593a8a7c12d8111e12945ff167389662a02b5ece","poolType":"CURVE_SNG"}	{"ptAdminBalance": "0", "ibtAdminBalance": "0"}
{"blockNumber":22835496,"chainId":1,"poolAddress":"0x1253e519aedc35f9da29a14e155f64605d5144ce","poolType":"CURVE_SNG"}	{"ptAdminBalance": "0", "ibtAdminBalance": "0"}
{"blockNumber":22861506,"chainId":1,"poolAddress":"0xe48c3a1389be663f0e6f96ac1b90c10ee8b1b1ec","poolType":"CURVE_SNG"}	{"ptAdminBalance": "0", "ibtAdminBalance": "0"}
{"blockNumber":22847406,"chainId":1,"poolAddress":"0x17a23e49ae0209b5243090c138e800c4ca1921e9","poolType":"CURVE_SNG"}	{"ptAdminBalance": "0", "ibtAdminBalance": "0"}
{"blockNumber":22929773,"chainId":1,"poolAddress":"0xcbe13315809acf6d7b92472fcb9546655b874ee7","poolType":"CURVE_SNG"}	{"ptAdminBalance": "0", "ibtAdminBalance": "0"}
{"blockNumber":22875232,"chainId":1,"poolAddress":"0x1ed0bea7db2815283da9e184145386bd7789a735","poolType":"CURVE_SNG"}	{"ptAdminBalance": "0", "ibtAdminBalance": "0"}
{"blockNumber":22837488,"chainId":1,"poolAddress":"0x593a8a7c12d8111e12945ff167389662a02b5ece","poolType":"CURVE_SNG"}	{"ptAdminBalance": "0", "ibtAdminBalance": "0"}
{"blockNumber":22828908,"chainId":1,"poolAddress":"0xcbe13315809acf6d7b92472fcb9546655b874ee7","poolType":"CURVE_SNG"}	{"ptAdminBalance": "0", "ibtAdminBalance": "0"}
{"blockNumber":22850182,"chainId":1,"poolAddress":"0xcbe13315809acf6d7b92472fcb9546655b874ee7","poolType":"CURVE_SNG"}	{"ptAdminBalance": "0", "ibtAdminBalance": "0"}
{"blockNumber":22895504,"chainId":1,"poolAddress":"0xcbe13315809acf6d7b92472fcb9546655b874ee7","poolType":"CURVE_SNG"}	{"ptAdminBalance": "0", "ibtAdminBalance": "0"}
{"blockNumber":22895508,"chainId":1,"poolAddress":"0xcbe13315809acf6d7b92472fcb9546655b874ee7","poolType":"CURVE_SNG"}	{"ptAdminBalance": "0", "ibtAdminBalance": "0"}
{"blockNumber":22931951,"chainId":1,"poolAddress":"0xcbe13315809acf6d7b92472fcb9546655b874ee7","poolType":"CURVE_SNG"}	{"ptAdminBalance": "0", "ibtAdminBalance": "0"}
{"blockNumber":22831781,"chainId":1,"poolAddress":"0xcbe13315809acf6d7b92472fcb9546655b874ee7","poolType":"CURVE_SNG"}	{"ptAdminBalance": "0", "ibtAdminBalance": "0"}
{"blockNumber":22839175,"chainId":1,"poolAddress":"0xcbe13315809acf6d7b92472fcb9546655b874ee7","poolType":"CURVE_SNG"}	{"ptAdminBalance": "0", "ibtAdminBalance": "0"}
{"blockNumber":22839599,"chainId":1,"poolAddress":"0xcbe13315809acf6d7b92472fcb9546655b874ee7","poolType":"CURVE_SNG"}	{"ptAdminBalance": "0", "ibtAdminBalance": "0"}
{"blockNumber":22843473,"chainId":1,"poolAddress":"0xcbe13315809acf6d7b92472fcb9546655b874ee7","poolType":"CURVE_SNG"}	{"ptAdminBalance": "0", "ibtAdminBalance": "0"}
{"blockNumber":22850789,"chainId":1,"poolAddress":"0xcbe13315809acf6d7b92472fcb9546655b874ee7","poolType":"CURVE_SNG"}	{"ptAdminBalance": "0", "ibtAdminBalance": "0"}
{"blockNumber":22960295,"chainId":1,"poolAddress":"0xcbe13315809acf6d7b92472fcb9546655b874ee7","poolType":"CURVE_SNG"}	{"ptAdminBalance": "0", "ibtAdminBalance": "0"}
{"blockNumber":22847095,"chainId":1,"poolAddress":"0xcbe13315809acf6d7b92472fcb9546655b874ee7","poolType":"CURVE_SNG"}	{"ptAdminBalance": "0", "ibtAdminBalance": "0"}
{"blockNumber":22857780,"chainId":1,"poolAddress":"0xcbe13315809acf6d7b92472fcb9546655b874ee7","poolType":"CURVE_SNG"}	{"ptAdminBalance": "0", "ibtAdminBalance": "0"}
{"blockNumber":22860020,"chainId":1,"poolAddress":"0xcbe13315809acf6d7b92472fcb9546655b874ee7","poolType":"CURVE_SNG"}	{"ptAdminBalance": "0", "ibtAdminBalance": "0"}
{"blockNumber":22860030,"chainId":1,"poolAddress":"0xcbe13315809acf6d7b92472fcb9546655b874ee7","poolType":"CURVE_SNG"}	{"ptAdminBalance": "0", "ibtAdminBalance": "0"}
{"blockNumber":22862168,"chainId":1,"poolAddress":"0xcbe13315809acf6d7b92472fcb9546655b874ee7","poolType":"CURVE_SNG"}	{"ptAdminBalance": "0", "ibtAdminBalance": "0"}
{"blockNumber":22968819,"chainId":1,"poolAddress":"0xcbe13315809acf6d7b92472fcb9546655b874ee7","poolType":"CURVE_SNG"}	{"ptAdminBalance": "0", "ibtAdminBalance": "0"}
{"blockNumber":22888917,"chainId":1,"poolAddress":"0xcbe13315809acf6d7b92472fcb9546655b874ee7","poolType":"CURVE_SNG"}	{"ptAdminBalance": "0", "ibtAdminBalance": "0"}
{"blockNumber":22874622,"chainId":1,"poolAddress":"0xcbe13315809acf6d7b92472fcb9546655b874ee7","poolType":"CURVE_SNG"}	{"ptAdminBalance": "0", "ibtAdminBalance": "0"}
{"blockNumber":22874751,"chainId":1,"poolAddress":"0xcbe13315809acf6d7b92472fcb9546655b874ee7","poolType":"CURVE_SNG"}	{"ptAdminBalance": "0", "ibtAdminBalance": "0"}
{"blockNumber":22898041,"chainId":1,"poolAddress":"0xcbe13315809acf6d7b92472fcb9546655b874ee7","poolType":"CURVE_SNG"}	{"ptAdminBalance": "0", "ibtAdminBalance": "0"}
{"blockNumber":22916365,"chainId":1,"poolAddress":"0xcbe13315809acf6d7b92472fcb9546655b874ee7","poolType":"CURVE_SNG"}	{"ptAdminBalance": "0", "ibtAdminBalance": "0"}
{"blockNumber":22922224,"chainId":1,"poolAddress":"0xcbe13315809acf6d7b92472fcb9546655b874ee7","poolType":"CURVE_SNG"}	{"ptAdminBalance": "0", "ibtAdminBalance": "0"}
{"blockNumber":22923691,"chainId":1,"poolAddress":"0xcbe13315809acf6d7b92472fcb9546655b874ee7","poolType":"CURVE_SNG"}	{"ptAdminBalance": "0", "ibtAdminBalance": "0"}
{"blockNumber":22924057,"chainId":1,"poolAddress":"0xcbe13315809acf6d7b92472fcb9546655b874ee7","poolType":"CURVE_SNG"}	{"ptAdminBalance": "0", "ibtAdminBalance": "0"}
{"blockNumber":22929574,"chainId":1,"poolAddress":"0xcbe13315809acf6d7b92472fcb9546655b874ee7","poolType":"CURVE_SNG"}	{"ptAdminBalance": "0", "ibtAdminBalance": "0"}
{"blockNumber":22961127,"chainId":1,"poolAddress":"0xcbe13315809acf6d7b92472fcb9546655b874ee7","poolType":"CURVE_SNG"}	{"ptAdminBalance": "0", "ibtAdminBalance": "0"}
{"blockNumber":22960500,"chainId":1,"poolAddress":"0xcbe13315809acf6d7b92472fcb9546655b874ee7","poolType":"CURVE_SNG"}	{"ptAdminBalance": "0", "ibtAdminBalance": "0"}
{"blockNumber":22825478,"chainId":1,"poolAddress":"0xcbe13315809acf6d7b92472fcb9546655b874ee7","poolType":"CURVE_SNG"}	{"ptAdminBalance": "0", "ibtAdminBalance": "0"}
{"blockNumber":22827964,"chainId":1,"poolAddress":"0xcbe13315809acf6d7b92472fcb9546655b874ee7","poolType":"CURVE_SNG"}	{"ptAdminBalance": "0", "ibtAdminBalance": "0"}
{"blockNumber":22828127,"chainId":1,"poolAddress":"0xcbe13315809acf6d7b92472fcb9546655b874ee7","poolType":"CURVE_SNG"}	{"ptAdminBalance": "0", "ibtAdminBalance": "0"}
{"blockNumber":22828136,"chainId":1,"poolAddress":"0xcbe13315809acf6d7b92472fcb9546655b874ee7","poolType":"CURVE_SNG"}	{"ptAdminBalance": "0", "ibtAdminBalance": "0"}
{"blockNumber":22828147,"chainId":1,"poolAddress":"0xcbe13315809acf6d7b92472fcb9546655b874ee7","poolType":"CURVE_SNG"}	{"ptAdminBalance": "0", "ibtAdminBalance": "0"}
{"blockNumber":22828153,"chainId":1,"poolAddress":"0xcbe13315809acf6d7b92472fcb9546655b874ee7","poolType":"CURVE_SNG"}	{"ptAdminBalance": "0", "ibtAdminBalance": "0"}
{"blockNumber":22828162,"chainId":1,"poolAddress":"0xcbe13315809acf6d7b92472fcb9546655b874ee7","poolType":"CURVE_SNG"}	{"ptAdminBalance": "0", "ibtAdminBalance": "0"}
{"blockNumber":22828177,"chainId":1,"poolAddress":"0xcbe13315809acf6d7b92472fcb9546655b874ee7","poolType":"CURVE_SNG"}	{"ptAdminBalance": "0", "ibtAdminBalance": "0"}
{"blockNumber":22828186,"chainId":1,"poolAddress":"0xcbe13315809acf6d7b92472fcb9546655b874ee7","poolType":"CURVE_SNG"}	{"ptAdminBalance": "0", "ibtAdminBalance": "0"}
{"blockNumber":22828193,"chainId":1,"poolAddress":"0xcbe13315809acf6d7b92472fcb9546655b874ee7","poolType":"CURVE_SNG"}	{"ptAdminBalance": "0", "ibtAdminBalance": "0"}
{"blockNumber":22828770,"chainId":1,"poolAddress":"0xcbe13315809acf6d7b92472fcb9546655b874ee7","poolType":"CURVE_SNG"}	{"ptAdminBalance": "0", "ibtAdminBalance": "0"}
{"blockNumber":22836213,"chainId":1,"poolAddress":"0xcbe13315809acf6d7b92472fcb9546655b874ee7","poolType":"CURVE_SNG"}	{"ptAdminBalance": "0", "ibtAdminBalance": "0"}
{"blockNumber":22854160,"chainId":1,"poolAddress":"0xcbe13315809acf6d7b92472fcb9546655b874ee7","poolType":"CURVE_SNG"}	{"ptAdminBalance": "0", "ibtAdminBalance": "0"}
{"blockNumber":22902475,"chainId":1,"poolAddress":"0xcbe13315809acf6d7b92472fcb9546655b874ee7","poolType":"CURVE_SNG"}	{"ptAdminBalance": "0", "ibtAdminBalance": "0"}
{"blockNumber":22902925,"chainId":1,"poolAddress":"0xcbe13315809acf6d7b92472fcb9546655b874ee7","poolType":"CURVE_SNG"}	{"ptAdminBalance": "0", "ibtAdminBalance": "0"}
{"blockNumber":22903023,"chainId":1,"poolAddress":"0xcbe13315809acf6d7b92472fcb9546655b874ee7","poolType":"CURVE_SNG"}	{"ptAdminBalance": "0", "ibtAdminBalance": "0"}
{"blockNumber":22952023,"chainId":1,"poolAddress":"0xcbe13315809acf6d7b92472fcb9546655b874ee7","poolType":"CURVE_SNG"}	{"ptAdminBalance": "0", "ibtAdminBalance": "0"}
{"blockNumber":22968811,"chainId":1,"poolAddress":"0x17a23e49ae0209b5243090c138e800c4ca1921e9","poolType":"CURVE_SNG"}	{"ptAdminBalance": "0", "ibtAdminBalance": "0"}
{"blockNumber":22887947,"chainId":1,"poolAddress":"0x17a23e49ae0209b5243090c138e800c4ca1921e9","poolType":"CURVE_SNG"}	{"ptAdminBalance": "0", "ibtAdminBalance": "0"}
{"blockNumber":22893086,"chainId":1,"poolAddress":"0x17a23e49ae0209b5243090c138e800c4ca1921e9","poolType":"CURVE_SNG"}	{"ptAdminBalance": "0", "ibtAdminBalance": "0"}
{"blockNumber":22837795,"chainId":1,"poolAddress":"0xe48c3a1389be663f0e6f96ac1b90c10ee8b1b1ec","poolType":"CURVE_SNG"}	{"ptAdminBalance": "0", "ibtAdminBalance": "0"}
{"blockNumber":22844774,"chainId":1,"poolAddress":"0xe48c3a1389be663f0e6f96ac1b90c10ee8b1b1ec","poolType":"CURVE_SNG"}	{"ptAdminBalance": "0", "ibtAdminBalance": "0"}
{"blockNumber":22880371,"chainId":1,"poolAddress":"0xe48c3a1389be663f0e6f96ac1b90c10ee8b1b1ec","poolType":"CURVE_SNG"}	{"ptAdminBalance": "0", "ibtAdminBalance": "0"}
{"blockNumber":22895298,"chainId":1,"poolAddress":"0xe48c3a1389be663f0e6f96ac1b90c10ee8b1b1ec","poolType":"CURVE_SNG"}	{"ptAdminBalance": "0", "ibtAdminBalance": "0"}
{"blockNumber":22938719,"chainId":1,"poolAddress":"0xe48c3a1389be663f0e6f96ac1b90c10ee8b1b1ec","poolType":"CURVE_SNG"}	{"ptAdminBalance": "0", "ibtAdminBalance": "0"}
{"blockNumber":22869019,"chainId":1,"poolAddress":"0xe48c3a1389be663f0e6f96ac1b90c10ee8b1b1ec","poolType":"CURVE_SNG"}	{"ptAdminBalance": "0", "ibtAdminBalance": "0"}
{"blockNumber":22869087,"chainId":1,"poolAddress":"0xe48c3a1389be663f0e6f96ac1b90c10ee8b1b1ec","poolType":"CURVE_SNG"}	{"ptAdminBalance": "0", "ibtAdminBalance": "0"}
{"blockNumber":22954379,"chainId":1,"poolAddress":"0xe48c3a1389be663f0e6f96ac1b90c10ee8b1b1ec","poolType":"CURVE_SNG"}	{"ptAdminBalance": "0", "ibtAdminBalance": "0"}
{"blockNumber":22954385,"chainId":1,"poolAddress":"0xe48c3a1389be663f0e6f96ac1b90c10ee8b1b1ec","poolType":"CURVE_SNG"}	{"ptAdminBalance": "0", "ibtAdminBalance": "0"}
{"blockNumber":22955845,"chainId":1,"poolAddress":"0xe48c3a1389be663f0e6f96ac1b90c10ee8b1b1ec","poolType":"CURVE_SNG"}	{"ptAdminBalance": "0", "ibtAdminBalance": "0"}
{"blockNumber":22956965,"chainId":1,"poolAddress":"0xe48c3a1389be663f0e6f96ac1b90c10ee8b1b1ec","poolType":"CURVE_SNG"}	{"ptAdminBalance": "0", "ibtAdminBalance": "0"}
{"blockNumber":22960638,"chainId":1,"poolAddress":"0xe48c3a1389be663f0e6f96ac1b90c10ee8b1b1ec","poolType":"CURVE_SNG"}	{"ptAdminBalance": "0", "ibtAdminBalance": "0"}
{"blockNumber":22895492,"chainId":1,"poolAddress":"0xe48c3a1389be663f0e6f96ac1b90c10ee8b1b1ec","poolType":"CURVE_SNG"}	{"ptAdminBalance": "0", "ibtAdminBalance": "0"}
{"blockNumber":22884146,"chainId":1,"poolAddress":"0xe48c3a1389be663f0e6f96ac1b90c10ee8b1b1ec","poolType":"CURVE_SNG"}	{"ptAdminBalance": "0", "ibtAdminBalance": "0"}
{"blockNumber":22861434,"chainId":1,"poolAddress":"0x21ff331d1928cb7fde9a151d43eba4ebee843e87","poolType":"CURVE_SNG"}	{"ptAdminBalance": "0", "ibtAdminBalance": "0"}
{"blockNumber":22936594,"chainId":1,"poolAddress":"0x593a8a7c12d8111e12945ff167389662a02b5ece","poolType":"CURVE_SNG"}	{"ptAdminBalance": "0", "ibtAdminBalance": "0"}
{"blockNumber":22823423,"chainId":1,"poolAddress":"0x593a8a7c12d8111e12945ff167389662a02b5ece","poolType":"CURVE_SNG"}	{"ptAdminBalance": "0", "ibtAdminBalance": "0"}
{"blockNumber":22900138,"chainId":1,"poolAddress":"0x593a8a7c12d8111e12945ff167389662a02b5ece","poolType":"CURVE_SNG"}	{"ptAdminBalance": "0", "ibtAdminBalance": "0"}
{"blockNumber":22838113,"chainId":1,"poolAddress":"0x593a8a7c12d8111e12945ff167389662a02b5ece","poolType":"CURVE_SNG"}	{"ptAdminBalance": "0", "ibtAdminBalance": "0"}
{"blockNumber":22862162,"chainId":1,"poolAddress":"0x593a8a7c12d8111e12945ff167389662a02b5ece","poolType":"CURVE_SNG"}	{"ptAdminBalance": "0", "ibtAdminBalance": "0"}
{"blockNumber":22968815,"chainId":1,"poolAddress":"0x593a8a7c12d8111e12945ff167389662a02b5ece","poolType":"CURVE_SNG"}	{"ptAdminBalance": "0", "ibtAdminBalance": "0"}
{"blockNumber":22938940,"chainId":1,"poolAddress":"0x593a8a7c12d8111e12945ff167389662a02b5ece","poolType":"CURVE_SNG"}	{"ptAdminBalance": "0", "ibtAdminBalance": "0"}
{"blockNumber":22900051,"chainId":1,"poolAddress":"0x593a8a7c12d8111e12945ff167389662a02b5ece","poolType":"CURVE_SNG"}	{"ptAdminBalance": "0", "ibtAdminBalance": "0"}
{"blockNumber":22902744,"chainId":1,"poolAddress":"0x593a8a7c12d8111e12945ff167389662a02b5ece","poolType":"CURVE_SNG"}	{"ptAdminBalance": "0", "ibtAdminBalance": "0"}
{"blockNumber":22946203,"chainId":1,"poolAddress":"0x593a8a7c12d8111e12945ff167389662a02b5ece","poolType":"CURVE_SNG"}	{"ptAdminBalance": "0", "ibtAdminBalance": "0"}
{"blockNumber":22836150,"chainId":1,"poolAddress":"0xcbe13315809acf6d7b92472fcb9546655b874ee7","poolType":"CURVE_SNG"}	{"ptAdminBalance": "0", "ibtAdminBalance": "0"}
{"blockNumber":22929791,"chainId":1,"poolAddress":"0xcbe13315809acf6d7b92472fcb9546655b874ee7","poolType":"CURVE_SNG"}	{"ptAdminBalance": "0", "ibtAdminBalance": "0"}
{"blockNumber":22901602,"chainId":1,"poolAddress":"0xcbe13315809acf6d7b92472fcb9546655b874ee7","poolType":"CURVE_SNG"}	{"ptAdminBalance": "0", "ibtAdminBalance": "0"}
{"blockNumber":22901811,"chainId":1,"poolAddress":"0xcbe13315809acf6d7b92472fcb9546655b874ee7","poolType":"CURVE_SNG"}	{"ptAdminBalance": "0", "ibtAdminBalance": "0"}
{"blockNumber":22952551,"chainId":1,"poolAddress":"0xcbe13315809acf6d7b92472fcb9546655b874ee7","poolType":"CURVE_SNG"}	{"ptAdminBalance": "0", "ibtAdminBalance": "0"}
{"blockNumber":22841530,"chainId":1,"poolAddress":"0xcbe13315809acf6d7b92472fcb9546655b874ee7","poolType":"CURVE_SNG"}	{"ptAdminBalance": "0", "ibtAdminBalance": "0"}
{"blockNumber":22842390,"chainId":1,"poolAddress":"0xcbe13315809acf6d7b92472fcb9546655b874ee7","poolType":"CURVE_SNG"}	{"ptAdminBalance": "0", "ibtAdminBalance": "0"}
{"blockNumber":22849992,"chainId":1,"poolAddress":"0xcbe13315809acf6d7b92472fcb9546655b874ee7","poolType":"CURVE_SNG"}	{"ptAdminBalance": "0", "ibtAdminBalance": "0"}
{"blockNumber":22892515,"chainId":1,"poolAddress":"0xcbe13315809acf6d7b92472fcb9546655b874ee7","poolType":"CURVE_SNG"}	{"ptAdminBalance": "0", "ibtAdminBalance": "0"}
{"blockNumber":22901675,"chainId":1,"poolAddress":"0xcbe13315809acf6d7b92472fcb9546655b874ee7","poolType":"CURVE_SNG"}	{"ptAdminBalance": "0", "ibtAdminBalance": "0"}
{"blockNumber":22908315,"chainId":1,"poolAddress":"0xcbe13315809acf6d7b92472fcb9546655b874ee7","poolType":"CURVE_SNG"}	{"ptAdminBalance": "0", "ibtAdminBalance": "0"}
{"blockNumber":22908340,"chainId":1,"poolAddress":"0xcbe13315809acf6d7b92472fcb9546655b874ee7","poolType":"CURVE_SNG"}	{"ptAdminBalance": "0", "ibtAdminBalance": "0"}
{"blockNumber":22908407,"chainId":1,"poolAddress":"0xcbe13315809acf6d7b92472fcb9546655b874ee7","poolType":"CURVE_SNG"}	{"ptAdminBalance": "0", "ibtAdminBalance": "0"}
{"blockNumber":22908519,"chainId":1,"poolAddress":"0xcbe13315809acf6d7b92472fcb9546655b874ee7","poolType":"CURVE_SNG"}	{"ptAdminBalance": "0", "ibtAdminBalance": "0"}
{"blockNumber":22908669,"chainId":1,"poolAddress":"0xcbe13315809acf6d7b92472fcb9546655b874ee7","poolType":"CURVE_SNG"}	{"ptAdminBalance": "0", "ibtAdminBalance": "0"}
{"blockNumber":22913831,"chainId":1,"poolAddress":"0xcbe13315809acf6d7b92472fcb9546655b874ee7","poolType":"CURVE_SNG"}	{"ptAdminBalance": "0", "ibtAdminBalance": "0"}
{"blockNumber":22929721,"chainId":1,"poolAddress":"0xcbe13315809acf6d7b92472fcb9546655b874ee7","poolType":"CURVE_SNG"}	{"ptAdminBalance": "0", "ibtAdminBalance": "0"}
{"blockNumber":22930679,"chainId":1,"poolAddress":"0xcbe13315809acf6d7b92472fcb9546655b874ee7","poolType":"CURVE_SNG"}	{"ptAdminBalance": "0", "ibtAdminBalance": "0"}
{"blockNumber":22938507,"chainId":1,"poolAddress":"0xcbe13315809acf6d7b92472fcb9546655b874ee7","poolType":"CURVE_SNG"}	{"ptAdminBalance": "0", "ibtAdminBalance": "0"}
{"blockNumber":22952287,"chainId":1,"poolAddress":"0xcbe13315809acf6d7b92472fcb9546655b874ee7","poolType":"CURVE_SNG"}	{"ptAdminBalance": "0", "ibtAdminBalance": "0"}
{"blockNumber":22961113,"chainId":1,"poolAddress":"0xcbe13315809acf6d7b92472fcb9546655b874ee7","poolType":"CURVE_SNG"}	{"ptAdminBalance": "0", "ibtAdminBalance": "0"}
{"blockNumber":22889965,"chainId":1,"poolAddress":"0xe48c3a1389be663f0e6f96ac1b90c10ee8b1b1ec","poolType":"CURVE_SNG"}	{"ptAdminBalance": "0", "ibtAdminBalance": "0"}
{"blockNumber":22904878,"chainId":1,"poolAddress":"0xe48c3a1389be663f0e6f96ac1b90c10ee8b1b1ec","poolType":"CURVE_SNG"}	{"ptAdminBalance": "0", "ibtAdminBalance": "0"}
{"blockNumber":22931322,"chainId":1,"poolAddress":"0xe48c3a1389be663f0e6f96ac1b90c10ee8b1b1ec","poolType":"CURVE_SNG"}	{"ptAdminBalance": "0", "ibtAdminBalance": "0"}
{"blockNumber":22953461,"chainId":1,"poolAddress":"0xe48c3a1389be663f0e6f96ac1b90c10ee8b1b1ec","poolType":"CURVE_SNG"}	{"ptAdminBalance": "0", "ibtAdminBalance": "0"}
{"blockNumber":22960690,"chainId":1,"poolAddress":"0x593a8a7c12d8111e12945ff167389662a02b5ece","poolType":"CURVE_SNG"}	{"ptAdminBalance": "0", "ibtAdminBalance": "0"}
{"blockNumber":22969118,"chainId":1,"poolAddress":"0x593a8a7c12d8111e12945ff167389662a02b5ece","poolType":"CURVE_SNG"}	{"ptAdminBalance": "0", "ibtAdminBalance": "0"}
{"blockNumber":22842246,"chainId":1,"poolAddress":"0x1ed0bea7db2815283da9e184145386bd7789a735","poolType":"CURVE_SNG"}	{"ptAdminBalance": "0", "ibtAdminBalance": "0"}
{"blockNumber":22844961,"chainId":1,"poolAddress":"0x6b6e36e0516b3020dff0edd01fe90c18774de709","poolType":"CURVE_SNG"}	{"ptAdminBalance": "0", "ibtAdminBalance": "0"}
{"blockNumber":22955739,"chainId":1,"poolAddress":"0x6b6e36e0516b3020dff0edd01fe90c18774de709","poolType":"CURVE_SNG"}	{"ptAdminBalance": "0", "ibtAdminBalance": "0"}
{"blockNumber":22968803,"chainId":1,"poolAddress":"0x6b6e36e0516b3020dff0edd01fe90c18774de709","poolType":"CURVE_SNG"}	{"ptAdminBalance": "0", "ibtAdminBalance": "0"}
{"blockNumber":22863538,"chainId":1,"poolAddress":"0x6b6e36e0516b3020dff0edd01fe90c18774de709","poolType":"CURVE_SNG"}	{"ptAdminBalance": "0", "ibtAdminBalance": "0"}
{"blockNumber":22922107,"chainId":1,"poolAddress":"0x6b6e36e0516b3020dff0edd01fe90c18774de709","poolType":"CURVE_SNG"}	{"ptAdminBalance": "0", "ibtAdminBalance": "0"}
{"blockNumber":22827608,"chainId":1,"poolAddress":"0x17a23e49ae0209b5243090c138e800c4ca1921e9","poolType":"CURVE_SNG"}	{"ptAdminBalance": "0", "ibtAdminBalance": "0"}
{"blockNumber":22835994,"chainId":1,"poolAddress":"0x17a23e49ae0209b5243090c138e800c4ca1921e9","poolType":"CURVE_SNG"}	{"ptAdminBalance": "0", "ibtAdminBalance": "0"}
{"blockNumber":22887953,"chainId":1,"poolAddress":"0x17a23e49ae0209b5243090c138e800c4ca1921e9","poolType":"CURVE_SNG"}	{"ptAdminBalance": "0", "ibtAdminBalance": "0"}
{"blockNumber":22893068,"chainId":1,"poolAddress":"0x17a23e49ae0209b5243090c138e800c4ca1921e9","poolType":"CURVE_SNG"}	{"ptAdminBalance": "0", "ibtAdminBalance": "0"}
{"blockNumber":22823221,"chainId":1,"poolAddress":"0x17a23e49ae0209b5243090c138e800c4ca1921e9","poolType":"CURVE_SNG"}	{"ptAdminBalance": "0", "ibtAdminBalance": "0"}
{"blockNumber":22873345,"chainId":1,"poolAddress":"0x17a23e49ae0209b5243090c138e800c4ca1921e9","poolType":"CURVE_SNG"}	{"ptAdminBalance": "0", "ibtAdminBalance": "0"}
{"blockNumber":22876681,"chainId":1,"poolAddress":"0x17a23e49ae0209b5243090c138e800c4ca1921e9","poolType":"CURVE_SNG"}	{"ptAdminBalance": "0", "ibtAdminBalance": "0"}
{"blockNumber":22877400,"chainId":1,"poolAddress":"0x17a23e49ae0209b5243090c138e800c4ca1921e9","poolType":"CURVE_SNG"}	{"ptAdminBalance": "0", "ibtAdminBalance": "0"}
{"blockNumber":22962445,"chainId":1,"poolAddress":"0x17a23e49ae0209b5243090c138e800c4ca1921e9","poolType":"CURVE_SNG"}	{"ptAdminBalance": "0", "ibtAdminBalance": "0"}
{"blockNumber":22895164,"chainId":1,"poolAddress":"0x17a23e49ae0209b5243090c138e800c4ca1921e9","poolType":"CURVE_SNG"}	{"ptAdminBalance": "0", "ibtAdminBalance": "0"}
{"blockNumber":22901443,"chainId":1,"poolAddress":"0x17a23e49ae0209b5243090c138e800c4ca1921e9","poolType":"CURVE_SNG"}	{"ptAdminBalance": "0", "ibtAdminBalance": "0"}
{"blockNumber":22871166,"chainId":1,"poolAddress":"0xab663a50ef56d064ecc27b2656ed6889ea70e502","poolType":"CURVE_SNG"}	{"ptAdminBalance": "0", "ibtAdminBalance": "0"}
{"blockNumber":22833365,"chainId":1,"poolAddress":"0xab663a50ef56d064ecc27b2656ed6889ea70e502","poolType":"CURVE_SNG"}	{"ptAdminBalance": "0", "ibtAdminBalance": "0"}
{"blockNumber":22851724,"chainId":1,"poolAddress":"0xab663a50ef56d064ecc27b2656ed6889ea70e502","poolType":"CURVE_SNG"}	{"ptAdminBalance": "0", "ibtAdminBalance": "0"}
{"blockNumber":22858223,"chainId":1,"poolAddress":"0xab663a50ef56d064ecc27b2656ed6889ea70e502","poolType":"CURVE_SNG"}	{"ptAdminBalance": "0", "ibtAdminBalance": "0"}
{"blockNumber":22819157,"chainId":1,"poolAddress":"0xcbe13315809acf6d7b92472fcb9546655b874ee7","poolType":"CURVE_SNG"}	{"ptAdminBalance": "0", "ibtAdminBalance": "0"}
{"blockNumber":22819183,"chainId":1,"poolAddress":"0xcbe13315809acf6d7b92472fcb9546655b874ee7","poolType":"CURVE_SNG"}	{"ptAdminBalance": "0", "ibtAdminBalance": "0"}
{"blockNumber":22822083,"chainId":1,"poolAddress":"0xcbe13315809acf6d7b92472fcb9546655b874ee7","poolType":"CURVE_SNG"}	{"ptAdminBalance": "0", "ibtAdminBalance": "0"}
{"blockNumber":22820800,"chainId":1,"poolAddress":"0xcbe13315809acf6d7b92472fcb9546655b874ee7","poolType":"CURVE_SNG"}	{"ptAdminBalance": "0", "ibtAdminBalance": "0"}
{"blockNumber":22828166,"chainId":1,"poolAddress":"0xcbe13315809acf6d7b92472fcb9546655b874ee7","poolType":"CURVE_SNG"}	{"ptAdminBalance": "0", "ibtAdminBalance": "0"}
{"blockNumber":22828462,"chainId":1,"poolAddress":"0xcbe13315809acf6d7b92472fcb9546655b874ee7","poolType":"CURVE_SNG"}	{"ptAdminBalance": "0", "ibtAdminBalance": "0"}
{"blockNumber":22839591,"chainId":1,"poolAddress":"0xcbe13315809acf6d7b92472fcb9546655b874ee7","poolType":"CURVE_SNG"}	{"ptAdminBalance": "0", "ibtAdminBalance": "0"}
{"blockNumber":22841125,"chainId":1,"poolAddress":"0xcbe13315809acf6d7b92472fcb9546655b874ee7","poolType":"CURVE_SNG"}	{"ptAdminBalance": "0", "ibtAdminBalance": "0"}
{"blockNumber":22850584,"chainId":1,"poolAddress":"0xcbe13315809acf6d7b92472fcb9546655b874ee7","poolType":"CURVE_SNG"}	{"ptAdminBalance": "0", "ibtAdminBalance": "0"}
{"blockNumber":22866338,"chainId":1,"poolAddress":"0xcbe13315809acf6d7b92472fcb9546655b874ee7","poolType":"CURVE_SNG"}	{"ptAdminBalance": "0", "ibtAdminBalance": "0"}
{"blockNumber":22902882,"chainId":1,"poolAddress":"0xcbe13315809acf6d7b92472fcb9546655b874ee7","poolType":"CURVE_SNG"}	{"ptAdminBalance": "0", "ibtAdminBalance": "0"}
{"blockNumber":22908016,"chainId":1,"poolAddress":"0xcbe13315809acf6d7b92472fcb9546655b874ee7","poolType":"CURVE_SNG"}	{"ptAdminBalance": "0", "ibtAdminBalance": "0"}
{"blockNumber":22923651,"chainId":1,"poolAddress":"0xcbe13315809acf6d7b92472fcb9546655b874ee7","poolType":"CURVE_SNG"}	{"ptAdminBalance": "0", "ibtAdminBalance": "0"}
{"blockNumber":22924009,"chainId":1,"poolAddress":"0xcbe13315809acf6d7b92472fcb9546655b874ee7","poolType":"CURVE_SNG"}	{"ptAdminBalance": "0", "ibtAdminBalance": "0"}
{"blockNumber":22924071,"chainId":1,"poolAddress":"0xcbe13315809acf6d7b92472fcb9546655b874ee7","poolType":"CURVE_SNG"}	{"ptAdminBalance": "0", "ibtAdminBalance": "0"}
{"blockNumber":22928802,"chainId":1,"poolAddress":"0xcbe13315809acf6d7b92472fcb9546655b874ee7","poolType":"CURVE_SNG"}	{"ptAdminBalance": "0", "ibtAdminBalance": "0"}
{"blockNumber":22930399,"chainId":1,"poolAddress":"0xcbe13315809acf6d7b92472fcb9546655b874ee7","poolType":"CURVE_SNG"}	{"ptAdminBalance": "0", "ibtAdminBalance": "0"}
{"blockNumber":22965364,"chainId":1,"poolAddress":"0xcbe13315809acf6d7b92472fcb9546655b874ee7","poolType":"CURVE_SNG"}	{"ptAdminBalance": "0", "ibtAdminBalance": "0"}
{"blockNumber":22929798,"chainId":1,"poolAddress":"0xcbe13315809acf6d7b92472fcb9546655b874ee7","poolType":"CURVE_SNG"}	{"ptAdminBalance": "0", "ibtAdminBalance": "0"}
{"blockNumber":22952608,"chainId":1,"poolAddress":"0xcbe13315809acf6d7b92472fcb9546655b874ee7","poolType":"CURVE_SNG"}	{"ptAdminBalance": "0", "ibtAdminBalance": "0"}
{"blockNumber":22959353,"chainId":1,"poolAddress":"0xcbe13315809acf6d7b92472fcb9546655b874ee7","poolType":"CURVE_SNG"}	{"ptAdminBalance": "0", "ibtAdminBalance": "0"}
{"blockNumber":22956134,"chainId":1,"poolAddress":"0xe48c3a1389be663f0e6f96ac1b90c10ee8b1b1ec","poolType":"CURVE_SNG"}	{"ptAdminBalance": "0", "ibtAdminBalance": "0"}
{"blockNumber":22960877,"chainId":1,"poolAddress":"0xe48c3a1389be663f0e6f96ac1b90c10ee8b1b1ec","poolType":"CURVE_SNG"}	{"ptAdminBalance": "0", "ibtAdminBalance": "0"}
{"blockNumber":22876921,"chainId":1,"poolAddress":"0xe48c3a1389be663f0e6f96ac1b90c10ee8b1b1ec","poolType":"CURVE_SNG"}	{"ptAdminBalance": "0", "ibtAdminBalance": "0"}
{"blockNumber":22953610,"chainId":1,"poolAddress":"0xe48c3a1389be663f0e6f96ac1b90c10ee8b1b1ec","poolType":"CURVE_SNG"}	{"ptAdminBalance": "0", "ibtAdminBalance": "0"}
{"blockNumber":22967558,"chainId":1,"poolAddress":"0xe48c3a1389be663f0e6f96ac1b90c10ee8b1b1ec","poolType":"CURVE_SNG"}	{"ptAdminBalance": "0", "ibtAdminBalance": "0"}
{"blockNumber":22898450,"chainId":1,"poolAddress":"0xe48c3a1389be663f0e6f96ac1b90c10ee8b1b1ec","poolType":"CURVE_SNG"}	{"ptAdminBalance": "0", "ibtAdminBalance": "0"}
{"blockNumber":22921941,"chainId":1,"poolAddress":"0xe48c3a1389be663f0e6f96ac1b90c10ee8b1b1ec","poolType":"CURVE_SNG"}	{"ptAdminBalance": "0", "ibtAdminBalance": "0"}
{"blockNumber":22961326,"chainId":1,"poolAddress":"0xe48c3a1389be663f0e6f96ac1b90c10ee8b1b1ec","poolType":"CURVE_SNG"}	{"ptAdminBalance": "0", "ibtAdminBalance": "0"}
{"blockNumber":22922272,"chainId":1,"poolAddress":"0xe48c3a1389be663f0e6f96ac1b90c10ee8b1b1ec","poolType":"CURVE_SNG"}	{"ptAdminBalance": "0", "ibtAdminBalance": "0"}
{"blockNumber":22933046,"chainId":1,"poolAddress":"0xe48c3a1389be663f0e6f96ac1b90c10ee8b1b1ec","poolType":"CURVE_SNG"}	{"ptAdminBalance": "0", "ibtAdminBalance": "0"}
{"blockNumber":22842120,"chainId":1,"poolAddress":"0x1ed0bea7db2815283da9e184145386bd7789a735","poolType":"CURVE_SNG"}	{"ptAdminBalance": "0", "ibtAdminBalance": "0"}
{"blockNumber":22969277,"chainId":1,"poolAddress":"0x1ed0bea7db2815283da9e184145386bd7789a735","poolType":"CURVE_SNG"}	{"ptAdminBalance": "0", "ibtAdminBalance": "0"}
{"blockNumber":22926495,"chainId":1,"poolAddress":"0x21ff331d1928cb7fde9a151d43eba4ebee843e87","poolType":"CURVE_SNG"}	{"ptAdminBalance": "0", "ibtAdminBalance": "0"}
{"blockNumber":22864114,"chainId":1,"poolAddress":"0x21ff331d1928cb7fde9a151d43eba4ebee843e87","poolType":"CURVE_SNG"}	{"ptAdminBalance": "0", "ibtAdminBalance": "0"}
{"blockNumber":22824274,"chainId":1,"poolAddress":"0x593a8a7c12d8111e12945ff167389662a02b5ece","poolType":"CURVE_SNG"}	{"ptAdminBalance": "0", "ibtAdminBalance": "0"}
{"blockNumber":22835267,"chainId":1,"poolAddress":"0x593a8a7c12d8111e12945ff167389662a02b5ece","poolType":"CURVE_SNG"}	{"ptAdminBalance": "0", "ibtAdminBalance": "0"}
{"blockNumber":22836027,"chainId":1,"poolAddress":"0x593a8a7c12d8111e12945ff167389662a02b5ece","poolType":"CURVE_SNG"}	{"ptAdminBalance": "0", "ibtAdminBalance": "0"}
{"blockNumber":22836055,"chainId":1,"poolAddress":"0x593a8a7c12d8111e12945ff167389662a02b5ece","poolType":"CURVE_SNG"}	{"ptAdminBalance": "0", "ibtAdminBalance": "0"}
{"blockNumber":22874514,"chainId":1,"poolAddress":"0x593a8a7c12d8111e12945ff167389662a02b5ece","poolType":"CURVE_SNG"}	{"ptAdminBalance": "0", "ibtAdminBalance": "0"}
{"blockNumber":22874706,"chainId":1,"poolAddress":"0x593a8a7c12d8111e12945ff167389662a02b5ece","poolType":"CURVE_SNG"}	{"ptAdminBalance": "0", "ibtAdminBalance": "0"}
{"blockNumber":22896189,"chainId":1,"poolAddress":"0x593a8a7c12d8111e12945ff167389662a02b5ece","poolType":"CURVE_SNG"}	{"ptAdminBalance": "0", "ibtAdminBalance": "0"}
{"blockNumber":22841468,"chainId":1,"poolAddress":"0x593a8a7c12d8111e12945ff167389662a02b5ece","poolType":"CURVE_SNG"}	{"ptAdminBalance": "0", "ibtAdminBalance": "0"}
{"blockNumber":22843355,"chainId":1,"poolAddress":"0x593a8a7c12d8111e12945ff167389662a02b5ece","poolType":"CURVE_SNG"}	{"ptAdminBalance": "0", "ibtAdminBalance": "0"}
{"blockNumber":22847314,"chainId":1,"poolAddress":"0x593a8a7c12d8111e12945ff167389662a02b5ece","poolType":"CURVE_SNG"}	{"ptAdminBalance": "0", "ibtAdminBalance": "0"}
{"blockNumber":22938928,"chainId":1,"poolAddress":"0x593a8a7c12d8111e12945ff167389662a02b5ece","poolType":"CURVE_SNG"}	{"ptAdminBalance": "0", "ibtAdminBalance": "0"}
{"blockNumber":22878151,"chainId":1,"poolAddress":"0x593a8a7c12d8111e12945ff167389662a02b5ece","poolType":"CURVE_SNG"}	{"ptAdminBalance": "0", "ibtAdminBalance": "0"}
{"blockNumber":22900062,"chainId":1,"poolAddress":"0x593a8a7c12d8111e12945ff167389662a02b5ece","poolType":"CURVE_SNG"}	{"ptAdminBalance": "0", "ibtAdminBalance": "0"}
{"blockNumber":22928942,"chainId":1,"poolAddress":"0x593a8a7c12d8111e12945ff167389662a02b5ece","poolType":"CURVE_SNG"}	{"ptAdminBalance": "0", "ibtAdminBalance": "0"}
{"blockNumber":22821089,"chainId":1,"poolAddress":"0x593a8a7c12d8111e12945ff167389662a02b5ece","poolType":"CURVE_SNG"}	{"ptAdminBalance": "0", "ibtAdminBalance": "0"}
{"blockNumber":22854416,"chainId":1,"poolAddress":"0x593a8a7c12d8111e12945ff167389662a02b5ece","poolType":"CURVE_SNG"}	{"ptAdminBalance": "0", "ibtAdminBalance": "0"}
{"blockNumber":22936021,"chainId":1,"poolAddress":"0x593a8a7c12d8111e12945ff167389662a02b5ece","poolType":"CURVE_SNG"}	{"ptAdminBalance": "0", "ibtAdminBalance": "0"}
{"blockNumber":22936059,"chainId":1,"poolAddress":"0x593a8a7c12d8111e12945ff167389662a02b5ece","poolType":"CURVE_SNG"}	{"ptAdminBalance": "0", "ibtAdminBalance": "0"}
{"blockNumber":22953580,"chainId":1,"poolAddress":"0x593a8a7c12d8111e12945ff167389662a02b5ece","poolType":"CURVE_SNG"}	{"ptAdminBalance": "0", "ibtAdminBalance": "0"}
{"blockNumber":22967048,"chainId":1,"poolAddress":"0x593a8a7c12d8111e12945ff167389662a02b5ece","poolType":"CURVE_SNG"}	{"ptAdminBalance": "0", "ibtAdminBalance": "0"}
{"blockNumber":22902217,"chainId":1,"poolAddress":"0x593a8a7c12d8111e12945ff167389662a02b5ece","poolType":"CURVE_SNG"}	{"ptAdminBalance": "0", "ibtAdminBalance": "0"}
{"blockNumber":22932429,"chainId":1,"poolAddress":"0x593a8a7c12d8111e12945ff167389662a02b5ece","poolType":"CURVE_SNG"}	{"ptAdminBalance": "0", "ibtAdminBalance": "0"}
{"blockNumber":22935411,"chainId":1,"poolAddress":"0x593a8a7c12d8111e12945ff167389662a02b5ece","poolType":"CURVE_SNG"}	{"ptAdminBalance": "0", "ibtAdminBalance": "0"}
{"blockNumber":22935446,"chainId":1,"poolAddress":"0x593a8a7c12d8111e12945ff167389662a02b5ece","poolType":"CURVE_SNG"}	{"ptAdminBalance": "0", "ibtAdminBalance": "0"}
{"blockNumber":22935457,"chainId":1,"poolAddress":"0x593a8a7c12d8111e12945ff167389662a02b5ece","poolType":"CURVE_SNG"}	{"ptAdminBalance": "0", "ibtAdminBalance": "0"}
{"blockNumber":22935466,"chainId":1,"poolAddress":"0x593a8a7c12d8111e12945ff167389662a02b5ece","poolType":"CURVE_SNG"}	{"ptAdminBalance": "0", "ibtAdminBalance": "0"}
{"blockNumber":22935478,"chainId":1,"poolAddress":"0x593a8a7c12d8111e12945ff167389662a02b5ece","poolType":"CURVE_SNG"}	{"ptAdminBalance": "0", "ibtAdminBalance": "0"}
{"blockNumber":22835373,"chainId":1,"poolAddress":"0x1253e519aedc35f9da29a14e155f64605d5144ce","poolType":"CURVE_SNG"}	{"ptAdminBalance": "0", "ibtAdminBalance": "0"}
{"blockNumber":22838327,"chainId":1,"poolAddress":"0xe48c3a1389be663f0e6f96ac1b90c10ee8b1b1ec","poolType":"CURVE_SNG"}	{"ptAdminBalance": "0", "ibtAdminBalance": "0"}
{"blockNumber":22858719,"chainId":1,"poolAddress":"0xe48c3a1389be663f0e6f96ac1b90c10ee8b1b1ec","poolType":"CURVE_SNG"}	{"ptAdminBalance": "0", "ibtAdminBalance": "0"}
{"blockNumber":22842228,"chainId":1,"poolAddress":"0x1ed0bea7db2815283da9e184145386bd7789a735","poolType":"CURVE_SNG"}	{"ptAdminBalance": "0", "ibtAdminBalance": "0"}
{"blockNumber":22961800,"chainId":1,"poolAddress":"0x1ed0bea7db2815283da9e184145386bd7789a735","poolType":"CURVE_SNG"}	{"ptAdminBalance": "0", "ibtAdminBalance": "0"}
{"blockNumber":22968592,"chainId":1,"poolAddress":"0x1ed0bea7db2815283da9e184145386bd7789a735","poolType":"CURVE_SNG"}	{"ptAdminBalance": "0", "ibtAdminBalance": "0"}
{"blockNumber":22842593,"chainId":1,"poolAddress":"0x21ff331d1928cb7fde9a151d43eba4ebee843e87","poolType":"CURVE_SNG"}	{"ptAdminBalance": "0", "ibtAdminBalance": "0"}
{"blockNumber":22968522,"chainId":1,"poolAddress":"0x21ff331d1928cb7fde9a151d43eba4ebee843e87","poolType":"CURVE_SNG"}	{"ptAdminBalance": "0", "ibtAdminBalance": "0"}
{"blockNumber":22962682,"chainId":1,"poolAddress":"0x17a23e49ae0209b5243090c138e800c4ca1921e9","poolType":"CURVE_SNG"}	{"ptAdminBalance": "0", "ibtAdminBalance": "0"}
{"blockNumber":22969092,"chainId":1,"poolAddress":"0x17a23e49ae0209b5243090c138e800c4ca1921e9","poolType":"CURVE_SNG"}	{"ptAdminBalance": "0", "ibtAdminBalance": "0"}
{"blockNumber":22820904,"chainId":1,"poolAddress":"0xcbe13315809acf6d7b92472fcb9546655b874ee7","poolType":"CURVE_SNG"}	{"ptAdminBalance": "0", "ibtAdminBalance": "0"}
{"blockNumber":22821825,"chainId":1,"poolAddress":"0xcbe13315809acf6d7b92472fcb9546655b874ee7","poolType":"CURVE_SNG"}	{"ptAdminBalance": "0", "ibtAdminBalance": "0"}
{"blockNumber":22827470,"chainId":1,"poolAddress":"0xcbe13315809acf6d7b92472fcb9546655b874ee7","poolType":"CURVE_SNG"}	{"ptAdminBalance": "0", "ibtAdminBalance": "0"}
{"blockNumber":22835412,"chainId":1,"poolAddress":"0xcbe13315809acf6d7b92472fcb9546655b874ee7","poolType":"CURVE_SNG"}	{"ptAdminBalance": "0", "ibtAdminBalance": "0"}
{"blockNumber":22847611,"chainId":1,"poolAddress":"0xcbe13315809acf6d7b92472fcb9546655b874ee7","poolType":"CURVE_SNG"}	{"ptAdminBalance": "0", "ibtAdminBalance": "0"}
{"blockNumber":22851915,"chainId":1,"poolAddress":"0xcbe13315809acf6d7b92472fcb9546655b874ee7","poolType":"CURVE_SNG"}	{"ptAdminBalance": "0", "ibtAdminBalance": "0"}
{"blockNumber":22857111,"chainId":1,"poolAddress":"0xcbe13315809acf6d7b92472fcb9546655b874ee7","poolType":"CURVE_SNG"}	{"ptAdminBalance": "0", "ibtAdminBalance": "0"}
{"blockNumber":22857144,"chainId":1,"poolAddress":"0xcbe13315809acf6d7b92472fcb9546655b874ee7","poolType":"CURVE_SNG"}	{"ptAdminBalance": "0", "ibtAdminBalance": "0"}
{"blockNumber":22879720,"chainId":1,"poolAddress":"0xcbe13315809acf6d7b92472fcb9546655b874ee7","poolType":"CURVE_SNG"}	{"ptAdminBalance": "0", "ibtAdminBalance": "0"}
{"blockNumber":22879808,"chainId":1,"poolAddress":"0xcbe13315809acf6d7b92472fcb9546655b874ee7","poolType":"CURVE_SNG"}	{"ptAdminBalance": "0", "ibtAdminBalance": "0"}
{"blockNumber":22892110,"chainId":1,"poolAddress":"0xcbe13315809acf6d7b92472fcb9546655b874ee7","poolType":"CURVE_SNG"}	{"ptAdminBalance": "0", "ibtAdminBalance": "0"}
{"blockNumber":22892159,"chainId":1,"poolAddress":"0xcbe13315809acf6d7b92472fcb9546655b874ee7","poolType":"CURVE_SNG"}	{"ptAdminBalance": "0", "ibtAdminBalance": "0"}
{"blockNumber":22902876,"chainId":1,"poolAddress":"0xcbe13315809acf6d7b92472fcb9546655b874ee7","poolType":"CURVE_SNG"}	{"ptAdminBalance": "0", "ibtAdminBalance": "0"}
{"blockNumber":22924564,"chainId":1,"poolAddress":"0xcbe13315809acf6d7b92472fcb9546655b874ee7","poolType":"CURVE_SNG"}	{"ptAdminBalance": "0", "ibtAdminBalance": "0"}
{"blockNumber":22930407,"chainId":1,"poolAddress":"0xcbe13315809acf6d7b92472fcb9546655b874ee7","poolType":"CURVE_SNG"}	{"ptAdminBalance": "0", "ibtAdminBalance": "0"}
{"blockNumber":22937576,"chainId":1,"poolAddress":"0xcbe13315809acf6d7b92472fcb9546655b874ee7","poolType":"CURVE_SNG"}	{"ptAdminBalance": "0", "ibtAdminBalance": "0"}
{"blockNumber":22950174,"chainId":1,"poolAddress":"0xcbe13315809acf6d7b92472fcb9546655b874ee7","poolType":"CURVE_SNG"}	{"ptAdminBalance": "0", "ibtAdminBalance": "0"}
{"blockNumber":22952534,"chainId":1,"poolAddress":"0xcbe13315809acf6d7b92472fcb9546655b874ee7","poolType":"CURVE_SNG"}	{"ptAdminBalance": "0", "ibtAdminBalance": "0"}
{"blockNumber":22958885,"chainId":1,"poolAddress":"0xcbe13315809acf6d7b92472fcb9546655b874ee7","poolType":"CURVE_SNG"}	{"ptAdminBalance": "0", "ibtAdminBalance": "0"}
{"blockNumber":22963423,"chainId":1,"poolAddress":"0xcbe13315809acf6d7b92472fcb9546655b874ee7","poolType":"CURVE_SNG"}	{"ptAdminBalance": "0", "ibtAdminBalance": "0"}
{"blockNumber":22823323,"chainId":1,"poolAddress":"0x17a23e49ae0209b5243090c138e800c4ca1921e9","poolType":"CURVE_SNG"}	{"ptAdminBalance": "0", "ibtAdminBalance": "0"}
{"blockNumber":22872797,"chainId":1,"poolAddress":"0x17a23e49ae0209b5243090c138e800c4ca1921e9","poolType":"CURVE_SNG"}	{"ptAdminBalance": "0", "ibtAdminBalance": "0"}
{"blockNumber":22888017,"chainId":1,"poolAddress":"0x17a23e49ae0209b5243090c138e800c4ca1921e9","poolType":"CURVE_SNG"}	{"ptAdminBalance": "0", "ibtAdminBalance": "0"}
{"blockNumber":22955215,"chainId":1,"poolAddress":"0x17a23e49ae0209b5243090c138e800c4ca1921e9","poolType":"CURVE_SNG"}	{"ptAdminBalance": "0", "ibtAdminBalance": "0"}
{"blockNumber":22861364,"chainId":1,"poolAddress":"0x6b6e36e0516b3020dff0edd01fe90c18774de709","poolType":"CURVE_SNG"}	{"ptAdminBalance": "0", "ibtAdminBalance": "0"}
{"blockNumber":22874374,"chainId":1,"poolAddress":"0x593a8a7c12d8111e12945ff167389662a02b5ece","poolType":"CURVE_SNG"}	{"ptAdminBalance": "0", "ibtAdminBalance": "0"}
{"blockNumber":22928972,"chainId":1,"poolAddress":"0x593a8a7c12d8111e12945ff167389662a02b5ece","poolType":"CURVE_SNG"}	{"ptAdminBalance": "0", "ibtAdminBalance": "0"}
{"blockNumber":22821040,"chainId":1,"poolAddress":"0xa8cd51f4b240d2c19925a758e93142df1ed6f9d6","poolType":"CURVE_SNG"}	{"ptAdminBalance": "0", "ibtAdminBalance": "0"}
{"blockNumber":22930840,"chainId":1,"poolAddress":"0xab663a50ef56d064ecc27b2656ed6889ea70e502","poolType":"CURVE_SNG"}	{"ptAdminBalance": "0", "ibtAdminBalance": "0"}
{"blockNumber":22930873,"chainId":1,"poolAddress":"0xab663a50ef56d064ecc27b2656ed6889ea70e502","poolType":"CURVE_SNG"}	{"ptAdminBalance": "0", "ibtAdminBalance": "0"}
{"blockNumber":22828875,"chainId":1,"poolAddress":"0xcbe13315809acf6d7b92472fcb9546655b874ee7","poolType":"CURVE_SNG"}	{"ptAdminBalance": "0", "ibtAdminBalance": "0"}
{"blockNumber":22832458,"chainId":1,"poolAddress":"0xcbe13315809acf6d7b92472fcb9546655b874ee7","poolType":"CURVE_SNG"}	{"ptAdminBalance": "0", "ibtAdminBalance": "0"}
{"blockNumber":22839578,"chainId":1,"poolAddress":"0xcbe13315809acf6d7b92472fcb9546655b874ee7","poolType":"CURVE_SNG"}	{"ptAdminBalance": "0", "ibtAdminBalance": "0"}
{"blockNumber":22844136,"chainId":1,"poolAddress":"0xcbe13315809acf6d7b92472fcb9546655b874ee7","poolType":"CURVE_SNG"}	{"ptAdminBalance": "0", "ibtAdminBalance": "0"}
{"blockNumber":22849190,"chainId":1,"poolAddress":"0xcbe13315809acf6d7b92472fcb9546655b874ee7","poolType":"CURVE_SNG"}	{"ptAdminBalance": "0", "ibtAdminBalance": "0"}
{"blockNumber":22860014,"chainId":1,"poolAddress":"0xcbe13315809acf6d7b92472fcb9546655b874ee7","poolType":"CURVE_SNG"}	{"ptAdminBalance": "0", "ibtAdminBalance": "0"}
{"blockNumber":22874556,"chainId":1,"poolAddress":"0xcbe13315809acf6d7b92472fcb9546655b874ee7","poolType":"CURVE_SNG"}	{"ptAdminBalance": "0", "ibtAdminBalance": "0"}
{"blockNumber":22874743,"chainId":1,"poolAddress":"0xcbe13315809acf6d7b92472fcb9546655b874ee7","poolType":"CURVE_SNG"}	{"ptAdminBalance": "0", "ibtAdminBalance": "0"}
{"blockNumber":22898030,"chainId":1,"poolAddress":"0xcbe13315809acf6d7b92472fcb9546655b874ee7","poolType":"CURVE_SNG"}	{"ptAdminBalance": "0", "ibtAdminBalance": "0"}
{"blockNumber":22923000,"chainId":1,"poolAddress":"0xcbe13315809acf6d7b92472fcb9546655b874ee7","poolType":"CURVE_SNG"}	{"ptAdminBalance": "0", "ibtAdminBalance": "0"}
{"blockNumber":22923348,"chainId":1,"poolAddress":"0xcbe13315809acf6d7b92472fcb9546655b874ee7","poolType":"CURVE_SNG"}	{"ptAdminBalance": "0", "ibtAdminBalance": "0"}
{"blockNumber":22923656,"chainId":1,"poolAddress":"0xcbe13315809acf6d7b92472fcb9546655b874ee7","poolType":"CURVE_SNG"}	{"ptAdminBalance": "0", "ibtAdminBalance": "0"}
{"blockNumber":22923729,"chainId":1,"poolAddress":"0xcbe13315809acf6d7b92472fcb9546655b874ee7","poolType":"CURVE_SNG"}	{"ptAdminBalance": "0", "ibtAdminBalance": "0"}
{"blockNumber":22928704,"chainId":1,"poolAddress":"0xcbe13315809acf6d7b92472fcb9546655b874ee7","poolType":"CURVE_SNG"}	{"ptAdminBalance": "0", "ibtAdminBalance": "0"}
{"blockNumber":22929485,"chainId":1,"poolAddress":"0xcbe13315809acf6d7b92472fcb9546655b874ee7","poolType":"CURVE_SNG"}	{"ptAdminBalance": "0", "ibtAdminBalance": "0"}
{"blockNumber":22959335,"chainId":1,"poolAddress":"0xcbe13315809acf6d7b92472fcb9546655b874ee7","poolType":"CURVE_SNG"}	{"ptAdminBalance": "0", "ibtAdminBalance": "0"}
{"blockNumber":22961117,"chainId":1,"poolAddress":"0xcbe13315809acf6d7b92472fcb9546655b874ee7","poolType":"CURVE_SNG"}	{"ptAdminBalance": "0", "ibtAdminBalance": "0"}
{"blockNumber":22829951,"chainId":1,"poolAddress":"0x17a23e49ae0209b5243090c138e800c4ca1921e9","poolType":"CURVE_SNG"}	{"ptAdminBalance": "0", "ibtAdminBalance": "0"}
{"blockNumber":22887941,"chainId":1,"poolAddress":"0x17a23e49ae0209b5243090c138e800c4ca1921e9","poolType":"CURVE_SNG"}	{"ptAdminBalance": "0", "ibtAdminBalance": "0"}
{"blockNumber":22893058,"chainId":1,"poolAddress":"0x17a23e49ae0209b5243090c138e800c4ca1921e9","poolType":"CURVE_SNG"}	{"ptAdminBalance": "0", "ibtAdminBalance": "0"}
{"blockNumber":22911456,"chainId":1,"poolAddress":"0x17a23e49ae0209b5243090c138e800c4ca1921e9","poolType":"CURVE_SNG"}	{"ptAdminBalance": "0", "ibtAdminBalance": "0"}
{"blockNumber":22829919,"chainId":1,"poolAddress":"0xe48c3a1389be663f0e6f96ac1b90c10ee8b1b1ec","poolType":"CURVE_SNG"}	{"ptAdminBalance": "0", "ibtAdminBalance": "0"}
{"blockNumber":22868560,"chainId":1,"poolAddress":"0xe48c3a1389be663f0e6f96ac1b90c10ee8b1b1ec","poolType":"CURVE_SNG"}	{"ptAdminBalance": "0", "ibtAdminBalance": "0"}
{"blockNumber":22869054,"chainId":1,"poolAddress":"0xe48c3a1389be663f0e6f96ac1b90c10ee8b1b1ec","poolType":"CURVE_SNG"}	{"ptAdminBalance": "0", "ibtAdminBalance": "0"}
{"blockNumber":22892000,"chainId":1,"poolAddress":"0xe48c3a1389be663f0e6f96ac1b90c10ee8b1b1ec","poolType":"CURVE_SNG"}	{"ptAdminBalance": "0", "ibtAdminBalance": "0"}
{"blockNumber":22954322,"chainId":1,"poolAddress":"0xe48c3a1389be663f0e6f96ac1b90c10ee8b1b1ec","poolType":"CURVE_SNG"}	{"ptAdminBalance": "0", "ibtAdminBalance": "0"}
{"blockNumber":22895478,"chainId":1,"poolAddress":"0xe48c3a1389be663f0e6f96ac1b90c10ee8b1b1ec","poolType":"CURVE_SNG"}	{"ptAdminBalance": "0", "ibtAdminBalance": "0"}
{"blockNumber":22829945,"chainId":1,"poolAddress":"0x593a8a7c12d8111e12945ff167389662a02b5ece","poolType":"CURVE_SNG"}	{"ptAdminBalance": "0", "ibtAdminBalance": "0"}
{"blockNumber":22836045,"chainId":1,"poolAddress":"0x593a8a7c12d8111e12945ff167389662a02b5ece","poolType":"CURVE_SNG"}	{"ptAdminBalance": "0", "ibtAdminBalance": "0"}
{"blockNumber":22844057,"chainId":1,"poolAddress":"0x593a8a7c12d8111e12945ff167389662a02b5ece","poolType":"CURVE_SNG"}	{"ptAdminBalance": "0", "ibtAdminBalance": "0"}
{"blockNumber":22938889,"chainId":1,"poolAddress":"0x593a8a7c12d8111e12945ff167389662a02b5ece","poolType":"CURVE_SNG"}	{"ptAdminBalance": "0", "ibtAdminBalance": "0"}
{"blockNumber":22900045,"chainId":1,"poolAddress":"0x593a8a7c12d8111e12945ff167389662a02b5ece","poolType":"CURVE_SNG"}	{"ptAdminBalance": "0", "ibtAdminBalance": "0"}
{"blockNumber":22916036,"chainId":1,"poolAddress":"0x593a8a7c12d8111e12945ff167389662a02b5ece","poolType":"CURVE_SNG"}	{"ptAdminBalance": "0", "ibtAdminBalance": "0"}
{"blockNumber":22920229,"chainId":1,"poolAddress":"0x593a8a7c12d8111e12945ff167389662a02b5ece","poolType":"CURVE_SNG"}	{"ptAdminBalance": "0", "ibtAdminBalance": "0"}
{"blockNumber":22827617,"chainId":1,"poolAddress":"0x17a23e49ae0209b5243090c138e800c4ca1921e9","poolType":"CURVE_SNG"}	{"ptAdminBalance": "0", "ibtAdminBalance": "0"}
{"blockNumber":22833586,"chainId":1,"poolAddress":"0xcbe13315809acf6d7b92472fcb9546655b874ee7","poolType":"CURVE_SNG"}	{"ptAdminBalance": "0", "ibtAdminBalance": "0"}
{"blockNumber":22836280,"chainId":1,"poolAddress":"0xcbe13315809acf6d7b92472fcb9546655b874ee7","poolType":"CURVE_SNG"}	{"ptAdminBalance": "0", "ibtAdminBalance": "0"}
{"blockNumber":22844271,"chainId":1,"poolAddress":"0xcbe13315809acf6d7b92472fcb9546655b874ee7","poolType":"CURVE_SNG"}	{"ptAdminBalance": "0", "ibtAdminBalance": "0"}
{"blockNumber":22888581,"chainId":1,"poolAddress":"0xcbe13315809acf6d7b92472fcb9546655b874ee7","poolType":"CURVE_SNG"}	{"ptAdminBalance": "0", "ibtAdminBalance": "0"}
{"blockNumber":22935574,"chainId":1,"poolAddress":"0xcbe13315809acf6d7b92472fcb9546655b874ee7","poolType":"CURVE_SNG"}	{"ptAdminBalance": "0", "ibtAdminBalance": "0"}
{"blockNumber":22938730,"chainId":1,"poolAddress":"0xcbe13315809acf6d7b92472fcb9546655b874ee7","poolType":"CURVE_SNG"}	{"ptAdminBalance": "0", "ibtAdminBalance": "0"}
{"blockNumber":22908094,"chainId":1,"poolAddress":"0xe48c3a1389be663f0e6f96ac1b90c10ee8b1b1ec","poolType":"CURVE_SNG"}	{"ptAdminBalance": "0", "ibtAdminBalance": "0"}
{"blockNumber":22838997,"chainId":1,"poolAddress":"0x1ed0bea7db2815283da9e184145386bd7789a735","poolType":"CURVE_SNG"}	{"ptAdminBalance": "0", "ibtAdminBalance": "0"}
{"blockNumber":22842165,"chainId":1,"poolAddress":"0x1ed0bea7db2815283da9e184145386bd7789a735","poolType":"CURVE_SNG"}	{"ptAdminBalance": "0", "ibtAdminBalance": "0"}
{"blockNumber":22839002,"chainId":1,"poolAddress":"0x21ff331d1928cb7fde9a151d43eba4ebee843e87","poolType":"CURVE_SNG"}	{"ptAdminBalance": "0", "ibtAdminBalance": "0"}
{"blockNumber":22839049,"chainId":1,"poolAddress":"0x21ff331d1928cb7fde9a151d43eba4ebee843e87","poolType":"CURVE_SNG"}	{"ptAdminBalance": "0", "ibtAdminBalance": "0"}
{"blockNumber":22842044,"chainId":1,"poolAddress":"0x21ff331d1928cb7fde9a151d43eba4ebee843e87","poolType":"CURVE_SNG"}	{"ptAdminBalance": "0", "ibtAdminBalance": "0"}
{"blockNumber":22926502,"chainId":1,"poolAddress":"0x21ff331d1928cb7fde9a151d43eba4ebee843e87","poolType":"CURVE_SNG"}	{"ptAdminBalance": "0", "ibtAdminBalance": "0"}
{"blockNumber":22878175,"chainId":1,"poolAddress":"0x6b6e36e0516b3020dff0edd01fe90c18774de709","poolType":"CURVE_SNG"}	{"ptAdminBalance": "0", "ibtAdminBalance": "0"}
{"blockNumber":22913711,"chainId":1,"poolAddress":"0x6b6e36e0516b3020dff0edd01fe90c18774de709","poolType":"CURVE_SNG"}	{"ptAdminBalance": "0", "ibtAdminBalance": "0"}
{"blockNumber":22923452,"chainId":1,"poolAddress":"0x6b6e36e0516b3020dff0edd01fe90c18774de709","poolType":"CURVE_SNG"}	{"ptAdminBalance": "0", "ibtAdminBalance": "0"}
{"blockNumber":22929443,"chainId":1,"poolAddress":"0x6b6e36e0516b3020dff0edd01fe90c18774de709","poolType":"CURVE_SNG"}	{"ptAdminBalance": "0", "ibtAdminBalance": "0"}
{"blockNumber":22947945,"chainId":1,"poolAddress":"0x6b6e36e0516b3020dff0edd01fe90c18774de709","poolType":"CURVE_SNG"}	{"ptAdminBalance": "0", "ibtAdminBalance": "0"}
{"blockNumber":22822667,"chainId":1,"poolAddress":"0x593a8a7c12d8111e12945ff167389662a02b5ece","poolType":"CURVE_SNG"}	{"ptAdminBalance": "0", "ibtAdminBalance": "0"}
{"blockNumber":22830530,"chainId":1,"poolAddress":"0x593a8a7c12d8111e12945ff167389662a02b5ece","poolType":"CURVE_SNG"}	{"ptAdminBalance": "0", "ibtAdminBalance": "0"}
{"blockNumber":22871998,"chainId":1,"poolAddress":"0x593a8a7c12d8111e12945ff167389662a02b5ece","poolType":"CURVE_SNG"}	{"ptAdminBalance": "0", "ibtAdminBalance": "0"}
{"blockNumber":22872006,"chainId":1,"poolAddress":"0x593a8a7c12d8111e12945ff167389662a02b5ece","poolType":"CURVE_SNG"}	{"ptAdminBalance": "0", "ibtAdminBalance": "0"}
{"blockNumber":22923914,"chainId":1,"poolAddress":"0x593a8a7c12d8111e12945ff167389662a02b5ece","poolType":"CURVE_SNG"}	{"ptAdminBalance": "0", "ibtAdminBalance": "0"}
{"blockNumber":22878659,"chainId":1,"poolAddress":"0x17a23e49ae0209b5243090c138e800c4ca1921e9","poolType":"CURVE_SNG"}	{"ptAdminBalance": "0", "ibtAdminBalance": "0"}
{"blockNumber":22829647,"chainId":1,"poolAddress":"0x17a23e49ae0209b5243090c138e800c4ca1921e9","poolType":"CURVE_SNG"}	{"ptAdminBalance": "0", "ibtAdminBalance": "0"}
{"blockNumber":22841932,"chainId":1,"poolAddress":"0x17a23e49ae0209b5243090c138e800c4ca1921e9","poolType":"CURVE_SNG"}	{"ptAdminBalance": "0", "ibtAdminBalance": "0"}
{"blockNumber":22853095,"chainId":1,"poolAddress":"0x17a23e49ae0209b5243090c138e800c4ca1921e9","poolType":"CURVE_SNG"}	{"ptAdminBalance": "0", "ibtAdminBalance": "0"}
{"blockNumber":22834684,"chainId":1,"poolAddress":"0xe48c3a1389be663f0e6f96ac1b90c10ee8b1b1ec","poolType":"CURVE_SNG"}	{"ptAdminBalance": "0", "ibtAdminBalance": "0"}
{"blockNumber":22821506,"chainId":1,"poolAddress":"0xe48c3a1389be663f0e6f96ac1b90c10ee8b1b1ec","poolType":"CURVE_SNG"}	{"ptAdminBalance": "0", "ibtAdminBalance": "0"}
{"blockNumber":22821512,"chainId":1,"poolAddress":"0xe48c3a1389be663f0e6f96ac1b90c10ee8b1b1ec","poolType":"CURVE_SNG"}	{"ptAdminBalance": "0", "ibtAdminBalance": "0"}
{"blockNumber":22824989,"chainId":1,"poolAddress":"0xe48c3a1389be663f0e6f96ac1b90c10ee8b1b1ec","poolType":"CURVE_SNG"}	{"ptAdminBalance": "0", "ibtAdminBalance": "0"}
{"blockNumber":22824996,"chainId":1,"poolAddress":"0xe48c3a1389be663f0e6f96ac1b90c10ee8b1b1ec","poolType":"CURVE_SNG"}	{"ptAdminBalance": "0", "ibtAdminBalance": "0"}
{"blockNumber":22824286,"chainId":1,"poolAddress":"0xe48c3a1389be663f0e6f96ac1b90c10ee8b1b1ec","poolType":"CURVE_SNG"}	{"ptAdminBalance": "0", "ibtAdminBalance": "0"}
{"blockNumber":22825960,"chainId":1,"poolAddress":"0xe48c3a1389be663f0e6f96ac1b90c10ee8b1b1ec","poolType":"CURVE_SNG"}	{"ptAdminBalance": "0", "ibtAdminBalance": "0"}
{"blockNumber":22884154,"chainId":1,"poolAddress":"0xe48c3a1389be663f0e6f96ac1b90c10ee8b1b1ec","poolType":"CURVE_SNG"}	{"ptAdminBalance": "0", "ibtAdminBalance": "0"}
{"blockNumber":22915270,"chainId":1,"poolAddress":"0xe48c3a1389be663f0e6f96ac1b90c10ee8b1b1ec","poolType":"CURVE_SNG"}	{"ptAdminBalance": "0", "ibtAdminBalance": "0"}
{"blockNumber":22864975,"chainId":1,"poolAddress":"0xe48c3a1389be663f0e6f96ac1b90c10ee8b1b1ec","poolType":"CURVE_SNG"}	{"ptAdminBalance": "0", "ibtAdminBalance": "0"}
{"blockNumber":22953943,"chainId":1,"poolAddress":"0xe48c3a1389be663f0e6f96ac1b90c10ee8b1b1ec","poolType":"CURVE_SNG"}	{"ptAdminBalance": "0", "ibtAdminBalance": "0"}
{"blockNumber":22854248,"chainId":1,"poolAddress":"0x1ed0bea7db2815283da9e184145386bd7789a735","poolType":"CURVE_SNG"}	{"ptAdminBalance": "0", "ibtAdminBalance": "0"}
{"blockNumber":22853539,"chainId":1,"poolAddress":"0x1ed0bea7db2815283da9e184145386bd7789a735","poolType":"CURVE_SNG"}	{"ptAdminBalance": "0", "ibtAdminBalance": "0"}
{"blockNumber":22837685,"chainId":1,"poolAddress":"0x1ed0bea7db2815283da9e184145386bd7789a735","poolType":"CURVE_SNG"}	{"ptAdminBalance": "0", "ibtAdminBalance": "0"}
{"blockNumber":22908787,"chainId":1,"poolAddress":"0x1ed0bea7db2815283da9e184145386bd7789a735","poolType":"CURVE_SNG"}	{"ptAdminBalance": "0", "ibtAdminBalance": "0"}
{"blockNumber":22852674,"chainId":1,"poolAddress":"0x1ed0bea7db2815283da9e184145386bd7789a735","poolType":"CURVE_SNG"}	{"ptAdminBalance": "0", "ibtAdminBalance": "0"}
{"blockNumber":22858496,"chainId":1,"poolAddress":"0x1ed0bea7db2815283da9e184145386bd7789a735","poolType":"CURVE_SNG"}	{"ptAdminBalance": "0", "ibtAdminBalance": "0"}
{"blockNumber":22901861,"chainId":1,"poolAddress":"0x1ed0bea7db2815283da9e184145386bd7789a735","poolType":"CURVE_SNG"}	{"ptAdminBalance": "0", "ibtAdminBalance": "0"}
{"blockNumber":22930317,"chainId":1,"poolAddress":"0x1ed0bea7db2815283da9e184145386bd7789a735","poolType":"CURVE_SNG"}	{"ptAdminBalance": "0", "ibtAdminBalance": "0"}
{"blockNumber":22961878,"chainId":1,"poolAddress":"0x1ed0bea7db2815283da9e184145386bd7789a735","poolType":"CURVE_SNG"}	{"ptAdminBalance": "0", "ibtAdminBalance": "0"}
{"blockNumber":22854283,"chainId":1,"poolAddress":"0x21ff331d1928cb7fde9a151d43eba4ebee843e87","poolType":"CURVE_SNG"}	{"ptAdminBalance": "0", "ibtAdminBalance": "0"}
{"blockNumber":22849134,"chainId":1,"poolAddress":"0x21ff331d1928cb7fde9a151d43eba4ebee843e87","poolType":"CURVE_SNG"}	{"ptAdminBalance": "0", "ibtAdminBalance": "0"}
{"blockNumber":22852989,"chainId":1,"poolAddress":"0x21ff331d1928cb7fde9a151d43eba4ebee843e87","poolType":"CURVE_SNG"}	{"ptAdminBalance": "0", "ibtAdminBalance": "0"}
{"blockNumber":22851398,"chainId":1,"poolAddress":"0x21ff331d1928cb7fde9a151d43eba4ebee843e87","poolType":"CURVE_SNG"}	{"ptAdminBalance": "0", "ibtAdminBalance": "0"}
{"blockNumber":22864155,"chainId":1,"poolAddress":"0x21ff331d1928cb7fde9a151d43eba4ebee843e87","poolType":"CURVE_SNG"}	{"ptAdminBalance": "0", "ibtAdminBalance": "0"}
{"blockNumber":22864235,"chainId":1,"poolAddress":"0x21ff331d1928cb7fde9a151d43eba4ebee843e87","poolType":"CURVE_SNG"}	{"ptAdminBalance": "0", "ibtAdminBalance": "0"}
{"blockNumber":22935942,"chainId":1,"poolAddress":"0x21ff331d1928cb7fde9a151d43eba4ebee843e87","poolType":"CURVE_SNG"}	{"ptAdminBalance": "0", "ibtAdminBalance": "0"}
{"blockNumber":22924128,"chainId":1,"poolAddress":"0xcbe13315809acf6d7b92472fcb9546655b874ee7","poolType":"CURVE_SNG"}	{"ptAdminBalance": "0", "ibtAdminBalance": "0"}
{"blockNumber":22924134,"chainId":1,"poolAddress":"0xcbe13315809acf6d7b92472fcb9546655b874ee7","poolType":"CURVE_SNG"}	{"ptAdminBalance": "0", "ibtAdminBalance": "0"}
{"blockNumber":22848209,"chainId":1,"poolAddress":"0xcbe13315809acf6d7b92472fcb9546655b874ee7","poolType":"CURVE_SNG"}	{"ptAdminBalance": "0", "ibtAdminBalance": "0"}
{"blockNumber":22950683,"chainId":1,"poolAddress":"0xcbe13315809acf6d7b92472fcb9546655b874ee7","poolType":"CURVE_SNG"}	{"ptAdminBalance": "0", "ibtAdminBalance": "0"}
{"blockNumber":22854371,"chainId":1,"poolAddress":"0xcbe13315809acf6d7b92472fcb9546655b874ee7","poolType":"CURVE_SNG"}	{"ptAdminBalance": "0", "ibtAdminBalance": "0"}
{"blockNumber":22854385,"chainId":1,"poolAddress":"0xcbe13315809acf6d7b92472fcb9546655b874ee7","poolType":"CURVE_SNG"}	{"ptAdminBalance": "0", "ibtAdminBalance": "0"}
{"blockNumber":22822404,"chainId":1,"poolAddress":"0xcbe13315809acf6d7b92472fcb9546655b874ee7","poolType":"CURVE_SNG"}	{"ptAdminBalance": "0", "ibtAdminBalance": "0"}
{"blockNumber":22849447,"chainId":1,"poolAddress":"0xcbe13315809acf6d7b92472fcb9546655b874ee7","poolType":"CURVE_SNG"}	{"ptAdminBalance": "0", "ibtAdminBalance": "0"}
{"blockNumber":22871759,"chainId":1,"poolAddress":"0xcbe13315809acf6d7b92472fcb9546655b874ee7","poolType":"CURVE_SNG"}	{"ptAdminBalance": "0", "ibtAdminBalance": "0"}
{"blockNumber":22915680,"chainId":1,"poolAddress":"0xcbe13315809acf6d7b92472fcb9546655b874ee7","poolType":"CURVE_SNG"}	{"ptAdminBalance": "0", "ibtAdminBalance": "0"}
{"blockNumber":22927206,"chainId":1,"poolAddress":"0xcbe13315809acf6d7b92472fcb9546655b874ee7","poolType":"CURVE_SNG"}	{"ptAdminBalance": "0", "ibtAdminBalance": "0"}
{"blockNumber":22834290,"chainId":1,"poolAddress":"0x593a8a7c12d8111e12945ff167389662a02b5ece","poolType":"CURVE_SNG"}	{"ptAdminBalance": "0", "ibtAdminBalance": "0"}
{"blockNumber":22870928,"chainId":1,"poolAddress":"0x593a8a7c12d8111e12945ff167389662a02b5ece","poolType":"CURVE_SNG"}	{"ptAdminBalance": "0", "ibtAdminBalance": "0"}
{"blockNumber":22823160,"chainId":1,"poolAddress":"0x593a8a7c12d8111e12945ff167389662a02b5ece","poolType":"CURVE_SNG"}	{"ptAdminBalance": "0", "ibtAdminBalance": "0"}
{"blockNumber":22827371,"chainId":1,"poolAddress":"0x593a8a7c12d8111e12945ff167389662a02b5ece","poolType":"CURVE_SNG"}	{"ptAdminBalance": "0", "ibtAdminBalance": "0"}
{"blockNumber":22833455,"chainId":1,"poolAddress":"0x593a8a7c12d8111e12945ff167389662a02b5ece","poolType":"CURVE_SNG"}	{"ptAdminBalance": "0", "ibtAdminBalance": "0"}
{"blockNumber":22835038,"chainId":1,"poolAddress":"0x593a8a7c12d8111e12945ff167389662a02b5ece","poolType":"CURVE_SNG"}	{"ptAdminBalance": "0", "ibtAdminBalance": "0"}
{"blockNumber":22843280,"chainId":1,"poolAddress":"0x593a8a7c12d8111e12945ff167389662a02b5ece","poolType":"CURVE_SNG"}	{"ptAdminBalance": "0", "ibtAdminBalance": "0"}
{"blockNumber":22851678,"chainId":1,"poolAddress":"0x593a8a7c12d8111e12945ff167389662a02b5ece","poolType":"CURVE_SNG"}	{"ptAdminBalance": "0", "ibtAdminBalance": "0"}
{"blockNumber":22860741,"chainId":1,"poolAddress":"0x593a8a7c12d8111e12945ff167389662a02b5ece","poolType":"CURVE_SNG"}	{"ptAdminBalance": "0", "ibtAdminBalance": "0"}
{"blockNumber":22860757,"chainId":1,"poolAddress":"0x593a8a7c12d8111e12945ff167389662a02b5ece","poolType":"CURVE_SNG"}	{"ptAdminBalance": "0", "ibtAdminBalance": "0"}
{"blockNumber":22952088,"chainId":1,"poolAddress":"0x593a8a7c12d8111e12945ff167389662a02b5ece","poolType":"CURVE_SNG"}	{"ptAdminBalance": "0", "ibtAdminBalance": "0"}
{"blockNumber":22870565,"chainId":1,"poolAddress":"0x593a8a7c12d8111e12945ff167389662a02b5ece","poolType":"CURVE_SNG"}	{"ptAdminBalance": "0", "ibtAdminBalance": "0"}
{"blockNumber":22873331,"chainId":1,"poolAddress":"0x593a8a7c12d8111e12945ff167389662a02b5ece","poolType":"CURVE_SNG"}	{"ptAdminBalance": "0", "ibtAdminBalance": "0"}
{"blockNumber":22876899,"chainId":1,"poolAddress":"0x593a8a7c12d8111e12945ff167389662a02b5ece","poolType":"CURVE_SNG"}	{"ptAdminBalance": "0", "ibtAdminBalance": "0"}
{"blockNumber":22877433,"chainId":1,"poolAddress":"0x593a8a7c12d8111e12945ff167389662a02b5ece","poolType":"CURVE_SNG"}	{"ptAdminBalance": "0", "ibtAdminBalance": "0"}
{"blockNumber":22937526,"chainId":1,"poolAddress":"0x593a8a7c12d8111e12945ff167389662a02b5ece","poolType":"CURVE_SNG"}	{"ptAdminBalance": "0", "ibtAdminBalance": "0"}
{"blockNumber":22879972,"chainId":1,"poolAddress":"0x593a8a7c12d8111e12945ff167389662a02b5ece","poolType":"CURVE_SNG"}	{"ptAdminBalance": "0", "ibtAdminBalance": "0"}
{"blockNumber":22883631,"chainId":1,"poolAddress":"0x593a8a7c12d8111e12945ff167389662a02b5ece","poolType":"CURVE_SNG"}	{"ptAdminBalance": "0", "ibtAdminBalance": "0"}
{"blockNumber":22889702,"chainId":1,"poolAddress":"0x593a8a7c12d8111e12945ff167389662a02b5ece","poolType":"CURVE_SNG"}	{"ptAdminBalance": "0", "ibtAdminBalance": "0"}
{"blockNumber":22889886,"chainId":1,"poolAddress":"0x593a8a7c12d8111e12945ff167389662a02b5ece","poolType":"CURVE_SNG"}	{"ptAdminBalance": "0", "ibtAdminBalance": "0"}
{"blockNumber":22895543,"chainId":1,"poolAddress":"0x593a8a7c12d8111e12945ff167389662a02b5ece","poolType":"CURVE_SNG"}	{"ptAdminBalance": "0", "ibtAdminBalance": "0"}
{"blockNumber":22901413,"chainId":1,"poolAddress":"0x593a8a7c12d8111e12945ff167389662a02b5ece","poolType":"CURVE_SNG"}	{"ptAdminBalance": "0", "ibtAdminBalance": "0"}
{"blockNumber":22902756,"chainId":1,"poolAddress":"0x593a8a7c12d8111e12945ff167389662a02b5ece","poolType":"CURVE_SNG"}	{"ptAdminBalance": "0", "ibtAdminBalance": "0"}
{"blockNumber":22817896,"chainId":1,"poolAddress":"0xa95a5eb4f639ddc9cd0b431036eb2cc2d018c18c","poolType":"CURVE_SNG"}	{"ptAdminBalance": "369727162466843101", "ibtAdminBalance": "210220522356239003"}
{"blockNumber":22823363,"chainId":1,"poolAddress":"0xa95a5eb4f639ddc9cd0b431036eb2cc2d018c18c","poolType":"CURVE_SNG"}	{"ptAdminBalance": "369727162466843101", "ibtAdminBalance": "210220522356239003"}
{"blockNumber":22823375,"chainId":1,"poolAddress":"0xa95a5eb4f639ddc9cd0b431036eb2cc2d018c18c","poolType":"CURVE_SNG"}	{"ptAdminBalance": "369727162466843101", "ibtAdminBalance": "210220522356239003"}
{"blockNumber":22826505,"chainId":1,"poolAddress":"0xa95a5eb4f639ddc9cd0b431036eb2cc2d018c18c","poolType":"CURVE_SNG"}	{"ptAdminBalance": "369727162466843101", "ibtAdminBalance": "210220522356239003"}
{"blockNumber":22832473,"chainId":1,"poolAddress":"0xa95a5eb4f639ddc9cd0b431036eb2cc2d018c18c","poolType":"CURVE_SNG"}	{"ptAdminBalance": "369727162466843101", "ibtAdminBalance": "210220522356239003"}
{"blockNumber":22869202,"chainId":1,"poolAddress":"0xa95a5eb4f639ddc9cd0b431036eb2cc2d018c18c","poolType":"CURVE_SNG"}	{"ptAdminBalance": "369727162466843101", "ibtAdminBalance": "210220522356239003"}
{"blockNumber":22831897,"chainId":1,"poolAddress":"0x1253e519aedc35f9da29a14e155f64605d5144ce","poolType":"CURVE_SNG"}	{"ptAdminBalance": "0", "ibtAdminBalance": "0"}
{"blockNumber":22825617,"chainId":1,"poolAddress":"0xba03b286fc03ee1f403f02ead4788c298c38cd4e","poolType":"CURVE_SNG"}	{"ptAdminBalance": "0", "ibtAdminBalance": "0"}
{"blockNumber":22825655,"chainId":1,"poolAddress":"0x0e2e7e5692074f406fa4037c8c8c1ace4b6ece32","poolType":"CURVE_SNG"}	{"ptAdminBalance": "819400226", "ibtAdminBalance": "750638240"}
{"blockNumber":22892948,"chainId":1,"poolAddress":"0x6e7f0c234582b9421e4c9bc4ab3542016cd23301","poolType":"CURVE_SNG"}	{"ptAdminBalance": "0", "ibtAdminBalance": "0"}
{"blockNumber":22898270,"chainId":1,"poolAddress":"0x6e7f0c234582b9421e4c9bc4ab3542016cd23301","poolType":"CURVE_SNG"}	{"ptAdminBalance": "0", "ibtAdminBalance": "0"}
{"blockNumber":22905736,"chainId":1,"poolAddress":"0x6e7f0c234582b9421e4c9bc4ab3542016cd23301","poolType":"CURVE_SNG"}	{"ptAdminBalance": "0", "ibtAdminBalance": "0"}
{"blockNumber":22913618,"chainId":1,"poolAddress":"0x6e7f0c234582b9421e4c9bc4ab3542016cd23301","poolType":"CURVE_SNG"}	{"ptAdminBalance": "0", "ibtAdminBalance": "0"}
{"blockNumber":22919225,"chainId":1,"poolAddress":"0x6e7f0c234582b9421e4c9bc4ab3542016cd23301","poolType":"CURVE_SNG"}	{"ptAdminBalance": "0", "ibtAdminBalance": "0"}
{"blockNumber":22938041,"chainId":1,"poolAddress":"0xc1b8e361803deef2d40ce5ec19e2a98f4045608b","poolType":"CURVE_SNG"}	{"ptAdminBalance": "18579157592311544413", "ibtAdminBalance": "6692202791482961319"}
{"blockNumber":22938404,"chainId":1,"poolAddress":"0x4103885b44676e24ae1f65d8a36d6bec57bd5000","poolType":"CURVE_SNG"}	{"ptAdminBalance": "0", "ibtAdminBalance": "0"}
{"blockNumber":22938565,"chainId":1,"poolAddress":"0xbbb7e0cb9720aa32a28aa075c310bbe746258186","poolType":"CURVE_SNG"}	{"ptAdminBalance": "0", "ibtAdminBalance": "473285186870"}
{"blockNumber":22945397,"chainId":1,"poolAddress":"0xb2737014c7d4dd697ec24ba1398a6780a4d1b9e6","poolType":"CURVE_SNG"}	{"ptAdminBalance": "0", "ibtAdminBalance": "0"}
{"blockNumber":22945759,"chainId":1,"poolAddress":"0xd7d9bcafff98308d447a3985c6fedd84dbdea34b","poolType":"CURVE_SNG"}	{"ptAdminBalance": "42960791171858997433", "ibtAdminBalance": "39267450782546002338"}
{"blockNumber":22945845,"chainId":1,"poolAddress":"0xac3f886b4f965d6d3510e1093769f3860f98e8f0","poolType":"CURVE_SNG"}	{"ptAdminBalance": "0", "ibtAdminBalance": "0"}
{"blockNumber":22946047,"chainId":1,"poolAddress":"0x586032790165ec0b0562d2fd02055e6b2e729409","poolType":"CURVE_SNG"}	{"ptAdminBalance": "15433179790061961546", "ibtAdminBalance": "8889108183928142737"}
{"blockNumber":22946158,"chainId":1,"poolAddress":"0xdd7a073b40a3b7c00e13b0bd929145ea52368650","poolType":"CURVE_SNG"}	{"ptAdminBalance": "271846007697665500", "ibtAdminBalance": "0"}
{"blockNumber":22946318,"chainId":1,"poolAddress":"0x4619a871112c443658a505941532bb7df60b06b2","poolType":"CURVE_SNG"}	{"ptAdminBalance": "0", "ibtAdminBalance": "0"}
{"blockNumber":22953283,"chainId":1,"poolAddress":"0x6e7f0c234582b9421e4c9bc4ab3542016cd23301","poolType":"CURVE_SNG"}	{"ptAdminBalance": "0", "ibtAdminBalance": "0"}
{"blockNumber":22967791,"chainId":1,"poolAddress":"0x4103885b44676e24ae1f65d8a36d6bec57bd5000","poolType":"CURVE_SNG"}	{"ptAdminBalance": "0", "ibtAdminBalance": "0"}
{"blockNumber":22969270,"chainId":1,"poolAddress":"0xe7898c8342244e834c55134d2bd8255108e3c961","poolType":"CURVE_SNG"}	{"ptAdminBalance": "26577128", "ibtAdminBalance": "26834165"}
{"blockNumber":22969331,"chainId":1,"poolAddress":"0xd31fac73411da2c19aab7cd5d71f22d5c54e748a","poolType":"CURVE_SNG"}	{"ptAdminBalance": "71414929144229130", "ibtAdminBalance": "0"}
{"blockNumber":22969394,"chainId":1,"poolAddress":"0x0c15c823c614c77f09ef90d35a71b6616070a22a","poolType":"CURVE_SNG"}	{"ptAdminBalance": "0", "ibtAdminBalance": "0"}
{"blockNumber":22969409,"chainId":1,"poolAddress":"0xdcb8c27adee3d9b83a01cd40a3c572746a641319","poolType":"CURVE_SNG"}	{"ptAdminBalance": "21711659748489368459", "ibtAdminBalance": "15489511323282195856"}
{"blockNumber":22969697,"chainId":1,"poolAddress":"0x0e2e7e5692074f406fa4037c8c8c1ace4b6ece32","poolType":"CURVE_SNG"}	{"ptAdminBalance": "819400226", "ibtAdminBalance": "750638240"}
{"blockNumber":23028842,"chainId":1,"poolAddress":"0xc1b8e361803deef2d40ce5ec19e2a98f4045608b","poolType":"CURVE_SNG"}	{"ptAdminBalance": "18579157592311544413", "ibtAdminBalance": "6692202791482961319"}
{"blockNumber":23078866,"chainId":1,"poolAddress":"0xbbb7e0cb9720aa32a28aa075c310bbe746258186","poolType":"CURVE_SNG"}	{"ptAdminBalance": "0", "ibtAdminBalance": "473285186870"}
{"blockNumber":23053048,"chainId":1,"poolAddress":"0x21ff331d1928cb7fde9a151d43eba4ebee843e87","poolType":"CURVE_SNG"}	{"ptAdminBalance": "0", "ibtAdminBalance": "0"}
{"blockNumber":22991974,"chainId":1,"poolAddress":"0x1ed0bea7db2815283da9e184145386bd7789a735","poolType":"CURVE_SNG"}	{"ptAdminBalance": "0", "ibtAdminBalance": "0"}
{"blockNumber":22987548,"chainId":1,"poolAddress":"0x1ed0bea7db2815283da9e184145386bd7789a735","poolType":"CURVE_SNG"}	{"ptAdminBalance": "0", "ibtAdminBalance": "0"}
{"blockNumber":22996623,"chainId":1,"poolAddress":"0x593a8a7c12d8111e12945ff167389662a02b5ece","poolType":"CURVE_SNG"}	{"ptAdminBalance": "0", "ibtAdminBalance": "0"}
{"blockNumber":23003865,"chainId":1,"poolAddress":"0x593a8a7c12d8111e12945ff167389662a02b5ece","poolType":"CURVE_SNG"}	{"ptAdminBalance": "0", "ibtAdminBalance": "0"}
{"blockNumber":23011033,"chainId":1,"poolAddress":"0x593a8a7c12d8111e12945ff167389662a02b5ece","poolType":"CURVE_SNG"}	{"ptAdminBalance": "0", "ibtAdminBalance": "0"}
{"blockNumber":23061026,"chainId":1,"poolAddress":"0x593a8a7c12d8111e12945ff167389662a02b5ece","poolType":"CURVE_SNG"}	{"ptAdminBalance": "0", "ibtAdminBalance": "0"}
{"blockNumber":23061101,"chainId":1,"poolAddress":"0x593a8a7c12d8111e12945ff167389662a02b5ece","poolType":"CURVE_SNG"}	{"ptAdminBalance": "0", "ibtAdminBalance": "0"}
{"blockNumber":23097802,"chainId":1,"poolAddress":"0x593a8a7c12d8111e12945ff167389662a02b5ece","poolType":"CURVE_SNG"}	{"ptAdminBalance": "0", "ibtAdminBalance": "0"}
{"blockNumber":23038944,"chainId":1,"poolAddress":"0xcbe13315809acf6d7b92472fcb9546655b874ee7","poolType":"CURVE_SNG"}	{"ptAdminBalance": "0", "ibtAdminBalance": "0"}
{"blockNumber":23068009,"chainId":1,"poolAddress":"0xcbe13315809acf6d7b92472fcb9546655b874ee7","poolType":"CURVE_SNG"}	{"ptAdminBalance": "0", "ibtAdminBalance": "0"}
{"blockNumber":23068925,"chainId":1,"poolAddress":"0xcbe13315809acf6d7b92472fcb9546655b874ee7","poolType":"CURVE_SNG"}	{"ptAdminBalance": "0", "ibtAdminBalance": "0"}
{"blockNumber":23067966,"chainId":1,"poolAddress":"0xcbe13315809acf6d7b92472fcb9546655b874ee7","poolType":"CURVE_SNG"}	{"ptAdminBalance": "0", "ibtAdminBalance": "0"}
{"blockNumber":23102857,"chainId":1,"poolAddress":"0xcbe13315809acf6d7b92472fcb9546655b874ee7","poolType":"CURVE_SNG"}	{"ptAdminBalance": "0", "ibtAdminBalance": "0"}
{"blockNumber":23098803,"chainId":1,"poolAddress":"0x6e7f0c234582b9421e4c9bc4ab3542016cd23301","poolType":"CURVE_SNG"}	{"ptAdminBalance": "0", "ibtAdminBalance": "0"}
{"blockNumber":22982040,"chainId":1,"poolAddress":"0x6e7f0c234582b9421e4c9bc4ab3542016cd23301","poolType":"CURVE_SNG"}	{"ptAdminBalance": "0", "ibtAdminBalance": "0"}
{"blockNumber":23004489,"chainId":1,"poolAddress":"0x6e7f0c234582b9421e4c9bc4ab3542016cd23301","poolType":"CURVE_SNG"}	{"ptAdminBalance": "0", "ibtAdminBalance": "0"}
{"blockNumber":23005679,"chainId":1,"poolAddress":"0x6e7f0c234582b9421e4c9bc4ab3542016cd23301","poolType":"CURVE_SNG"}	{"ptAdminBalance": "0", "ibtAdminBalance": "0"}
{"blockNumber":23063916,"chainId":1,"poolAddress":"0x6e7f0c234582b9421e4c9bc4ab3542016cd23301","poolType":"CURVE_SNG"}	{"ptAdminBalance": "0", "ibtAdminBalance": "0"}
{"blockNumber":23082557,"chainId":1,"poolAddress":"0x6e7f0c234582b9421e4c9bc4ab3542016cd23301","poolType":"CURVE_SNG"}	{"ptAdminBalance": "0", "ibtAdminBalance": "0"}
{"blockNumber":23083965,"chainId":1,"poolAddress":"0x6e7f0c234582b9421e4c9bc4ab3542016cd23301","poolType":"CURVE_SNG"}	{"ptAdminBalance": "0", "ibtAdminBalance": "0"}
{"blockNumber":23086406,"chainId":1,"poolAddress":"0x6e7f0c234582b9421e4c9bc4ab3542016cd23301","poolType":"CURVE_SNG"}	{"ptAdminBalance": "0", "ibtAdminBalance": "0"}
{"blockNumber":23094519,"chainId":1,"poolAddress":"0x6e7f0c234582b9421e4c9bc4ab3542016cd23301","poolType":"CURVE_SNG"}	{"ptAdminBalance": "0", "ibtAdminBalance": "0"}
{"blockNumber":23043652,"chainId":1,"poolAddress":"0xd7d9bcafff98308d447a3985c6fedd84dbdea34b","poolType":"CURVE_SNG"}	{"ptAdminBalance": "42960791171858997433", "ibtAdminBalance": "39267450782546002338"}
{"blockNumber":22990336,"chainId":1,"poolAddress":"0xe48c3a1389be663f0e6f96ac1b90c10ee8b1b1ec","poolType":"CURVE_SNG"}	{"ptAdminBalance": "0", "ibtAdminBalance": "0"}
{"blockNumber":23008834,"chainId":1,"poolAddress":"0xe48c3a1389be663f0e6f96ac1b90c10ee8b1b1ec","poolType":"CURVE_SNG"}	{"ptAdminBalance": "0", "ibtAdminBalance": "0"}
{"blockNumber":23016091,"chainId":1,"poolAddress":"0xe48c3a1389be663f0e6f96ac1b90c10ee8b1b1ec","poolType":"CURVE_SNG"}	{"ptAdminBalance": "0", "ibtAdminBalance": "0"}
{"blockNumber":23048236,"chainId":1,"poolAddress":"0xe48c3a1389be663f0e6f96ac1b90c10ee8b1b1ec","poolType":"CURVE_SNG"}	{"ptAdminBalance": "0", "ibtAdminBalance": "0"}
{"blockNumber":23068591,"chainId":1,"poolAddress":"0x17a23e49ae0209b5243090c138e800c4ca1921e9","poolType":"CURVE_SNG"}	{"ptAdminBalance": "0", "ibtAdminBalance": "0"}
{"blockNumber":23010033,"chainId":1,"poolAddress":"0xac3f886b4f965d6d3510e1093769f3860f98e8f0","poolType":"CURVE_SNG"}	{"ptAdminBalance": "0", "ibtAdminBalance": "0"}
{"blockNumber":23010137,"chainId":1,"poolAddress":"0xac3f886b4f965d6d3510e1093769f3860f98e8f0","poolType":"CURVE_SNG"}	{"ptAdminBalance": "0", "ibtAdminBalance": "0"}
{"blockNumber":23010188,"chainId":1,"poolAddress":"0xac3f886b4f965d6d3510e1093769f3860f98e8f0","poolType":"CURVE_SNG"}	{"ptAdminBalance": "0", "ibtAdminBalance": "0"}
{"blockNumber":23085858,"chainId":1,"poolAddress":"0xa95a5eb4f639ddc9cd0b431036eb2cc2d018c18c","poolType":"CURVE_SNG"}	{"ptAdminBalance": "369727162466843101", "ibtAdminBalance": "210220522356239003"}
{"blockNumber":23046207,"chainId":1,"poolAddress":"0xa95a5eb4f639ddc9cd0b431036eb2cc2d018c18c","poolType":"CURVE_SNG"}	{"ptAdminBalance": "369727162466843101", "ibtAdminBalance": "210220522356239003"}
{"blockNumber":23049753,"chainId":1,"poolAddress":"0x6b6e36e0516b3020dff0edd01fe90c18774de709","poolType":"CURVE_SNG"}	{"ptAdminBalance": "0", "ibtAdminBalance": "0"}
{"blockNumber":23081915,"chainId":1,"poolAddress":"0x6b6e36e0516b3020dff0edd01fe90c18774de709","poolType":"CURVE_SNG"}	{"ptAdminBalance": "0", "ibtAdminBalance": "0"}
{"blockNumber":23043778,"chainId":1,"poolAddress":"0x586032790165ec0b0562d2fd02055e6b2e729409","poolType":"CURVE_SNG"}	{"ptAdminBalance": "15433179790061961546", "ibtAdminBalance": "8889108183928142737"}
{"blockNumber":22989782,"chainId":1,"poolAddress":"0xe48c3a1389be663f0e6f96ac1b90c10ee8b1b1ec","poolType":"CURVE_SNG"}	{"ptAdminBalance": "0", "ibtAdminBalance": "0"}
{"blockNumber":23012776,"chainId":1,"poolAddress":"0xe48c3a1389be663f0e6f96ac1b90c10ee8b1b1ec","poolType":"CURVE_SNG"}	{"ptAdminBalance": "0", "ibtAdminBalance": "0"}
{"blockNumber":23100748,"chainId":1,"poolAddress":"0xac3f886b4f965d6d3510e1093769f3860f98e8f0","poolType":"CURVE_SNG"}	{"ptAdminBalance": "0", "ibtAdminBalance": "0"}
{"blockNumber":23100808,"chainId":1,"poolAddress":"0xac3f886b4f965d6d3510e1093769f3860f98e8f0","poolType":"CURVE_SNG"}	{"ptAdminBalance": "0", "ibtAdminBalance": "0"}
{"blockNumber":22995579,"chainId":1,"poolAddress":"0xac3f886b4f965d6d3510e1093769f3860f98e8f0","poolType":"CURVE_SNG"}	{"ptAdminBalance": "0", "ibtAdminBalance": "0"}
{"blockNumber":22998473,"chainId":1,"poolAddress":"0xac3f886b4f965d6d3510e1093769f3860f98e8f0","poolType":"CURVE_SNG"}	{"ptAdminBalance": "0", "ibtAdminBalance": "0"}
{"blockNumber":23070762,"chainId":1,"poolAddress":"0x586032790165ec0b0562d2fd02055e6b2e729409","poolType":"CURVE_SNG"}	{"ptAdminBalance": "15433179790061961546", "ibtAdminBalance": "8889108183928142737"}
{"blockNumber":23088140,"chainId":1,"poolAddress":"0x586032790165ec0b0562d2fd02055e6b2e729409","poolType":"CURVE_SNG"}	{"ptAdminBalance": "15433179790061961546", "ibtAdminBalance": "8889108183928142737"}
{"blockNumber":22991893,"chainId":1,"poolAddress":"0x586032790165ec0b0562d2fd02055e6b2e729409","poolType":"CURVE_SNG"}	{"ptAdminBalance": "15433179790061961546", "ibtAdminBalance": "8889108183928142737"}
{"blockNumber":23044691,"chainId":1,"poolAddress":"0x586032790165ec0b0562d2fd02055e6b2e729409","poolType":"CURVE_SNG"}	{"ptAdminBalance": "15433179790061961546", "ibtAdminBalance": "8889108183928142737"}
{"blockNumber":23043064,"chainId":1,"poolAddress":"0x6b6e36e0516b3020dff0edd01fe90c18774de709","poolType":"CURVE_SNG"}	{"ptAdminBalance": "0", "ibtAdminBalance": "0"}
{"blockNumber":23015893,"chainId":1,"poolAddress":"0xcbe13315809acf6d7b92472fcb9546655b874ee7","poolType":"CURVE_SNG"}	{"ptAdminBalance": "0", "ibtAdminBalance": "0"}
{"blockNumber":23053037,"chainId":1,"poolAddress":"0x21ff331d1928cb7fde9a151d43eba4ebee843e87","poolType":"CURVE_SNG"}	{"ptAdminBalance": "0", "ibtAdminBalance": "0"}
{"blockNumber":23063894,"chainId":1,"poolAddress":"0x21ff331d1928cb7fde9a151d43eba4ebee843e87","poolType":"CURVE_SNG"}	{"ptAdminBalance": "0", "ibtAdminBalance": "0"}
{"blockNumber":23066300,"chainId":1,"poolAddress":"0x21ff331d1928cb7fde9a151d43eba4ebee843e87","poolType":"CURVE_SNG"}	{"ptAdminBalance": "0", "ibtAdminBalance": "0"}
{"blockNumber":23096323,"chainId":1,"poolAddress":"0x21ff331d1928cb7fde9a151d43eba4ebee843e87","poolType":"CURVE_SNG"}	{"ptAdminBalance": "0", "ibtAdminBalance": "0"}
{"blockNumber":23095764,"chainId":1,"poolAddress":"0x21ff331d1928cb7fde9a151d43eba4ebee843e87","poolType":"CURVE_SNG"}	{"ptAdminBalance": "0", "ibtAdminBalance": "0"}
{"blockNumber":22970126,"chainId":1,"poolAddress":"0xd7d9bcafff98308d447a3985c6fedd84dbdea34b","poolType":"CURVE_SNG"}	{"ptAdminBalance": "42960791171858997433", "ibtAdminBalance": "39267450782546002338"}
{"blockNumber":22999682,"chainId":1,"poolAddress":"0xd7d9bcafff98308d447a3985c6fedd84dbdea34b","poolType":"CURVE_SNG"}	{"ptAdminBalance": "42960791171858997433", "ibtAdminBalance": "39267450782546002338"}
{"blockNumber":23045700,"chainId":1,"poolAddress":"0xd7d9bcafff98308d447a3985c6fedd84dbdea34b","poolType":"CURVE_SNG"}	{"ptAdminBalance": "42960791171858997433", "ibtAdminBalance": "39267450782546002338"}
{"blockNumber":23102152,"chainId":1,"poolAddress":"0xd7d9bcafff98308d447a3985c6fedd84dbdea34b","poolType":"CURVE_SNG"}	{"ptAdminBalance": "42960791171858997433", "ibtAdminBalance": "39267450782546002338"}
{"blockNumber":23102282,"chainId":1,"poolAddress":"0xd7d9bcafff98308d447a3985c6fedd84dbdea34b","poolType":"CURVE_SNG"}	{"ptAdminBalance": "42960791171858997433", "ibtAdminBalance": "39267450782546002338"}
{"blockNumber":22970146,"chainId":1,"poolAddress":"0xd7d9bcafff98308d447a3985c6fedd84dbdea34b","poolType":"CURVE_SNG"}	{"ptAdminBalance": "42960791171858997433", "ibtAdminBalance": "39267450782546002338"}
{"blockNumber":23071409,"chainId":1,"poolAddress":"0xbbb7e0cb9720aa32a28aa075c310bbe746258186","poolType":"CURVE_SNG"}	{"ptAdminBalance": "0", "ibtAdminBalance": "473285186870"}
{"blockNumber":23103135,"chainId":1,"poolAddress":"0x21ff331d1928cb7fde9a151d43eba4ebee843e87","poolType":"CURVE_SNG"}	{"ptAdminBalance": "0", "ibtAdminBalance": "0"}
{"blockNumber":23053054,"chainId":1,"poolAddress":"0x21ff331d1928cb7fde9a151d43eba4ebee843e87","poolType":"CURVE_SNG"}	{"ptAdminBalance": "0", "ibtAdminBalance": "0"}
{"blockNumber":23102904,"chainId":1,"poolAddress":"0xe48c3a1389be663f0e6f96ac1b90c10ee8b1b1ec","poolType":"CURVE_SNG"}	{"ptAdminBalance": "0", "ibtAdminBalance": "0"}
{"blockNumber":23004221,"chainId":1,"poolAddress":"0xe48c3a1389be663f0e6f96ac1b90c10ee8b1b1ec","poolType":"CURVE_SNG"}	{"ptAdminBalance": "0", "ibtAdminBalance": "0"}
{"blockNumber":23102778,"chainId":1,"poolAddress":"0xe48c3a1389be663f0e6f96ac1b90c10ee8b1b1ec","poolType":"CURVE_SNG"}	{"ptAdminBalance": "0", "ibtAdminBalance": "0"}
{"blockNumber":23070173,"chainId":1,"poolAddress":"0xe48c3a1389be663f0e6f96ac1b90c10ee8b1b1ec","poolType":"CURVE_SNG"}	{"ptAdminBalance": "0", "ibtAdminBalance": "0"}
{"blockNumber":23091550,"chainId":1,"poolAddress":"0xe48c3a1389be663f0e6f96ac1b90c10ee8b1b1ec","poolType":"CURVE_SNG"}	{"ptAdminBalance": "0", "ibtAdminBalance": "0"}
{"blockNumber":23049807,"chainId":1,"poolAddress":"0xe48c3a1389be663f0e6f96ac1b90c10ee8b1b1ec","poolType":"CURVE_SNG"}	{"ptAdminBalance": "0", "ibtAdminBalance": "0"}
{"blockNumber":23040778,"chainId":1,"poolAddress":"0xe48c3a1389be663f0e6f96ac1b90c10ee8b1b1ec","poolType":"CURVE_SNG"}	{"ptAdminBalance": "0", "ibtAdminBalance": "0"}
{"blockNumber":23043023,"chainId":1,"poolAddress":"0xe48c3a1389be663f0e6f96ac1b90c10ee8b1b1ec","poolType":"CURVE_SNG"}	{"ptAdminBalance": "0", "ibtAdminBalance": "0"}
{"blockNumber":23096280,"chainId":1,"poolAddress":"0xdcb8c27adee3d9b83a01cd40a3c572746a641319","poolType":"CURVE_SNG"}	{"ptAdminBalance": "21711659748489368459", "ibtAdminBalance": "15489511323282195856"}
{"blockNumber":23012279,"chainId":1,"poolAddress":"0xdcb8c27adee3d9b83a01cd40a3c572746a641319","poolType":"CURVE_SNG"}	{"ptAdminBalance": "21711659748489368459", "ibtAdminBalance": "15489511323282195856"}
{"blockNumber":22970948,"chainId":1,"poolAddress":"0x593a8a7c12d8111e12945ff167389662a02b5ece","poolType":"CURVE_SNG"}	{"ptAdminBalance": "0", "ibtAdminBalance": "0"}
{"blockNumber":22971354,"chainId":1,"poolAddress":"0x593a8a7c12d8111e12945ff167389662a02b5ece","poolType":"CURVE_SNG"}	{"ptAdminBalance": "0", "ibtAdminBalance": "0"}
{"blockNumber":22978544,"chainId":1,"poolAddress":"0x593a8a7c12d8111e12945ff167389662a02b5ece","poolType":"CURVE_SNG"}	{"ptAdminBalance": "0", "ibtAdminBalance": "0"}
{"blockNumber":22978574,"chainId":1,"poolAddress":"0x593a8a7c12d8111e12945ff167389662a02b5ece","poolType":"CURVE_SNG"}	{"ptAdminBalance": "0", "ibtAdminBalance": "0"}
{"blockNumber":23010978,"chainId":1,"poolAddress":"0x593a8a7c12d8111e12945ff167389662a02b5ece","poolType":"CURVE_SNG"}	{"ptAdminBalance": "0", "ibtAdminBalance": "0"}
{"blockNumber":23024364,"chainId":1,"poolAddress":"0x593a8a7c12d8111e12945ff167389662a02b5ece","poolType":"CURVE_SNG"}	{"ptAdminBalance": "0", "ibtAdminBalance": "0"}
{"blockNumber":23045321,"chainId":1,"poolAddress":"0x593a8a7c12d8111e12945ff167389662a02b5ece","poolType":"CURVE_SNG"}	{"ptAdminBalance": "0", "ibtAdminBalance": "0"}
{"blockNumber":23097468,"chainId":1,"poolAddress":"0x593a8a7c12d8111e12945ff167389662a02b5ece","poolType":"CURVE_SNG"}	{"ptAdminBalance": "0", "ibtAdminBalance": "0"}
{"blockNumber":23023221,"chainId":1,"poolAddress":"0x593a8a7c12d8111e12945ff167389662a02b5ece","poolType":"CURVE_SNG"}	{"ptAdminBalance": "0", "ibtAdminBalance": "0"}
{"blockNumber":23094903,"chainId":1,"poolAddress":"0x593a8a7c12d8111e12945ff167389662a02b5ece","poolType":"CURVE_SNG"}	{"ptAdminBalance": "0", "ibtAdminBalance": "0"}
{"blockNumber":23025332,"chainId":1,"poolAddress":"0x593a8a7c12d8111e12945ff167389662a02b5ece","poolType":"CURVE_SNG"}	{"ptAdminBalance": "0", "ibtAdminBalance": "0"}
{"blockNumber":23048617,"chainId":1,"poolAddress":"0x593a8a7c12d8111e12945ff167389662a02b5ece","poolType":"CURVE_SNG"}	{"ptAdminBalance": "0", "ibtAdminBalance": "0"}
{"blockNumber":23075278,"chainId":1,"poolAddress":"0x593a8a7c12d8111e12945ff167389662a02b5ece","poolType":"CURVE_SNG"}	{"ptAdminBalance": "0", "ibtAdminBalance": "0"}
{"blockNumber":23087488,"chainId":1,"poolAddress":"0x593a8a7c12d8111e12945ff167389662a02b5ece","poolType":"CURVE_SNG"}	{"ptAdminBalance": "0", "ibtAdminBalance": "0"}
{"blockNumber":23090766,"chainId":1,"poolAddress":"0x593a8a7c12d8111e12945ff167389662a02b5ece","poolType":"CURVE_SNG"}	{"ptAdminBalance": "0", "ibtAdminBalance": "0"}
{"blockNumber":23010857,"chainId":1,"poolAddress":"0x593a8a7c12d8111e12945ff167389662a02b5ece","poolType":"CURVE_SNG"}	{"ptAdminBalance": "0", "ibtAdminBalance": "0"}
{"blockNumber":23011196,"chainId":1,"poolAddress":"0x593a8a7c12d8111e12945ff167389662a02b5ece","poolType":"CURVE_SNG"}	{"ptAdminBalance": "0", "ibtAdminBalance": "0"}
{"blockNumber":23041879,"chainId":1,"poolAddress":"0x593a8a7c12d8111e12945ff167389662a02b5ece","poolType":"CURVE_SNG"}	{"ptAdminBalance": "0", "ibtAdminBalance": "0"}
{"blockNumber":23067616,"chainId":1,"poolAddress":"0x593a8a7c12d8111e12945ff167389662a02b5ece","poolType":"CURVE_SNG"}	{"ptAdminBalance": "0", "ibtAdminBalance": "0"}
{"blockNumber":23053926,"chainId":1,"poolAddress":"0x17a23e49ae0209b5243090c138e800c4ca1921e9","poolType":"CURVE_SNG"}	{"ptAdminBalance": "0", "ibtAdminBalance": "0"}
{"blockNumber":23062817,"chainId":1,"poolAddress":"0x17a23e49ae0209b5243090c138e800c4ca1921e9","poolType":"CURVE_SNG"}	{"ptAdminBalance": "0", "ibtAdminBalance": "0"}
{"blockNumber":23007391,"chainId":1,"poolAddress":"0x17a23e49ae0209b5243090c138e800c4ca1921e9","poolType":"CURVE_SNG"}	{"ptAdminBalance": "0", "ibtAdminBalance": "0"}
{"blockNumber":23012383,"chainId":1,"poolAddress":"0x17a23e49ae0209b5243090c138e800c4ca1921e9","poolType":"CURVE_SNG"}	{"ptAdminBalance": "0", "ibtAdminBalance": "0"}
{"blockNumber":23010161,"chainId":1,"poolAddress":"0xac3f886b4f965d6d3510e1093769f3860f98e8f0","poolType":"CURVE_SNG"}	{"ptAdminBalance": "0", "ibtAdminBalance": "0"}
{"blockNumber":23036739,"chainId":1,"poolAddress":"0xac3f886b4f965d6d3510e1093769f3860f98e8f0","poolType":"CURVE_SNG"}	{"ptAdminBalance": "0", "ibtAdminBalance": "0"}
{"blockNumber":23098424,"chainId":1,"poolAddress":"0xac3f886b4f965d6d3510e1093769f3860f98e8f0","poolType":"CURVE_SNG"}	{"ptAdminBalance": "0", "ibtAdminBalance": "0"}
{"blockNumber":23100765,"chainId":1,"poolAddress":"0xac3f886b4f965d6d3510e1093769f3860f98e8f0","poolType":"CURVE_SNG"}	{"ptAdminBalance": "0", "ibtAdminBalance": "0"}
{"blockNumber":23100816,"chainId":1,"poolAddress":"0xac3f886b4f965d6d3510e1093769f3860f98e8f0","poolType":"CURVE_SNG"}	{"ptAdminBalance": "0", "ibtAdminBalance": "0"}
{"blockNumber":23016068,"chainId":1,"poolAddress":"0x6b6e36e0516b3020dff0edd01fe90c18774de709","poolType":"CURVE_SNG"}	{"ptAdminBalance": "0", "ibtAdminBalance": "0"}
{"blockNumber":23014153,"chainId":1,"poolAddress":"0x6b6e36e0516b3020dff0edd01fe90c18774de709","poolType":"CURVE_SNG"}	{"ptAdminBalance": "0", "ibtAdminBalance": "0"}
{"blockNumber":22986475,"chainId":1,"poolAddress":"0x6b6e36e0516b3020dff0edd01fe90c18774de709","poolType":"CURVE_SNG"}	{"ptAdminBalance": "0", "ibtAdminBalance": "0"}
{"blockNumber":23000351,"chainId":1,"poolAddress":"0x6b6e36e0516b3020dff0edd01fe90c18774de709","poolType":"CURVE_SNG"}	{"ptAdminBalance": "0", "ibtAdminBalance": "0"}
{"blockNumber":23000454,"chainId":1,"poolAddress":"0x6b6e36e0516b3020dff0edd01fe90c18774de709","poolType":"CURVE_SNG"}	{"ptAdminBalance": "0", "ibtAdminBalance": "0"}
{"blockNumber":23001363,"chainId":1,"poolAddress":"0x6b6e36e0516b3020dff0edd01fe90c18774de709","poolType":"CURVE_SNG"}	{"ptAdminBalance": "0", "ibtAdminBalance": "0"}
{"blockNumber":22991878,"chainId":1,"poolAddress":"0x586032790165ec0b0562d2fd02055e6b2e729409","poolType":"CURVE_SNG"}	{"ptAdminBalance": "15433179790061961546", "ibtAdminBalance": "8889108183928142737"}
{"blockNumber":23084707,"chainId":1,"poolAddress":"0x586032790165ec0b0562d2fd02055e6b2e729409","poolType":"CURVE_SNG"}	{"ptAdminBalance": "15433179790061961546", "ibtAdminBalance": "8889108183928142737"}
{"blockNumber":23091541,"chainId":1,"poolAddress":"0x586032790165ec0b0562d2fd02055e6b2e729409","poolType":"CURVE_SNG"}	{"ptAdminBalance": "15433179790061961546", "ibtAdminBalance": "8889108183928142737"}
{"blockNumber":23101825,"chainId":1,"poolAddress":"0x586032790165ec0b0562d2fd02055e6b2e729409","poolType":"CURVE_SNG"}	{"ptAdminBalance": "15433179790061961546", "ibtAdminBalance": "8889108183928142737"}
{"blockNumber":23098421,"chainId":1,"poolAddress":"0x586032790165ec0b0562d2fd02055e6b2e729409","poolType":"CURVE_SNG"}	{"ptAdminBalance": "15433179790061961546", "ibtAdminBalance": "8889108183928142737"}
{"blockNumber":22974347,"chainId":1,"poolAddress":"0xcbe13315809acf6d7b92472fcb9546655b874ee7","poolType":"CURVE_SNG"}	{"ptAdminBalance": "0", "ibtAdminBalance": "0"}
{"blockNumber":23103647,"chainId":1,"poolAddress":"0xcbe13315809acf6d7b92472fcb9546655b874ee7","poolType":"CURVE_SNG"}	{"ptAdminBalance": "0", "ibtAdminBalance": "0"}
{"blockNumber":22991846,"chainId":1,"poolAddress":"0xcbe13315809acf6d7b92472fcb9546655b874ee7","poolType":"CURVE_SNG"}	{"ptAdminBalance": "0", "ibtAdminBalance": "0"}
{"blockNumber":23099465,"chainId":1,"poolAddress":"0xcbe13315809acf6d7b92472fcb9546655b874ee7","poolType":"CURVE_SNG"}	{"ptAdminBalance": "0", "ibtAdminBalance": "0"}
{"blockNumber":23000892,"chainId":1,"poolAddress":"0xcbe13315809acf6d7b92472fcb9546655b874ee7","poolType":"CURVE_SNG"}	{"ptAdminBalance": "0", "ibtAdminBalance": "0"}
{"blockNumber":23058085,"chainId":1,"poolAddress":"0xcbe13315809acf6d7b92472fcb9546655b874ee7","poolType":"CURVE_SNG"}	{"ptAdminBalance": "0", "ibtAdminBalance": "0"}
{"blockNumber":23001602,"chainId":1,"poolAddress":"0xcbe13315809acf6d7b92472fcb9546655b874ee7","poolType":"CURVE_SNG"}	{"ptAdminBalance": "0", "ibtAdminBalance": "0"}
{"blockNumber":23007237,"chainId":1,"poolAddress":"0xcbe13315809acf6d7b92472fcb9546655b874ee7","poolType":"CURVE_SNG"}	{"ptAdminBalance": "0", "ibtAdminBalance": "0"}
{"blockNumber":23097453,"chainId":1,"poolAddress":"0xcbe13315809acf6d7b92472fcb9546655b874ee7","poolType":"CURVE_SNG"}	{"ptAdminBalance": "0", "ibtAdminBalance": "0"}
{"blockNumber":23026783,"chainId":1,"poolAddress":"0xcbe13315809acf6d7b92472fcb9546655b874ee7","poolType":"CURVE_SNG"}	{"ptAdminBalance": "0", "ibtAdminBalance": "0"}
{"blockNumber":23032694,"chainId":1,"poolAddress":"0xcbe13315809acf6d7b92472fcb9546655b874ee7","poolType":"CURVE_SNG"}	{"ptAdminBalance": "0", "ibtAdminBalance": "0"}
{"blockNumber":23046866,"chainId":1,"poolAddress":"0xcbe13315809acf6d7b92472fcb9546655b874ee7","poolType":"CURVE_SNG"}	{"ptAdminBalance": "0", "ibtAdminBalance": "0"}
{"blockNumber":23048076,"chainId":1,"poolAddress":"0xcbe13315809acf6d7b92472fcb9546655b874ee7","poolType":"CURVE_SNG"}	{"ptAdminBalance": "0", "ibtAdminBalance": "0"}
{"blockNumber":23051791,"chainId":1,"poolAddress":"0xcbe13315809acf6d7b92472fcb9546655b874ee7","poolType":"CURVE_SNG"}	{"ptAdminBalance": "0", "ibtAdminBalance": "0"}
{"blockNumber":23100856,"chainId":1,"poolAddress":"0xcbe13315809acf6d7b92472fcb9546655b874ee7","poolType":"CURVE_SNG"}	{"ptAdminBalance": "0", "ibtAdminBalance": "0"}
{"blockNumber":23103664,"chainId":1,"poolAddress":"0xcbe13315809acf6d7b92472fcb9546655b874ee7","poolType":"CURVE_SNG"}	{"ptAdminBalance": "0", "ibtAdminBalance": "0"}
{"blockNumber":23103680,"chainId":1,"poolAddress":"0xcbe13315809acf6d7b92472fcb9546655b874ee7","poolType":"CURVE_SNG"}	{"ptAdminBalance": "0", "ibtAdminBalance": "0"}
{"blockNumber":22977940,"chainId":1,"poolAddress":"0xcbe13315809acf6d7b92472fcb9546655b874ee7","poolType":"CURVE_SNG"}	{"ptAdminBalance": "0", "ibtAdminBalance": "0"}
{"blockNumber":23009677,"chainId":1,"poolAddress":"0xcbe13315809acf6d7b92472fcb9546655b874ee7","poolType":"CURVE_SNG"}	{"ptAdminBalance": "0", "ibtAdminBalance": "0"}
{"blockNumber":23009681,"chainId":1,"poolAddress":"0xcbe13315809acf6d7b92472fcb9546655b874ee7","poolType":"CURVE_SNG"}	{"ptAdminBalance": "0", "ibtAdminBalance": "0"}
{"blockNumber":23009704,"chainId":1,"poolAddress":"0xcbe13315809acf6d7b92472fcb9546655b874ee7","poolType":"CURVE_SNG"}	{"ptAdminBalance": "0", "ibtAdminBalance": "0"}
{"blockNumber":23009706,"chainId":1,"poolAddress":"0xcbe13315809acf6d7b92472fcb9546655b874ee7","poolType":"CURVE_SNG"}	{"ptAdminBalance": "0", "ibtAdminBalance": "0"}
{"blockNumber":23009848,"chainId":1,"poolAddress":"0xcbe13315809acf6d7b92472fcb9546655b874ee7","poolType":"CURVE_SNG"}	{"ptAdminBalance": "0", "ibtAdminBalance": "0"}
{"blockNumber":23009852,"chainId":1,"poolAddress":"0xcbe13315809acf6d7b92472fcb9546655b874ee7","poolType":"CURVE_SNG"}	{"ptAdminBalance": "0", "ibtAdminBalance": "0"}
{"blockNumber":22978052,"chainId":1,"poolAddress":"0xcbe13315809acf6d7b92472fcb9546655b874ee7","poolType":"CURVE_SNG"}	{"ptAdminBalance": "0", "ibtAdminBalance": "0"}
{"blockNumber":22978268,"chainId":1,"poolAddress":"0xcbe13315809acf6d7b92472fcb9546655b874ee7","poolType":"CURVE_SNG"}	{"ptAdminBalance": "0", "ibtAdminBalance": "0"}
{"blockNumber":22978457,"chainId":1,"poolAddress":"0xcbe13315809acf6d7b92472fcb9546655b874ee7","poolType":"CURVE_SNG"}	{"ptAdminBalance": "0", "ibtAdminBalance": "0"}
{"blockNumber":22979120,"chainId":1,"poolAddress":"0xcbe13315809acf6d7b92472fcb9546655b874ee7","poolType":"CURVE_SNG"}	{"ptAdminBalance": "0", "ibtAdminBalance": "0"}
{"blockNumber":22979169,"chainId":1,"poolAddress":"0xcbe13315809acf6d7b92472fcb9546655b874ee7","poolType":"CURVE_SNG"}	{"ptAdminBalance": "0", "ibtAdminBalance": "0"}
{"blockNumber":22979173,"chainId":1,"poolAddress":"0xcbe13315809acf6d7b92472fcb9546655b874ee7","poolType":"CURVE_SNG"}	{"ptAdminBalance": "0", "ibtAdminBalance": "0"}
{"blockNumber":22979942,"chainId":1,"poolAddress":"0xcbe13315809acf6d7b92472fcb9546655b874ee7","poolType":"CURVE_SNG"}	{"ptAdminBalance": "0", "ibtAdminBalance": "0"}
{"blockNumber":22980322,"chainId":1,"poolAddress":"0xcbe13315809acf6d7b92472fcb9546655b874ee7","poolType":"CURVE_SNG"}	{"ptAdminBalance": "0", "ibtAdminBalance": "0"}
{"blockNumber":22996392,"chainId":1,"poolAddress":"0xcbe13315809acf6d7b92472fcb9546655b874ee7","poolType":"CURVE_SNG"}	{"ptAdminBalance": "0", "ibtAdminBalance": "0"}
{"blockNumber":22996471,"chainId":1,"poolAddress":"0xcbe13315809acf6d7b92472fcb9546655b874ee7","poolType":"CURVE_SNG"}	{"ptAdminBalance": "0", "ibtAdminBalance": "0"}
{"blockNumber":23015484,"chainId":1,"poolAddress":"0xcbe13315809acf6d7b92472fcb9546655b874ee7","poolType":"CURVE_SNG"}	{"ptAdminBalance": "0", "ibtAdminBalance": "0"}
{"blockNumber":23017231,"chainId":1,"poolAddress":"0xcbe13315809acf6d7b92472fcb9546655b874ee7","poolType":"CURVE_SNG"}	{"ptAdminBalance": "0", "ibtAdminBalance": "0"}
{"blockNumber":23024210,"chainId":1,"poolAddress":"0xcbe13315809acf6d7b92472fcb9546655b874ee7","poolType":"CURVE_SNG"}	{"ptAdminBalance": "0", "ibtAdminBalance": "0"}
{"blockNumber":23035917,"chainId":1,"poolAddress":"0xcbe13315809acf6d7b92472fcb9546655b874ee7","poolType":"CURVE_SNG"}	{"ptAdminBalance": "0", "ibtAdminBalance": "0"}
{"blockNumber":23044878,"chainId":1,"poolAddress":"0xcbe13315809acf6d7b92472fcb9546655b874ee7","poolType":"CURVE_SNG"}	{"ptAdminBalance": "0", "ibtAdminBalance": "0"}
{"blockNumber":23049546,"chainId":1,"poolAddress":"0xcbe13315809acf6d7b92472fcb9546655b874ee7","poolType":"CURVE_SNG"}	{"ptAdminBalance": "0", "ibtAdminBalance": "0"}
{"blockNumber":23054117,"chainId":1,"poolAddress":"0xcbe13315809acf6d7b92472fcb9546655b874ee7","poolType":"CURVE_SNG"}	{"ptAdminBalance": "0", "ibtAdminBalance": "0"}
{"blockNumber":23054818,"chainId":1,"poolAddress":"0xcbe13315809acf6d7b92472fcb9546655b874ee7","poolType":"CURVE_SNG"}	{"ptAdminBalance": "0", "ibtAdminBalance": "0"}
{"blockNumber":23083020,"chainId":1,"poolAddress":"0xcbe13315809acf6d7b92472fcb9546655b874ee7","poolType":"CURVE_SNG"}	{"ptAdminBalance": "0", "ibtAdminBalance": "0"}
{"blockNumber":22981329,"chainId":1,"poolAddress":"0x6e7f0c234582b9421e4c9bc4ab3542016cd23301","poolType":"CURVE_SNG"}	{"ptAdminBalance": "0", "ibtAdminBalance": "0"}
{"blockNumber":23018807,"chainId":1,"poolAddress":"0x6e7f0c234582b9421e4c9bc4ab3542016cd23301","poolType":"CURVE_SNG"}	{"ptAdminBalance": "0", "ibtAdminBalance": "0"}
{"blockNumber":23089258,"chainId":1,"poolAddress":"0xc1b8e361803deef2d40ce5ec19e2a98f4045608b","poolType":"CURVE_SNG"}	{"ptAdminBalance": "18579157592311544413", "ibtAdminBalance": "6692202791482961319"}
{"blockNumber":23044996,"chainId":1,"poolAddress":"0xc1b8e361803deef2d40ce5ec19e2a98f4045608b","poolType":"CURVE_SNG"}	{"ptAdminBalance": "18579157592311544413", "ibtAdminBalance": "6692202791482961319"}
{"blockNumber":23045022,"chainId":1,"poolAddress":"0xa95a5eb4f639ddc9cd0b431036eb2cc2d018c18c","poolType":"CURVE_SNG"}	{"ptAdminBalance": "369727162466843101", "ibtAdminBalance": "210220522356239003"}
{"blockNumber":23085641,"chainId":1,"poolAddress":"0xa95a5eb4f639ddc9cd0b431036eb2cc2d018c18c","poolType":"CURVE_SNG"}	{"ptAdminBalance": "369727162466843101", "ibtAdminBalance": "210220522356239003"}
{"blockNumber":22996384,"chainId":1,"poolAddress":"0x1ed0bea7db2815283da9e184145386bd7789a735","poolType":"CURVE_SNG"}	{"ptAdminBalance": "0", "ibtAdminBalance": "0"}
{"blockNumber":23093061,"chainId":1,"poolAddress":"0x1ed0bea7db2815283da9e184145386bd7789a735","poolType":"CURVE_SNG"}	{"ptAdminBalance": "0", "ibtAdminBalance": "0"}
{"blockNumber":23068676,"chainId":1,"poolAddress":"0x1ed0bea7db2815283da9e184145386bd7789a735","poolType":"CURVE_SNG"}	{"ptAdminBalance": "0", "ibtAdminBalance": "0"}
{"blockNumber":23070938,"chainId":1,"poolAddress":"0x593a8a7c12d8111e12945ff167389662a02b5ece","poolType":"CURVE_SNG"}	{"ptAdminBalance": "0", "ibtAdminBalance": "0"}
{"blockNumber":23095565,"chainId":1,"poolAddress":"0x1ed0bea7db2815283da9e184145386bd7789a735","poolType":"CURVE_SNG"}	{"ptAdminBalance": "0", "ibtAdminBalance": "0"}
{"blockNumber":23072356,"chainId":1,"poolAddress":"0xac3f886b4f965d6d3510e1093769f3860f98e8f0","poolType":"CURVE_SNG"}	{"ptAdminBalance": "0", "ibtAdminBalance": "0"}
{"blockNumber":22970742,"chainId":1,"poolAddress":"0x1ed0bea7db2815283da9e184145386bd7789a735","poolType":"CURVE_SNG"}	{"ptAdminBalance": "0", "ibtAdminBalance": "0"}
{"blockNumber":22971782,"chainId":1,"poolAddress":"0x1ed0bea7db2815283da9e184145386bd7789a735","poolType":"CURVE_SNG"}	{"ptAdminBalance": "0", "ibtAdminBalance": "0"}
{"blockNumber":22972810,"chainId":1,"poolAddress":"0x1ed0bea7db2815283da9e184145386bd7789a735","poolType":"CURVE_SNG"}	{"ptAdminBalance": "0", "ibtAdminBalance": "0"}
{"blockNumber":22987552,"chainId":1,"poolAddress":"0x1ed0bea7db2815283da9e184145386bd7789a735","poolType":"CURVE_SNG"}	{"ptAdminBalance": "0", "ibtAdminBalance": "0"}
{"blockNumber":22977821,"chainId":1,"poolAddress":"0x1ed0bea7db2815283da9e184145386bd7789a735","poolType":"CURVE_SNG"}	{"ptAdminBalance": "0", "ibtAdminBalance": "0"}
{"blockNumber":22980396,"chainId":1,"poolAddress":"0x1ed0bea7db2815283da9e184145386bd7789a735","poolType":"CURVE_SNG"}	{"ptAdminBalance": "0", "ibtAdminBalance": "0"}
{"blockNumber":22988647,"chainId":1,"poolAddress":"0x1ed0bea7db2815283da9e184145386bd7789a735","poolType":"CURVE_SNG"}	{"ptAdminBalance": "0", "ibtAdminBalance": "0"}
{"blockNumber":23011073,"chainId":1,"poolAddress":"0x1ed0bea7db2815283da9e184145386bd7789a735","poolType":"CURVE_SNG"}	{"ptAdminBalance": "0", "ibtAdminBalance": "0"}
{"blockNumber":23017668,"chainId":1,"poolAddress":"0x1ed0bea7db2815283da9e184145386bd7789a735","poolType":"CURVE_SNG"}	{"ptAdminBalance": "0", "ibtAdminBalance": "0"}
{"blockNumber":23018021,"chainId":1,"poolAddress":"0x1ed0bea7db2815283da9e184145386bd7789a735","poolType":"CURVE_SNG"}	{"ptAdminBalance": "0", "ibtAdminBalance": "0"}
{"blockNumber":23047254,"chainId":1,"poolAddress":"0x1ed0bea7db2815283da9e184145386bd7789a735","poolType":"CURVE_SNG"}	{"ptAdminBalance": "0", "ibtAdminBalance": "0"}
{"blockNumber":23048934,"chainId":1,"poolAddress":"0x1ed0bea7db2815283da9e184145386bd7789a735","poolType":"CURVE_SNG"}	{"ptAdminBalance": "0", "ibtAdminBalance": "0"}
{"blockNumber":23048963,"chainId":1,"poolAddress":"0x593a8a7c12d8111e12945ff167389662a02b5ece","poolType":"CURVE_SNG"}	{"ptAdminBalance": "0", "ibtAdminBalance": "0"}
{"blockNumber":23057715,"chainId":1,"poolAddress":"0x593a8a7c12d8111e12945ff167389662a02b5ece","poolType":"CURVE_SNG"}	{"ptAdminBalance": "0", "ibtAdminBalance": "0"}
{"blockNumber":22982688,"chainId":1,"poolAddress":"0x593a8a7c12d8111e12945ff167389662a02b5ece","poolType":"CURVE_SNG"}	{"ptAdminBalance": "0", "ibtAdminBalance": "0"}
{"blockNumber":22996324,"chainId":1,"poolAddress":"0x593a8a7c12d8111e12945ff167389662a02b5ece","poolType":"CURVE_SNG"}	{"ptAdminBalance": "0", "ibtAdminBalance": "0"}
{"blockNumber":23024082,"chainId":1,"poolAddress":"0x593a8a7c12d8111e12945ff167389662a02b5ece","poolType":"CURVE_SNG"}	{"ptAdminBalance": "0", "ibtAdminBalance": "0"}
{"blockNumber":23025073,"chainId":1,"poolAddress":"0x593a8a7c12d8111e12945ff167389662a02b5ece","poolType":"CURVE_SNG"}	{"ptAdminBalance": "0", "ibtAdminBalance": "0"}
{"blockNumber":22973716,"chainId":1,"poolAddress":"0xe48c3a1389be663f0e6f96ac1b90c10ee8b1b1ec","poolType":"CURVE_SNG"}	{"ptAdminBalance": "0", "ibtAdminBalance": "0"}
{"blockNumber":23025517,"chainId":1,"poolAddress":"0xe48c3a1389be663f0e6f96ac1b90c10ee8b1b1ec","poolType":"CURVE_SNG"}	{"ptAdminBalance": "0", "ibtAdminBalance": "0"}
{"blockNumber":23074088,"chainId":1,"poolAddress":"0xe48c3a1389be663f0e6f96ac1b90c10ee8b1b1ec","poolType":"CURVE_SNG"}	{"ptAdminBalance": "0", "ibtAdminBalance": "0"}
{"blockNumber":23089185,"chainId":1,"poolAddress":"0xe48c3a1389be663f0e6f96ac1b90c10ee8b1b1ec","poolType":"CURVE_SNG"}	{"ptAdminBalance": "0", "ibtAdminBalance": "0"}
{"blockNumber":23072877,"chainId":1,"poolAddress":"0xe48c3a1389be663f0e6f96ac1b90c10ee8b1b1ec","poolType":"CURVE_SNG"}	{"ptAdminBalance": "0", "ibtAdminBalance": "0"}
{"blockNumber":23094952,"chainId":1,"poolAddress":"0xe48c3a1389be663f0e6f96ac1b90c10ee8b1b1ec","poolType":"CURVE_SNG"}	{"ptAdminBalance": "0", "ibtAdminBalance": "0"}
{"blockNumber":23089139,"chainId":1,"poolAddress":"0x17a23e49ae0209b5243090c138e800c4ca1921e9","poolType":"CURVE_SNG"}	{"ptAdminBalance": "0", "ibtAdminBalance": "0"}
{"blockNumber":23036166,"chainId":1,"poolAddress":"0xac3f886b4f965d6d3510e1093769f3860f98e8f0","poolType":"CURVE_SNG"}	{"ptAdminBalance": "0", "ibtAdminBalance": "0"}
{"blockNumber":23036149,"chainId":1,"poolAddress":"0xac3f886b4f965d6d3510e1093769f3860f98e8f0","poolType":"CURVE_SNG"}	{"ptAdminBalance": "0", "ibtAdminBalance": "0"}
{"blockNumber":23043764,"chainId":1,"poolAddress":"0x586032790165ec0b0562d2fd02055e6b2e729409","poolType":"CURVE_SNG"}	{"ptAdminBalance": "15433179790061961546", "ibtAdminBalance": "8889108183928142737"}
{"blockNumber":23069730,"chainId":1,"poolAddress":"0x586032790165ec0b0562d2fd02055e6b2e729409","poolType":"CURVE_SNG"}	{"ptAdminBalance": "15433179790061961546", "ibtAdminBalance": "8889108183928142737"}
{"blockNumber":23073814,"chainId":1,"poolAddress":"0x586032790165ec0b0562d2fd02055e6b2e729409","poolType":"CURVE_SNG"}	{"ptAdminBalance": "15433179790061961546", "ibtAdminBalance": "8889108183928142737"}
{"blockNumber":22981447,"chainId":1,"poolAddress":"0xcbe13315809acf6d7b92472fcb9546655b874ee7","poolType":"CURVE_SNG"}	{"ptAdminBalance": "0", "ibtAdminBalance": "0"}
{"blockNumber":23044342,"chainId":1,"poolAddress":"0xcbe13315809acf6d7b92472fcb9546655b874ee7","poolType":"CURVE_SNG"}	{"ptAdminBalance": "0", "ibtAdminBalance": "0"}
{"blockNumber":23050699,"chainId":1,"poolAddress":"0xcbe13315809acf6d7b92472fcb9546655b874ee7","poolType":"CURVE_SNG"}	{"ptAdminBalance": "0", "ibtAdminBalance": "0"}
{"blockNumber":22981029,"chainId":1,"poolAddress":"0x4103885b44676e24ae1f65d8a36d6bec57bd5000","poolType":"CURVE_SNG"}	{"ptAdminBalance": "0", "ibtAdminBalance": "0"}
{"blockNumber":23098182,"chainId":1,"poolAddress":"0x4103885b44676e24ae1f65d8a36d6bec57bd5000","poolType":"CURVE_SNG"}	{"ptAdminBalance": "0", "ibtAdminBalance": "0"}
{"blockNumber":23090664,"chainId":1,"poolAddress":"0x586032790165ec0b0562d2fd02055e6b2e729409","poolType":"CURVE_SNG"}	{"ptAdminBalance": "15433179790061961546", "ibtAdminBalance": "8889108183928142737"}
{"blockNumber":23088147,"chainId":1,"poolAddress":"0x586032790165ec0b0562d2fd02055e6b2e729409","poolType":"CURVE_SNG"}	{"ptAdminBalance": "15433179790061961546", "ibtAdminBalance": "8889108183928142737"}
{"blockNumber":23076227,"chainId":1,"poolAddress":"0xbbb7e0cb9720aa32a28aa075c310bbe746258186","poolType":"CURVE_SNG"}	{"ptAdminBalance": "0", "ibtAdminBalance": "473285186870"}
{"blockNumber":22979555,"chainId":1,"poolAddress":"0x593a8a7c12d8111e12945ff167389662a02b5ece","poolType":"CURVE_SNG"}	{"ptAdminBalance": "0", "ibtAdminBalance": "0"}
{"blockNumber":23045017,"chainId":1,"poolAddress":"0x593a8a7c12d8111e12945ff167389662a02b5ece","poolType":"CURVE_SNG"}	{"ptAdminBalance": "0", "ibtAdminBalance": "0"}
{"blockNumber":22989965,"chainId":1,"poolAddress":"0x593a8a7c12d8111e12945ff167389662a02b5ece","poolType":"CURVE_SNG"}	{"ptAdminBalance": "0", "ibtAdminBalance": "0"}
{"blockNumber":22993417,"chainId":1,"poolAddress":"0x593a8a7c12d8111e12945ff167389662a02b5ece","poolType":"CURVE_SNG"}	{"ptAdminBalance": "0", "ibtAdminBalance": "0"}
{"blockNumber":23069670,"chainId":1,"poolAddress":"0x593a8a7c12d8111e12945ff167389662a02b5ece","poolType":"CURVE_SNG"}	{"ptAdminBalance": "0", "ibtAdminBalance": "0"}
{"blockNumber":22992316,"chainId":1,"poolAddress":"0x1ed0bea7db2815283da9e184145386bd7789a735","poolType":"CURVE_SNG"}	{"ptAdminBalance": "0", "ibtAdminBalance": "0"}
{"blockNumber":23000378,"chainId":1,"poolAddress":"0x1ed0bea7db2815283da9e184145386bd7789a735","poolType":"CURVE_SNG"}	{"ptAdminBalance": "0", "ibtAdminBalance": "0"}
{"blockNumber":23021295,"chainId":1,"poolAddress":"0x1ed0bea7db2815283da9e184145386bd7789a735","poolType":"CURVE_SNG"}	{"ptAdminBalance": "0", "ibtAdminBalance": "0"}
{"blockNumber":23006735,"chainId":1,"poolAddress":"0x17a23e49ae0209b5243090c138e800c4ca1921e9","poolType":"CURVE_SNG"}	{"ptAdminBalance": "0", "ibtAdminBalance": "0"}
{"blockNumber":23002133,"chainId":1,"poolAddress":"0x17a23e49ae0209b5243090c138e800c4ca1921e9","poolType":"CURVE_SNG"}	{"ptAdminBalance": "0", "ibtAdminBalance": "0"}
{"blockNumber":23002362,"chainId":1,"poolAddress":"0x17a23e49ae0209b5243090c138e800c4ca1921e9","poolType":"CURVE_SNG"}	{"ptAdminBalance": "0", "ibtAdminBalance": "0"}
{"blockNumber":23010832,"chainId":1,"poolAddress":"0x17a23e49ae0209b5243090c138e800c4ca1921e9","poolType":"CURVE_SNG"}	{"ptAdminBalance": "0", "ibtAdminBalance": "0"}
{"blockNumber":23021438,"chainId":1,"poolAddress":"0x21ff331d1928cb7fde9a151d43eba4ebee843e87","poolType":"CURVE_SNG"}	{"ptAdminBalance": "0", "ibtAdminBalance": "0"}
{"blockNumber":22994651,"chainId":1,"poolAddress":"0x21ff331d1928cb7fde9a151d43eba4ebee843e87","poolType":"CURVE_SNG"}	{"ptAdminBalance": "0", "ibtAdminBalance": "0"}
{"blockNumber":22993805,"chainId":1,"poolAddress":"0xcbe13315809acf6d7b92472fcb9546655b874ee7","poolType":"CURVE_SNG"}	{"ptAdminBalance": "0", "ibtAdminBalance": "0"}
{"blockNumber":22997085,"chainId":1,"poolAddress":"0xcbe13315809acf6d7b92472fcb9546655b874ee7","poolType":"CURVE_SNG"}	{"ptAdminBalance": "0", "ibtAdminBalance": "0"}
{"blockNumber":23003764,"chainId":1,"poolAddress":"0xcbe13315809acf6d7b92472fcb9546655b874ee7","poolType":"CURVE_SNG"}	{"ptAdminBalance": "0", "ibtAdminBalance": "0"}
{"blockNumber":23004055,"chainId":1,"poolAddress":"0xcbe13315809acf6d7b92472fcb9546655b874ee7","poolType":"CURVE_SNG"}	{"ptAdminBalance": "0", "ibtAdminBalance": "0"}
{"blockNumber":23012331,"chainId":1,"poolAddress":"0xcbe13315809acf6d7b92472fcb9546655b874ee7","poolType":"CURVE_SNG"}	{"ptAdminBalance": "0", "ibtAdminBalance": "0"}
{"blockNumber":23013065,"chainId":1,"poolAddress":"0xcbe13315809acf6d7b92472fcb9546655b874ee7","poolType":"CURVE_SNG"}	{"ptAdminBalance": "0", "ibtAdminBalance": "0"}
{"blockNumber":23042389,"chainId":1,"poolAddress":"0xcbe13315809acf6d7b92472fcb9546655b874ee7","poolType":"CURVE_SNG"}	{"ptAdminBalance": "0", "ibtAdminBalance": "0"}
{"blockNumber":23050724,"chainId":1,"poolAddress":"0xcbe13315809acf6d7b92472fcb9546655b874ee7","poolType":"CURVE_SNG"}	{"ptAdminBalance": "0", "ibtAdminBalance": "0"}
{"blockNumber":23071725,"chainId":1,"poolAddress":"0xcbe13315809acf6d7b92472fcb9546655b874ee7","poolType":"CURVE_SNG"}	{"ptAdminBalance": "0", "ibtAdminBalance": "0"}
{"blockNumber":23080146,"chainId":1,"poolAddress":"0xcbe13315809acf6d7b92472fcb9546655b874ee7","poolType":"CURVE_SNG"}	{"ptAdminBalance": "0", "ibtAdminBalance": "0"}
{"blockNumber":23080506,"chainId":1,"poolAddress":"0xcbe13315809acf6d7b92472fcb9546655b874ee7","poolType":"CURVE_SNG"}	{"ptAdminBalance": "0", "ibtAdminBalance": "0"}
{"blockNumber":23085659,"chainId":1,"poolAddress":"0xcbe13315809acf6d7b92472fcb9546655b874ee7","poolType":"CURVE_SNG"}	{"ptAdminBalance": "0", "ibtAdminBalance": "0"}
{"blockNumber":23042654,"chainId":1,"poolAddress":"0xcbe13315809acf6d7b92472fcb9546655b874ee7","poolType":"CURVE_SNG"}	{"ptAdminBalance": "0", "ibtAdminBalance": "0"}
{"blockNumber":23013169,"chainId":1,"poolAddress":"0xcbe13315809acf6d7b92472fcb9546655b874ee7","poolType":"CURVE_SNG"}	{"ptAdminBalance": "0", "ibtAdminBalance": "0"}
{"blockNumber":23008604,"chainId":1,"poolAddress":"0x6b6e36e0516b3020dff0edd01fe90c18774de709","poolType":"CURVE_SNG"}	{"ptAdminBalance": "0", "ibtAdminBalance": "0"}
{"blockNumber":23005506,"chainId":1,"poolAddress":"0x6b6e36e0516b3020dff0edd01fe90c18774de709","poolType":"CURVE_SNG"}	{"ptAdminBalance": "0", "ibtAdminBalance": "0"}
{"blockNumber":23068312,"chainId":1,"poolAddress":"0xe48c3a1389be663f0e6f96ac1b90c10ee8b1b1ec","poolType":"CURVE_SNG"}	{"ptAdminBalance": "0", "ibtAdminBalance": "0"}
{"blockNumber":22970394,"chainId":1,"poolAddress":"0x21ff331d1928cb7fde9a151d43eba4ebee843e87","poolType":"CURVE_SNG"}	{"ptAdminBalance": "0", "ibtAdminBalance": "0"}
{"blockNumber":22995521,"chainId":1,"poolAddress":"0x21ff331d1928cb7fde9a151d43eba4ebee843e87","poolType":"CURVE_SNG"}	{"ptAdminBalance": "0", "ibtAdminBalance": "0"}
{"blockNumber":22995527,"chainId":1,"poolAddress":"0x21ff331d1928cb7fde9a151d43eba4ebee843e87","poolType":"CURVE_SNG"}	{"ptAdminBalance": "0", "ibtAdminBalance": "0"}
{"blockNumber":22992372,"chainId":1,"poolAddress":"0x1ed0bea7db2815283da9e184145386bd7789a735","poolType":"CURVE_SNG"}	{"ptAdminBalance": "0", "ibtAdminBalance": "0"}
{"blockNumber":23054003,"chainId":1,"poolAddress":"0xe48c3a1389be663f0e6f96ac1b90c10ee8b1b1ec","poolType":"CURVE_SNG"}	{"ptAdminBalance": "0", "ibtAdminBalance": "0"}
{"blockNumber":23054290,"chainId":1,"poolAddress":"0xe48c3a1389be663f0e6f96ac1b90c10ee8b1b1ec","poolType":"CURVE_SNG"}	{"ptAdminBalance": "0", "ibtAdminBalance": "0"}
{"blockNumber":22990669,"chainId":1,"poolAddress":"0xe48c3a1389be663f0e6f96ac1b90c10ee8b1b1ec","poolType":"CURVE_SNG"}	{"ptAdminBalance": "0", "ibtAdminBalance": "0"}
{"blockNumber":23061087,"chainId":1,"poolAddress":"0xe48c3a1389be663f0e6f96ac1b90c10ee8b1b1ec","poolType":"CURVE_SNG"}	{"ptAdminBalance": "0", "ibtAdminBalance": "0"}
{"blockNumber":23035225,"chainId":1,"poolAddress":"0x593a8a7c12d8111e12945ff167389662a02b5ece","poolType":"CURVE_SNG"}	{"ptAdminBalance": "0", "ibtAdminBalance": "0"}
{"blockNumber":23053963,"chainId":1,"poolAddress":"0x593a8a7c12d8111e12945ff167389662a02b5ece","poolType":"CURVE_SNG"}	{"ptAdminBalance": "0", "ibtAdminBalance": "0"}
{"blockNumber":22978581,"chainId":1,"poolAddress":"0x593a8a7c12d8111e12945ff167389662a02b5ece","poolType":"CURVE_SNG"}	{"ptAdminBalance": "0", "ibtAdminBalance": "0"}
{"blockNumber":22979542,"chainId":1,"poolAddress":"0x593a8a7c12d8111e12945ff167389662a02b5ece","poolType":"CURVE_SNG"}	{"ptAdminBalance": "0", "ibtAdminBalance": "0"}
{"blockNumber":23055904,"chainId":1,"poolAddress":"0x593a8a7c12d8111e12945ff167389662a02b5ece","poolType":"CURVE_SNG"}	{"ptAdminBalance": "0", "ibtAdminBalance": "0"}
{"blockNumber":22993486,"chainId":1,"poolAddress":"0x593a8a7c12d8111e12945ff167389662a02b5ece","poolType":"CURVE_SNG"}	{"ptAdminBalance": "0", "ibtAdminBalance": "0"}
{"blockNumber":23003114,"chainId":1,"poolAddress":"0x593a8a7c12d8111e12945ff167389662a02b5ece","poolType":"CURVE_SNG"}	{"ptAdminBalance": "0", "ibtAdminBalance": "0"}
{"blockNumber":23003693,"chainId":1,"poolAddress":"0x593a8a7c12d8111e12945ff167389662a02b5ece","poolType":"CURVE_SNG"}	{"ptAdminBalance": "0", "ibtAdminBalance": "0"}
{"blockNumber":23011002,"chainId":1,"poolAddress":"0x593a8a7c12d8111e12945ff167389662a02b5ece","poolType":"CURVE_SNG"}	{"ptAdminBalance": "0", "ibtAdminBalance": "0"}
{"blockNumber":23023177,"chainId":1,"poolAddress":"0x593a8a7c12d8111e12945ff167389662a02b5ece","poolType":"CURVE_SNG"}	{"ptAdminBalance": "0", "ibtAdminBalance": "0"}
{"blockNumber":23094555,"chainId":1,"poolAddress":"0x593a8a7c12d8111e12945ff167389662a02b5ece","poolType":"CURVE_SNG"}	{"ptAdminBalance": "0", "ibtAdminBalance": "0"}
{"blockNumber":23054062,"chainId":1,"poolAddress":"0x593a8a7c12d8111e12945ff167389662a02b5ece","poolType":"CURVE_SNG"}	{"ptAdminBalance": "0", "ibtAdminBalance": "0"}
{"blockNumber":23092874,"chainId":1,"poolAddress":"0x593a8a7c12d8111e12945ff167389662a02b5ece","poolType":"CURVE_SNG"}	{"ptAdminBalance": "0", "ibtAdminBalance": "0"}
{"blockNumber":23055480,"chainId":1,"poolAddress":"0x593a8a7c12d8111e12945ff167389662a02b5ece","poolType":"CURVE_SNG"}	{"ptAdminBalance": "0", "ibtAdminBalance": "0"}
{"blockNumber":23068330,"chainId":1,"poolAddress":"0x593a8a7c12d8111e12945ff167389662a02b5ece","poolType":"CURVE_SNG"}	{"ptAdminBalance": "0", "ibtAdminBalance": "0"}
{"blockNumber":23068493,"chainId":1,"poolAddress":"0x593a8a7c12d8111e12945ff167389662a02b5ece","poolType":"CURVE_SNG"}	{"ptAdminBalance": "0", "ibtAdminBalance": "0"}
{"blockNumber":23007560,"chainId":1,"poolAddress":"0x17a23e49ae0209b5243090c138e800c4ca1921e9","poolType":"CURVE_SNG"}	{"ptAdminBalance": "0", "ibtAdminBalance": "0"}
{"blockNumber":23010841,"chainId":1,"poolAddress":"0x17a23e49ae0209b5243090c138e800c4ca1921e9","poolType":"CURVE_SNG"}	{"ptAdminBalance": "0", "ibtAdminBalance": "0"}
{"blockNumber":23012449,"chainId":1,"poolAddress":"0x17a23e49ae0209b5243090c138e800c4ca1921e9","poolType":"CURVE_SNG"}	{"ptAdminBalance": "0", "ibtAdminBalance": "0"}
{"blockNumber":23091376,"chainId":1,"poolAddress":"0x17a23e49ae0209b5243090c138e800c4ca1921e9","poolType":"CURVE_SNG"}	{"ptAdminBalance": "0", "ibtAdminBalance": "0"}
{"blockNumber":22973207,"chainId":1,"poolAddress":"0xcbe13315809acf6d7b92472fcb9546655b874ee7","poolType":"CURVE_SNG"}	{"ptAdminBalance": "0", "ibtAdminBalance": "0"}
{"blockNumber":22994709,"chainId":1,"poolAddress":"0xcbe13315809acf6d7b92472fcb9546655b874ee7","poolType":"CURVE_SNG"}	{"ptAdminBalance": "0", "ibtAdminBalance": "0"}
{"blockNumber":23001629,"chainId":1,"poolAddress":"0xcbe13315809acf6d7b92472fcb9546655b874ee7","poolType":"CURVE_SNG"}	{"ptAdminBalance": "0", "ibtAdminBalance": "0"}
{"blockNumber":23007226,"chainId":1,"poolAddress":"0xcbe13315809acf6d7b92472fcb9546655b874ee7","poolType":"CURVE_SNG"}	{"ptAdminBalance": "0", "ibtAdminBalance": "0"}
{"blockNumber":23028452,"chainId":1,"poolAddress":"0xcbe13315809acf6d7b92472fcb9546655b874ee7","poolType":"CURVE_SNG"}	{"ptAdminBalance": "0", "ibtAdminBalance": "0"}
{"blockNumber":23041847,"chainId":1,"poolAddress":"0xcbe13315809acf6d7b92472fcb9546655b874ee7","poolType":"CURVE_SNG"}	{"ptAdminBalance": "0", "ibtAdminBalance": "0"}
{"blockNumber":23045022,"chainId":1,"poolAddress":"0xcbe13315809acf6d7b92472fcb9546655b874ee7","poolType":"CURVE_SNG"}	{"ptAdminBalance": "0", "ibtAdminBalance": "0"}
{"blockNumber":23050037,"chainId":1,"poolAddress":"0xcbe13315809acf6d7b92472fcb9546655b874ee7","poolType":"CURVE_SNG"}	{"ptAdminBalance": "0", "ibtAdminBalance": "0"}
{"blockNumber":23095475,"chainId":1,"poolAddress":"0xcbe13315809acf6d7b92472fcb9546655b874ee7","poolType":"CURVE_SNG"}	{"ptAdminBalance": "0", "ibtAdminBalance": "0"}
{"blockNumber":23100109,"chainId":1,"poolAddress":"0xcbe13315809acf6d7b92472fcb9546655b874ee7","poolType":"CURVE_SNG"}	{"ptAdminBalance": "0", "ibtAdminBalance": "0"}
{"blockNumber":23100674,"chainId":1,"poolAddress":"0xcbe13315809acf6d7b92472fcb9546655b874ee7","poolType":"CURVE_SNG"}	{"ptAdminBalance": "0", "ibtAdminBalance": "0"}
{"blockNumber":23053042,"chainId":1,"poolAddress":"0x21ff331d1928cb7fde9a151d43eba4ebee843e87","poolType":"CURVE_SNG"}	{"ptAdminBalance": "0", "ibtAdminBalance": "0"}
{"blockNumber":22991933,"chainId":1,"poolAddress":"0x1ed0bea7db2815283da9e184145386bd7789a735","poolType":"CURVE_SNG"}	{"ptAdminBalance": "0", "ibtAdminBalance": "0"}
{"blockNumber":23079171,"chainId":1,"poolAddress":"0xe48c3a1389be663f0e6f96ac1b90c10ee8b1b1ec","poolType":"CURVE_SNG"}	{"ptAdminBalance": "0", "ibtAdminBalance": "0"}
{"blockNumber":23091546,"chainId":1,"poolAddress":"0xe48c3a1389be663f0e6f96ac1b90c10ee8b1b1ec","poolType":"CURVE_SNG"}	{"ptAdminBalance": "0", "ibtAdminBalance": "0"}
{"blockNumber":22981104,"chainId":1,"poolAddress":"0x4103885b44676e24ae1f65d8a36d6bec57bd5000","poolType":"CURVE_SNG"}	{"ptAdminBalance": "0", "ibtAdminBalance": "0"}
{"blockNumber":23100276,"chainId":1,"poolAddress":"0x4103885b44676e24ae1f65d8a36d6bec57bd5000","poolType":"CURVE_SNG"}	{"ptAdminBalance": "0", "ibtAdminBalance": "0"}
{"blockNumber":23028818,"chainId":1,"poolAddress":"0xc1b8e361803deef2d40ce5ec19e2a98f4045608b","poolType":"CURVE_SNG"}	{"ptAdminBalance": "18579157592311544413", "ibtAdminBalance": "6692202791482961319"}
{"blockNumber":23059761,"chainId":1,"poolAddress":"0xd7d9bcafff98308d447a3985c6fedd84dbdea34b","poolType":"CURVE_SNG"}	{"ptAdminBalance": "42960791171858997433", "ibtAdminBalance": "39267450782546002338"}
{"blockNumber":23059671,"chainId":1,"poolAddress":"0xd31fac73411da2c19aab7cd5d71f22d5c54e748a","poolType":"CURVE_SNG"}	{"ptAdminBalance": "71414929144229130", "ibtAdminBalance": "0"}
{"blockNumber":23059581,"chainId":1,"poolAddress":"0xe7898c8342244e834c55134d2bd8255108e3c961","poolType":"CURVE_SNG"}	{"ptAdminBalance": "26577128", "ibtAdminBalance": "26834165"}
{"blockNumber":22994474,"chainId":1,"poolAddress":"0x4619a871112c443658a505941532bb7df60b06b2","poolType":"CURVE_SNG"}	{"ptAdminBalance": "0", "ibtAdminBalance": "0"}
{"blockNumber":23096217,"chainId":1,"poolAddress":"0xac3f886b4f965d6d3510e1093769f3860f98e8f0","poolType":"CURVE_SNG"}	{"ptAdminBalance": "0", "ibtAdminBalance": "0"}
{"blockNumber":22997162,"chainId":1,"poolAddress":"0xac3f886b4f965d6d3510e1093769f3860f98e8f0","poolType":"CURVE_SNG"}	{"ptAdminBalance": "0", "ibtAdminBalance": "0"}
{"blockNumber":22988668,"chainId":1,"poolAddress":"0x586032790165ec0b0562d2fd02055e6b2e729409","poolType":"CURVE_SNG"}	{"ptAdminBalance": "15433179790061961546", "ibtAdminBalance": "8889108183928142737"}
{"blockNumber":22991864,"chainId":1,"poolAddress":"0x586032790165ec0b0562d2fd02055e6b2e729409","poolType":"CURVE_SNG"}	{"ptAdminBalance": "15433179790061961546", "ibtAdminBalance": "8889108183928142737"}
{"blockNumber":23053505,"chainId":1,"poolAddress":"0x586032790165ec0b0562d2fd02055e6b2e729409","poolType":"CURVE_SNG"}	{"ptAdminBalance": "15433179790061961546", "ibtAdminBalance": "8889108183928142737"}
{"blockNumber":22969882,"chainId":1,"poolAddress":"0xc1b8e361803deef2d40ce5ec19e2a98f4045608b","poolType":"CURVE_SNG"}	{"ptAdminBalance": "18579157592311544413", "ibtAdminBalance": "6692202791482961319"}
{"blockNumber":22973336,"chainId":1,"poolAddress":"0xc1b8e361803deef2d40ce5ec19e2a98f4045608b","poolType":"CURVE_SNG"}	{"ptAdminBalance": "18579157592311544413", "ibtAdminBalance": "6692202791482961319"}
{"blockNumber":22977224,"chainId":1,"poolAddress":"0xc1b8e361803deef2d40ce5ec19e2a98f4045608b","poolType":"CURVE_SNG"}	{"ptAdminBalance": "18579157592311544413", "ibtAdminBalance": "6692202791482961319"}
{"blockNumber":22980401,"chainId":1,"poolAddress":"0xc1b8e361803deef2d40ce5ec19e2a98f4045608b","poolType":"CURVE_SNG"}	{"ptAdminBalance": "18579157592311544413", "ibtAdminBalance": "6692202791482961319"}
{"blockNumber":22981406,"chainId":1,"poolAddress":"0xc1b8e361803deef2d40ce5ec19e2a98f4045608b","poolType":"CURVE_SNG"}	{"ptAdminBalance": "18579157592311544413", "ibtAdminBalance": "6692202791482961319"}
{"blockNumber":23028796,"chainId":1,"poolAddress":"0xc1b8e361803deef2d40ce5ec19e2a98f4045608b","poolType":"CURVE_SNG"}	{"ptAdminBalance": "18579157592311544413", "ibtAdminBalance": "6692202791482961319"}
{"blockNumber":23078655,"chainId":1,"poolAddress":"0xc1b8e361803deef2d40ce5ec19e2a98f4045608b","poolType":"CURVE_SNG"}	{"ptAdminBalance": "18579157592311544413", "ibtAdminBalance": "6692202791482961319"}
{"blockNumber":22977239,"chainId":1,"poolAddress":"0xd7d9bcafff98308d447a3985c6fedd84dbdea34b","poolType":"CURVE_SNG"}	{"ptAdminBalance": "42960791171858997433", "ibtAdminBalance": "39267450782546002338"}
{"blockNumber":22979018,"chainId":1,"poolAddress":"0xd7d9bcafff98308d447a3985c6fedd84dbdea34b","poolType":"CURVE_SNG"}	{"ptAdminBalance": "42960791171858997433", "ibtAdminBalance": "39267450782546002338"}
{"blockNumber":22973497,"chainId":1,"poolAddress":"0xd7d9bcafff98308d447a3985c6fedd84dbdea34b","poolType":"CURVE_SNG"}	{"ptAdminBalance": "42960791171858997433", "ibtAdminBalance": "39267450782546002338"}
{"blockNumber":22975454,"chainId":1,"poolAddress":"0xd7d9bcafff98308d447a3985c6fedd84dbdea34b","poolType":"CURVE_SNG"}	{"ptAdminBalance": "42960791171858997433", "ibtAdminBalance": "39267450782546002338"}
{"blockNumber":23002811,"chainId":1,"poolAddress":"0xd7d9bcafff98308d447a3985c6fedd84dbdea34b","poolType":"CURVE_SNG"}	{"ptAdminBalance": "42960791171858997433", "ibtAdminBalance": "39267450782546002338"}
{"blockNumber":23012964,"chainId":1,"poolAddress":"0xd7d9bcafff98308d447a3985c6fedd84dbdea34b","poolType":"CURVE_SNG"}	{"ptAdminBalance": "42960791171858997433", "ibtAdminBalance": "39267450782546002338"}
{"blockNumber":23012980,"chainId":1,"poolAddress":"0xd7d9bcafff98308d447a3985c6fedd84dbdea34b","poolType":"CURVE_SNG"}	{"ptAdminBalance": "42960791171858997433", "ibtAdminBalance": "39267450782546002338"}
{"blockNumber":23043176,"chainId":1,"poolAddress":"0xd7d9bcafff98308d447a3985c6fedd84dbdea34b","poolType":"CURVE_SNG"}	{"ptAdminBalance": "42960791171858997433", "ibtAdminBalance": "39267450782546002338"}
{"blockNumber":23015055,"chainId":1,"poolAddress":"0xd7d9bcafff98308d447a3985c6fedd84dbdea34b","poolType":"CURVE_SNG"}	{"ptAdminBalance": "42960791171858997433", "ibtAdminBalance": "39267450782546002338"}
{"blockNumber":23032104,"chainId":1,"poolAddress":"0xd7d9bcafff98308d447a3985c6fedd84dbdea34b","poolType":"CURVE_SNG"}	{"ptAdminBalance": "42960791171858997433", "ibtAdminBalance": "39267450782546002338"}
{"blockNumber":23066727,"chainId":1,"poolAddress":"0xd7d9bcafff98308d447a3985c6fedd84dbdea34b","poolType":"CURVE_SNG"}	{"ptAdminBalance": "42960791171858997433", "ibtAdminBalance": "39267450782546002338"}
{"blockNumber":23099766,"chainId":1,"poolAddress":"0xd7d9bcafff98308d447a3985c6fedd84dbdea34b","poolType":"CURVE_SNG"}	{"ptAdminBalance": "42960791171858997433", "ibtAdminBalance": "39267450782546002338"}
{"blockNumber":23059194,"chainId":1,"poolAddress":"0xd31fac73411da2c19aab7cd5d71f22d5c54e748a","poolType":"CURVE_SNG"}	{"ptAdminBalance": "71414929144229130", "ibtAdminBalance": "0"}
{"blockNumber":23059202,"chainId":1,"poolAddress":"0xe7898c8342244e834c55134d2bd8255108e3c961","poolType":"CURVE_SNG"}	{"ptAdminBalance": "26577128", "ibtAdminBalance": "26834165"}
{"blockNumber":23016206,"chainId":1,"poolAddress":"0xe7898c8342244e834c55134d2bd8255108e3c961","poolType":"CURVE_SNG"}	{"ptAdminBalance": "26577128", "ibtAdminBalance": "26834165"}
{"blockNumber":23002822,"chainId":1,"poolAddress":"0xdd7a073b40a3b7c00e13b0bd929145ea52368650","poolType":"CURVE_SNG"}	{"ptAdminBalance": "271846007697665500", "ibtAdminBalance": "0"}
{"blockNumber":23036813,"chainId":1,"poolAddress":"0xbbb7e0cb9720aa32a28aa075c310bbe746258186","poolType":"CURVE_SNG"}	{"ptAdminBalance": "0", "ibtAdminBalance": "473285186870"}
{"blockNumber":22976742,"chainId":1,"poolAddress":"0xbbb7e0cb9720aa32a28aa075c310bbe746258186","poolType":"CURVE_SNG"}	{"ptAdminBalance": "0", "ibtAdminBalance": "473285186870"}
{"blockNumber":23001409,"chainId":1,"poolAddress":"0xbbb7e0cb9720aa32a28aa075c310bbe746258186","poolType":"CURVE_SNG"}	{"ptAdminBalance": "0", "ibtAdminBalance": "473285186870"}
{"blockNumber":23027855,"chainId":1,"poolAddress":"0xbbb7e0cb9720aa32a28aa075c310bbe746258186","poolType":"CURVE_SNG"}	{"ptAdminBalance": "0", "ibtAdminBalance": "473285186870"}
{"blockNumber":23042677,"chainId":1,"poolAddress":"0xbbb7e0cb9720aa32a28aa075c310bbe746258186","poolType":"CURVE_SNG"}	{"ptAdminBalance": "0", "ibtAdminBalance": "473285186870"}
{"blockNumber":22980711,"chainId":1,"poolAddress":"0x4619a871112c443658a505941532bb7df60b06b2","poolType":"CURVE_SNG"}	{"ptAdminBalance": "0", "ibtAdminBalance": "0"}
{"blockNumber":22987185,"chainId":1,"poolAddress":"0x4619a871112c443658a505941532bb7df60b06b2","poolType":"CURVE_SNG"}	{"ptAdminBalance": "0", "ibtAdminBalance": "0"}
{"blockNumber":23002806,"chainId":1,"poolAddress":"0x4619a871112c443658a505941532bb7df60b06b2","poolType":"CURVE_SNG"}	{"ptAdminBalance": "0", "ibtAdminBalance": "0"}
{"blockNumber":23002789,"chainId":1,"poolAddress":"0xac3f886b4f965d6d3510e1093769f3860f98e8f0","poolType":"CURVE_SNG"}	{"ptAdminBalance": "0", "ibtAdminBalance": "0"}
{"blockNumber":23036700,"chainId":1,"poolAddress":"0xac3f886b4f965d6d3510e1093769f3860f98e8f0","poolType":"CURVE_SNG"}	{"ptAdminBalance": "0", "ibtAdminBalance": "0"}
{"blockNumber":23037196,"chainId":1,"poolAddress":"0xac3f886b4f965d6d3510e1093769f3860f98e8f0","poolType":"CURVE_SNG"}	{"ptAdminBalance": "0", "ibtAdminBalance": "0"}
{"blockNumber":23035999,"chainId":1,"poolAddress":"0xac3f886b4f965d6d3510e1093769f3860f98e8f0","poolType":"CURVE_SNG"}	{"ptAdminBalance": "0", "ibtAdminBalance": "0"}
{"blockNumber":23040475,"chainId":1,"poolAddress":"0xac3f886b4f965d6d3510e1093769f3860f98e8f0","poolType":"CURVE_SNG"}	{"ptAdminBalance": "0", "ibtAdminBalance": "0"}
{"blockNumber":22979723,"chainId":1,"poolAddress":"0xac3f886b4f965d6d3510e1093769f3860f98e8f0","poolType":"CURVE_SNG"}	{"ptAdminBalance": "0", "ibtAdminBalance": "0"}
{"blockNumber":22995679,"chainId":1,"poolAddress":"0xac3f886b4f965d6d3510e1093769f3860f98e8f0","poolType":"CURVE_SNG"}	{"ptAdminBalance": "0", "ibtAdminBalance": "0"}
{"blockNumber":22997139,"chainId":1,"poolAddress":"0xac3f886b4f965d6d3510e1093769f3860f98e8f0","poolType":"CURVE_SNG"}	{"ptAdminBalance": "0", "ibtAdminBalance": "0"}
{"blockNumber":23097221,"chainId":1,"poolAddress":"0xac3f886b4f965d6d3510e1093769f3860f98e8f0","poolType":"CURVE_SNG"}	{"ptAdminBalance": "0", "ibtAdminBalance": "0"}
{"blockNumber":23088277,"chainId":1,"poolAddress":"0xac3f886b4f965d6d3510e1093769f3860f98e8f0","poolType":"CURVE_SNG"}	{"ptAdminBalance": "0", "ibtAdminBalance": "0"}
{"blockNumber":23002831,"chainId":1,"poolAddress":"0x586032790165ec0b0562d2fd02055e6b2e729409","poolType":"CURVE_SNG"}	{"ptAdminBalance": "15433179790061961546", "ibtAdminBalance": "8889108183928142737"}
{"blockNumber":23037180,"chainId":1,"poolAddress":"0x586032790165ec0b0562d2fd02055e6b2e729409","poolType":"CURVE_SNG"}	{"ptAdminBalance": "15433179790061961546", "ibtAdminBalance": "8889108183928142737"}
{"blockNumber":23094487,"chainId":1,"poolAddress":"0x586032790165ec0b0562d2fd02055e6b2e729409","poolType":"CURVE_SNG"}	{"ptAdminBalance": "15433179790061961546", "ibtAdminBalance": "8889108183928142737"}
{"blockNumber":23070757,"chainId":1,"poolAddress":"0x586032790165ec0b0562d2fd02055e6b2e729409","poolType":"CURVE_SNG"}	{"ptAdminBalance": "15433179790061961546", "ibtAdminBalance": "8889108183928142737"}
{"blockNumber":23070768,"chainId":1,"poolAddress":"0x586032790165ec0b0562d2fd02055e6b2e729409","poolType":"CURVE_SNG"}	{"ptAdminBalance": "15433179790061961546", "ibtAdminBalance": "8889108183928142737"}
{"blockNumber":23039243,"chainId":1,"poolAddress":"0x586032790165ec0b0562d2fd02055e6b2e729409","poolType":"CURVE_SNG"}	{"ptAdminBalance": "15433179790061961546", "ibtAdminBalance": "8889108183928142737"}
{"blockNumber":23041963,"chainId":1,"poolAddress":"0x586032790165ec0b0562d2fd02055e6b2e729409","poolType":"CURVE_SNG"}	{"ptAdminBalance": "15433179790061961546", "ibtAdminBalance": "8889108183928142737"}
{"blockNumber":23042642,"chainId":1,"poolAddress":"0x586032790165ec0b0562d2fd02055e6b2e729409","poolType":"CURVE_SNG"}	{"ptAdminBalance": "15433179790061961546", "ibtAdminBalance": "8889108183928142737"}
{"blockNumber":23052511,"chainId":1,"poolAddress":"0x586032790165ec0b0562d2fd02055e6b2e729409","poolType":"CURVE_SNG"}	{"ptAdminBalance": "15433179790061961546", "ibtAdminBalance": "8889108183928142737"}
{"blockNumber":23052530,"chainId":1,"poolAddress":"0x586032790165ec0b0562d2fd02055e6b2e729409","poolType":"CURVE_SNG"}	{"ptAdminBalance": "15433179790061961546", "ibtAdminBalance": "8889108183928142737"}
{"blockNumber":22987810,"chainId":1,"poolAddress":"0x586032790165ec0b0562d2fd02055e6b2e729409","poolType":"CURVE_SNG"}	{"ptAdminBalance": "15433179790061961546", "ibtAdminBalance": "8889108183928142737"}
{"blockNumber":22988659,"chainId":1,"poolAddress":"0x586032790165ec0b0562d2fd02055e6b2e729409","poolType":"CURVE_SNG"}	{"ptAdminBalance": "15433179790061961546", "ibtAdminBalance": "8889108183928142737"}
{"blockNumber":22991792,"chainId":1,"poolAddress":"0x586032790165ec0b0562d2fd02055e6b2e729409","poolType":"CURVE_SNG"}	{"ptAdminBalance": "15433179790061961546", "ibtAdminBalance": "8889108183928142737"}
{"blockNumber":23006390,"chainId":1,"poolAddress":"0x586032790165ec0b0562d2fd02055e6b2e729409","poolType":"CURVE_SNG"}	{"ptAdminBalance": "15433179790061961546", "ibtAdminBalance": "8889108183928142737"}
{"blockNumber":23010966,"chainId":1,"poolAddress":"0x586032790165ec0b0562d2fd02055e6b2e729409","poolType":"CURVE_SNG"}	{"ptAdminBalance": "15433179790061961546", "ibtAdminBalance": "8889108183928142737"}
{"blockNumber":23027096,"chainId":1,"poolAddress":"0x586032790165ec0b0562d2fd02055e6b2e729409","poolType":"CURVE_SNG"}	{"ptAdminBalance": "15433179790061961546", "ibtAdminBalance": "8889108183928142737"}
{"blockNumber":23016898,"chainId":1,"poolAddress":"0x586032790165ec0b0562d2fd02055e6b2e729409","poolType":"CURVE_SNG"}	{"ptAdminBalance": "15433179790061961546", "ibtAdminBalance": "8889108183928142737"}
{"blockNumber":23026373,"chainId":1,"poolAddress":"0x586032790165ec0b0562d2fd02055e6b2e729409","poolType":"CURVE_SNG"}	{"ptAdminBalance": "15433179790061961546", "ibtAdminBalance": "8889108183928142737"}
{"blockNumber":23044516,"chainId":1,"poolAddress":"0x586032790165ec0b0562d2fd02055e6b2e729409","poolType":"CURVE_SNG"}	{"ptAdminBalance": "15433179790061961546", "ibtAdminBalance": "8889108183928142737"}
{"blockNumber":23053489,"chainId":1,"poolAddress":"0x586032790165ec0b0562d2fd02055e6b2e729409","poolType":"CURVE_SNG"}	{"ptAdminBalance": "15433179790061961546", "ibtAdminBalance": "8889108183928142737"}
{"blockNumber":23083444,"chainId":1,"poolAddress":"0x586032790165ec0b0562d2fd02055e6b2e729409","poolType":"CURVE_SNG"}	{"ptAdminBalance": "15433179790061961546", "ibtAdminBalance": "8889108183928142737"}
{"blockNumber":23083934,"chainId":1,"poolAddress":"0x586032790165ec0b0562d2fd02055e6b2e729409","poolType":"CURVE_SNG"}	{"ptAdminBalance": "15433179790061961546", "ibtAdminBalance": "8889108183928142737"}
{"blockNumber":23084726,"chainId":1,"poolAddress":"0x586032790165ec0b0562d2fd02055e6b2e729409","poolType":"CURVE_SNG"}	{"ptAdminBalance": "15433179790061961546", "ibtAdminBalance": "8889108183928142737"}
{"blockNumber":23044098,"chainId":1,"poolAddress":"0xe48c3a1389be663f0e6f96ac1b90c10ee8b1b1ec","poolType":"CURVE_SNG"}	{"ptAdminBalance": "0", "ibtAdminBalance": "0"}
{"blockNumber":23012746,"chainId":1,"poolAddress":"0xe48c3a1389be663f0e6f96ac1b90c10ee8b1b1ec","poolType":"CURVE_SNG"}	{"ptAdminBalance": "0", "ibtAdminBalance": "0"}
{"blockNumber":23037160,"chainId":1,"poolAddress":"0xdcb8c27adee3d9b83a01cd40a3c572746a641319","poolType":"CURVE_SNG"}	{"ptAdminBalance": "21711659748489368459", "ibtAdminBalance": "15489511323282195856"}
{"blockNumber":23002395,"chainId":1,"poolAddress":"0xdcb8c27adee3d9b83a01cd40a3c572746a641319","poolType":"CURVE_SNG"}	{"ptAdminBalance": "21711659748489368459", "ibtAdminBalance": "15489511323282195856"}
{"blockNumber":23000997,"chainId":1,"poolAddress":"0xcbe13315809acf6d7b92472fcb9546655b874ee7","poolType":"CURVE_SNG"}	{"ptAdminBalance": "0", "ibtAdminBalance": "0"}
{"blockNumber":23004126,"chainId":1,"poolAddress":"0xe48c3a1389be663f0e6f96ac1b90c10ee8b1b1ec","poolType":"CURVE_SNG"}	{"ptAdminBalance": "0", "ibtAdminBalance": "0"}
{"blockNumber":22978566,"chainId":1,"poolAddress":"0x593a8a7c12d8111e12945ff167389662a02b5ece","poolType":"CURVE_SNG"}	{"ptAdminBalance": "0", "ibtAdminBalance": "0"}
{"blockNumber":23094564,"chainId":1,"poolAddress":"0x593a8a7c12d8111e12945ff167389662a02b5ece","poolType":"CURVE_SNG"}	{"ptAdminBalance": "0", "ibtAdminBalance": "0"}
{"blockNumber":23066289,"chainId":1,"poolAddress":"0x593a8a7c12d8111e12945ff167389662a02b5ece","poolType":"CURVE_SNG"}	{"ptAdminBalance": "0", "ibtAdminBalance": "0"}
{"blockNumber":23068296,"chainId":1,"poolAddress":"0x593a8a7c12d8111e12945ff167389662a02b5ece","poolType":"CURVE_SNG"}	{"ptAdminBalance": "0", "ibtAdminBalance": "0"}
{"blockNumber":23090754,"chainId":1,"poolAddress":"0x593a8a7c12d8111e12945ff167389662a02b5ece","poolType":"CURVE_SNG"}	{"ptAdminBalance": "0", "ibtAdminBalance": "0"}
{"blockNumber":22988665,"chainId":1,"poolAddress":"0x17a23e49ae0209b5243090c138e800c4ca1921e9","poolType":"CURVE_SNG"}	{"ptAdminBalance": "0", "ibtAdminBalance": "0"}
{"blockNumber":23053815,"chainId":1,"poolAddress":"0x6b6e36e0516b3020dff0edd01fe90c18774de709","poolType":"CURVE_SNG"}	{"ptAdminBalance": "0", "ibtAdminBalance": "0"}
{"blockNumber":23054873,"chainId":1,"poolAddress":"0x6b6e36e0516b3020dff0edd01fe90c18774de709","poolType":"CURVE_SNG"}	{"ptAdminBalance": "0", "ibtAdminBalance": "0"}
{"blockNumber":23016021,"chainId":1,"poolAddress":"0x6b6e36e0516b3020dff0edd01fe90c18774de709","poolType":"CURVE_SNG"}	{"ptAdminBalance": "0", "ibtAdminBalance": "0"}
{"blockNumber":23020316,"chainId":1,"poolAddress":"0x6b6e36e0516b3020dff0edd01fe90c18774de709","poolType":"CURVE_SNG"}	{"ptAdminBalance": "0", "ibtAdminBalance": "0"}
{"blockNumber":23045266,"chainId":1,"poolAddress":"0x6b6e36e0516b3020dff0edd01fe90c18774de709","poolType":"CURVE_SNG"}	{"ptAdminBalance": "0", "ibtAdminBalance": "0"}
{"blockNumber":23042473,"chainId":1,"poolAddress":"0x6b6e36e0516b3020dff0edd01fe90c18774de709","poolType":"CURVE_SNG"}	{"ptAdminBalance": "0", "ibtAdminBalance": "0"}
{"blockNumber":23042629,"chainId":1,"poolAddress":"0x6b6e36e0516b3020dff0edd01fe90c18774de709","poolType":"CURVE_SNG"}	{"ptAdminBalance": "0", "ibtAdminBalance": "0"}
{"blockNumber":23042729,"chainId":1,"poolAddress":"0x6b6e36e0516b3020dff0edd01fe90c18774de709","poolType":"CURVE_SNG"}	{"ptAdminBalance": "0", "ibtAdminBalance": "0"}
{"blockNumber":23042868,"chainId":1,"poolAddress":"0x6b6e36e0516b3020dff0edd01fe90c18774de709","poolType":"CURVE_SNG"}	{"ptAdminBalance": "0", "ibtAdminBalance": "0"}
{"blockNumber":23042910,"chainId":1,"poolAddress":"0x6b6e36e0516b3020dff0edd01fe90c18774de709","poolType":"CURVE_SNG"}	{"ptAdminBalance": "0", "ibtAdminBalance": "0"}
{"blockNumber":23042958,"chainId":1,"poolAddress":"0x6b6e36e0516b3020dff0edd01fe90c18774de709","poolType":"CURVE_SNG"}	{"ptAdminBalance": "0", "ibtAdminBalance": "0"}
{"blockNumber":23043009,"chainId":1,"poolAddress":"0x6b6e36e0516b3020dff0edd01fe90c18774de709","poolType":"CURVE_SNG"}	{"ptAdminBalance": "0", "ibtAdminBalance": "0"}
{"blockNumber":23045236,"chainId":1,"poolAddress":"0x6b6e36e0516b3020dff0edd01fe90c18774de709","poolType":"CURVE_SNG"}	{"ptAdminBalance": "0", "ibtAdminBalance": "0"}
{"blockNumber":23045724,"chainId":1,"poolAddress":"0x6b6e36e0516b3020dff0edd01fe90c18774de709","poolType":"CURVE_SNG"}	{"ptAdminBalance": "0", "ibtAdminBalance": "0"}
{"blockNumber":23058603,"chainId":1,"poolAddress":"0x6b6e36e0516b3020dff0edd01fe90c18774de709","poolType":"CURVE_SNG"}	{"ptAdminBalance": "0", "ibtAdminBalance": "0"}
{"blockNumber":23091736,"chainId":1,"poolAddress":"0x6b6e36e0516b3020dff0edd01fe90c18774de709","poolType":"CURVE_SNG"}	{"ptAdminBalance": "0", "ibtAdminBalance": "0"}
{"blockNumber":23103596,"chainId":1,"poolAddress":"0xcbe13315809acf6d7b92472fcb9546655b874ee7","poolType":"CURVE_SNG"}	{"ptAdminBalance": "0", "ibtAdminBalance": "0"}
{"blockNumber":23007207,"chainId":1,"poolAddress":"0xcbe13315809acf6d7b92472fcb9546655b874ee7","poolType":"CURVE_SNG"}	{"ptAdminBalance": "0", "ibtAdminBalance": "0"}
{"blockNumber":23024693,"chainId":1,"poolAddress":"0xcbe13315809acf6d7b92472fcb9546655b874ee7","poolType":"CURVE_SNG"}	{"ptAdminBalance": "0", "ibtAdminBalance": "0"}
{"blockNumber":23026764,"chainId":1,"poolAddress":"0xcbe13315809acf6d7b92472fcb9546655b874ee7","poolType":"CURVE_SNG"}	{"ptAdminBalance": "0", "ibtAdminBalance": "0"}
{"blockNumber":23032679,"chainId":1,"poolAddress":"0xcbe13315809acf6d7b92472fcb9546655b874ee7","poolType":"CURVE_SNG"}	{"ptAdminBalance": "0", "ibtAdminBalance": "0"}
{"blockNumber":23046850,"chainId":1,"poolAddress":"0xcbe13315809acf6d7b92472fcb9546655b874ee7","poolType":"CURVE_SNG"}	{"ptAdminBalance": "0", "ibtAdminBalance": "0"}
{"blockNumber":23048059,"chainId":1,"poolAddress":"0xcbe13315809acf6d7b92472fcb9546655b874ee7","poolType":"CURVE_SNG"}	{"ptAdminBalance": "0", "ibtAdminBalance": "0"}
{"blockNumber":23060253,"chainId":1,"poolAddress":"0xcbe13315809acf6d7b92472fcb9546655b874ee7","poolType":"CURVE_SNG"}	{"ptAdminBalance": "0", "ibtAdminBalance": "0"}
{"blockNumber":23103603,"chainId":1,"poolAddress":"0xcbe13315809acf6d7b92472fcb9546655b874ee7","poolType":"CURVE_SNG"}	{"ptAdminBalance": "0", "ibtAdminBalance": "0"}
{"blockNumber":22977569,"chainId":1,"poolAddress":"0x1253e519aedc35f9da29a14e155f64605d5144ce","poolType":"CURVE_SNG"}	{"ptAdminBalance": "0", "ibtAdminBalance": "0"}
{"blockNumber":23103727,"chainId":1,"poolAddress":"0x21ff331d1928cb7fde9a151d43eba4ebee843e87","poolType":"CURVE_SNG"}	{"ptAdminBalance": "0", "ibtAdminBalance": "0"}
{"blockNumber":23000415,"chainId":1,"poolAddress":"0x21ff331d1928cb7fde9a151d43eba4ebee843e87","poolType":"CURVE_SNG"}	{"ptAdminBalance": "0", "ibtAdminBalance": "0"}
{"blockNumber":23021334,"chainId":1,"poolAddress":"0x21ff331d1928cb7fde9a151d43eba4ebee843e87","poolType":"CURVE_SNG"}	{"ptAdminBalance": "0", "ibtAdminBalance": "0"}
{"blockNumber":23049350,"chainId":1,"poolAddress":"0x21ff331d1928cb7fde9a151d43eba4ebee843e87","poolType":"CURVE_SNG"}	{"ptAdminBalance": "0", "ibtAdminBalance": "0"}
{"blockNumber":23056477,"chainId":1,"poolAddress":"0x21ff331d1928cb7fde9a151d43eba4ebee843e87","poolType":"CURVE_SNG"}	{"ptAdminBalance": "0", "ibtAdminBalance": "0"}
{"blockNumber":23094514,"chainId":1,"poolAddress":"0x21ff331d1928cb7fde9a151d43eba4ebee843e87","poolType":"CURVE_SNG"}	{"ptAdminBalance": "0", "ibtAdminBalance": "0"}
{"blockNumber":23039731,"chainId":1,"poolAddress":"0x21ff331d1928cb7fde9a151d43eba4ebee843e87","poolType":"CURVE_SNG"}	{"ptAdminBalance": "0", "ibtAdminBalance": "0"}
{"blockNumber":23068168,"chainId":1,"poolAddress":"0x21ff331d1928cb7fde9a151d43eba4ebee843e87","poolType":"CURVE_SNG"}	{"ptAdminBalance": "0", "ibtAdminBalance": "0"}
{"blockNumber":22971257,"chainId":1,"poolAddress":"0x1ed0bea7db2815283da9e184145386bd7789a735","poolType":"CURVE_SNG"}	{"ptAdminBalance": "0", "ibtAdminBalance": "0"}
{"blockNumber":23103758,"chainId":1,"poolAddress":"0x1ed0bea7db2815283da9e184145386bd7789a735","poolType":"CURVE_SNG"}	{"ptAdminBalance": "0", "ibtAdminBalance": "0"}
{"blockNumber":22972373,"chainId":1,"poolAddress":"0x1ed0bea7db2815283da9e184145386bd7789a735","poolType":"CURVE_SNG"}	{"ptAdminBalance": "0", "ibtAdminBalance": "0"}
{"blockNumber":22979368,"chainId":1,"poolAddress":"0x1ed0bea7db2815283da9e184145386bd7789a735","poolType":"CURVE_SNG"}	{"ptAdminBalance": "0", "ibtAdminBalance": "0"}
{"blockNumber":23004329,"chainId":1,"poolAddress":"0x1ed0bea7db2815283da9e184145386bd7789a735","poolType":"CURVE_SNG"}	{"ptAdminBalance": "0", "ibtAdminBalance": "0"}
{"blockNumber":23021475,"chainId":1,"poolAddress":"0x1ed0bea7db2815283da9e184145386bd7789a735","poolType":"CURVE_SNG"}	{"ptAdminBalance": "0", "ibtAdminBalance": "0"}
{"blockNumber":23049371,"chainId":1,"poolAddress":"0x1ed0bea7db2815283da9e184145386bd7789a735","poolType":"CURVE_SNG"}	{"ptAdminBalance": "0", "ibtAdminBalance": "0"}
{"blockNumber":22975374,"chainId":1,"poolAddress":"0x1ed0bea7db2815283da9e184145386bd7789a735","poolType":"CURVE_SNG"}	{"ptAdminBalance": "0", "ibtAdminBalance": "0"}
{"blockNumber":22995211,"chainId":1,"poolAddress":"0x1ed0bea7db2815283da9e184145386bd7789a735","poolType":"CURVE_SNG"}	{"ptAdminBalance": "0", "ibtAdminBalance": "0"}
{"blockNumber":23045586,"chainId":1,"poolAddress":"0x1ed0bea7db2815283da9e184145386bd7789a735","poolType":"CURVE_SNG"}	{"ptAdminBalance": "0", "ibtAdminBalance": "0"}
{"blockNumber":23094519,"chainId":1,"poolAddress":"0x1ed0bea7db2815283da9e184145386bd7789a735","poolType":"CURVE_SNG"}	{"ptAdminBalance": "0", "ibtAdminBalance": "0"}
{"blockNumber":23039715,"chainId":1,"poolAddress":"0x1ed0bea7db2815283da9e184145386bd7789a735","poolType":"CURVE_SNG"}	{"ptAdminBalance": "0", "ibtAdminBalance": "0"}
{"blockNumber":23068158,"chainId":1,"poolAddress":"0x1ed0bea7db2815283da9e184145386bd7789a735","poolType":"CURVE_SNG"}	{"ptAdminBalance": "0", "ibtAdminBalance": "0"}
{"blockNumber":23044781,"chainId":1,"poolAddress":"0x1ed0bea7db2815283da9e184145386bd7789a735","poolType":"CURVE_SNG"}	{"ptAdminBalance": "0", "ibtAdminBalance": "0"}
{"blockNumber":22971942,"chainId":1,"poolAddress":"0xe48c3a1389be663f0e6f96ac1b90c10ee8b1b1ec","poolType":"CURVE_SNG"}	{"ptAdminBalance": "0", "ibtAdminBalance": "0"}
{"blockNumber":23004368,"chainId":1,"poolAddress":"0xe48c3a1389be663f0e6f96ac1b90c10ee8b1b1ec","poolType":"CURVE_SNG"}	{"ptAdminBalance": "0", "ibtAdminBalance": "0"}
{"blockNumber":23027105,"chainId":1,"poolAddress":"0xe48c3a1389be663f0e6f96ac1b90c10ee8b1b1ec","poolType":"CURVE_SNG"}	{"ptAdminBalance": "0", "ibtAdminBalance": "0"}
{"blockNumber":23095605,"chainId":1,"poolAddress":"0xe48c3a1389be663f0e6f96ac1b90c10ee8b1b1ec","poolType":"CURVE_SNG"}	{"ptAdminBalance": "0", "ibtAdminBalance": "0"}
{"blockNumber":22986991,"chainId":1,"poolAddress":"0x593a8a7c12d8111e12945ff167389662a02b5ece","poolType":"CURVE_SNG"}	{"ptAdminBalance": "0", "ibtAdminBalance": "0"}
{"blockNumber":23050799,"chainId":1,"poolAddress":"0x593a8a7c12d8111e12945ff167389662a02b5ece","poolType":"CURVE_SNG"}	{"ptAdminBalance": "0", "ibtAdminBalance": "0"}
{"blockNumber":22978558,"chainId":1,"poolAddress":"0x17a23e49ae0209b5243090c138e800c4ca1921e9","poolType":"CURVE_SNG"}	{"ptAdminBalance": "0", "ibtAdminBalance": "0"}
{"blockNumber":23024546,"chainId":1,"poolAddress":"0x6b6e36e0516b3020dff0edd01fe90c18774de709","poolType":"CURVE_SNG"}	{"ptAdminBalance": "0", "ibtAdminBalance": "0"}
{"blockNumber":22982877,"chainId":1,"poolAddress":"0xcbe13315809acf6d7b92472fcb9546655b874ee7","poolType":"CURVE_SNG"}	{"ptAdminBalance": "0", "ibtAdminBalance": "0"}
{"blockNumber":23050411,"chainId":1,"poolAddress":"0xcbe13315809acf6d7b92472fcb9546655b874ee7","poolType":"CURVE_SNG"}	{"ptAdminBalance": "0", "ibtAdminBalance": "0"}
{"blockNumber":23061023,"chainId":1,"poolAddress":"0xcbe13315809acf6d7b92472fcb9546655b874ee7","poolType":"CURVE_SNG"}	{"ptAdminBalance": "0", "ibtAdminBalance": "0"}
{"blockNumber":23061113,"chainId":1,"poolAddress":"0xcbe13315809acf6d7b92472fcb9546655b874ee7","poolType":"CURVE_SNG"}	{"ptAdminBalance": "0", "ibtAdminBalance": "0"}
{"blockNumber":23034283,"chainId":1,"poolAddress":"0xceb283be31a655a9c707a7bb5bb1edffc35491b0","poolType":"CURVE_SNG"}	{"ptAdminBalance": "0", "ibtAdminBalance": "0"}
{"blockNumber":23046928,"chainId":1,"poolAddress":"0xceb283be31a655a9c707a7bb5bb1edffc35491b0","poolType":"CURVE_SNG"}	{"ptAdminBalance": "0", "ibtAdminBalance": "0"}
{"blockNumber":23048112,"chainId":1,"poolAddress":"0xceb283be31a655a9c707a7bb5bb1edffc35491b0","poolType":"CURVE_SNG"}	{"ptAdminBalance": "0", "ibtAdminBalance": "0"}
{"blockNumber":23054912,"chainId":1,"poolAddress":"0x43cb9f6ddf5b313aec35f013800345cc895d4f22","poolType":"CURVE_SNG"}	{"ptAdminBalance": "0", "ibtAdminBalance": "0"}
{"blockNumber":23059106,"chainId":1,"poolAddress":"0x43cb9f6ddf5b313aec35f013800345cc895d4f22","poolType":"CURVE_SNG"}	{"ptAdminBalance": "0", "ibtAdminBalance": "0"}
{"blockNumber":23061677,"chainId":1,"poolAddress":"0x43cb9f6ddf5b313aec35f013800345cc895d4f22","poolType":"CURVE_SNG"}	{"ptAdminBalance": "0", "ibtAdminBalance": "0"}
{"blockNumber":23061770,"chainId":1,"poolAddress":"0x43cb9f6ddf5b313aec35f013800345cc895d4f22","poolType":"CURVE_SNG"}	{"ptAdminBalance": "0", "ibtAdminBalance": "0"}
{"blockNumber":23064170,"chainId":1,"poolAddress":"0x43cb9f6ddf5b313aec35f013800345cc895d4f22","poolType":"CURVE_SNG"}	{"ptAdminBalance": "0", "ibtAdminBalance": "0"}
{"blockNumber":23065774,"chainId":1,"poolAddress":"0xceb283be31a655a9c707a7bb5bb1edffc35491b0","poolType":"CURVE_SNG"}	{"ptAdminBalance": "0", "ibtAdminBalance": "0"}
{"blockNumber":23068853,"chainId":1,"poolAddress":"0x43cb9f6ddf5b313aec35f013800345cc895d4f22","poolType":"CURVE_SNG"}	{"ptAdminBalance": "0", "ibtAdminBalance": "0"}
{"blockNumber":23069938,"chainId":1,"poolAddress":"0xceb283be31a655a9c707a7bb5bb1edffc35491b0","poolType":"CURVE_SNG"}	{"ptAdminBalance": "0", "ibtAdminBalance": "0"}
{"blockNumber":23069981,"chainId":1,"poolAddress":"0xceb283be31a655a9c707a7bb5bb1edffc35491b0","poolType":"CURVE_SNG"}	{"ptAdminBalance": "0", "ibtAdminBalance": "0"}
{"blockNumber":23070434,"chainId":1,"poolAddress":"0x1f1975f2efea483f0e96ebf965caf95df17675a1","poolType":"CURVE_SNG"}	{"ptAdminBalance": "0", "ibtAdminBalance": "0"}
{"blockNumber":23070765,"chainId":1,"poolAddress":"0xceb283be31a655a9c707a7bb5bb1edffc35491b0","poolType":"CURVE_SNG"}	{"ptAdminBalance": "0", "ibtAdminBalance": "0"}
{"blockNumber":23073994,"chainId":1,"poolAddress":"0xf4ae78cb16f1cd8c5b06843ca2f54ddd7cbad03c","poolType":"CURVE_SNG"}	{"ptAdminBalance": "11282448064405243", "ibtAdminBalance": "435237375189818329"}
{"blockNumber":23081250,"chainId":1,"poolAddress":"0x43cb9f6ddf5b313aec35f013800345cc895d4f22","poolType":"CURVE_SNG"}	{"ptAdminBalance": "0", "ibtAdminBalance": "0"}
{"blockNumber":23081255,"chainId":1,"poolAddress":"0x43cb9f6ddf5b313aec35f013800345cc895d4f22","poolType":"CURVE_SNG"}	{"ptAdminBalance": "0", "ibtAdminBalance": "0"}
{"blockNumber":23085590,"chainId":1,"poolAddress":"0xceb283be31a655a9c707a7bb5bb1edffc35491b0","poolType":"CURVE_SNG"}	{"ptAdminBalance": "0", "ibtAdminBalance": "0"}
{"blockNumber":23095135,"chainId":1,"poolAddress":"0x43cb9f6ddf5b313aec35f013800345cc895d4f22","poolType":"CURVE_SNG"}	{"ptAdminBalance": "0", "ibtAdminBalance": "0"}
{"blockNumber":23362512,"chainId":1,"poolAddress":"0x2fe6c0f3f8e7821bb3e2164247aa24e1fd77e9e3","poolType":"CURVE_SNG"}	{"ptAdminBalance": "0", "ibtAdminBalance": "0"}
{"blockNumber":23374380,"chainId":1,"poolAddress":"0xcbe13315809acf6d7b92472fcb9546655b874ee7","poolType":"CURVE_SNG"}	{"ptAdminBalance": "0", "ibtAdminBalance": "0"}
{"blockNumber":23347012,"chainId":1,"poolAddress":"0x4103885b44676e24ae1f65d8a36d6bec57bd5000","poolType":"CURVE_SNG"}	{"ptAdminBalance": "0", "ibtAdminBalance": "0"}
{"blockNumber":23348573,"chainId":1,"poolAddress":"0x4103885b44676e24ae1f65d8a36d6bec57bd5000","poolType":"CURVE_SNG"}	{"ptAdminBalance": "0", "ibtAdminBalance": "0"}
{"blockNumber":23250810,"chainId":1,"poolAddress":"0xbbb7e0cb9720aa32a28aa075c310bbe746258186","poolType":"CURVE_SNG"}	{"ptAdminBalance": "0", "ibtAdminBalance": "473285186870"}
{"blockNumber":23378565,"chainId":1,"poolAddress":"0xd31fac73411da2c19aab7cd5d71f22d5c54e748a","poolType":"CURVE_SNG"}	{"ptAdminBalance": "71414929144229130", "ibtAdminBalance": "0"}
{"blockNumber":23155346,"chainId":1,"poolAddress":"0xf4ae78cb16f1cd8c5b06843ca2f54ddd7cbad03c","poolType":"CURVE_SNG"}	{"ptAdminBalance": "11282448064405243", "ibtAdminBalance": "435237375189818329"}
{"blockNumber":23350713,"chainId":1,"poolAddress":"0xf4ae78cb16f1cd8c5b06843ca2f54ddd7cbad03c","poolType":"CURVE_SNG"}	{"ptAdminBalance": "11282448064405243", "ibtAdminBalance": "435237375189818329"}
{"blockNumber":23317784,"chainId":1,"poolAddress":"0x1ed0bea7db2815283da9e184145386bd7789a735","poolType":"CURVE_SNG"}	{"ptAdminBalance": "0", "ibtAdminBalance": "0"}
{"blockNumber":23288904,"chainId":1,"poolAddress":"0x1ed0bea7db2815283da9e184145386bd7789a735","poolType":"CURVE_SNG"}	{"ptAdminBalance": "0", "ibtAdminBalance": "0"}
{"blockNumber":23256956,"chainId":1,"poolAddress":"0x1ed0bea7db2815283da9e184145386bd7789a735","poolType":"CURVE_SNG"}	{"ptAdminBalance": "0", "ibtAdminBalance": "0"}
{"blockNumber":23256980,"chainId":1,"poolAddress":"0xac3f886b4f965d6d3510e1093769f3860f98e8f0","poolType":"CURVE_SNG"}	{"ptAdminBalance": "0", "ibtAdminBalance": "0"}
{"blockNumber":23317094,"chainId":1,"poolAddress":"0xa95a5eb4f639ddc9cd0b431036eb2cc2d018c18c","poolType":"CURVE_SNG"}	{"ptAdminBalance": "369727162466843101", "ibtAdminBalance": "210220522356239003"}
{"blockNumber":23237079,"chainId":1,"poolAddress":"0x21ff331d1928cb7fde9a151d43eba4ebee843e87","poolType":"CURVE_SNG"}	{"ptAdminBalance": "0", "ibtAdminBalance": "0"}
{"blockNumber":23128248,"chainId":1,"poolAddress":"0x1ed0bea7db2815283da9e184145386bd7789a735","poolType":"CURVE_SNG"}	{"ptAdminBalance": "0", "ibtAdminBalance": "0"}
{"blockNumber":23223889,"chainId":1,"poolAddress":"0x1ed0bea7db2815283da9e184145386bd7789a735","poolType":"CURVE_SNG"}	{"ptAdminBalance": "0", "ibtAdminBalance": "0"}
{"blockNumber":23107661,"chainId":1,"poolAddress":"0xcbe13315809acf6d7b92472fcb9546655b874ee7","poolType":"CURVE_SNG"}	{"ptAdminBalance": "0", "ibtAdminBalance": "0"}
{"blockNumber":23108434,"chainId":1,"poolAddress":"0xcbe13315809acf6d7b92472fcb9546655b874ee7","poolType":"CURVE_SNG"}	{"ptAdminBalance": "0", "ibtAdminBalance": "0"}
{"blockNumber":23208520,"chainId":1,"poolAddress":"0xcbe13315809acf6d7b92472fcb9546655b874ee7","poolType":"CURVE_SNG"}	{"ptAdminBalance": "0", "ibtAdminBalance": "0"}
{"blockNumber":23154199,"chainId":1,"poolAddress":"0xcbe13315809acf6d7b92472fcb9546655b874ee7","poolType":"CURVE_SNG"}	{"ptAdminBalance": "0", "ibtAdminBalance": "0"}
{"blockNumber":23204702,"chainId":1,"poolAddress":"0xcbe13315809acf6d7b92472fcb9546655b874ee7","poolType":"CURVE_SNG"}	{"ptAdminBalance": "0", "ibtAdminBalance": "0"}
{"blockNumber":23204776,"chainId":1,"poolAddress":"0xcbe13315809acf6d7b92472fcb9546655b874ee7","poolType":"CURVE_SNG"}	{"ptAdminBalance": "0", "ibtAdminBalance": "0"}
{"blockNumber":23188224,"chainId":1,"poolAddress":"0xcbe13315809acf6d7b92472fcb9546655b874ee7","poolType":"CURVE_SNG"}	{"ptAdminBalance": "0", "ibtAdminBalance": "0"}
{"blockNumber":23138589,"chainId":1,"poolAddress":"0xcbe13315809acf6d7b92472fcb9546655b874ee7","poolType":"CURVE_SNG"}	{"ptAdminBalance": "0", "ibtAdminBalance": "0"}
{"blockNumber":23227298,"chainId":1,"poolAddress":"0xcbe13315809acf6d7b92472fcb9546655b874ee7","poolType":"CURVE_SNG"}	{"ptAdminBalance": "0", "ibtAdminBalance": "0"}
{"blockNumber":23230030,"chainId":1,"poolAddress":"0xcbe13315809acf6d7b92472fcb9546655b874ee7","poolType":"CURVE_SNG"}	{"ptAdminBalance": "0", "ibtAdminBalance": "0"}
{"blockNumber":23309634,"chainId":1,"poolAddress":"0xcbe13315809acf6d7b92472fcb9546655b874ee7","poolType":"CURVE_SNG"}	{"ptAdminBalance": "0", "ibtAdminBalance": "0"}
{"blockNumber":23144842,"chainId":1,"poolAddress":"0xcbe13315809acf6d7b92472fcb9546655b874ee7","poolType":"CURVE_SNG"}	{"ptAdminBalance": "0", "ibtAdminBalance": "0"}
{"blockNumber":23145789,"chainId":1,"poolAddress":"0xcbe13315809acf6d7b92472fcb9546655b874ee7","poolType":"CURVE_SNG"}	{"ptAdminBalance": "0", "ibtAdminBalance": "0"}
{"blockNumber":23152550,"chainId":1,"poolAddress":"0xcbe13315809acf6d7b92472fcb9546655b874ee7","poolType":"CURVE_SNG"}	{"ptAdminBalance": "0", "ibtAdminBalance": "0"}
{"blockNumber":23196629,"chainId":1,"poolAddress":"0xcbe13315809acf6d7b92472fcb9546655b874ee7","poolType":"CURVE_SNG"}	{"ptAdminBalance": "0", "ibtAdminBalance": "0"}
{"blockNumber":23367813,"chainId":1,"poolAddress":"0xcbe13315809acf6d7b92472fcb9546655b874ee7","poolType":"CURVE_SNG"}	{"ptAdminBalance": "0", "ibtAdminBalance": "0"}
{"blockNumber":23155778,"chainId":1,"poolAddress":"0xcbe13315809acf6d7b92472fcb9546655b874ee7","poolType":"CURVE_SNG"}	{"ptAdminBalance": "0", "ibtAdminBalance": "0"}
{"blockNumber":23189352,"chainId":1,"poolAddress":"0xcbe13315809acf6d7b92472fcb9546655b874ee7","poolType":"CURVE_SNG"}	{"ptAdminBalance": "0", "ibtAdminBalance": "0"}
{"blockNumber":23280644,"chainId":1,"poolAddress":"0xcbe13315809acf6d7b92472fcb9546655b874ee7","poolType":"CURVE_SNG"}	{"ptAdminBalance": "0", "ibtAdminBalance": "0"}
{"blockNumber":23230852,"chainId":1,"poolAddress":"0xcbe13315809acf6d7b92472fcb9546655b874ee7","poolType":"CURVE_SNG"}	{"ptAdminBalance": "0", "ibtAdminBalance": "0"}
{"blockNumber":23238532,"chainId":1,"poolAddress":"0xcbe13315809acf6d7b92472fcb9546655b874ee7","poolType":"CURVE_SNG"}	{"ptAdminBalance": "0", "ibtAdminBalance": "0"}
{"blockNumber":23276188,"chainId":1,"poolAddress":"0xcbe13315809acf6d7b92472fcb9546655b874ee7","poolType":"CURVE_SNG"}	{"ptAdminBalance": "0", "ibtAdminBalance": "0"}
{"blockNumber":23236553,"chainId":1,"poolAddress":"0xcbe13315809acf6d7b92472fcb9546655b874ee7","poolType":"CURVE_SNG"}	{"ptAdminBalance": "0", "ibtAdminBalance": "0"}
{"blockNumber":23304765,"chainId":1,"poolAddress":"0xcbe13315809acf6d7b92472fcb9546655b874ee7","poolType":"CURVE_SNG"}	{"ptAdminBalance": "0", "ibtAdminBalance": "0"}
{"blockNumber":23270166,"chainId":1,"poolAddress":"0xcbe13315809acf6d7b92472fcb9546655b874ee7","poolType":"CURVE_SNG"}	{"ptAdminBalance": "0", "ibtAdminBalance": "0"}
{"blockNumber":23331588,"chainId":1,"poolAddress":"0xcbe13315809acf6d7b92472fcb9546655b874ee7","poolType":"CURVE_SNG"}	{"ptAdminBalance": "0", "ibtAdminBalance": "0"}
{"blockNumber":23346050,"chainId":1,"poolAddress":"0xcbe13315809acf6d7b92472fcb9546655b874ee7","poolType":"CURVE_SNG"}	{"ptAdminBalance": "0", "ibtAdminBalance": "0"}
{"blockNumber":23294819,"chainId":1,"poolAddress":"0xcbe13315809acf6d7b92472fcb9546655b874ee7","poolType":"CURVE_SNG"}	{"ptAdminBalance": "0", "ibtAdminBalance": "0"}
{"blockNumber":23302107,"chainId":1,"poolAddress":"0xcbe13315809acf6d7b92472fcb9546655b874ee7","poolType":"CURVE_SNG"}	{"ptAdminBalance": "0", "ibtAdminBalance": "0"}
{"blockNumber":23337079,"chainId":1,"poolAddress":"0xcbe13315809acf6d7b92472fcb9546655b874ee7","poolType":"CURVE_SNG"}	{"ptAdminBalance": "0", "ibtAdminBalance": "0"}
{"blockNumber":23337105,"chainId":1,"poolAddress":"0xcbe13315809acf6d7b92472fcb9546655b874ee7","poolType":"CURVE_SNG"}	{"ptAdminBalance": "0", "ibtAdminBalance": "0"}
{"blockNumber":23373681,"chainId":1,"poolAddress":"0xcbe13315809acf6d7b92472fcb9546655b874ee7","poolType":"CURVE_SNG"}	{"ptAdminBalance": "0", "ibtAdminBalance": "0"}
{"blockNumber":23374287,"chainId":1,"poolAddress":"0xcbe13315809acf6d7b92472fcb9546655b874ee7","poolType":"CURVE_SNG"}	{"ptAdminBalance": "0", "ibtAdminBalance": "0"}
{"blockNumber":23381205,"chainId":1,"poolAddress":"0xcbe13315809acf6d7b92472fcb9546655b874ee7","poolType":"CURVE_SNG"}	{"ptAdminBalance": "0", "ibtAdminBalance": "0"}
{"blockNumber":23377281,"chainId":1,"poolAddress":"0xcbe13315809acf6d7b92472fcb9546655b874ee7","poolType":"CURVE_SNG"}	{"ptAdminBalance": "0", "ibtAdminBalance": "0"}
{"blockNumber":23382289,"chainId":1,"poolAddress":"0xcbe13315809acf6d7b92472fcb9546655b874ee7","poolType":"CURVE_SNG"}	{"ptAdminBalance": "0", "ibtAdminBalance": "0"}
{"blockNumber":23383558,"chainId":1,"poolAddress":"0xcbe13315809acf6d7b92472fcb9546655b874ee7","poolType":"CURVE_SNG"}	{"ptAdminBalance": "0", "ibtAdminBalance": "0"}
{"blockNumber":23383212,"chainId":1,"poolAddress":"0xcbe13315809acf6d7b92472fcb9546655b874ee7","poolType":"CURVE_SNG"}	{"ptAdminBalance": "0", "ibtAdminBalance": "0"}
{"blockNumber":23105732,"chainId":1,"poolAddress":"0x586032790165ec0b0562d2fd02055e6b2e729409","poolType":"CURVE_SNG"}	{"ptAdminBalance": "15433179790061961546", "ibtAdminBalance": "8889108183928142737"}
{"blockNumber":23109192,"chainId":1,"poolAddress":"0x586032790165ec0b0562d2fd02055e6b2e729409","poolType":"CURVE_SNG"}	{"ptAdminBalance": "15433179790061961546", "ibtAdminBalance": "8889108183928142737"}
{"blockNumber":23119864,"chainId":1,"poolAddress":"0x586032790165ec0b0562d2fd02055e6b2e729409","poolType":"CURVE_SNG"}	{"ptAdminBalance": "15433179790061961546", "ibtAdminBalance": "8889108183928142737"}
{"blockNumber":23129985,"chainId":1,"poolAddress":"0x586032790165ec0b0562d2fd02055e6b2e729409","poolType":"CURVE_SNG"}	{"ptAdminBalance": "15433179790061961546", "ibtAdminBalance": "8889108183928142737"}
{"blockNumber":23129994,"chainId":1,"poolAddress":"0x586032790165ec0b0562d2fd02055e6b2e729409","poolType":"CURVE_SNG"}	{"ptAdminBalance": "15433179790061961546", "ibtAdminBalance": "8889108183928142737"}
{"blockNumber":23202801,"chainId":1,"poolAddress":"0x586032790165ec0b0562d2fd02055e6b2e729409","poolType":"CURVE_SNG"}	{"ptAdminBalance": "15433179790061961546", "ibtAdminBalance": "8889108183928142737"}
{"blockNumber":23166215,"chainId":1,"poolAddress":"0x586032790165ec0b0562d2fd02055e6b2e729409","poolType":"CURVE_SNG"}	{"ptAdminBalance": "15433179790061961546", "ibtAdminBalance": "8889108183928142737"}
{"blockNumber":23281279,"chainId":1,"poolAddress":"0x586032790165ec0b0562d2fd02055e6b2e729409","poolType":"CURVE_SNG"}	{"ptAdminBalance": "15433179790061961546", "ibtAdminBalance": "8889108183928142737"}
{"blockNumber":23123229,"chainId":1,"poolAddress":"0x593a8a7c12d8111e12945ff167389662a02b5ece","poolType":"CURVE_SNG"}	{"ptAdminBalance": "0", "ibtAdminBalance": "0"}
{"blockNumber":23123255,"chainId":1,"poolAddress":"0x593a8a7c12d8111e12945ff167389662a02b5ece","poolType":"CURVE_SNG"}	{"ptAdminBalance": "0", "ibtAdminBalance": "0"}
{"blockNumber":23123311,"chainId":1,"poolAddress":"0x593a8a7c12d8111e12945ff167389662a02b5ece","poolType":"CURVE_SNG"}	{"ptAdminBalance": "0", "ibtAdminBalance": "0"}
{"blockNumber":23189349,"chainId":1,"poolAddress":"0x593a8a7c12d8111e12945ff167389662a02b5ece","poolType":"CURVE_SNG"}	{"ptAdminBalance": "0", "ibtAdminBalance": "0"}
{"blockNumber":23189350,"chainId":1,"poolAddress":"0x593a8a7c12d8111e12945ff167389662a02b5ece","poolType":"CURVE_SNG"}	{"ptAdminBalance": "0", "ibtAdminBalance": "0"}
{"blockNumber":23123930,"chainId":1,"poolAddress":"0x593a8a7c12d8111e12945ff167389662a02b5ece","poolType":"CURVE_SNG"}	{"ptAdminBalance": "0", "ibtAdminBalance": "0"}
{"blockNumber":23196620,"chainId":1,"poolAddress":"0x593a8a7c12d8111e12945ff167389662a02b5ece","poolType":"CURVE_SNG"}	{"ptAdminBalance": "0", "ibtAdminBalance": "0"}
{"blockNumber":23188452,"chainId":1,"poolAddress":"0x593a8a7c12d8111e12945ff167389662a02b5ece","poolType":"CURVE_SNG"}	{"ptAdminBalance": "0", "ibtAdminBalance": "0"}
{"blockNumber":23219402,"chainId":1,"poolAddress":"0x593a8a7c12d8111e12945ff167389662a02b5ece","poolType":"CURVE_SNG"}	{"ptAdminBalance": "0", "ibtAdminBalance": "0"}
{"blockNumber":23338436,"chainId":1,"poolAddress":"0x593a8a7c12d8111e12945ff167389662a02b5ece","poolType":"CURVE_SNG"}	{"ptAdminBalance": "0", "ibtAdminBalance": "0"}
{"blockNumber":23219399,"chainId":1,"poolAddress":"0x593a8a7c12d8111e12945ff167389662a02b5ece","poolType":"CURVE_SNG"}	{"ptAdminBalance": "0", "ibtAdminBalance": "0"}
{"blockNumber":23260387,"chainId":1,"poolAddress":"0x593a8a7c12d8111e12945ff167389662a02b5ece","poolType":"CURVE_SNG"}	{"ptAdminBalance": "0", "ibtAdminBalance": "0"}
{"blockNumber":23242684,"chainId":1,"poolAddress":"0x593a8a7c12d8111e12945ff167389662a02b5ece","poolType":"CURVE_SNG"}	{"ptAdminBalance": "0", "ibtAdminBalance": "0"}
{"blockNumber":23299148,"chainId":1,"poolAddress":"0x593a8a7c12d8111e12945ff167389662a02b5ece","poolType":"CURVE_SNG"}	{"ptAdminBalance": "0", "ibtAdminBalance": "0"}
{"blockNumber":23300126,"chainId":1,"poolAddress":"0x593a8a7c12d8111e12945ff167389662a02b5ece","poolType":"CURVE_SNG"}	{"ptAdminBalance": "0", "ibtAdminBalance": "0"}
{"blockNumber":23302113,"chainId":1,"poolAddress":"0x593a8a7c12d8111e12945ff167389662a02b5ece","poolType":"CURVE_SNG"}	{"ptAdminBalance": "0", "ibtAdminBalance": "0"}
{"blockNumber":23314997,"chainId":1,"poolAddress":"0x593a8a7c12d8111e12945ff167389662a02b5ece","poolType":"CURVE_SNG"}	{"ptAdminBalance": "0", "ibtAdminBalance": "0"}
{"blockNumber":23315184,"chainId":1,"poolAddress":"0x593a8a7c12d8111e12945ff167389662a02b5ece","poolType":"CURVE_SNG"}	{"ptAdminBalance": "0", "ibtAdminBalance": "0"}
{"blockNumber":23315961,"chainId":1,"poolAddress":"0x593a8a7c12d8111e12945ff167389662a02b5ece","poolType":"CURVE_SNG"}	{"ptAdminBalance": "0", "ibtAdminBalance": "0"}
{"blockNumber":23121114,"chainId":1,"poolAddress":"0xac3f886b4f965d6d3510e1093769f3860f98e8f0","poolType":"CURVE_SNG"}	{"ptAdminBalance": "0", "ibtAdminBalance": "0"}
{"blockNumber":23251644,"chainId":1,"poolAddress":"0x43cb9f6ddf5b313aec35f013800345cc895d4f22","poolType":"CURVE_SNG"}	{"ptAdminBalance": "0", "ibtAdminBalance": "0"}
{"blockNumber":23251693,"chainId":1,"poolAddress":"0x43cb9f6ddf5b313aec35f013800345cc895d4f22","poolType":"CURVE_SNG"}	{"ptAdminBalance": "0", "ibtAdminBalance": "0"}
{"blockNumber":23108335,"chainId":1,"poolAddress":"0xc1b8e361803deef2d40ce5ec19e2a98f4045608b","poolType":"CURVE_SNG"}	{"ptAdminBalance": "18579157592311544413", "ibtAdminBalance": "6692202791482961319"}
{"blockNumber":23108416,"chainId":1,"poolAddress":"0xc1b8e361803deef2d40ce5ec19e2a98f4045608b","poolType":"CURVE_SNG"}	{"ptAdminBalance": "18579157592311544413", "ibtAdminBalance": "6692202791482961319"}
{"blockNumber":23108425,"chainId":1,"poolAddress":"0xc1b8e361803deef2d40ce5ec19e2a98f4045608b","poolType":"CURVE_SNG"}	{"ptAdminBalance": "18579157592311544413", "ibtAdminBalance": "6692202791482961319"}
{"blockNumber":23246296,"chainId":1,"poolAddress":"0xf4ae78cb16f1cd8c5b06843ca2f54ddd7cbad03c","poolType":"CURVE_SNG"}	{"ptAdminBalance": "11282448064405243", "ibtAdminBalance": "435237375189818329"}
{"blockNumber":23239884,"chainId":1,"poolAddress":"0xe48c3a1389be663f0e6f96ac1b90c10ee8b1b1ec","poolType":"CURVE_SNG"}	{"ptAdminBalance": "0", "ibtAdminBalance": "0"}
{"blockNumber":23154215,"chainId":1,"poolAddress":"0xe48c3a1389be663f0e6f96ac1b90c10ee8b1b1ec","poolType":"CURVE_SNG"}	{"ptAdminBalance": "0", "ibtAdminBalance": "0"}
{"blockNumber":23190377,"chainId":1,"poolAddress":"0xe48c3a1389be663f0e6f96ac1b90c10ee8b1b1ec","poolType":"CURVE_SNG"}	{"ptAdminBalance": "0", "ibtAdminBalance": "0"}
{"blockNumber":23190684,"chainId":1,"poolAddress":"0xe48c3a1389be663f0e6f96ac1b90c10ee8b1b1ec","poolType":"CURVE_SNG"}	{"ptAdminBalance": "0", "ibtAdminBalance": "0"}
{"blockNumber":23276892,"chainId":1,"poolAddress":"0xd31fac73411da2c19aab7cd5d71f22d5c54e748a","poolType":"CURVE_SNG"}	{"ptAdminBalance": "71414929144229130", "ibtAdminBalance": "0"}
{"blockNumber":23172990,"chainId":1,"poolAddress":"0xd31fac73411da2c19aab7cd5d71f22d5c54e748a","poolType":"CURVE_SNG"}	{"ptAdminBalance": "71414929144229130", "ibtAdminBalance": "0"}
{"blockNumber":23122831,"chainId":1,"poolAddress":"0xcbe13315809acf6d7b92472fcb9546655b874ee7","poolType":"CURVE_SNG"}	{"ptAdminBalance": "0", "ibtAdminBalance": "0"}
{"blockNumber":23122843,"chainId":1,"poolAddress":"0xcbe13315809acf6d7b92472fcb9546655b874ee7","poolType":"CURVE_SNG"}	{"ptAdminBalance": "0", "ibtAdminBalance": "0"}
{"blockNumber":23171769,"chainId":1,"poolAddress":"0xcbe13315809acf6d7b92472fcb9546655b874ee7","poolType":"CURVE_SNG"}	{"ptAdminBalance": "0", "ibtAdminBalance": "0"}
{"blockNumber":23313227,"chainId":1,"poolAddress":"0xcbe13315809acf6d7b92472fcb9546655b874ee7","poolType":"CURVE_SNG"}	{"ptAdminBalance": "0", "ibtAdminBalance": "0"}
{"blockNumber":23362546,"chainId":1,"poolAddress":"0x2fe6c0f3f8e7821bb3e2164247aa24e1fd77e9e3","poolType":"CURVE_SNG"}	{"ptAdminBalance": "0", "ibtAdminBalance": "0"}
{"blockNumber":23362552,"chainId":1,"poolAddress":"0x2fe6c0f3f8e7821bb3e2164247aa24e1fd77e9e3","poolType":"CURVE_SNG"}	{"ptAdminBalance": "0", "ibtAdminBalance": "0"}
{"blockNumber":23362565,"chainId":1,"poolAddress":"0x2fe6c0f3f8e7821bb3e2164247aa24e1fd77e9e3","poolType":"CURVE_SNG"}	{"ptAdminBalance": "0", "ibtAdminBalance": "0"}
{"blockNumber":23382954,"chainId":1,"poolAddress":"0x2fe6c0f3f8e7821bb3e2164247aa24e1fd77e9e3","poolType":"CURVE_SNG"}	{"ptAdminBalance": "0", "ibtAdminBalance": "0"}
{"blockNumber":23146426,"chainId":1,"poolAddress":"0xcbe13315809acf6d7b92472fcb9546655b874ee7","poolType":"CURVE_SNG"}	{"ptAdminBalance": "0", "ibtAdminBalance": "0"}
{"blockNumber":23160174,"chainId":1,"poolAddress":"0xcbe13315809acf6d7b92472fcb9546655b874ee7","poolType":"CURVE_SNG"}	{"ptAdminBalance": "0", "ibtAdminBalance": "0"}
{"blockNumber":23228892,"chainId":1,"poolAddress":"0xcbe13315809acf6d7b92472fcb9546655b874ee7","poolType":"CURVE_SNG"}	{"ptAdminBalance": "0", "ibtAdminBalance": "0"}
{"blockNumber":23259338,"chainId":1,"poolAddress":"0xcbe13315809acf6d7b92472fcb9546655b874ee7","poolType":"CURVE_SNG"}	{"ptAdminBalance": "0", "ibtAdminBalance": "0"}
{"blockNumber":23383024,"chainId":1,"poolAddress":"0xcbe13315809acf6d7b92472fcb9546655b874ee7","poolType":"CURVE_SNG"}	{"ptAdminBalance": "0", "ibtAdminBalance": "0"}
{"blockNumber":23383047,"chainId":1,"poolAddress":"0xcbe13315809acf6d7b92472fcb9546655b874ee7","poolType":"CURVE_SNG"}	{"ptAdminBalance": "0", "ibtAdminBalance": "0"}
{"blockNumber":23315545,"chainId":1,"poolAddress":"0xcbe13315809acf6d7b92472fcb9546655b874ee7","poolType":"CURVE_SNG"}	{"ptAdminBalance": "0", "ibtAdminBalance": "0"}
{"blockNumber":23111001,"chainId":1,"poolAddress":"0xcbe13315809acf6d7b92472fcb9546655b874ee7","poolType":"CURVE_SNG"}	{"ptAdminBalance": "0", "ibtAdminBalance": "0"}
{"blockNumber":23140769,"chainId":1,"poolAddress":"0xcbe13315809acf6d7b92472fcb9546655b874ee7","poolType":"CURVE_SNG"}	{"ptAdminBalance": "0", "ibtAdminBalance": "0"}
{"blockNumber":23154109,"chainId":1,"poolAddress":"0xcbe13315809acf6d7b92472fcb9546655b874ee7","poolType":"CURVE_SNG"}	{"ptAdminBalance": "0", "ibtAdminBalance": "0"}
{"blockNumber":23167964,"chainId":1,"poolAddress":"0xcbe13315809acf6d7b92472fcb9546655b874ee7","poolType":"CURVE_SNG"}	{"ptAdminBalance": "0", "ibtAdminBalance": "0"}
{"blockNumber":23178738,"chainId":1,"poolAddress":"0xcbe13315809acf6d7b92472fcb9546655b874ee7","poolType":"CURVE_SNG"}	{"ptAdminBalance": "0", "ibtAdminBalance": "0"}
{"blockNumber":23165885,"chainId":1,"poolAddress":"0xcbe13315809acf6d7b92472fcb9546655b874ee7","poolType":"CURVE_SNG"}	{"ptAdminBalance": "0", "ibtAdminBalance": "0"}
{"blockNumber":23166602,"chainId":1,"poolAddress":"0xcbe13315809acf6d7b92472fcb9546655b874ee7","poolType":"CURVE_SNG"}	{"ptAdminBalance": "0", "ibtAdminBalance": "0"}
{"blockNumber":23261366,"chainId":1,"poolAddress":"0xcbe13315809acf6d7b92472fcb9546655b874ee7","poolType":"CURVE_SNG"}	{"ptAdminBalance": "0", "ibtAdminBalance": "0"}
{"blockNumber":23308662,"chainId":1,"poolAddress":"0xcbe13315809acf6d7b92472fcb9546655b874ee7","poolType":"CURVE_SNG"}	{"ptAdminBalance": "0", "ibtAdminBalance": "0"}
{"blockNumber":23348106,"chainId":1,"poolAddress":"0xcbe13315809acf6d7b92472fcb9546655b874ee7","poolType":"CURVE_SNG"}	{"ptAdminBalance": "0", "ibtAdminBalance": "0"}
{"blockNumber":23379911,"chainId":1,"poolAddress":"0xcbe13315809acf6d7b92472fcb9546655b874ee7","poolType":"CURVE_SNG"}	{"ptAdminBalance": "0", "ibtAdminBalance": "0"}
{"blockNumber":23383806,"chainId":1,"poolAddress":"0xcbe13315809acf6d7b92472fcb9546655b874ee7","poolType":"CURVE_SNG"}	{"ptAdminBalance": "0", "ibtAdminBalance": "0"}
{"blockNumber":23166402,"chainId":1,"poolAddress":"0x586032790165ec0b0562d2fd02055e6b2e729409","poolType":"CURVE_SNG"}	{"ptAdminBalance": "15433179790061961546", "ibtAdminBalance": "8889108183928142737"}
{"blockNumber":23292966,"chainId":1,"poolAddress":"0x43cb9f6ddf5b313aec35f013800345cc895d4f22","poolType":"CURVE_SNG"}	{"ptAdminBalance": "0", "ibtAdminBalance": "0"}
{"blockNumber":23111058,"chainId":1,"poolAddress":"0x43cb9f6ddf5b313aec35f013800345cc895d4f22","poolType":"CURVE_SNG"}	{"ptAdminBalance": "0", "ibtAdminBalance": "0"}
{"blockNumber":23122643,"chainId":1,"poolAddress":"0x43cb9f6ddf5b313aec35f013800345cc895d4f22","poolType":"CURVE_SNG"}	{"ptAdminBalance": "0", "ibtAdminBalance": "0"}
{"blockNumber":23137359,"chainId":1,"poolAddress":"0x43cb9f6ddf5b313aec35f013800345cc895d4f22","poolType":"CURVE_SNG"}	{"ptAdminBalance": "0", "ibtAdminBalance": "0"}
{"blockNumber":23260158,"chainId":1,"poolAddress":"0x4619a871112c443658a505941532bb7df60b06b2","poolType":"CURVE_SNG"}	{"ptAdminBalance": "0", "ibtAdminBalance": "0"}
{"blockNumber":23367826,"chainId":1,"poolAddress":"0x1ed0bea7db2815283da9e184145386bd7789a735","poolType":"CURVE_SNG"}	{"ptAdminBalance": "0", "ibtAdminBalance": "0"}
{"blockNumber":23200008,"chainId":1,"poolAddress":"0x1ed0bea7db2815283da9e184145386bd7789a735","poolType":"CURVE_SNG"}	{"ptAdminBalance": "0", "ibtAdminBalance": "0"}
{"blockNumber":23114054,"chainId":1,"poolAddress":"0x1ed0bea7db2815283da9e184145386bd7789a735","poolType":"CURVE_SNG"}	{"ptAdminBalance": "0", "ibtAdminBalance": "0"}
{"blockNumber":23256619,"chainId":1,"poolAddress":"0x1ed0bea7db2815283da9e184145386bd7789a735","poolType":"CURVE_SNG"}	{"ptAdminBalance": "0", "ibtAdminBalance": "0"}
{"blockNumber":23367902,"chainId":1,"poolAddress":"0x1ed0bea7db2815283da9e184145386bd7789a735","poolType":"CURVE_SNG"}	{"ptAdminBalance": "0", "ibtAdminBalance": "0"}
{"blockNumber":23367947,"chainId":1,"poolAddress":"0x1ed0bea7db2815283da9e184145386bd7789a735","poolType":"CURVE_SNG"}	{"ptAdminBalance": "0", "ibtAdminBalance": "0"}
{"blockNumber":23351452,"chainId":1,"poolAddress":"0x17a23e49ae0209b5243090c138e800c4ca1921e9","poolType":"CURVE_SNG"}	{"ptAdminBalance": "0", "ibtAdminBalance": "0"}
{"blockNumber":23267130,"chainId":1,"poolAddress":"0x17a23e49ae0209b5243090c138e800c4ca1921e9","poolType":"CURVE_SNG"}	{"ptAdminBalance": "0", "ibtAdminBalance": "0"}
{"blockNumber":23360998,"chainId":1,"poolAddress":"0x17a23e49ae0209b5243090c138e800c4ca1921e9","poolType":"CURVE_SNG"}	{"ptAdminBalance": "0", "ibtAdminBalance": "0"}
{"blockNumber":23317362,"chainId":1,"poolAddress":"0x17a23e49ae0209b5243090c138e800c4ca1921e9","poolType":"CURVE_SNG"}	{"ptAdminBalance": "0", "ibtAdminBalance": "0"}
{"blockNumber":23218086,"chainId":1,"poolAddress":"0x6e7f0c234582b9421e4c9bc4ab3542016cd23301","poolType":"CURVE_SNG"}	{"ptAdminBalance": "0", "ibtAdminBalance": "0"}
{"blockNumber":23291501,"chainId":1,"poolAddress":"0x6e7f0c234582b9421e4c9bc4ab3542016cd23301","poolType":"CURVE_SNG"}	{"ptAdminBalance": "0", "ibtAdminBalance": "0"}
{"blockNumber":23376140,"chainId":1,"poolAddress":"0x6e7f0c234582b9421e4c9bc4ab3542016cd23301","poolType":"CURVE_SNG"}	{"ptAdminBalance": "0", "ibtAdminBalance": "0"}
{"blockNumber":23383032,"chainId":1,"poolAddress":"0x6e7f0c234582b9421e4c9bc4ab3542016cd23301","poolType":"CURVE_SNG"}	{"ptAdminBalance": "0", "ibtAdminBalance": "0"}
{"blockNumber":23361125,"chainId":1,"poolAddress":"0xc1b8e361803deef2d40ce5ec19e2a98f4045608b","poolType":"CURVE_SNG"}	{"ptAdminBalance": "18579157592311544413", "ibtAdminBalance": "6692202791482961319"}
{"blockNumber":23237641,"chainId":1,"poolAddress":"0x21ff331d1928cb7fde9a151d43eba4ebee843e87","poolType":"CURVE_SNG"}	{"ptAdminBalance": "0", "ibtAdminBalance": "0"}
{"blockNumber":23108325,"chainId":1,"poolAddress":"0xd7d9bcafff98308d447a3985c6fedd84dbdea34b","poolType":"CURVE_SNG"}	{"ptAdminBalance": "42960791171858997433", "ibtAdminBalance": "39267450782546002338"}
{"blockNumber":23108360,"chainId":1,"poolAddress":"0xd7d9bcafff98308d447a3985c6fedd84dbdea34b","poolType":"CURVE_SNG"}	{"ptAdminBalance": "42960791171858997433", "ibtAdminBalance": "39267450782546002338"}
{"blockNumber":23339274,"chainId":1,"poolAddress":"0xd7d9bcafff98308d447a3985c6fedd84dbdea34b","poolType":"CURVE_SNG"}	{"ptAdminBalance": "42960791171858997433", "ibtAdminBalance": "39267450782546002338"}
{"blockNumber":23108537,"chainId":1,"poolAddress":"0xac3f886b4f965d6d3510e1093769f3860f98e8f0","poolType":"CURVE_SNG"}	{"ptAdminBalance": "0", "ibtAdminBalance": "0"}
{"blockNumber":23108543,"chainId":1,"poolAddress":"0xac3f886b4f965d6d3510e1093769f3860f98e8f0","poolType":"CURVE_SNG"}	{"ptAdminBalance": "0", "ibtAdminBalance": "0"}
{"blockNumber":23361129,"chainId":1,"poolAddress":"0x593a8a7c12d8111e12945ff167389662a02b5ece","poolType":"CURVE_SNG"}	{"ptAdminBalance": "0", "ibtAdminBalance": "0"}
{"blockNumber":23125324,"chainId":1,"poolAddress":"0x593a8a7c12d8111e12945ff167389662a02b5ece","poolType":"CURVE_SNG"}	{"ptAdminBalance": "0", "ibtAdminBalance": "0"}
{"blockNumber":23150566,"chainId":1,"poolAddress":"0x593a8a7c12d8111e12945ff167389662a02b5ece","poolType":"CURVE_SNG"}	{"ptAdminBalance": "0", "ibtAdminBalance": "0"}
{"blockNumber":23201327,"chainId":1,"poolAddress":"0x593a8a7c12d8111e12945ff167389662a02b5ece","poolType":"CURVE_SNG"}	{"ptAdminBalance": "0", "ibtAdminBalance": "0"}
{"blockNumber":23359780,"chainId":1,"poolAddress":"0x593a8a7c12d8111e12945ff167389662a02b5ece","poolType":"CURVE_SNG"}	{"ptAdminBalance": "0", "ibtAdminBalance": "0"}
{"blockNumber":23361243,"chainId":1,"poolAddress":"0x593a8a7c12d8111e12945ff167389662a02b5ece","poolType":"CURVE_SNG"}	{"ptAdminBalance": "0", "ibtAdminBalance": "0"}
{"blockNumber":23380698,"chainId":1,"poolAddress":"0xa95a5eb4f639ddc9cd0b431036eb2cc2d018c18c","poolType":"CURVE_SNG"}	{"ptAdminBalance": "369727162466843101", "ibtAdminBalance": "210220522356239003"}
{"blockNumber":23154983,"chainId":1,"poolAddress":"0xf4ae78cb16f1cd8c5b06843ca2f54ddd7cbad03c","poolType":"CURVE_SNG"}	{"ptAdminBalance": "11282448064405243", "ibtAdminBalance": "435237375189818329"}
{"blockNumber":23180474,"chainId":1,"poolAddress":"0xf4ae78cb16f1cd8c5b06843ca2f54ddd7cbad03c","poolType":"CURVE_SNG"}	{"ptAdminBalance": "11282448064405243", "ibtAdminBalance": "435237375189818329"}
{"blockNumber":23343918,"chainId":1,"poolAddress":"0xf4ae78cb16f1cd8c5b06843ca2f54ddd7cbad03c","poolType":"CURVE_SNG"}	{"ptAdminBalance": "11282448064405243", "ibtAdminBalance": "435237375189818329"}
{"blockNumber":23138092,"chainId":1,"poolAddress":"0xe48c3a1389be663f0e6f96ac1b90c10ee8b1b1ec","poolType":"CURVE_SNG"}	{"ptAdminBalance": "0", "ibtAdminBalance": "0"}
{"blockNumber":23210477,"chainId":1,"poolAddress":"0xe48c3a1389be663f0e6f96ac1b90c10ee8b1b1ec","poolType":"CURVE_SNG"}	{"ptAdminBalance": "0", "ibtAdminBalance": "0"}
{"blockNumber":23243207,"chainId":1,"poolAddress":"0xe48c3a1389be663f0e6f96ac1b90c10ee8b1b1ec","poolType":"CURVE_SNG"}	{"ptAdminBalance": "0", "ibtAdminBalance": "0"}
{"blockNumber":23287284,"chainId":1,"poolAddress":"0xe48c3a1389be663f0e6f96ac1b90c10ee8b1b1ec","poolType":"CURVE_SNG"}	{"ptAdminBalance": "0", "ibtAdminBalance": "0"}
{"blockNumber":23287520,"chainId":1,"poolAddress":"0xe48c3a1389be663f0e6f96ac1b90c10ee8b1b1ec","poolType":"CURVE_SNG"}	{"ptAdminBalance": "0", "ibtAdminBalance": "0"}
{"blockNumber":23288433,"chainId":1,"poolAddress":"0xe48c3a1389be663f0e6f96ac1b90c10ee8b1b1ec","poolType":"CURVE_SNG"}	{"ptAdminBalance": "0", "ibtAdminBalance": "0"}
{"blockNumber":23333711,"chainId":1,"poolAddress":"0xe48c3a1389be663f0e6f96ac1b90c10ee8b1b1ec","poolType":"CURVE_SNG"}	{"ptAdminBalance": "0", "ibtAdminBalance": "0"}
{"blockNumber":23174401,"chainId":1,"poolAddress":"0x6e7f0c234582b9421e4c9bc4ab3542016cd23301","poolType":"CURVE_SNG"}	{"ptAdminBalance": "0", "ibtAdminBalance": "0"}
{"blockNumber":23341308,"chainId":1,"poolAddress":"0x6e7f0c234582b9421e4c9bc4ab3542016cd23301","poolType":"CURVE_SNG"}	{"ptAdminBalance": "0", "ibtAdminBalance": "0"}
{"blockNumber":23230166,"chainId":1,"poolAddress":"0x6e7f0c234582b9421e4c9bc4ab3542016cd23301","poolType":"CURVE_SNG"}	{"ptAdminBalance": "0", "ibtAdminBalance": "0"}
{"blockNumber":23359774,"chainId":1,"poolAddress":"0x17a23e49ae0209b5243090c138e800c4ca1921e9","poolType":"CURVE_SNG"}	{"ptAdminBalance": "0", "ibtAdminBalance": "0"}
{"blockNumber":23190319,"chainId":1,"poolAddress":"0xe48c3a1389be663f0e6f96ac1b90c10ee8b1b1ec","poolType":"CURVE_SNG"}	{"ptAdminBalance": "0", "ibtAdminBalance": "0"}
{"blockNumber":23190643,"chainId":1,"poolAddress":"0xe48c3a1389be663f0e6f96ac1b90c10ee8b1b1ec","poolType":"CURVE_SNG"}	{"ptAdminBalance": "0", "ibtAdminBalance": "0"}
{"blockNumber":23140684,"chainId":1,"poolAddress":"0xe48c3a1389be663f0e6f96ac1b90c10ee8b1b1ec","poolType":"CURVE_SNG"}	{"ptAdminBalance": "0", "ibtAdminBalance": "0"}
{"blockNumber":23344152,"chainId":1,"poolAddress":"0xe48c3a1389be663f0e6f96ac1b90c10ee8b1b1ec","poolType":"CURVE_SNG"}	{"ptAdminBalance": "0", "ibtAdminBalance": "0"}
{"blockNumber":23167374,"chainId":1,"poolAddress":"0xe48c3a1389be663f0e6f96ac1b90c10ee8b1b1ec","poolType":"CURVE_SNG"}	{"ptAdminBalance": "0", "ibtAdminBalance": "0"}
{"blockNumber":23287238,"chainId":1,"poolAddress":"0xe48c3a1389be663f0e6f96ac1b90c10ee8b1b1ec","poolType":"CURVE_SNG"}	{"ptAdminBalance": "0", "ibtAdminBalance": "0"}
{"blockNumber":23250069,"chainId":1,"poolAddress":"0x1ed0bea7db2815283da9e184145386bd7789a735","poolType":"CURVE_SNG"}	{"ptAdminBalance": "0", "ibtAdminBalance": "0"}
{"blockNumber":23250082,"chainId":1,"poolAddress":"0x1ed0bea7db2815283da9e184145386bd7789a735","poolType":"CURVE_SNG"}	{"ptAdminBalance": "0", "ibtAdminBalance": "0"}
{"blockNumber":23332009,"chainId":1,"poolAddress":"0x6e7f0c234582b9421e4c9bc4ab3542016cd23301","poolType":"CURVE_SNG"}	{"ptAdminBalance": "0", "ibtAdminBalance": "0"}
{"blockNumber":23345881,"chainId":1,"poolAddress":"0x6e7f0c234582b9421e4c9bc4ab3542016cd23301","poolType":"CURVE_SNG"}	{"ptAdminBalance": "0", "ibtAdminBalance": "0"}
{"blockNumber":23377168,"chainId":1,"poolAddress":"0x6e7f0c234582b9421e4c9bc4ab3542016cd23301","poolType":"CURVE_SNG"}	{"ptAdminBalance": "0", "ibtAdminBalance": "0"}
{"blockNumber":23352626,"chainId":1,"poolAddress":"0x6e7f0c234582b9421e4c9bc4ab3542016cd23301","poolType":"CURVE_SNG"}	{"ptAdminBalance": "0", "ibtAdminBalance": "0"}
{"blockNumber":23245623,"chainId":1,"poolAddress":"0x6e7f0c234582b9421e4c9bc4ab3542016cd23301","poolType":"CURVE_SNG"}	{"ptAdminBalance": "0", "ibtAdminBalance": "0"}
{"blockNumber":23197956,"chainId":1,"poolAddress":"0x6e7f0c234582b9421e4c9bc4ab3542016cd23301","poolType":"CURVE_SNG"}	{"ptAdminBalance": "0", "ibtAdminBalance": "0"}
{"blockNumber":23173002,"chainId":1,"poolAddress":"0x6e7f0c234582b9421e4c9bc4ab3542016cd23301","poolType":"CURVE_SNG"}	{"ptAdminBalance": "0", "ibtAdminBalance": "0"}
{"blockNumber":23296395,"chainId":1,"poolAddress":"0x6e7f0c234582b9421e4c9bc4ab3542016cd23301","poolType":"CURVE_SNG"}	{"ptAdminBalance": "0", "ibtAdminBalance": "0"}
{"blockNumber":23306313,"chainId":1,"poolAddress":"0x6e7f0c234582b9421e4c9bc4ab3542016cd23301","poolType":"CURVE_SNG"}	{"ptAdminBalance": "0", "ibtAdminBalance": "0"}
{"blockNumber":23342761,"chainId":1,"poolAddress":"0x6e7f0c234582b9421e4c9bc4ab3542016cd23301","poolType":"CURVE_SNG"}	{"ptAdminBalance": "0", "ibtAdminBalance": "0"}
{"blockNumber":23345640,"chainId":1,"poolAddress":"0x6e7f0c234582b9421e4c9bc4ab3542016cd23301","poolType":"CURVE_SNG"}	{"ptAdminBalance": "0", "ibtAdminBalance": "0"}
{"blockNumber":23353860,"chainId":1,"poolAddress":"0x6e7f0c234582b9421e4c9bc4ab3542016cd23301","poolType":"CURVE_SNG"}	{"ptAdminBalance": "0", "ibtAdminBalance": "0"}
{"blockNumber":23374701,"chainId":1,"poolAddress":"0x6e7f0c234582b9421e4c9bc4ab3542016cd23301","poolType":"CURVE_SNG"}	{"ptAdminBalance": "0", "ibtAdminBalance": "0"}
{"blockNumber":23382660,"chainId":1,"poolAddress":"0x6e7f0c234582b9421e4c9bc4ab3542016cd23301","poolType":"CURVE_SNG"}	{"ptAdminBalance": "0", "ibtAdminBalance": "0"}
{"blockNumber":23284889,"chainId":1,"poolAddress":"0x17a23e49ae0209b5243090c138e800c4ca1921e9","poolType":"CURVE_SNG"}	{"ptAdminBalance": "0", "ibtAdminBalance": "0"}
{"blockNumber":23317308,"chainId":1,"poolAddress":"0x17a23e49ae0209b5243090c138e800c4ca1921e9","poolType":"CURVE_SNG"}	{"ptAdminBalance": "0", "ibtAdminBalance": "0"}
{"blockNumber":23242040,"chainId":1,"poolAddress":"0x17a23e49ae0209b5243090c138e800c4ca1921e9","poolType":"CURVE_SNG"}	{"ptAdminBalance": "0", "ibtAdminBalance": "0"}
{"blockNumber":23260722,"chainId":1,"poolAddress":"0x17a23e49ae0209b5243090c138e800c4ca1921e9","poolType":"CURVE_SNG"}	{"ptAdminBalance": "0", "ibtAdminBalance": "0"}
{"blockNumber":23237592,"chainId":1,"poolAddress":"0x21ff331d1928cb7fde9a151d43eba4ebee843e87","poolType":"CURVE_SNG"}	{"ptAdminBalance": "0", "ibtAdminBalance": "0"}
{"blockNumber":23229866,"chainId":1,"poolAddress":"0xcbe13315809acf6d7b92472fcb9546655b874ee7","poolType":"CURVE_SNG"}	{"ptAdminBalance": "0", "ibtAdminBalance": "0"}
{"blockNumber":23273785,"chainId":1,"poolAddress":"0xcbe13315809acf6d7b92472fcb9546655b874ee7","poolType":"CURVE_SNG"}	{"ptAdminBalance": "0", "ibtAdminBalance": "0"}
{"blockNumber":23370272,"chainId":1,"poolAddress":"0xcbe13315809acf6d7b92472fcb9546655b874ee7","poolType":"CURVE_SNG"}	{"ptAdminBalance": "0", "ibtAdminBalance": "0"}
{"blockNumber":23369124,"chainId":1,"poolAddress":"0xcbe13315809acf6d7b92472fcb9546655b874ee7","poolType":"CURVE_SNG"}	{"ptAdminBalance": "0", "ibtAdminBalance": "0"}
{"blockNumber":23382451,"chainId":1,"poolAddress":"0xcbe13315809acf6d7b92472fcb9546655b874ee7","poolType":"CURVE_SNG"}	{"ptAdminBalance": "0", "ibtAdminBalance": "0"}
{"blockNumber":23168867,"chainId":1,"poolAddress":"0xcbe13315809acf6d7b92472fcb9546655b874ee7","poolType":"CURVE_SNG"}	{"ptAdminBalance": "0", "ibtAdminBalance": "0"}
{"blockNumber":23215190,"chainId":1,"poolAddress":"0xcbe13315809acf6d7b92472fcb9546655b874ee7","poolType":"CURVE_SNG"}	{"ptAdminBalance": "0", "ibtAdminBalance": "0"}
{"blockNumber":23187956,"chainId":1,"poolAddress":"0xcbe13315809acf6d7b92472fcb9546655b874ee7","poolType":"CURVE_SNG"}	{"ptAdminBalance": "0", "ibtAdminBalance": "0"}
{"blockNumber":23103859,"chainId":1,"poolAddress":"0xcbe13315809acf6d7b92472fcb9546655b874ee7","poolType":"CURVE_SNG"}	{"ptAdminBalance": "0", "ibtAdminBalance": "0"}
{"blockNumber":23339310,"chainId":1,"poolAddress":"0xd7d9bcafff98308d447a3985c6fedd84dbdea34b","poolType":"CURVE_SNG"}	{"ptAdminBalance": "42960791171858997433", "ibtAdminBalance": "39267450782546002338"}
{"blockNumber":23161391,"chainId":1,"poolAddress":"0x43cb9f6ddf5b313aec35f013800345cc895d4f22","poolType":"CURVE_SNG"}	{"ptAdminBalance": "0", "ibtAdminBalance": "0"}
{"blockNumber":23332134,"chainId":1,"poolAddress":"0xa95a5eb4f639ddc9cd0b431036eb2cc2d018c18c","poolType":"CURVE_SNG"}	{"ptAdminBalance": "369727162466843101", "ibtAdminBalance": "210220522356239003"}
{"blockNumber":23129131,"chainId":1,"poolAddress":"0xa95a5eb4f639ddc9cd0b431036eb2cc2d018c18c","poolType":"CURVE_SNG"}	{"ptAdminBalance": "369727162466843101", "ibtAdminBalance": "210220522356239003"}
{"blockNumber":23332496,"chainId":1,"poolAddress":"0xa95a5eb4f639ddc9cd0b431036eb2cc2d018c18c","poolType":"CURVE_SNG"}	{"ptAdminBalance": "369727162466843101", "ibtAdminBalance": "210220522356239003"}
{"blockNumber":23305757,"chainId":1,"poolAddress":"0xf4ae78cb16f1cd8c5b06843ca2f54ddd7cbad03c","poolType":"CURVE_SNG"}	{"ptAdminBalance": "11282448064405243", "ibtAdminBalance": "435237375189818329"}
{"blockNumber":23333933,"chainId":1,"poolAddress":"0xf4ae78cb16f1cd8c5b06843ca2f54ddd7cbad03c","poolType":"CURVE_SNG"}	{"ptAdminBalance": "11282448064405243", "ibtAdminBalance": "435237375189818329"}
{"blockNumber":23335903,"chainId":1,"poolAddress":"0xf4ae78cb16f1cd8c5b06843ca2f54ddd7cbad03c","poolType":"CURVE_SNG"}	{"ptAdminBalance": "11282448064405243", "ibtAdminBalance": "435237375189818329"}
{"blockNumber":23242113,"chainId":1,"poolAddress":"0xac3f886b4f965d6d3510e1093769f3860f98e8f0","poolType":"CURVE_SNG"}	{"ptAdminBalance": "0", "ibtAdminBalance": "0"}
{"blockNumber":23241216,"chainId":1,"poolAddress":"0x4619a871112c443658a505941532bb7df60b06b2","poolType":"CURVE_SNG"}	{"ptAdminBalance": "0", "ibtAdminBalance": "0"}
{"blockNumber":23250819,"chainId":1,"poolAddress":"0xbbb7e0cb9720aa32a28aa075c310bbe746258186","poolType":"CURVE_SNG"}	{"ptAdminBalance": "0", "ibtAdminBalance": "473285186870"}
{"blockNumber":23240202,"chainId":1,"poolAddress":"0x593a8a7c12d8111e12945ff167389662a02b5ece","poolType":"CURVE_SNG"}	{"ptAdminBalance": "0", "ibtAdminBalance": "0"}
{"blockNumber":23209062,"chainId":1,"poolAddress":"0xdd7a073b40a3b7c00e13b0bd929145ea52368650","poolType":"CURVE_SNG"}	{"ptAdminBalance": "271846007697665500", "ibtAdminBalance": "0"}
{"blockNumber":23230477,"chainId":1,"poolAddress":"0xdd7a073b40a3b7c00e13b0bd929145ea52368650","poolType":"CURVE_SNG"}	{"ptAdminBalance": "271846007697665500", "ibtAdminBalance": "0"}
{"blockNumber":23336001,"chainId":1,"poolAddress":"0x21ff331d1928cb7fde9a151d43eba4ebee843e87","poolType":"CURVE_SNG"}	{"ptAdminBalance": "0", "ibtAdminBalance": "0"}
{"blockNumber":23237065,"chainId":1,"poolAddress":"0x21ff331d1928cb7fde9a151d43eba4ebee843e87","poolType":"CURVE_SNG"}	{"ptAdminBalance": "0", "ibtAdminBalance": "0"}
{"blockNumber":23340848,"chainId":1,"poolAddress":"0x21ff331d1928cb7fde9a151d43eba4ebee843e87","poolType":"CURVE_SNG"}	{"ptAdminBalance": "0", "ibtAdminBalance": "0"}
{"blockNumber":23290065,"chainId":1,"poolAddress":"0x1ed0bea7db2815283da9e184145386bd7789a735","poolType":"CURVE_SNG"}	{"ptAdminBalance": "0", "ibtAdminBalance": "0"}
{"blockNumber":23340784,"chainId":1,"poolAddress":"0x1ed0bea7db2815283da9e184145386bd7789a735","poolType":"CURVE_SNG"}	{"ptAdminBalance": "0", "ibtAdminBalance": "0"}
{"blockNumber":23128091,"chainId":1,"poolAddress":"0x1ed0bea7db2815283da9e184145386bd7789a735","poolType":"CURVE_SNG"}	{"ptAdminBalance": "0", "ibtAdminBalance": "0"}
{"blockNumber":23237951,"chainId":1,"poolAddress":"0x1ed0bea7db2815283da9e184145386bd7789a735","poolType":"CURVE_SNG"}	{"ptAdminBalance": "0", "ibtAdminBalance": "0"}
{"blockNumber":23237382,"chainId":1,"poolAddress":"0x1ed0bea7db2815283da9e184145386bd7789a735","poolType":"CURVE_SNG"}	{"ptAdminBalance": "0", "ibtAdminBalance": "0"}
{"blockNumber":23281024,"chainId":1,"poolAddress":"0x1ed0bea7db2815283da9e184145386bd7789a735","poolType":"CURVE_SNG"}	{"ptAdminBalance": "0", "ibtAdminBalance": "0"}
{"blockNumber":23107646,"chainId":1,"poolAddress":"0xcbe13315809acf6d7b92472fcb9546655b874ee7","poolType":"CURVE_SNG"}	{"ptAdminBalance": "0", "ibtAdminBalance": "0"}
{"blockNumber":23122392,"chainId":1,"poolAddress":"0xcbe13315809acf6d7b92472fcb9546655b874ee7","poolType":"CURVE_SNG"}	{"ptAdminBalance": "0", "ibtAdminBalance": "0"}
{"blockNumber":23309623,"chainId":1,"poolAddress":"0xcbe13315809acf6d7b92472fcb9546655b874ee7","poolType":"CURVE_SNG"}	{"ptAdminBalance": "0", "ibtAdminBalance": "0"}
{"blockNumber":23362483,"chainId":1,"poolAddress":"0xcbe13315809acf6d7b92472fcb9546655b874ee7","poolType":"CURVE_SNG"}	{"ptAdminBalance": "0", "ibtAdminBalance": "0"}
{"blockNumber":23155756,"chainId":1,"poolAddress":"0xcbe13315809acf6d7b92472fcb9546655b874ee7","poolType":"CURVE_SNG"}	{"ptAdminBalance": "0", "ibtAdminBalance": "0"}
{"blockNumber":23184964,"chainId":1,"poolAddress":"0xcbe13315809acf6d7b92472fcb9546655b874ee7","poolType":"CURVE_SNG"}	{"ptAdminBalance": "0", "ibtAdminBalance": "0"}
{"blockNumber":23214204,"chainId":1,"poolAddress":"0xcbe13315809acf6d7b92472fcb9546655b874ee7","poolType":"CURVE_SNG"}	{"ptAdminBalance": "0", "ibtAdminBalance": "0"}
{"blockNumber":23210682,"chainId":1,"poolAddress":"0xcbe13315809acf6d7b92472fcb9546655b874ee7","poolType":"CURVE_SNG"}	{"ptAdminBalance": "0", "ibtAdminBalance": "0"}
{"blockNumber":23229646,"chainId":1,"poolAddress":"0xcbe13315809acf6d7b92472fcb9546655b874ee7","poolType":"CURVE_SNG"}	{"ptAdminBalance": "0", "ibtAdminBalance": "0"}
{"blockNumber":23304749,"chainId":1,"poolAddress":"0xcbe13315809acf6d7b92472fcb9546655b874ee7","poolType":"CURVE_SNG"}	{"ptAdminBalance": "0", "ibtAdminBalance": "0"}
{"blockNumber":23373669,"chainId":1,"poolAddress":"0xcbe13315809acf6d7b92472fcb9546655b874ee7","poolType":"CURVE_SNG"}	{"ptAdminBalance": "0", "ibtAdminBalance": "0"}
{"blockNumber":23374263,"chainId":1,"poolAddress":"0xcbe13315809acf6d7b92472fcb9546655b874ee7","poolType":"CURVE_SNG"}	{"ptAdminBalance": "0", "ibtAdminBalance": "0"}
{"blockNumber":23374294,"chainId":1,"poolAddress":"0xcbe13315809acf6d7b92472fcb9546655b874ee7","poolType":"CURVE_SNG"}	{"ptAdminBalance": "0", "ibtAdminBalance": "0"}
{"blockNumber":23374502,"chainId":1,"poolAddress":"0xcbe13315809acf6d7b92472fcb9546655b874ee7","poolType":"CURVE_SNG"}	{"ptAdminBalance": "0", "ibtAdminBalance": "0"}
{"blockNumber":23374825,"chainId":1,"poolAddress":"0xcbe13315809acf6d7b92472fcb9546655b874ee7","poolType":"CURVE_SNG"}	{"ptAdminBalance": "0", "ibtAdminBalance": "0"}
{"blockNumber":23376891,"chainId":1,"poolAddress":"0xcbe13315809acf6d7b92472fcb9546655b874ee7","poolType":"CURVE_SNG"}	{"ptAdminBalance": "0", "ibtAdminBalance": "0"}
{"blockNumber":23377241,"chainId":1,"poolAddress":"0xcbe13315809acf6d7b92472fcb9546655b874ee7","poolType":"CURVE_SNG"}	{"ptAdminBalance": "0", "ibtAdminBalance": "0"}
{"blockNumber":23377892,"chainId":1,"poolAddress":"0xcbe13315809acf6d7b92472fcb9546655b874ee7","poolType":"CURVE_SNG"}	{"ptAdminBalance": "0", "ibtAdminBalance": "0"}
{"blockNumber":23379498,"chainId":1,"poolAddress":"0xcbe13315809acf6d7b92472fcb9546655b874ee7","poolType":"CURVE_SNG"}	{"ptAdminBalance": "0", "ibtAdminBalance": "0"}
{"blockNumber":23382276,"chainId":1,"poolAddress":"0xcbe13315809acf6d7b92472fcb9546655b874ee7","poolType":"CURVE_SNG"}	{"ptAdminBalance": "0", "ibtAdminBalance": "0"}
{"blockNumber":23383189,"chainId":1,"poolAddress":"0xcbe13315809acf6d7b92472fcb9546655b874ee7","poolType":"CURVE_SNG"}	{"ptAdminBalance": "0", "ibtAdminBalance": "0"}
{"blockNumber":23383190,"chainId":1,"poolAddress":"0xcbe13315809acf6d7b92472fcb9546655b874ee7","poolType":"CURVE_SNG"}	{"ptAdminBalance": "0", "ibtAdminBalance": "0"}
{"blockNumber":23166205,"chainId":1,"poolAddress":"0x586032790165ec0b0562d2fd02055e6b2e729409","poolType":"CURVE_SNG"}	{"ptAdminBalance": "15433179790061961546", "ibtAdminBalance": "8889108183928142737"}
{"blockNumber":23165575,"chainId":1,"poolAddress":"0x593a8a7c12d8111e12945ff167389662a02b5ece","poolType":"CURVE_SNG"}	{"ptAdminBalance": "0", "ibtAdminBalance": "0"}
{"blockNumber":23216005,"chainId":1,"poolAddress":"0x593a8a7c12d8111e12945ff167389662a02b5ece","poolType":"CURVE_SNG"}	{"ptAdminBalance": "0", "ibtAdminBalance": "0"}
{"blockNumber":23291029,"chainId":1,"poolAddress":"0x593a8a7c12d8111e12945ff167389662a02b5ece","poolType":"CURVE_SNG"}	{"ptAdminBalance": "0", "ibtAdminBalance": "0"}
{"blockNumber":23315950,"chainId":1,"poolAddress":"0x593a8a7c12d8111e12945ff167389662a02b5ece","poolType":"CURVE_SNG"}	{"ptAdminBalance": "0", "ibtAdminBalance": "0"}
{"blockNumber":23381235,"chainId":1,"poolAddress":"0x593a8a7c12d8111e12945ff167389662a02b5ece","poolType":"CURVE_SNG"}	{"ptAdminBalance": "0", "ibtAdminBalance": "0"}
{"blockNumber":23154524,"chainId":1,"poolAddress":"0x17a23e49ae0209b5243090c138e800c4ca1921e9","poolType":"CURVE_SNG"}	{"ptAdminBalance": "0", "ibtAdminBalance": "0"}
{"blockNumber":23163115,"chainId":1,"poolAddress":"0x17a23e49ae0209b5243090c138e800c4ca1921e9","poolType":"CURVE_SNG"}	{"ptAdminBalance": "0", "ibtAdminBalance": "0"}
{"blockNumber":23359763,"chainId":1,"poolAddress":"0x17a23e49ae0209b5243090c138e800c4ca1921e9","poolType":"CURVE_SNG"}	{"ptAdminBalance": "0", "ibtAdminBalance": "0"}
{"blockNumber":23121099,"chainId":1,"poolAddress":"0xac3f886b4f965d6d3510e1093769f3860f98e8f0","poolType":"CURVE_SNG"}	{"ptAdminBalance": "0", "ibtAdminBalance": "0"}
{"blockNumber":23236839,"chainId":1,"poolAddress":"0xac3f886b4f965d6d3510e1093769f3860f98e8f0","poolType":"CURVE_SNG"}	{"ptAdminBalance": "0", "ibtAdminBalance": "0"}
{"blockNumber":23140188,"chainId":1,"poolAddress":"0xac3f886b4f965d6d3510e1093769f3860f98e8f0","poolType":"CURVE_SNG"}	{"ptAdminBalance": "0", "ibtAdminBalance": "0"}
{"blockNumber":23245773,"chainId":1,"poolAddress":"0xac3f886b4f965d6d3510e1093769f3860f98e8f0","poolType":"CURVE_SNG"}	{"ptAdminBalance": "0", "ibtAdminBalance": "0"}
{"blockNumber":23121267,"chainId":1,"poolAddress":"0xc1b8e361803deef2d40ce5ec19e2a98f4045608b","poolType":"CURVE_SNG"}	{"ptAdminBalance": "18579157592311544413", "ibtAdminBalance": "6692202791482961319"}
{"blockNumber":23141670,"chainId":1,"poolAddress":"0xe48c3a1389be663f0e6f96ac1b90c10ee8b1b1ec","poolType":"CURVE_SNG"}	{"ptAdminBalance": "0", "ibtAdminBalance": "0"}
{"blockNumber":23186141,"chainId":1,"poolAddress":"0xe48c3a1389be663f0e6f96ac1b90c10ee8b1b1ec","poolType":"CURVE_SNG"}	{"ptAdminBalance": "0", "ibtAdminBalance": "0"}
{"blockNumber":23243166,"chainId":1,"poolAddress":"0xe48c3a1389be663f0e6f96ac1b90c10ee8b1b1ec","poolType":"CURVE_SNG"}	{"ptAdminBalance": "0", "ibtAdminBalance": "0"}
{"blockNumber":23331978,"chainId":1,"poolAddress":"0xe48c3a1389be663f0e6f96ac1b90c10ee8b1b1ec","poolType":"CURVE_SNG"}	{"ptAdminBalance": "0", "ibtAdminBalance": "0"}
{"blockNumber":23118643,"chainId":1,"poolAddress":"0xe48c3a1389be663f0e6f96ac1b90c10ee8b1b1ec","poolType":"CURVE_SNG"}	{"ptAdminBalance": "0", "ibtAdminBalance": "0"}
{"blockNumber":23287304,"chainId":1,"poolAddress":"0xe48c3a1389be663f0e6f96ac1b90c10ee8b1b1ec","poolType":"CURVE_SNG"}	{"ptAdminBalance": "0", "ibtAdminBalance": "0"}
{"blockNumber":23287495,"chainId":1,"poolAddress":"0xe48c3a1389be663f0e6f96ac1b90c10ee8b1b1ec","poolType":"CURVE_SNG"}	{"ptAdminBalance": "0", "ibtAdminBalance": "0"}
{"blockNumber":23111857,"chainId":1,"poolAddress":"0x17a23e49ae0209b5243090c138e800c4ca1921e9","poolType":"CURVE_SNG"}	{"ptAdminBalance": "0", "ibtAdminBalance": "0"}
{"blockNumber":23132021,"chainId":1,"poolAddress":"0x21ff331d1928cb7fde9a151d43eba4ebee843e87","poolType":"CURVE_SNG"}	{"ptAdminBalance": "0", "ibtAdminBalance": "0"}
{"blockNumber":23133346,"chainId":1,"poolAddress":"0x21ff331d1928cb7fde9a151d43eba4ebee843e87","poolType":"CURVE_SNG"}	{"ptAdminBalance": "0", "ibtAdminBalance": "0"}
{"blockNumber":23133318,"chainId":1,"poolAddress":"0x1ed0bea7db2815283da9e184145386bd7789a735","poolType":"CURVE_SNG"}	{"ptAdminBalance": "0", "ibtAdminBalance": "0"}
{"blockNumber":23144340,"chainId":1,"poolAddress":"0xcbe13315809acf6d7b92472fcb9546655b874ee7","poolType":"CURVE_SNG"}	{"ptAdminBalance": "0", "ibtAdminBalance": "0"}
{"blockNumber":23169808,"chainId":1,"poolAddress":"0xcbe13315809acf6d7b92472fcb9546655b874ee7","poolType":"CURVE_SNG"}	{"ptAdminBalance": "0", "ibtAdminBalance": "0"}
{"blockNumber":23218806,"chainId":1,"poolAddress":"0xcbe13315809acf6d7b92472fcb9546655b874ee7","poolType":"CURVE_SNG"}	{"ptAdminBalance": "0", "ibtAdminBalance": "0"}
{"blockNumber":23122651,"chainId":1,"poolAddress":"0x586032790165ec0b0562d2fd02055e6b2e729409","poolType":"CURVE_SNG"}	{"ptAdminBalance": "15433179790061961546", "ibtAdminBalance": "8889108183928142737"}
{"blockNumber":23194967,"chainId":1,"poolAddress":"0x586032790165ec0b0562d2fd02055e6b2e729409","poolType":"CURVE_SNG"}	{"ptAdminBalance": "15433179790061961546", "ibtAdminBalance": "8889108183928142737"}
{"blockNumber":23230508,"chainId":1,"poolAddress":"0x586032790165ec0b0562d2fd02055e6b2e729409","poolType":"CURVE_SNG"}	{"ptAdminBalance": "15433179790061961546", "ibtAdminBalance": "8889108183928142737"}
{"blockNumber":23259728,"chainId":1,"poolAddress":"0x586032790165ec0b0562d2fd02055e6b2e729409","poolType":"CURVE_SNG"}	{"ptAdminBalance": "15433179790061961546", "ibtAdminBalance": "8889108183928142737"}
{"blockNumber":23330737,"chainId":1,"poolAddress":"0x586032790165ec0b0562d2fd02055e6b2e729409","poolType":"CURVE_SNG"}	{"ptAdminBalance": "15433179790061961546", "ibtAdminBalance": "8889108183928142737"}
{"blockNumber":23135075,"chainId":1,"poolAddress":"0x586032790165ec0b0562d2fd02055e6b2e729409","poolType":"CURVE_SNG"}	{"ptAdminBalance": "15433179790061961546", "ibtAdminBalance": "8889108183928142737"}
{"blockNumber":23202311,"chainId":1,"poolAddress":"0x593a8a7c12d8111e12945ff167389662a02b5ece","poolType":"CURVE_SNG"}	{"ptAdminBalance": "0", "ibtAdminBalance": "0"}
{"blockNumber":23345782,"chainId":1,"poolAddress":"0x593a8a7c12d8111e12945ff167389662a02b5ece","poolType":"CURVE_SNG"}	{"ptAdminBalance": "0", "ibtAdminBalance": "0"}
{"blockNumber":23262853,"chainId":1,"poolAddress":"0x593a8a7c12d8111e12945ff167389662a02b5ece","poolType":"CURVE_SNG"}	{"ptAdminBalance": "0", "ibtAdminBalance": "0"}
{"blockNumber":23264010,"chainId":1,"poolAddress":"0x593a8a7c12d8111e12945ff167389662a02b5ece","poolType":"CURVE_SNG"}	{"ptAdminBalance": "0", "ibtAdminBalance": "0"}
{"blockNumber":23104414,"chainId":1,"poolAddress":"0xd7d9bcafff98308d447a3985c6fedd84dbdea34b","poolType":"CURVE_SNG"}	{"ptAdminBalance": "42960791171858997433", "ibtAdminBalance": "39267450782546002338"}
{"blockNumber":23264871,"chainId":1,"poolAddress":"0xd7d9bcafff98308d447a3985c6fedd84dbdea34b","poolType":"CURVE_SNG"}	{"ptAdminBalance": "42960791171858997433", "ibtAdminBalance": "39267450782546002338"}
{"blockNumber":23107662,"chainId":1,"poolAddress":"0xac3f886b4f965d6d3510e1093769f3860f98e8f0","poolType":"CURVE_SNG"}	{"ptAdminBalance": "0", "ibtAdminBalance": "0"}
{"blockNumber":23229981,"chainId":1,"poolAddress":"0xac3f886b4f965d6d3510e1093769f3860f98e8f0","poolType":"CURVE_SNG"}	{"ptAdminBalance": "0", "ibtAdminBalance": "0"}
{"blockNumber":23246151,"chainId":1,"poolAddress":"0xf4ae78cb16f1cd8c5b06843ca2f54ddd7cbad03c","poolType":"CURVE_SNG"}	{"ptAdminBalance": "11282448064405243", "ibtAdminBalance": "435237375189818329"}
{"blockNumber":23246289,"chainId":1,"poolAddress":"0xf4ae78cb16f1cd8c5b06843ca2f54ddd7cbad03c","poolType":"CURVE_SNG"}	{"ptAdminBalance": "11282448064405243", "ibtAdminBalance": "435237375189818329"}
{"blockNumber":23246292,"chainId":1,"poolAddress":"0xf4ae78cb16f1cd8c5b06843ca2f54ddd7cbad03c","poolType":"CURVE_SNG"}	{"ptAdminBalance": "11282448064405243", "ibtAdminBalance": "435237375189818329"}
{"blockNumber":23246311,"chainId":1,"poolAddress":"0xf4ae78cb16f1cd8c5b06843ca2f54ddd7cbad03c","poolType":"CURVE_SNG"}	{"ptAdminBalance": "11282448064405243", "ibtAdminBalance": "435237375189818329"}
{"blockNumber":23285914,"chainId":1,"poolAddress":"0x21ff331d1928cb7fde9a151d43eba4ebee843e87","poolType":"CURVE_SNG"}	{"ptAdminBalance": "0", "ibtAdminBalance": "0"}
{"blockNumber":23336017,"chainId":1,"poolAddress":"0x21ff331d1928cb7fde9a151d43eba4ebee843e87","poolType":"CURVE_SNG"}	{"ptAdminBalance": "0", "ibtAdminBalance": "0"}
{"blockNumber":23121123,"chainId":1,"poolAddress":"0x21ff331d1928cb7fde9a151d43eba4ebee843e87","poolType":"CURVE_SNG"}	{"ptAdminBalance": "0", "ibtAdminBalance": "0"}
{"blockNumber":23230688,"chainId":1,"poolAddress":"0x21ff331d1928cb7fde9a151d43eba4ebee843e87","poolType":"CURVE_SNG"}	{"ptAdminBalance": "0", "ibtAdminBalance": "0"}
{"blockNumber":23290622,"chainId":1,"poolAddress":"0x21ff331d1928cb7fde9a151d43eba4ebee843e87","poolType":"CURVE_SNG"}	{"ptAdminBalance": "0", "ibtAdminBalance": "0"}
{"blockNumber":23119219,"chainId":1,"poolAddress":"0x1ed0bea7db2815283da9e184145386bd7789a735","poolType":"CURVE_SNG"}	{"ptAdminBalance": "0", "ibtAdminBalance": "0"}
{"blockNumber":23128251,"chainId":1,"poolAddress":"0x1ed0bea7db2815283da9e184145386bd7789a735","poolType":"CURVE_SNG"}	{"ptAdminBalance": "0", "ibtAdminBalance": "0"}
{"blockNumber":23289110,"chainId":1,"poolAddress":"0x1ed0bea7db2815283da9e184145386bd7789a735","poolType":"CURVE_SNG"}	{"ptAdminBalance": "0", "ibtAdminBalance": "0"}
{"blockNumber":23192040,"chainId":1,"poolAddress":"0x1ed0bea7db2815283da9e184145386bd7789a735","poolType":"CURVE_SNG"}	{"ptAdminBalance": "0", "ibtAdminBalance": "0"}
{"blockNumber":23296081,"chainId":1,"poolAddress":"0x1ed0bea7db2815283da9e184145386bd7789a735","poolType":"CURVE_SNG"}	{"ptAdminBalance": "0", "ibtAdminBalance": "0"}
{"blockNumber":23378259,"chainId":1,"poolAddress":"0x1ed0bea7db2815283da9e184145386bd7789a735","poolType":"CURVE_SNG"}	{"ptAdminBalance": "0", "ibtAdminBalance": "0"}
{"blockNumber":23289085,"chainId":1,"poolAddress":"0x1ed0bea7db2815283da9e184145386bd7789a735","poolType":"CURVE_SNG"}	{"ptAdminBalance": "0", "ibtAdminBalance": "0"}
{"blockNumber":23228255,"chainId":1,"poolAddress":"0x1ed0bea7db2815283da9e184145386bd7789a735","poolType":"CURVE_SNG"}	{"ptAdminBalance": "0", "ibtAdminBalance": "0"}
{"blockNumber":23237529,"chainId":1,"poolAddress":"0x1ed0bea7db2815283da9e184145386bd7789a735","poolType":"CURVE_SNG"}	{"ptAdminBalance": "0", "ibtAdminBalance": "0"}
{"blockNumber":23239740,"chainId":1,"poolAddress":"0x1ed0bea7db2815283da9e184145386bd7789a735","poolType":"CURVE_SNG"}	{"ptAdminBalance": "0", "ibtAdminBalance": "0"}
{"blockNumber":23290632,"chainId":1,"poolAddress":"0x1ed0bea7db2815283da9e184145386bd7789a735","poolType":"CURVE_SNG"}	{"ptAdminBalance": "0", "ibtAdminBalance": "0"}
{"blockNumber":23288793,"chainId":1,"poolAddress":"0xcbe13315809acf6d7b92472fcb9546655b874ee7","poolType":"CURVE_SNG"}	{"ptAdminBalance": "0", "ibtAdminBalance": "0"}
{"blockNumber":23368156,"chainId":1,"poolAddress":"0xcbe13315809acf6d7b92472fcb9546655b874ee7","poolType":"CURVE_SNG"}	{"ptAdminBalance": "0", "ibtAdminBalance": "0"}
{"blockNumber":23368487,"chainId":1,"poolAddress":"0xcbe13315809acf6d7b92472fcb9546655b874ee7","poolType":"CURVE_SNG"}	{"ptAdminBalance": "0", "ibtAdminBalance": "0"}
{"blockNumber":23376770,"chainId":1,"poolAddress":"0xcbe13315809acf6d7b92472fcb9546655b874ee7","poolType":"CURVE_SNG"}	{"ptAdminBalance": "0", "ibtAdminBalance": "0"}
{"blockNumber":23140598,"chainId":1,"poolAddress":"0xcbe13315809acf6d7b92472fcb9546655b874ee7","poolType":"CURVE_SNG"}	{"ptAdminBalance": "0", "ibtAdminBalance": "0"}
{"blockNumber":23143062,"chainId":1,"poolAddress":"0xcbe13315809acf6d7b92472fcb9546655b874ee7","poolType":"CURVE_SNG"}	{"ptAdminBalance": "0", "ibtAdminBalance": "0"}
{"blockNumber":23318102,"chainId":1,"poolAddress":"0xcbe13315809acf6d7b92472fcb9546655b874ee7","poolType":"CURVE_SNG"}	{"ptAdminBalance": "0", "ibtAdminBalance": "0"}
{"blockNumber":23224157,"chainId":1,"poolAddress":"0xcbe13315809acf6d7b92472fcb9546655b874ee7","poolType":"CURVE_SNG"}	{"ptAdminBalance": "0", "ibtAdminBalance": "0"}
{"blockNumber":23154219,"chainId":1,"poolAddress":"0xcbe13315809acf6d7b92472fcb9546655b874ee7","poolType":"CURVE_SNG"}	{"ptAdminBalance": "0", "ibtAdminBalance": "0"}
{"blockNumber":23155705,"chainId":1,"poolAddress":"0xcbe13315809acf6d7b92472fcb9546655b874ee7","poolType":"CURVE_SNG"}	{"ptAdminBalance": "0", "ibtAdminBalance": "0"}
{"blockNumber":23155815,"chainId":1,"poolAddress":"0xcbe13315809acf6d7b92472fcb9546655b874ee7","poolType":"CURVE_SNG"}	{"ptAdminBalance": "0", "ibtAdminBalance": "0"}
{"blockNumber":23162094,"chainId":1,"poolAddress":"0xcbe13315809acf6d7b92472fcb9546655b874ee7","poolType":"CURVE_SNG"}	{"ptAdminBalance": "0", "ibtAdminBalance": "0"}
{"blockNumber":23171102,"chainId":1,"poolAddress":"0xcbe13315809acf6d7b92472fcb9546655b874ee7","poolType":"CURVE_SNG"}	{"ptAdminBalance": "0", "ibtAdminBalance": "0"}
{"blockNumber":23187882,"chainId":1,"poolAddress":"0xcbe13315809acf6d7b92472fcb9546655b874ee7","poolType":"CURVE_SNG"}	{"ptAdminBalance": "0", "ibtAdminBalance": "0"}
{"blockNumber":23208232,"chainId":1,"poolAddress":"0xcbe13315809acf6d7b92472fcb9546655b874ee7","poolType":"CURVE_SNG"}	{"ptAdminBalance": "0", "ibtAdminBalance": "0"}
{"blockNumber":23224182,"chainId":1,"poolAddress":"0xcbe13315809acf6d7b92472fcb9546655b874ee7","poolType":"CURVE_SNG"}	{"ptAdminBalance": "0", "ibtAdminBalance": "0"}
{"blockNumber":23280706,"chainId":1,"poolAddress":"0xcbe13315809acf6d7b92472fcb9546655b874ee7","poolType":"CURVE_SNG"}	{"ptAdminBalance": "0", "ibtAdminBalance": "0"}
{"blockNumber":23374039,"chainId":1,"poolAddress":"0xcbe13315809acf6d7b92472fcb9546655b874ee7","poolType":"CURVE_SNG"}	{"ptAdminBalance": "0", "ibtAdminBalance": "0"}
{"blockNumber":23381105,"chainId":1,"poolAddress":"0xcbe13315809acf6d7b92472fcb9546655b874ee7","poolType":"CURVE_SNG"}	{"ptAdminBalance": "0", "ibtAdminBalance": "0"}
{"blockNumber":23244273,"chainId":1,"poolAddress":"0xcbe13315809acf6d7b92472fcb9546655b874ee7","poolType":"CURVE_SNG"}	{"ptAdminBalance": "0", "ibtAdminBalance": "0"}
{"blockNumber":23246955,"chainId":1,"poolAddress":"0xcbe13315809acf6d7b92472fcb9546655b874ee7","poolType":"CURVE_SNG"}	{"ptAdminBalance": "0", "ibtAdminBalance": "0"}
{"blockNumber":23247323,"chainId":1,"poolAddress":"0xcbe13315809acf6d7b92472fcb9546655b874ee7","poolType":"CURVE_SNG"}	{"ptAdminBalance": "0", "ibtAdminBalance": "0"}
{"blockNumber":23251127,"chainId":1,"poolAddress":"0xcbe13315809acf6d7b92472fcb9546655b874ee7","poolType":"CURVE_SNG"}	{"ptAdminBalance": "0", "ibtAdminBalance": "0"}
{"blockNumber":23252436,"chainId":1,"poolAddress":"0xcbe13315809acf6d7b92472fcb9546655b874ee7","poolType":"CURVE_SNG"}	{"ptAdminBalance": "0", "ibtAdminBalance": "0"}
{"blockNumber":23260131,"chainId":1,"poolAddress":"0xcbe13315809acf6d7b92472fcb9546655b874ee7","poolType":"CURVE_SNG"}	{"ptAdminBalance": "0", "ibtAdminBalance": "0"}
{"blockNumber":23310029,"chainId":1,"poolAddress":"0xcbe13315809acf6d7b92472fcb9546655b874ee7","poolType":"CURVE_SNG"}	{"ptAdminBalance": "0", "ibtAdminBalance": "0"}
{"blockNumber":23268743,"chainId":1,"poolAddress":"0xcbe13315809acf6d7b92472fcb9546655b874ee7","poolType":"CURVE_SNG"}	{"ptAdminBalance": "0", "ibtAdminBalance": "0"}
{"blockNumber":23377300,"chainId":1,"poolAddress":"0xcbe13315809acf6d7b92472fcb9546655b874ee7","poolType":"CURVE_SNG"}	{"ptAdminBalance": "0", "ibtAdminBalance": "0"}
{"blockNumber":23272238,"chainId":1,"poolAddress":"0xcbe13315809acf6d7b92472fcb9546655b874ee7","poolType":"CURVE_SNG"}	{"ptAdminBalance": "0", "ibtAdminBalance": "0"}
{"blockNumber":23276899,"chainId":1,"poolAddress":"0xcbe13315809acf6d7b92472fcb9546655b874ee7","poolType":"CURVE_SNG"}	{"ptAdminBalance": "0", "ibtAdminBalance": "0"}
{"blockNumber":23287131,"chainId":1,"poolAddress":"0xcbe13315809acf6d7b92472fcb9546655b874ee7","poolType":"CURVE_SNG"}	{"ptAdminBalance": "0", "ibtAdminBalance": "0"}
{"blockNumber":23288193,"chainId":1,"poolAddress":"0xcbe13315809acf6d7b92472fcb9546655b874ee7","poolType":"CURVE_SNG"}	{"ptAdminBalance": "0", "ibtAdminBalance": "0"}
{"blockNumber":23294840,"chainId":1,"poolAddress":"0xcbe13315809acf6d7b92472fcb9546655b874ee7","poolType":"CURVE_SNG"}	{"ptAdminBalance": "0", "ibtAdminBalance": "0"}
{"blockNumber":23302784,"chainId":1,"poolAddress":"0xcbe13315809acf6d7b92472fcb9546655b874ee7","poolType":"CURVE_SNG"}	{"ptAdminBalance": "0", "ibtAdminBalance": "0"}
{"blockNumber":23305520,"chainId":1,"poolAddress":"0xcbe13315809acf6d7b92472fcb9546655b874ee7","poolType":"CURVE_SNG"}	{"ptAdminBalance": "0", "ibtAdminBalance": "0"}
{"blockNumber":23308679,"chainId":1,"poolAddress":"0xcbe13315809acf6d7b92472fcb9546655b874ee7","poolType":"CURVE_SNG"}	{"ptAdminBalance": "0", "ibtAdminBalance": "0"}
{"blockNumber":23308684,"chainId":1,"poolAddress":"0xcbe13315809acf6d7b92472fcb9546655b874ee7","poolType":"CURVE_SNG"}	{"ptAdminBalance": "0", "ibtAdminBalance": "0"}
{"blockNumber":23308690,"chainId":1,"poolAddress":"0xcbe13315809acf6d7b92472fcb9546655b874ee7","poolType":"CURVE_SNG"}	{"ptAdminBalance": "0", "ibtAdminBalance": "0"}
{"blockNumber":23332229,"chainId":1,"poolAddress":"0xcbe13315809acf6d7b92472fcb9546655b874ee7","poolType":"CURVE_SNG"}	{"ptAdminBalance": "0", "ibtAdminBalance": "0"}
{"blockNumber":23370489,"chainId":1,"poolAddress":"0xcbe13315809acf6d7b92472fcb9546655b874ee7","poolType":"CURVE_SNG"}	{"ptAdminBalance": "0", "ibtAdminBalance": "0"}
{"blockNumber":23357024,"chainId":1,"poolAddress":"0xcbe13315809acf6d7b92472fcb9546655b874ee7","poolType":"CURVE_SNG"}	{"ptAdminBalance": "0", "ibtAdminBalance": "0"}
{"blockNumber":23368170,"chainId":1,"poolAddress":"0xcbe13315809acf6d7b92472fcb9546655b874ee7","poolType":"CURVE_SNG"}	{"ptAdminBalance": "0", "ibtAdminBalance": "0"}
{"blockNumber":23370261,"chainId":1,"poolAddress":"0xcbe13315809acf6d7b92472fcb9546655b874ee7","poolType":"CURVE_SNG"}	{"ptAdminBalance": "0", "ibtAdminBalance": "0"}
{"blockNumber":23370468,"chainId":1,"poolAddress":"0xcbe13315809acf6d7b92472fcb9546655b874ee7","poolType":"CURVE_SNG"}	{"ptAdminBalance": "0", "ibtAdminBalance": "0"}
{"blockNumber":23371153,"chainId":1,"poolAddress":"0xcbe13315809acf6d7b92472fcb9546655b874ee7","poolType":"CURVE_SNG"}	{"ptAdminBalance": "0", "ibtAdminBalance": "0"}
{"blockNumber":23371163,"chainId":1,"poolAddress":"0xcbe13315809acf6d7b92472fcb9546655b874ee7","poolType":"CURVE_SNG"}	{"ptAdminBalance": "0", "ibtAdminBalance": "0"}
{"blockNumber":23371621,"chainId":1,"poolAddress":"0xcbe13315809acf6d7b92472fcb9546655b874ee7","poolType":"CURVE_SNG"}	{"ptAdminBalance": "0", "ibtAdminBalance": "0"}
{"blockNumber":23371639,"chainId":1,"poolAddress":"0xcbe13315809acf6d7b92472fcb9546655b874ee7","poolType":"CURVE_SNG"}	{"ptAdminBalance": "0", "ibtAdminBalance": "0"}
{"blockNumber":23372585,"chainId":1,"poolAddress":"0xcbe13315809acf6d7b92472fcb9546655b874ee7","poolType":"CURVE_SNG"}	{"ptAdminBalance": "0", "ibtAdminBalance": "0"}
{"blockNumber":23372851,"chainId":1,"poolAddress":"0xcbe13315809acf6d7b92472fcb9546655b874ee7","poolType":"CURVE_SNG"}	{"ptAdminBalance": "0", "ibtAdminBalance": "0"}
{"blockNumber":23373022,"chainId":1,"poolAddress":"0xcbe13315809acf6d7b92472fcb9546655b874ee7","poolType":"CURVE_SNG"}	{"ptAdminBalance": "0", "ibtAdminBalance": "0"}
{"blockNumber":23373164,"chainId":1,"poolAddress":"0xcbe13315809acf6d7b92472fcb9546655b874ee7","poolType":"CURVE_SNG"}	{"ptAdminBalance": "0", "ibtAdminBalance": "0"}
{"blockNumber":23373691,"chainId":1,"poolAddress":"0xcbe13315809acf6d7b92472fcb9546655b874ee7","poolType":"CURVE_SNG"}	{"ptAdminBalance": "0", "ibtAdminBalance": "0"}
{"blockNumber":23374244,"chainId":1,"poolAddress":"0xcbe13315809acf6d7b92472fcb9546655b874ee7","poolType":"CURVE_SNG"}	{"ptAdminBalance": "0", "ibtAdminBalance": "0"}
{"blockNumber":23375744,"chainId":1,"poolAddress":"0xcbe13315809acf6d7b92472fcb9546655b874ee7","poolType":"CURVE_SNG"}	{"ptAdminBalance": "0", "ibtAdminBalance": "0"}
{"blockNumber":23377236,"chainId":1,"poolAddress":"0xcbe13315809acf6d7b92472fcb9546655b874ee7","poolType":"CURVE_SNG"}	{"ptAdminBalance": "0", "ibtAdminBalance": "0"}
{"blockNumber":23377287,"chainId":1,"poolAddress":"0xcbe13315809acf6d7b92472fcb9546655b874ee7","poolType":"CURVE_SNG"}	{"ptAdminBalance": "0", "ibtAdminBalance": "0"}
{"blockNumber":23377746,"chainId":1,"poolAddress":"0xcbe13315809acf6d7b92472fcb9546655b874ee7","poolType":"CURVE_SNG"}	{"ptAdminBalance": "0", "ibtAdminBalance": "0"}
{"blockNumber":23378128,"chainId":1,"poolAddress":"0xcbe13315809acf6d7b92472fcb9546655b874ee7","poolType":"CURVE_SNG"}	{"ptAdminBalance": "0", "ibtAdminBalance": "0"}
{"blockNumber":23379702,"chainId":1,"poolAddress":"0xcbe13315809acf6d7b92472fcb9546655b874ee7","poolType":"CURVE_SNG"}	{"ptAdminBalance": "0", "ibtAdminBalance": "0"}
{"blockNumber":23380863,"chainId":1,"poolAddress":"0xcbe13315809acf6d7b92472fcb9546655b874ee7","poolType":"CURVE_SNG"}	{"ptAdminBalance": "0", "ibtAdminBalance": "0"}
{"blockNumber":23381755,"chainId":1,"poolAddress":"0xcbe13315809acf6d7b92472fcb9546655b874ee7","poolType":"CURVE_SNG"}	{"ptAdminBalance": "0", "ibtAdminBalance": "0"}
{"blockNumber":23382280,"chainId":1,"poolAddress":"0xcbe13315809acf6d7b92472fcb9546655b874ee7","poolType":"CURVE_SNG"}	{"ptAdminBalance": "0", "ibtAdminBalance": "0"}
{"blockNumber":23382604,"chainId":1,"poolAddress":"0xcbe13315809acf6d7b92472fcb9546655b874ee7","poolType":"CURVE_SNG"}	{"ptAdminBalance": "0", "ibtAdminBalance": "0"}
{"blockNumber":23384042,"chainId":1,"poolAddress":"0xcbe13315809acf6d7b92472fcb9546655b874ee7","poolType":"CURVE_SNG"}	{"ptAdminBalance": "0", "ibtAdminBalance": "0"}
{"blockNumber":23383201,"chainId":1,"poolAddress":"0xcbe13315809acf6d7b92472fcb9546655b874ee7","poolType":"CURVE_SNG"}	{"ptAdminBalance": "0", "ibtAdminBalance": "0"}
{"blockNumber":23137751,"chainId":1,"poolAddress":"0x586032790165ec0b0562d2fd02055e6b2e729409","poolType":"CURVE_SNG"}	{"ptAdminBalance": "15433179790061961546", "ibtAdminBalance": "8889108183928142737"}
{"blockNumber":23103953,"chainId":1,"poolAddress":"0x593a8a7c12d8111e12945ff167389662a02b5ece","poolType":"CURVE_SNG"}	{"ptAdminBalance": "0", "ibtAdminBalance": "0"}
{"blockNumber":23378880,"chainId":1,"poolAddress":"0x593a8a7c12d8111e12945ff167389662a02b5ece","poolType":"CURVE_SNG"}	{"ptAdminBalance": "0", "ibtAdminBalance": "0"}
{"blockNumber":23189286,"chainId":1,"poolAddress":"0x593a8a7c12d8111e12945ff167389662a02b5ece","poolType":"CURVE_SNG"}	{"ptAdminBalance": "0", "ibtAdminBalance": "0"}
{"blockNumber":23189314,"chainId":1,"poolAddress":"0x593a8a7c12d8111e12945ff167389662a02b5ece","poolType":"CURVE_SNG"}	{"ptAdminBalance": "0", "ibtAdminBalance": "0"}
{"blockNumber":23189344,"chainId":1,"poolAddress":"0x593a8a7c12d8111e12945ff167389662a02b5ece","poolType":"CURVE_SNG"}	{"ptAdminBalance": "0", "ibtAdminBalance": "0"}
{"blockNumber":23189348,"chainId":1,"poolAddress":"0x593a8a7c12d8111e12945ff167389662a02b5ece","poolType":"CURVE_SNG"}	{"ptAdminBalance": "0", "ibtAdminBalance": "0"}
{"blockNumber":23364816,"chainId":1,"poolAddress":"0x593a8a7c12d8111e12945ff167389662a02b5ece","poolType":"CURVE_SNG"}	{"ptAdminBalance": "0", "ibtAdminBalance": "0"}
{"blockNumber":23165561,"chainId":1,"poolAddress":"0x593a8a7c12d8111e12945ff167389662a02b5ece","poolType":"CURVE_SNG"}	{"ptAdminBalance": "0", "ibtAdminBalance": "0"}
{"blockNumber":23165587,"chainId":1,"poolAddress":"0x593a8a7c12d8111e12945ff167389662a02b5ece","poolType":"CURVE_SNG"}	{"ptAdminBalance": "0", "ibtAdminBalance": "0"}
{"blockNumber":23203189,"chainId":1,"poolAddress":"0x593a8a7c12d8111e12945ff167389662a02b5ece","poolType":"CURVE_SNG"}	{"ptAdminBalance": "0", "ibtAdminBalance": "0"}
{"blockNumber":23181633,"chainId":1,"poolAddress":"0x593a8a7c12d8111e12945ff167389662a02b5ece","poolType":"CURVE_SNG"}	{"ptAdminBalance": "0", "ibtAdminBalance": "0"}
{"blockNumber":23186982,"chainId":1,"poolAddress":"0x593a8a7c12d8111e12945ff167389662a02b5ece","poolType":"CURVE_SNG"}	{"ptAdminBalance": "0", "ibtAdminBalance": "0"}
{"blockNumber":23233091,"chainId":1,"poolAddress":"0x593a8a7c12d8111e12945ff167389662a02b5ece","poolType":"CURVE_SNG"}	{"ptAdminBalance": "0", "ibtAdminBalance": "0"}
{"blockNumber":23262775,"chainId":1,"poolAddress":"0x593a8a7c12d8111e12945ff167389662a02b5ece","poolType":"CURVE_SNG"}	{"ptAdminBalance": "0", "ibtAdminBalance": "0"}
{"blockNumber":23315289,"chainId":1,"poolAddress":"0x593a8a7c12d8111e12945ff167389662a02b5ece","poolType":"CURVE_SNG"}	{"ptAdminBalance": "0", "ibtAdminBalance": "0"}
{"blockNumber":23288441,"chainId":1,"poolAddress":"0x593a8a7c12d8111e12945ff167389662a02b5ece","poolType":"CURVE_SNG"}	{"ptAdminBalance": "0", "ibtAdminBalance": "0"}
{"blockNumber":23314226,"chainId":1,"poolAddress":"0x593a8a7c12d8111e12945ff167389662a02b5ece","poolType":"CURVE_SNG"}	{"ptAdminBalance": "0", "ibtAdminBalance": "0"}
{"blockNumber":23315939,"chainId":1,"poolAddress":"0x593a8a7c12d8111e12945ff167389662a02b5ece","poolType":"CURVE_SNG"}	{"ptAdminBalance": "0", "ibtAdminBalance": "0"}
{"blockNumber":23324722,"chainId":1,"poolAddress":"0x593a8a7c12d8111e12945ff167389662a02b5ece","poolType":"CURVE_SNG"}	{"ptAdminBalance": "0", "ibtAdminBalance": "0"}
{"blockNumber":23381268,"chainId":1,"poolAddress":"0x593a8a7c12d8111e12945ff167389662a02b5ece","poolType":"CURVE_SNG"}	{"ptAdminBalance": "0", "ibtAdminBalance": "0"}
{"blockNumber":23177602,"chainId":1,"poolAddress":"0xac3f886b4f965d6d3510e1093769f3860f98e8f0","poolType":"CURVE_SNG"}	{"ptAdminBalance": "0", "ibtAdminBalance": "0"}
{"blockNumber":23259186,"chainId":1,"poolAddress":"0xac3f886b4f965d6d3510e1093769f3860f98e8f0","poolType":"CURVE_SNG"}	{"ptAdminBalance": "0", "ibtAdminBalance": "0"}
{"blockNumber":23209464,"chainId":1,"poolAddress":"0xac3f886b4f965d6d3510e1093769f3860f98e8f0","poolType":"CURVE_SNG"}	{"ptAdminBalance": "0", "ibtAdminBalance": "0"}
{"blockNumber":23161183,"chainId":1,"poolAddress":"0x43cb9f6ddf5b313aec35f013800345cc895d4f22","poolType":"CURVE_SNG"}	{"ptAdminBalance": "0", "ibtAdminBalance": "0"}
{"blockNumber":23237581,"chainId":1,"poolAddress":"0x21ff331d1928cb7fde9a151d43eba4ebee843e87","poolType":"CURVE_SNG"}	{"ptAdminBalance": "0", "ibtAdminBalance": "0"}
{"blockNumber":23256559,"chainId":1,"poolAddress":"0x1ed0bea7db2815283da9e184145386bd7789a735","poolType":"CURVE_SNG"}	{"ptAdminBalance": "0", "ibtAdminBalance": "0"}
{"blockNumber":23367817,"chainId":1,"poolAddress":"0x1ed0bea7db2815283da9e184145386bd7789a735","poolType":"CURVE_SNG"}	{"ptAdminBalance": "0", "ibtAdminBalance": "0"}
{"blockNumber":23325530,"chainId":1,"poolAddress":"0xcbe13315809acf6d7b92472fcb9546655b874ee7","poolType":"CURVE_SNG"}	{"ptAdminBalance": "0", "ibtAdminBalance": "0"}
{"blockNumber":23198537,"chainId":1,"poolAddress":"0x593a8a7c12d8111e12945ff167389662a02b5ece","poolType":"CURVE_SNG"}	{"ptAdminBalance": "0", "ibtAdminBalance": "0"}
{"blockNumber":23166385,"chainId":1,"poolAddress":"0x586032790165ec0b0562d2fd02055e6b2e729409","poolType":"CURVE_SNG"}	{"ptAdminBalance": "15433179790061961546", "ibtAdminBalance": "8889108183928142737"}
{"blockNumber":23128771,"chainId":1,"poolAddress":"0xbbb7e0cb9720aa32a28aa075c310bbe746258186","poolType":"CURVE_SNG"}	{"ptAdminBalance": "0", "ibtAdminBalance": "473285186870"}
{"blockNumber":23180237,"chainId":1,"poolAddress":"0xbbb7e0cb9720aa32a28aa075c310bbe746258186","poolType":"CURVE_SNG"}	{"ptAdminBalance": "0", "ibtAdminBalance": "473285186870"}
{"blockNumber":23312711,"chainId":1,"poolAddress":"0xe48c3a1389be663f0e6f96ac1b90c10ee8b1b1ec","poolType":"CURVE_SNG"}	{"ptAdminBalance": "0", "ibtAdminBalance": "0"}
{"blockNumber":23253732,"chainId":1,"poolAddress":"0xe48c3a1389be663f0e6f96ac1b90c10ee8b1b1ec","poolType":"CURVE_SNG"}	{"ptAdminBalance": "0", "ibtAdminBalance": "0"}
{"blockNumber":23263438,"chainId":1,"poolAddress":"0xe48c3a1389be663f0e6f96ac1b90c10ee8b1b1ec","poolType":"CURVE_SNG"}	{"ptAdminBalance": "0", "ibtAdminBalance": "0"}
{"blockNumber":23338483,"chainId":1,"poolAddress":"0xe48c3a1389be663f0e6f96ac1b90c10ee8b1b1ec","poolType":"CURVE_SNG"}	{"ptAdminBalance": "0", "ibtAdminBalance": "0"}
{"blockNumber":23328473,"chainId":1,"poolAddress":"0xe48c3a1389be663f0e6f96ac1b90c10ee8b1b1ec","poolType":"CURVE_SNG"}	{"ptAdminBalance": "0", "ibtAdminBalance": "0"}
{"blockNumber":23287315,"chainId":1,"poolAddress":"0xe48c3a1389be663f0e6f96ac1b90c10ee8b1b1ec","poolType":"CURVE_SNG"}	{"ptAdminBalance": "0", "ibtAdminBalance": "0"}
{"blockNumber":23287364,"chainId":1,"poolAddress":"0xe48c3a1389be663f0e6f96ac1b90c10ee8b1b1ec","poolType":"CURVE_SNG"}	{"ptAdminBalance": "0", "ibtAdminBalance": "0"}
{"blockNumber":23287375,"chainId":1,"poolAddress":"0xe48c3a1389be663f0e6f96ac1b90c10ee8b1b1ec","poolType":"CURVE_SNG"}	{"ptAdminBalance": "0", "ibtAdminBalance": "0"}
{"blockNumber":23331970,"chainId":1,"poolAddress":"0xe48c3a1389be663f0e6f96ac1b90c10ee8b1b1ec","poolType":"CURVE_SNG"}	{"ptAdminBalance": "0", "ibtAdminBalance": "0"}
{"blockNumber":23377208,"chainId":1,"poolAddress":"0xe48c3a1389be663f0e6f96ac1b90c10ee8b1b1ec","poolType":"CURVE_SNG"}	{"ptAdminBalance": "0", "ibtAdminBalance": "0"}
{"blockNumber":23154550,"chainId":1,"poolAddress":"0x17a23e49ae0209b5243090c138e800c4ca1921e9","poolType":"CURVE_SNG"}	{"ptAdminBalance": "0", "ibtAdminBalance": "0"}
{"blockNumber":23359799,"chainId":1,"poolAddress":"0x17a23e49ae0209b5243090c138e800c4ca1921e9","poolType":"CURVE_SNG"}	{"ptAdminBalance": "0", "ibtAdminBalance": "0"}
{"blockNumber":23163661,"chainId":1,"poolAddress":"0x1ed0bea7db2815283da9e184145386bd7789a735","poolType":"CURVE_SNG"}	{"ptAdminBalance": "0", "ibtAdminBalance": "0"}
{"blockNumber":23256946,"chainId":1,"poolAddress":"0x1ed0bea7db2815283da9e184145386bd7789a735","poolType":"CURVE_SNG"}	{"ptAdminBalance": "0", "ibtAdminBalance": "0"}
{"blockNumber":23195330,"chainId":1,"poolAddress":"0x1ed0bea7db2815283da9e184145386bd7789a735","poolType":"CURVE_SNG"}	{"ptAdminBalance": "0", "ibtAdminBalance": "0"}
{"blockNumber":23188282,"chainId":1,"poolAddress":"0x1ed0bea7db2815283da9e184145386bd7789a735","poolType":"CURVE_SNG"}	{"ptAdminBalance": "0", "ibtAdminBalance": "0"}
{"blockNumber":23216638,"chainId":1,"poolAddress":"0x1ed0bea7db2815283da9e184145386bd7789a735","poolType":"CURVE_SNG"}	{"ptAdminBalance": "0", "ibtAdminBalance": "0"}
{"blockNumber":23217970,"chainId":1,"poolAddress":"0x1ed0bea7db2815283da9e184145386bd7789a735","poolType":"CURVE_SNG"}	{"ptAdminBalance": "0", "ibtAdminBalance": "0"}
{"blockNumber":23206817,"chainId":1,"poolAddress":"0xac3f886b4f965d6d3510e1093769f3860f98e8f0","poolType":"CURVE_SNG"}	{"ptAdminBalance": "0", "ibtAdminBalance": "0"}
{"blockNumber":23160621,"chainId":1,"poolAddress":"0xac3f886b4f965d6d3510e1093769f3860f98e8f0","poolType":"CURVE_SNG"}	{"ptAdminBalance": "0", "ibtAdminBalance": "0"}
{"blockNumber":23160681,"chainId":1,"poolAddress":"0xac3f886b4f965d6d3510e1093769f3860f98e8f0","poolType":"CURVE_SNG"}	{"ptAdminBalance": "0", "ibtAdminBalance": "0"}
{"blockNumber":23120601,"chainId":1,"poolAddress":"0xac3f886b4f965d6d3510e1093769f3860f98e8f0","poolType":"CURVE_SNG"}	{"ptAdminBalance": "0", "ibtAdminBalance": "0"}
{"blockNumber":23377947,"chainId":1,"poolAddress":"0xd31fac73411da2c19aab7cd5d71f22d5c54e748a","poolType":"CURVE_SNG"}	{"ptAdminBalance": "71414929144229130", "ibtAdminBalance": "0"}
{"blockNumber":23372284,"chainId":1,"poolAddress":"0xd31fac73411da2c19aab7cd5d71f22d5c54e748a","poolType":"CURVE_SNG"}	{"ptAdminBalance": "71414929144229130", "ibtAdminBalance": "0"}
{"blockNumber":23148664,"chainId":1,"poolAddress":"0xd31fac73411da2c19aab7cd5d71f22d5c54e748a","poolType":"CURVE_SNG"}	{"ptAdminBalance": "71414929144229130", "ibtAdminBalance": "0"}
{"blockNumber":23115664,"chainId":1,"poolAddress":"0x21ff331d1928cb7fde9a151d43eba4ebee843e87","poolType":"CURVE_SNG"}	{"ptAdminBalance": "0", "ibtAdminBalance": "0"}
{"blockNumber":23361117,"chainId":1,"poolAddress":"0x593a8a7c12d8111e12945ff167389662a02b5ece","poolType":"CURVE_SNG"}	{"ptAdminBalance": "0", "ibtAdminBalance": "0"}
{"blockNumber":23304059,"chainId":1,"poolAddress":"0x593a8a7c12d8111e12945ff167389662a02b5ece","poolType":"CURVE_SNG"}	{"ptAdminBalance": "0", "ibtAdminBalance": "0"}
{"blockNumber":23311531,"chainId":1,"poolAddress":"0x593a8a7c12d8111e12945ff167389662a02b5ece","poolType":"CURVE_SNG"}	{"ptAdminBalance": "0", "ibtAdminBalance": "0"}
{"blockNumber":23363581,"chainId":1,"poolAddress":"0x593a8a7c12d8111e12945ff167389662a02b5ece","poolType":"CURVE_SNG"}	{"ptAdminBalance": "0", "ibtAdminBalance": "0"}
{"blockNumber":23153890,"chainId":1,"poolAddress":"0xf4ae78cb16f1cd8c5b06843ca2f54ddd7cbad03c","poolType":"CURVE_SNG"}	{"ptAdminBalance": "11282448064405243", "ibtAdminBalance": "435237375189818329"}
{"blockNumber":23343926,"chainId":1,"poolAddress":"0xf4ae78cb16f1cd8c5b06843ca2f54ddd7cbad03c","poolType":"CURVE_SNG"}	{"ptAdminBalance": "11282448064405243", "ibtAdminBalance": "435237375189818329"}
{"blockNumber":23336392,"chainId":1,"poolAddress":"0xf4ae78cb16f1cd8c5b06843ca2f54ddd7cbad03c","poolType":"CURVE_SNG"}	{"ptAdminBalance": "11282448064405243", "ibtAdminBalance": "435237375189818329"}
{"blockNumber":23222740,"chainId":1,"poolAddress":"0xf4ae78cb16f1cd8c5b06843ca2f54ddd7cbad03c","poolType":"CURVE_SNG"}	{"ptAdminBalance": "11282448064405243", "ibtAdminBalance": "435237375189818329"}
{"blockNumber":23222745,"chainId":1,"poolAddress":"0xf4ae78cb16f1cd8c5b06843ca2f54ddd7cbad03c","poolType":"CURVE_SNG"}	{"ptAdminBalance": "11282448064405243", "ibtAdminBalance": "435237375189818329"}
{"blockNumber":23292528,"chainId":1,"poolAddress":"0xf4ae78cb16f1cd8c5b06843ca2f54ddd7cbad03c","poolType":"CURVE_SNG"}	{"ptAdminBalance": "11282448064405243", "ibtAdminBalance": "435237375189818329"}
{"blockNumber":23305186,"chainId":1,"poolAddress":"0xf4ae78cb16f1cd8c5b06843ca2f54ddd7cbad03c","poolType":"CURVE_SNG"}	{"ptAdminBalance": "11282448064405243", "ibtAdminBalance": "435237375189818329"}
{"blockNumber":23315356,"chainId":1,"poolAddress":"0xf4ae78cb16f1cd8c5b06843ca2f54ddd7cbad03c","poolType":"CURVE_SNG"}	{"ptAdminBalance": "11282448064405243", "ibtAdminBalance": "435237375189818329"}
{"blockNumber":23334988,"chainId":1,"poolAddress":"0xf4ae78cb16f1cd8c5b06843ca2f54ddd7cbad03c","poolType":"CURVE_SNG"}	{"ptAdminBalance": "11282448064405243", "ibtAdminBalance": "435237375189818329"}
{"blockNumber":23343763,"chainId":1,"poolAddress":"0xf4ae78cb16f1cd8c5b06843ca2f54ddd7cbad03c","poolType":"CURVE_SNG"}	{"ptAdminBalance": "11282448064405243", "ibtAdminBalance": "435237375189818329"}
{"blockNumber":23348697,"chainId":1,"poolAddress":"0xf4ae78cb16f1cd8c5b06843ca2f54ddd7cbad03c","poolType":"CURVE_SNG"}	{"ptAdminBalance": "11282448064405243", "ibtAdminBalance": "435237375189818329"}
{"blockNumber":23350912,"chainId":1,"poolAddress":"0xf4ae78cb16f1cd8c5b06843ca2f54ddd7cbad03c","poolType":"CURVE_SNG"}	{"ptAdminBalance": "11282448064405243", "ibtAdminBalance": "435237375189818329"}
{"blockNumber":23256577,"chainId":1,"poolAddress":"0xf4ae78cb16f1cd8c5b06843ca2f54ddd7cbad03c","poolType":"CURVE_SNG"}	{"ptAdminBalance": "11282448064405243", "ibtAdminBalance": "435237375189818329"}
{"blockNumber":23292592,"chainId":1,"poolAddress":"0xf4ae78cb16f1cd8c5b06843ca2f54ddd7cbad03c","poolType":"CURVE_SNG"}	{"ptAdminBalance": "11282448064405243", "ibtAdminBalance": "435237375189818329"}
{"blockNumber":23383358,"chainId":1,"poolAddress":"0xf4ae78cb16f1cd8c5b06843ca2f54ddd7cbad03c","poolType":"CURVE_SNG"}	{"ptAdminBalance": "11282448064405243", "ibtAdminBalance": "435237375189818329"}
{"blockNumber":23123155,"chainId":1,"poolAddress":"0xe48c3a1389be663f0e6f96ac1b90c10ee8b1b1ec","poolType":"CURVE_SNG"}	{"ptAdminBalance": "0", "ibtAdminBalance": "0"}
{"blockNumber":23130978,"chainId":1,"poolAddress":"0xe48c3a1389be663f0e6f96ac1b90c10ee8b1b1ec","poolType":"CURVE_SNG"}	{"ptAdminBalance": "0", "ibtAdminBalance": "0"}
{"blockNumber":23210077,"chainId":1,"poolAddress":"0xe48c3a1389be663f0e6f96ac1b90c10ee8b1b1ec","poolType":"CURVE_SNG"}	{"ptAdminBalance": "0", "ibtAdminBalance": "0"}
{"blockNumber":23155726,"chainId":1,"poolAddress":"0xe48c3a1389be663f0e6f96ac1b90c10ee8b1b1ec","poolType":"CURVE_SNG"}	{"ptAdminBalance": "0", "ibtAdminBalance": "0"}
{"blockNumber":23167151,"chainId":1,"poolAddress":"0xe48c3a1389be663f0e6f96ac1b90c10ee8b1b1ec","poolType":"CURVE_SNG"}	{"ptAdminBalance": "0", "ibtAdminBalance": "0"}
{"blockNumber":23177591,"chainId":1,"poolAddress":"0xe48c3a1389be663f0e6f96ac1b90c10ee8b1b1ec","poolType":"CURVE_SNG"}	{"ptAdminBalance": "0", "ibtAdminBalance": "0"}
{"blockNumber":23124791,"chainId":1,"poolAddress":"0x17a23e49ae0209b5243090c138e800c4ca1921e9","poolType":"CURVE_SNG"}	{"ptAdminBalance": "0", "ibtAdminBalance": "0"}
{"blockNumber":23133433,"chainId":1,"poolAddress":"0x17a23e49ae0209b5243090c138e800c4ca1921e9","poolType":"CURVE_SNG"}	{"ptAdminBalance": "0", "ibtAdminBalance": "0"}
{"blockNumber":23254778,"chainId":1,"poolAddress":"0x17a23e49ae0209b5243090c138e800c4ca1921e9","poolType":"CURVE_SNG"}	{"ptAdminBalance": "0", "ibtAdminBalance": "0"}
{"blockNumber":23361719,"chainId":1,"poolAddress":"0x17a23e49ae0209b5243090c138e800c4ca1921e9","poolType":"CURVE_SNG"}	{"ptAdminBalance": "0", "ibtAdminBalance": "0"}
{"blockNumber":23238299,"chainId":1,"poolAddress":"0x17a23e49ae0209b5243090c138e800c4ca1921e9","poolType":"CURVE_SNG"}	{"ptAdminBalance": "0", "ibtAdminBalance": "0"}
{"blockNumber":23320150,"chainId":1,"poolAddress":"0x17a23e49ae0209b5243090c138e800c4ca1921e9","poolType":"CURVE_SNG"}	{"ptAdminBalance": "0", "ibtAdminBalance": "0"}
{"blockNumber":23107386,"chainId":1,"poolAddress":"0xbbb7e0cb9720aa32a28aa075c310bbe746258186","poolType":"CURVE_SNG"}	{"ptAdminBalance": "0", "ibtAdminBalance": "473285186870"}
{"blockNumber":23112790,"chainId":1,"poolAddress":"0xbbb7e0cb9720aa32a28aa075c310bbe746258186","poolType":"CURVE_SNG"}	{"ptAdminBalance": "0", "ibtAdminBalance": "473285186870"}
{"blockNumber":23180223,"chainId":1,"poolAddress":"0xbbb7e0cb9720aa32a28aa075c310bbe746258186","poolType":"CURVE_SNG"}	{"ptAdminBalance": "0", "ibtAdminBalance": "473285186870"}
{"blockNumber":23250267,"chainId":1,"poolAddress":"0xbbb7e0cb9720aa32a28aa075c310bbe746258186","poolType":"CURVE_SNG"}	{"ptAdminBalance": "0", "ibtAdminBalance": "473285186870"}
{"blockNumber":23374375,"chainId":1,"poolAddress":"0xcbe13315809acf6d7b92472fcb9546655b874ee7","poolType":"CURVE_SNG"}	{"ptAdminBalance": "0", "ibtAdminBalance": "0"}
{"blockNumber":23254580,"chainId":1,"poolAddress":"0xcbe13315809acf6d7b92472fcb9546655b874ee7","poolType":"CURVE_SNG"}	{"ptAdminBalance": "0", "ibtAdminBalance": "0"}
{"blockNumber":23276506,"chainId":1,"poolAddress":"0xcbe13315809acf6d7b92472fcb9546655b874ee7","poolType":"CURVE_SNG"}	{"ptAdminBalance": "0", "ibtAdminBalance": "0"}
{"blockNumber":23351798,"chainId":1,"poolAddress":"0xcbe13315809acf6d7b92472fcb9546655b874ee7","poolType":"CURVE_SNG"}	{"ptAdminBalance": "0", "ibtAdminBalance": "0"}
{"blockNumber":23362483,"chainId":1,"poolAddress":"0x2fe6c0f3f8e7821bb3e2164247aa24e1fd77e9e3","poolType":"CURVE_SNG"}	{"ptAdminBalance": "0", "ibtAdminBalance": "0"}
{"blockNumber":23374294,"chainId":1,"poolAddress":"0x2fe6c0f3f8e7821bb3e2164247aa24e1fd77e9e3","poolType":"CURVE_SNG"}	{"ptAdminBalance": "0", "ibtAdminBalance": "0"}
{"blockNumber":23374825,"chainId":1,"poolAddress":"0x2fe6c0f3f8e7821bb3e2164247aa24e1fd77e9e3","poolType":"CURVE_SNG"}	{"ptAdminBalance": "0", "ibtAdminBalance": "0"}
{"blockNumber":23106126,"chainId":1,"poolAddress":"0x586032790165ec0b0562d2fd02055e6b2e729409","poolType":"CURVE_SNG"}	{"ptAdminBalance": "15433179790061961546", "ibtAdminBalance": "8889108183928142737"}
{"blockNumber":23137215,"chainId":1,"poolAddress":"0x586032790165ec0b0562d2fd02055e6b2e729409","poolType":"CURVE_SNG"}	{"ptAdminBalance": "15433179790061961546", "ibtAdminBalance": "8889108183928142737"}
{"blockNumber":23184838,"chainId":1,"poolAddress":"0x586032790165ec0b0562d2fd02055e6b2e729409","poolType":"CURVE_SNG"}	{"ptAdminBalance": "15433179790061961546", "ibtAdminBalance": "8889108183928142737"}
{"blockNumber":23284338,"chainId":1,"poolAddress":"0x0c15c823c614c77f09ef90d35a71b6616070a22a","poolType":"CURVE_SNG"}	{"ptAdminBalance": "0", "ibtAdminBalance": "0"}
{"blockNumber":23290125,"chainId":1,"poolAddress":"0xd7d9bcafff98308d447a3985c6fedd84dbdea34b","poolType":"CURVE_SNG"}	{"ptAdminBalance": "42960791171858997433", "ibtAdminBalance": "39267450782546002338"}
{"blockNumber":23305732,"chainId":1,"poolAddress":"0xd7d9bcafff98308d447a3985c6fedd84dbdea34b","poolType":"CURVE_SNG"}	{"ptAdminBalance": "42960791171858997433", "ibtAdminBalance": "39267450782546002338"}
{"blockNumber":23360364,"chainId":1,"poolAddress":"0xd7d9bcafff98308d447a3985c6fedd84dbdea34b","poolType":"CURVE_SNG"}	{"ptAdminBalance": "42960791171858997433", "ibtAdminBalance": "39267450782546002338"}
{"blockNumber":23230167,"chainId":1,"poolAddress":"0x43cb9f6ddf5b313aec35f013800345cc895d4f22","poolType":"CURVE_SNG"}	{"ptAdminBalance": "0", "ibtAdminBalance": "0"}
{"blockNumber":23111211,"chainId":1,"poolAddress":"0xdd7a073b40a3b7c00e13b0bd929145ea52368650","poolType":"CURVE_SNG"}	{"ptAdminBalance": "271846007697665500", "ibtAdminBalance": "0"}
{"blockNumber":23347007,"chainId":1,"poolAddress":"0x4103885b44676e24ae1f65d8a36d6bec57bd5000","poolType":"CURVE_SNG"}	{"ptAdminBalance": "0", "ibtAdminBalance": "0"}
{"blockNumber":23348545,"chainId":1,"poolAddress":"0x4103885b44676e24ae1f65d8a36d6bec57bd5000","poolType":"CURVE_SNG"}	{"ptAdminBalance": "0", "ibtAdminBalance": "0"}
{"blockNumber":23127124,"chainId":1,"poolAddress":"0xa95a5eb4f639ddc9cd0b431036eb2cc2d018c18c","poolType":"CURVE_SNG"}	{"ptAdminBalance": "369727162466843101", "ibtAdminBalance": "210220522356239003"}
{"blockNumber":23309878,"chainId":1,"poolAddress":"0xa95a5eb4f639ddc9cd0b431036eb2cc2d018c18c","poolType":"CURVE_SNG"}	{"ptAdminBalance": "369727162466843101", "ibtAdminBalance": "210220522356239003"}
{"blockNumber":23121180,"chainId":1,"poolAddress":"0xd7d9bcafff98308d447a3985c6fedd84dbdea34b","poolType":"CURVE_SNG"}	{"ptAdminBalance": "42960791171858997433", "ibtAdminBalance": "39267450782546002338"}
{"blockNumber":23121283,"chainId":1,"poolAddress":"0xd7d9bcafff98308d447a3985c6fedd84dbdea34b","poolType":"CURVE_SNG"}	{"ptAdminBalance": "42960791171858997433", "ibtAdminBalance": "39267450782546002338"}
{"blockNumber":23379305,"chainId":1,"poolAddress":"0xac3f886b4f965d6d3510e1093769f3860f98e8f0","poolType":"CURVE_SNG"}	{"ptAdminBalance": "0", "ibtAdminBalance": "0"}
{"blockNumber":23286957,"chainId":1,"poolAddress":"0xac3f886b4f965d6d3510e1093769f3860f98e8f0","poolType":"CURVE_SNG"}	{"ptAdminBalance": "0", "ibtAdminBalance": "0"}
{"blockNumber":23304514,"chainId":1,"poolAddress":"0xac3f886b4f965d6d3510e1093769f3860f98e8f0","poolType":"CURVE_SNG"}	{"ptAdminBalance": "0", "ibtAdminBalance": "0"}
{"blockNumber":23110027,"chainId":1,"poolAddress":"0x6b6e36e0516b3020dff0edd01fe90c18774de709","poolType":"CURVE_SNG"}	{"ptAdminBalance": "0", "ibtAdminBalance": "0"}
{"blockNumber":23116890,"chainId":1,"poolAddress":"0x6b6e36e0516b3020dff0edd01fe90c18774de709","poolType":"CURVE_SNG"}	{"ptAdminBalance": "0", "ibtAdminBalance": "0"}
{"blockNumber":23342097,"chainId":1,"poolAddress":"0x6b6e36e0516b3020dff0edd01fe90c18774de709","poolType":"CURVE_SNG"}	{"ptAdminBalance": "0", "ibtAdminBalance": "0"}
{"blockNumber":23279382,"chainId":1,"poolAddress":"0x43cb9f6ddf5b313aec35f013800345cc895d4f22","poolType":"CURVE_SNG"}	{"ptAdminBalance": "0", "ibtAdminBalance": "0"}
{"blockNumber":23377933,"chainId":1,"poolAddress":"0xcbe13315809acf6d7b92472fcb9546655b874ee7","poolType":"CURVE_SNG"}	{"ptAdminBalance": "0", "ibtAdminBalance": "0"}
{"blockNumber":23126997,"chainId":1,"poolAddress":"0xcbe13315809acf6d7b92472fcb9546655b874ee7","poolType":"CURVE_SNG"}	{"ptAdminBalance": "0", "ibtAdminBalance": "0"}
{"blockNumber":23135398,"chainId":1,"poolAddress":"0xcbe13315809acf6d7b92472fcb9546655b874ee7","poolType":"CURVE_SNG"}	{"ptAdminBalance": "0", "ibtAdminBalance": "0"}
{"blockNumber":23178309,"chainId":1,"poolAddress":"0xcbe13315809acf6d7b92472fcb9546655b874ee7","poolType":"CURVE_SNG"}	{"ptAdminBalance": "0", "ibtAdminBalance": "0"}
{"blockNumber":23196337,"chainId":1,"poolAddress":"0xcbe13315809acf6d7b92472fcb9546655b874ee7","poolType":"CURVE_SNG"}	{"ptAdminBalance": "0", "ibtAdminBalance": "0"}
{"blockNumber":23209735,"chainId":1,"poolAddress":"0xcbe13315809acf6d7b92472fcb9546655b874ee7","poolType":"CURVE_SNG"}	{"ptAdminBalance": "0", "ibtAdminBalance": "0"}
{"blockNumber":23210699,"chainId":1,"poolAddress":"0xcbe13315809acf6d7b92472fcb9546655b874ee7","poolType":"CURVE_SNG"}	{"ptAdminBalance": "0", "ibtAdminBalance": "0"}
{"blockNumber":23243309,"chainId":1,"poolAddress":"0xcbe13315809acf6d7b92472fcb9546655b874ee7","poolType":"CURVE_SNG"}	{"ptAdminBalance": "0", "ibtAdminBalance": "0"}
{"blockNumber":23277144,"chainId":1,"poolAddress":"0xcbe13315809acf6d7b92472fcb9546655b874ee7","poolType":"CURVE_SNG"}	{"ptAdminBalance": "0", "ibtAdminBalance": "0"}
{"blockNumber":23369121,"chainId":1,"poolAddress":"0xcbe13315809acf6d7b92472fcb9546655b874ee7","poolType":"CURVE_SNG"}	{"ptAdminBalance": "0", "ibtAdminBalance": "0"}
{"blockNumber":23369152,"chainId":1,"poolAddress":"0xcbe13315809acf6d7b92472fcb9546655b874ee7","poolType":"CURVE_SNG"}	{"ptAdminBalance": "0", "ibtAdminBalance": "0"}
{"blockNumber":23373033,"chainId":1,"poolAddress":"0xcbe13315809acf6d7b92472fcb9546655b874ee7","poolType":"CURVE_SNG"}	{"ptAdminBalance": "0", "ibtAdminBalance": "0"}
{"blockNumber":23374311,"chainId":1,"poolAddress":"0xcbe13315809acf6d7b92472fcb9546655b874ee7","poolType":"CURVE_SNG"}	{"ptAdminBalance": "0", "ibtAdminBalance": "0"}
{"blockNumber":23377593,"chainId":1,"poolAddress":"0xcbe13315809acf6d7b92472fcb9546655b874ee7","poolType":"CURVE_SNG"}	{"ptAdminBalance": "0", "ibtAdminBalance": "0"}
{"blockNumber":23144276,"chainId":1,"poolAddress":"0xdcb8c27adee3d9b83a01cd40a3c572746a641319","poolType":"CURVE_SNG"}	{"ptAdminBalance": "21711659748489368459", "ibtAdminBalance": "15489511323282195856"}
{"blockNumber":23227313,"chainId":1,"poolAddress":"0xdcb8c27adee3d9b83a01cd40a3c572746a641319","poolType":"CURVE_SNG"}	{"ptAdminBalance": "21711659748489368459", "ibtAdminBalance": "15489511323282195856"}
{"blockNumber":23332472,"chainId":1,"poolAddress":"0xe48c3a1389be663f0e6f96ac1b90c10ee8b1b1ec","poolType":"CURVE_SNG"}	{"ptAdminBalance": "0", "ibtAdminBalance": "0"}
{"blockNumber":23374336,"chainId":1,"poolAddress":"0xe48c3a1389be663f0e6f96ac1b90c10ee8b1b1ec","poolType":"CURVE_SNG"}	{"ptAdminBalance": "0", "ibtAdminBalance": "0"}
{"blockNumber":23245758,"chainId":1,"poolAddress":"0xb2737014c7d4dd697ec24ba1398a6780a4d1b9e6","poolType":"CURVE_SNG"}	{"ptAdminBalance": "0", "ibtAdminBalance": "0"}
{"blockNumber":23282914,"chainId":1,"poolAddress":"0x4103885b44676e24ae1f65d8a36d6bec57bd5000","poolType":"CURVE_SNG"}	{"ptAdminBalance": "0", "ibtAdminBalance": "0"}
{"blockNumber":23282936,"chainId":1,"poolAddress":"0xc1b8e361803deef2d40ce5ec19e2a98f4045608b","poolType":"CURVE_SNG"}	{"ptAdminBalance": "18579157592311544413", "ibtAdminBalance": "6692202791482961319"}
{"blockNumber":23282922,"chainId":1,"poolAddress":"0xbbb7e0cb9720aa32a28aa075c310bbe746258186","poolType":"CURVE_SNG"}	{"ptAdminBalance": "0", "ibtAdminBalance": "473285186870"}
{"blockNumber":23127947,"chainId":1,"poolAddress":"0x586032790165ec0b0562d2fd02055e6b2e729409","poolType":"CURVE_SNG"}	{"ptAdminBalance": "15433179790061961546", "ibtAdminBalance": "8889108183928142737"}
{"blockNumber":23149532,"chainId":1,"poolAddress":"0x586032790165ec0b0562d2fd02055e6b2e729409","poolType":"CURVE_SNG"}	{"ptAdminBalance": "15433179790061961546", "ibtAdminBalance": "8889108183928142737"}
{"blockNumber":23328577,"chainId":1,"poolAddress":"0x586032790165ec0b0562d2fd02055e6b2e729409","poolType":"CURVE_SNG"}	{"ptAdminBalance": "15433179790061961546", "ibtAdminBalance": "8889108183928142737"}
{"blockNumber":23367115,"chainId":1,"poolAddress":"0x586032790165ec0b0562d2fd02055e6b2e729409","poolType":"CURVE_SNG"}	{"ptAdminBalance": "15433179790061961546", "ibtAdminBalance": "8889108183928142737"}
{"blockNumber":23116555,"chainId":1,"poolAddress":"0x21ff331d1928cb7fde9a151d43eba4ebee843e87","poolType":"CURVE_SNG"}	{"ptAdminBalance": "0", "ibtAdminBalance": "0"}
{"blockNumber":23116566,"chainId":1,"poolAddress":"0x21ff331d1928cb7fde9a151d43eba4ebee843e87","poolType":"CURVE_SNG"}	{"ptAdminBalance": "0", "ibtAdminBalance": "0"}
{"blockNumber":23174471,"chainId":1,"poolAddress":"0x21ff331d1928cb7fde9a151d43eba4ebee843e87","poolType":"CURVE_SNG"}	{"ptAdminBalance": "0", "ibtAdminBalance": "0"}
{"blockNumber":23174518,"chainId":1,"poolAddress":"0x21ff331d1928cb7fde9a151d43eba4ebee843e87","poolType":"CURVE_SNG"}	{"ptAdminBalance": "0", "ibtAdminBalance": "0"}
{"blockNumber":23187915,"chainId":1,"poolAddress":"0x21ff331d1928cb7fde9a151d43eba4ebee843e87","poolType":"CURVE_SNG"}	{"ptAdminBalance": "0", "ibtAdminBalance": "0"}
{"blockNumber":23195295,"chainId":1,"poolAddress":"0x21ff331d1928cb7fde9a151d43eba4ebee843e87","poolType":"CURVE_SNG"}	{"ptAdminBalance": "0", "ibtAdminBalance": "0"}
{"blockNumber":23238731,"chainId":1,"poolAddress":"0x21ff331d1928cb7fde9a151d43eba4ebee843e87","poolType":"CURVE_SNG"}	{"ptAdminBalance": "0", "ibtAdminBalance": "0"}
{"blockNumber":23289128,"chainId":1,"poolAddress":"0x21ff331d1928cb7fde9a151d43eba4ebee843e87","poolType":"CURVE_SNG"}	{"ptAdminBalance": "0", "ibtAdminBalance": "0"}
{"blockNumber":23290615,"chainId":1,"poolAddress":"0x21ff331d1928cb7fde9a151d43eba4ebee843e87","poolType":"CURVE_SNG"}	{"ptAdminBalance": "0", "ibtAdminBalance": "0"}
{"blockNumber":23116584,"chainId":1,"poolAddress":"0x1ed0bea7db2815283da9e184145386bd7789a735","poolType":"CURVE_SNG"}	{"ptAdminBalance": "0", "ibtAdminBalance": "0"}
{"blockNumber":23289067,"chainId":1,"poolAddress":"0x1ed0bea7db2815283da9e184145386bd7789a735","poolType":"CURVE_SNG"}	{"ptAdminBalance": "0", "ibtAdminBalance": "0"}
{"blockNumber":23290575,"chainId":1,"poolAddress":"0x1ed0bea7db2815283da9e184145386bd7789a735","poolType":"CURVE_SNG"}	{"ptAdminBalance": "0", "ibtAdminBalance": "0"}
{"blockNumber":23143961,"chainId":1,"poolAddress":"0x1ed0bea7db2815283da9e184145386bd7789a735","poolType":"CURVE_SNG"}	{"ptAdminBalance": "0", "ibtAdminBalance": "0"}
{"blockNumber":23157495,"chainId":1,"poolAddress":"0x1ed0bea7db2815283da9e184145386bd7789a735","poolType":"CURVE_SNG"}	{"ptAdminBalance": "0", "ibtAdminBalance": "0"}
{"blockNumber":23195421,"chainId":1,"poolAddress":"0x1ed0bea7db2815283da9e184145386bd7789a735","poolType":"CURVE_SNG"}	{"ptAdminBalance": "0", "ibtAdminBalance": "0"}
{"blockNumber":23207149,"chainId":1,"poolAddress":"0x1ed0bea7db2815283da9e184145386bd7789a735","poolType":"CURVE_SNG"}	{"ptAdminBalance": "0", "ibtAdminBalance": "0"}
{"blockNumber":23207188,"chainId":1,"poolAddress":"0x1ed0bea7db2815283da9e184145386bd7789a735","poolType":"CURVE_SNG"}	{"ptAdminBalance": "0", "ibtAdminBalance": "0"}
{"blockNumber":23238968,"chainId":1,"poolAddress":"0x1ed0bea7db2815283da9e184145386bd7789a735","poolType":"CURVE_SNG"}	{"ptAdminBalance": "0", "ibtAdminBalance": "0"}
{"blockNumber":23239731,"chainId":1,"poolAddress":"0x1ed0bea7db2815283da9e184145386bd7789a735","poolType":"CURVE_SNG"}	{"ptAdminBalance": "0", "ibtAdminBalance": "0"}
{"blockNumber":23248018,"chainId":1,"poolAddress":"0x1ed0bea7db2815283da9e184145386bd7789a735","poolType":"CURVE_SNG"}	{"ptAdminBalance": "0", "ibtAdminBalance": "0"}
{"blockNumber":23248045,"chainId":1,"poolAddress":"0x1ed0bea7db2815283da9e184145386bd7789a735","poolType":"CURVE_SNG"}	{"ptAdminBalance": "0", "ibtAdminBalance": "0"}
{"blockNumber":23248216,"chainId":1,"poolAddress":"0x1ed0bea7db2815283da9e184145386bd7789a735","poolType":"CURVE_SNG"}	{"ptAdminBalance": "0", "ibtAdminBalance": "0"}
{"blockNumber":23276253,"chainId":1,"poolAddress":"0x1ed0bea7db2815283da9e184145386bd7789a735","poolType":"CURVE_SNG"}	{"ptAdminBalance": "0", "ibtAdminBalance": "0"}
{"blockNumber":23284785,"chainId":1,"poolAddress":"0x1ed0bea7db2815283da9e184145386bd7789a735","poolType":"CURVE_SNG"}	{"ptAdminBalance": "0", "ibtAdminBalance": "0"}
{"blockNumber":23285952,"chainId":1,"poolAddress":"0x1ed0bea7db2815283da9e184145386bd7789a735","poolType":"CURVE_SNG"}	{"ptAdminBalance": "0", "ibtAdminBalance": "0"}
{"blockNumber":23200439,"chainId":1,"poolAddress":"0x593a8a7c12d8111e12945ff167389662a02b5ece","poolType":"CURVE_SNG"}	{"ptAdminBalance": "0", "ibtAdminBalance": "0"}
{"blockNumber":23146064,"chainId":1,"poolAddress":"0x593a8a7c12d8111e12945ff167389662a02b5ece","poolType":"CURVE_SNG"}	{"ptAdminBalance": "0", "ibtAdminBalance": "0"}
{"blockNumber":23146219,"chainId":1,"poolAddress":"0x593a8a7c12d8111e12945ff167389662a02b5ece","poolType":"CURVE_SNG"}	{"ptAdminBalance": "0", "ibtAdminBalance": "0"}
{"blockNumber":23146344,"chainId":1,"poolAddress":"0x593a8a7c12d8111e12945ff167389662a02b5ece","poolType":"CURVE_SNG"}	{"ptAdminBalance": "0", "ibtAdminBalance": "0"}
{"blockNumber":23186965,"chainId":1,"poolAddress":"0x593a8a7c12d8111e12945ff167389662a02b5ece","poolType":"CURVE_SNG"}	{"ptAdminBalance": "0", "ibtAdminBalance": "0"}
{"blockNumber":23261418,"chainId":1,"poolAddress":"0x593a8a7c12d8111e12945ff167389662a02b5ece","poolType":"CURVE_SNG"}	{"ptAdminBalance": "0", "ibtAdminBalance": "0"}
{"blockNumber":23274880,"chainId":1,"poolAddress":"0x593a8a7c12d8111e12945ff167389662a02b5ece","poolType":"CURVE_SNG"}	{"ptAdminBalance": "0", "ibtAdminBalance": "0"}
{"blockNumber":23274958,"chainId":1,"poolAddress":"0x593a8a7c12d8111e12945ff167389662a02b5ece","poolType":"CURVE_SNG"}	{"ptAdminBalance": "0", "ibtAdminBalance": "0"}
{"blockNumber":23283185,"chainId":1,"poolAddress":"0x593a8a7c12d8111e12945ff167389662a02b5ece","poolType":"CURVE_SNG"}	{"ptAdminBalance": "0", "ibtAdminBalance": "0"}
{"blockNumber":23288421,"chainId":1,"poolAddress":"0x593a8a7c12d8111e12945ff167389662a02b5ece","poolType":"CURVE_SNG"}	{"ptAdminBalance": "0", "ibtAdminBalance": "0"}
{"blockNumber":23314249,"chainId":1,"poolAddress":"0x593a8a7c12d8111e12945ff167389662a02b5ece","poolType":"CURVE_SNG"}	{"ptAdminBalance": "0", "ibtAdminBalance": "0"}
{"blockNumber":23378810,"chainId":1,"poolAddress":"0x17a23e49ae0209b5243090c138e800c4ca1921e9","poolType":"CURVE_SNG"}	{"ptAdminBalance": "0", "ibtAdminBalance": "0"}
{"blockNumber":23154043,"chainId":1,"poolAddress":"0x17a23e49ae0209b5243090c138e800c4ca1921e9","poolType":"CURVE_SNG"}	{"ptAdminBalance": "0", "ibtAdminBalance": "0"}
{"blockNumber":23127153,"chainId":1,"poolAddress":"0xf885a7c53920bda31770c4efc781d98df5afe8c5","poolType":"CURVE_SNG"}	{"ptAdminBalance": "0", "ibtAdminBalance": "0"}
{"blockNumber":23505979,"chainId":1,"poolAddress":"0xe48c3a1389be663f0e6f96ac1b90c10ee8b1b1ec","poolType":"CURVE_SNG"}	{"ptAdminBalance": "0", "ibtAdminBalance": "0"}
{"blockNumber":23447858,"chainId":1,"poolAddress":"0x17a23e49ae0209b5243090c138e800c4ca1921e9","poolType":"CURVE_SNG"}	{"ptAdminBalance": "0", "ibtAdminBalance": "0"}
{"blockNumber":23558248,"chainId":1,"poolAddress":"0xcbe13315809acf6d7b92472fcb9546655b874ee7","poolType":"CURVE_SNG"}	{"ptAdminBalance": "0", "ibtAdminBalance": "0"}
{"blockNumber":23384266,"chainId":1,"poolAddress":"0xcbe13315809acf6d7b92472fcb9546655b874ee7","poolType":"CURVE_SNG"}	{"ptAdminBalance": "0", "ibtAdminBalance": "0"}
{"blockNumber":23384912,"chainId":1,"poolAddress":"0xcbe13315809acf6d7b92472fcb9546655b874ee7","poolType":"CURVE_SNG"}	{"ptAdminBalance": "0", "ibtAdminBalance": "0"}
{"blockNumber":23384940,"chainId":1,"poolAddress":"0xcbe13315809acf6d7b92472fcb9546655b874ee7","poolType":"CURVE_SNG"}	{"ptAdminBalance": "0", "ibtAdminBalance": "0"}
{"blockNumber":23384966,"chainId":1,"poolAddress":"0xcbe13315809acf6d7b92472fcb9546655b874ee7","poolType":"CURVE_SNG"}	{"ptAdminBalance": "0", "ibtAdminBalance": "0"}
{"blockNumber":23384980,"chainId":1,"poolAddress":"0xcbe13315809acf6d7b92472fcb9546655b874ee7","poolType":"CURVE_SNG"}	{"ptAdminBalance": "0", "ibtAdminBalance": "0"}
{"blockNumber":23419562,"chainId":1,"poolAddress":"0xcbe13315809acf6d7b92472fcb9546655b874ee7","poolType":"CURVE_SNG"}	{"ptAdminBalance": "0", "ibtAdminBalance": "0"}
{"blockNumber":23447624,"chainId":1,"poolAddress":"0xcbe13315809acf6d7b92472fcb9546655b874ee7","poolType":"CURVE_SNG"}	{"ptAdminBalance": "0", "ibtAdminBalance": "0"}
{"blockNumber":23470450,"chainId":1,"poolAddress":"0xcbe13315809acf6d7b92472fcb9546655b874ee7","poolType":"CURVE_SNG"}	{"ptAdminBalance": "0", "ibtAdminBalance": "0"}
{"blockNumber":23565626,"chainId":1,"poolAddress":"0x43cb9f6ddf5b313aec35f013800345cc895d4f22","poolType":"CURVE_SNG"}	{"ptAdminBalance": "0", "ibtAdminBalance": "0"}
{"blockNumber":23604294,"chainId":1,"poolAddress":"0x43cb9f6ddf5b313aec35f013800345cc895d4f22","poolType":"CURVE_SNG"}	{"ptAdminBalance": "0", "ibtAdminBalance": "0"}
{"blockNumber":23583770,"chainId":1,"poolAddress":"0x6e7f0c234582b9421e4c9bc4ab3542016cd23301","poolType":"CURVE_SNG"}	{"ptAdminBalance": "0", "ibtAdminBalance": "0"}
{"blockNumber":23430022,"chainId":1,"poolAddress":"0xa95a5eb4f639ddc9cd0b431036eb2cc2d018c18c","poolType":"CURVE_SNG"}	{"ptAdminBalance": "369727162466843101", "ibtAdminBalance": "210220522356239003"}
{"blockNumber":23684441,"chainId":1,"poolAddress":"0xa95a5eb4f639ddc9cd0b431036eb2cc2d018c18c","poolType":"CURVE_SNG"}	{"ptAdminBalance": "369727162466843101", "ibtAdminBalance": "210220522356239003"}
{"blockNumber":23450957,"chainId":1,"poolAddress":"0x6e7f0c234582b9421e4c9bc4ab3542016cd23301","poolType":"CURVE_SNG"}	{"ptAdminBalance": "0", "ibtAdminBalance": "0"}
{"blockNumber":23453870,"chainId":1,"poolAddress":"0x6e7f0c234582b9421e4c9bc4ab3542016cd23301","poolType":"CURVE_SNG"}	{"ptAdminBalance": "0", "ibtAdminBalance": "0"}
{"blockNumber":23584829,"chainId":1,"poolAddress":"0xa95a5eb4f639ddc9cd0b431036eb2cc2d018c18c","poolType":"CURVE_SNG"}	{"ptAdminBalance": "369727162466843101", "ibtAdminBalance": "210220522356239003"}
{"blockNumber":23394764,"chainId":1,"poolAddress":"0xbbb7e0cb9720aa32a28aa075c310bbe746258186","poolType":"CURVE_SNG"}	{"ptAdminBalance": "0", "ibtAdminBalance": "473285186870"}
{"blockNumber":23676883,"chainId":1,"poolAddress":"0xbbb7e0cb9720aa32a28aa075c310bbe746258186","poolType":"CURVE_SNG"}	{"ptAdminBalance": "0", "ibtAdminBalance": "473285186870"}
{"blockNumber":23390519,"chainId":1,"poolAddress":"0x1ed0bea7db2815283da9e184145386bd7789a735","poolType":"CURVE_SNG"}	{"ptAdminBalance": "0", "ibtAdminBalance": "0"}
{"blockNumber":23444855,"chainId":1,"poolAddress":"0x1ed0bea7db2815283da9e184145386bd7789a735","poolType":"CURVE_SNG"}	{"ptAdminBalance": "0", "ibtAdminBalance": "0"}
{"blockNumber":23392016,"chainId":1,"poolAddress":"0x43cb9f6ddf5b313aec35f013800345cc895d4f22","poolType":"CURVE_SNG"}	{"ptAdminBalance": "0", "ibtAdminBalance": "0"}
{"blockNumber":23681595,"chainId":1,"poolAddress":"0x43cb9f6ddf5b313aec35f013800345cc895d4f22","poolType":"CURVE_SNG"}	{"ptAdminBalance": "0", "ibtAdminBalance": "0"}
{"blockNumber":23685893,"chainId":1,"poolAddress":"0x43cb9f6ddf5b313aec35f013800345cc895d4f22","poolType":"CURVE_SNG"}	{"ptAdminBalance": "0", "ibtAdminBalance": "0"}
{"blockNumber":23488998,"chainId":1,"poolAddress":"0x2fe6c0f3f8e7821bb3e2164247aa24e1fd77e9e3","poolType":"CURVE_SNG"}	{"ptAdminBalance": "0", "ibtAdminBalance": "0"}
{"blockNumber":23452047,"chainId":1,"poolAddress":"0x4619a871112c443658a505941532bb7df60b06b2","poolType":"CURVE_SNG"}	{"ptAdminBalance": "0", "ibtAdminBalance": "0"}
{"blockNumber":23690164,"chainId":1,"poolAddress":"0x586032790165ec0b0562d2fd02055e6b2e729409","poolType":"CURVE_SNG"}	{"ptAdminBalance": "15433179790061961546", "ibtAdminBalance": "8889108183928142737"}
{"blockNumber":23690498,"chainId":1,"poolAddress":"0x586032790165ec0b0562d2fd02055e6b2e729409","poolType":"CURVE_SNG"}	{"ptAdminBalance": "15433179790061961546", "ibtAdminBalance": "8889108183928142737"}
{"blockNumber":23402714,"chainId":1,"poolAddress":"0x593a8a7c12d8111e12945ff167389662a02b5ece","poolType":"CURVE_SNG"}	{"ptAdminBalance": "0", "ibtAdminBalance": "0"}
{"blockNumber":23402724,"chainId":1,"poolAddress":"0xe48c3a1389be663f0e6f96ac1b90c10ee8b1b1ec","poolType":"CURVE_SNG"}	{"ptAdminBalance": "0", "ibtAdminBalance": "0"}
{"blockNumber":23386842,"chainId":1,"poolAddress":"0x17a23e49ae0209b5243090c138e800c4ca1921e9","poolType":"CURVE_SNG"}	{"ptAdminBalance": "0", "ibtAdminBalance": "0"}
{"blockNumber":23386855,"chainId":1,"poolAddress":"0xac3f886b4f965d6d3510e1093769f3860f98e8f0","poolType":"CURVE_SNG"}	{"ptAdminBalance": "0", "ibtAdminBalance": "0"}
{"blockNumber":23684623,"chainId":1,"poolAddress":"0xceb283be31a655a9c707a7bb5bb1edffc35491b0","poolType":"CURVE_SNG"}	{"ptAdminBalance": "0", "ibtAdminBalance": "0"}
{"blockNumber":23688763,"chainId":1,"poolAddress":"0xbbb7e0cb9720aa32a28aa075c310bbe746258186","poolType":"CURVE_SNG"}	{"ptAdminBalance": "0", "ibtAdminBalance": "473285186870"}
{"blockNumber":23447878,"chainId":1,"poolAddress":"0x17a23e49ae0209b5243090c138e800c4ca1921e9","poolType":"CURVE_SNG"}	{"ptAdminBalance": "0", "ibtAdminBalance": "0"}
{"blockNumber":23385776,"chainId":1,"poolAddress":"0x17a23e49ae0209b5243090c138e800c4ca1921e9","poolType":"CURVE_SNG"}	{"ptAdminBalance": "0", "ibtAdminBalance": "0"}
{"blockNumber":23387021,"chainId":1,"poolAddress":"0xcbe13315809acf6d7b92472fcb9546655b874ee7","poolType":"CURVE_SNG"}	{"ptAdminBalance": "0", "ibtAdminBalance": "0"}
{"blockNumber":23517191,"chainId":1,"poolAddress":"0xcbe13315809acf6d7b92472fcb9546655b874ee7","poolType":"CURVE_SNG"}	{"ptAdminBalance": "0", "ibtAdminBalance": "0"}
{"blockNumber":23531167,"chainId":1,"poolAddress":"0xcbe13315809acf6d7b92472fcb9546655b874ee7","poolType":"CURVE_SNG"}	{"ptAdminBalance": "0", "ibtAdminBalance": "0"}
{"blockNumber":23400778,"chainId":1,"poolAddress":"0xcbe13315809acf6d7b92472fcb9546655b874ee7","poolType":"CURVE_SNG"}	{"ptAdminBalance": "0", "ibtAdminBalance": "0"}
{"blockNumber":23401202,"chainId":1,"poolAddress":"0xcbe13315809acf6d7b92472fcb9546655b874ee7","poolType":"CURVE_SNG"}	{"ptAdminBalance": "0", "ibtAdminBalance": "0"}
{"blockNumber":23402161,"chainId":1,"poolAddress":"0xcbe13315809acf6d7b92472fcb9546655b874ee7","poolType":"CURVE_SNG"}	{"ptAdminBalance": "0", "ibtAdminBalance": "0"}
{"blockNumber":23410964,"chainId":1,"poolAddress":"0xcbe13315809acf6d7b92472fcb9546655b874ee7","poolType":"CURVE_SNG"}	{"ptAdminBalance": "0", "ibtAdminBalance": "0"}
{"blockNumber":23403035,"chainId":1,"poolAddress":"0xcbe13315809acf6d7b92472fcb9546655b874ee7","poolType":"CURVE_SNG"}	{"ptAdminBalance": "0", "ibtAdminBalance": "0"}
{"blockNumber":23408560,"chainId":1,"poolAddress":"0xcbe13315809acf6d7b92472fcb9546655b874ee7","poolType":"CURVE_SNG"}	{"ptAdminBalance": "0", "ibtAdminBalance": "0"}
{"blockNumber":23415240,"chainId":1,"poolAddress":"0xcbe13315809acf6d7b92472fcb9546655b874ee7","poolType":"CURVE_SNG"}	{"ptAdminBalance": "0", "ibtAdminBalance": "0"}
{"blockNumber":23413537,"chainId":1,"poolAddress":"0xcbe13315809acf6d7b92472fcb9546655b874ee7","poolType":"CURVE_SNG"}	{"ptAdminBalance": "0", "ibtAdminBalance": "0"}
{"blockNumber":23415356,"chainId":1,"poolAddress":"0xcbe13315809acf6d7b92472fcb9546655b874ee7","poolType":"CURVE_SNG"}	{"ptAdminBalance": "0", "ibtAdminBalance": "0"}
{"blockNumber":23415778,"chainId":1,"poolAddress":"0xcbe13315809acf6d7b92472fcb9546655b874ee7","poolType":"CURVE_SNG"}	{"ptAdminBalance": "0", "ibtAdminBalance": "0"}
{"blockNumber":23428070,"chainId":1,"poolAddress":"0xcbe13315809acf6d7b92472fcb9546655b874ee7","poolType":"CURVE_SNG"}	{"ptAdminBalance": "0", "ibtAdminBalance": "0"}
{"blockNumber":23445650,"chainId":1,"poolAddress":"0xcbe13315809acf6d7b92472fcb9546655b874ee7","poolType":"CURVE_SNG"}	{"ptAdminBalance": "0", "ibtAdminBalance": "0"}
{"blockNumber":23445654,"chainId":1,"poolAddress":"0xcbe13315809acf6d7b92472fcb9546655b874ee7","poolType":"CURVE_SNG"}	{"ptAdminBalance": "0", "ibtAdminBalance": "0"}
{"blockNumber":23448487,"chainId":1,"poolAddress":"0xcbe13315809acf6d7b92472fcb9546655b874ee7","poolType":"CURVE_SNG"}	{"ptAdminBalance": "0", "ibtAdminBalance": "0"}
{"blockNumber":23459789,"chainId":1,"poolAddress":"0xcbe13315809acf6d7b92472fcb9546655b874ee7","poolType":"CURVE_SNG"}	{"ptAdminBalance": "0", "ibtAdminBalance": "0"}
{"blockNumber":23384348,"chainId":1,"poolAddress":"0xcbe13315809acf6d7b92472fcb9546655b874ee7","poolType":"CURVE_SNG"}	{"ptAdminBalance": "0", "ibtAdminBalance": "0"}
{"blockNumber":23393942,"chainId":1,"poolAddress":"0xcbe13315809acf6d7b92472fcb9546655b874ee7","poolType":"CURVE_SNG"}	{"ptAdminBalance": "0", "ibtAdminBalance": "0"}
{"blockNumber":23401049,"chainId":1,"poolAddress":"0xcbe13315809acf6d7b92472fcb9546655b874ee7","poolType":"CURVE_SNG"}	{"ptAdminBalance": "0", "ibtAdminBalance": "0"}
{"blockNumber":23405181,"chainId":1,"poolAddress":"0xcbe13315809acf6d7b92472fcb9546655b874ee7","poolType":"CURVE_SNG"}	{"ptAdminBalance": "0", "ibtAdminBalance": "0"}
{"blockNumber":23406792,"chainId":1,"poolAddress":"0xcbe13315809acf6d7b92472fcb9546655b874ee7","poolType":"CURVE_SNG"}	{"ptAdminBalance": "0", "ibtAdminBalance": "0"}
{"blockNumber":23412653,"chainId":1,"poolAddress":"0xcbe13315809acf6d7b92472fcb9546655b874ee7","poolType":"CURVE_SNG"}	{"ptAdminBalance": "0", "ibtAdminBalance": "0"}
{"blockNumber":23414124,"chainId":1,"poolAddress":"0xcbe13315809acf6d7b92472fcb9546655b874ee7","poolType":"CURVE_SNG"}	{"ptAdminBalance": "0", "ibtAdminBalance": "0"}
{"blockNumber":23427990,"chainId":1,"poolAddress":"0xcbe13315809acf6d7b92472fcb9546655b874ee7","poolType":"CURVE_SNG"}	{"ptAdminBalance": "0", "ibtAdminBalance": "0"}
{"blockNumber":23452380,"chainId":1,"poolAddress":"0xcbe13315809acf6d7b92472fcb9546655b874ee7","poolType":"CURVE_SNG"}	{"ptAdminBalance": "0", "ibtAdminBalance": "0"}
{"blockNumber":23458414,"chainId":1,"poolAddress":"0xcbe13315809acf6d7b92472fcb9546655b874ee7","poolType":"CURVE_SNG"}	{"ptAdminBalance": "0", "ibtAdminBalance": "0"}
{"blockNumber":23453410,"chainId":1,"poolAddress":"0xcbe13315809acf6d7b92472fcb9546655b874ee7","poolType":"CURVE_SNG"}	{"ptAdminBalance": "0", "ibtAdminBalance": "0"}
{"blockNumber":23453706,"chainId":1,"poolAddress":"0xcbe13315809acf6d7b92472fcb9546655b874ee7","poolType":"CURVE_SNG"}	{"ptAdminBalance": "0", "ibtAdminBalance": "0"}
{"blockNumber":23470653,"chainId":1,"poolAddress":"0xcbe13315809acf6d7b92472fcb9546655b874ee7","poolType":"CURVE_SNG"}	{"ptAdminBalance": "0", "ibtAdminBalance": "0"}
{"blockNumber":23654796,"chainId":1,"poolAddress":"0xcbe13315809acf6d7b92472fcb9546655b874ee7","poolType":"CURVE_SNG"}	{"ptAdminBalance": "0", "ibtAdminBalance": "0"}
{"blockNumber":23458825,"chainId":1,"poolAddress":"0xcbe13315809acf6d7b92472fcb9546655b874ee7","poolType":"CURVE_SNG"}	{"ptAdminBalance": "0", "ibtAdminBalance": "0"}
{"blockNumber":23463313,"chainId":1,"poolAddress":"0xcbe13315809acf6d7b92472fcb9546655b874ee7","poolType":"CURVE_SNG"}	{"ptAdminBalance": "0", "ibtAdminBalance": "0"}
{"blockNumber":23469962,"chainId":1,"poolAddress":"0xcbe13315809acf6d7b92472fcb9546655b874ee7","poolType":"CURVE_SNG"}	{"ptAdminBalance": "0", "ibtAdminBalance": "0"}
{"blockNumber":23475200,"chainId":1,"poolAddress":"0xcbe13315809acf6d7b92472fcb9546655b874ee7","poolType":"CURVE_SNG"}	{"ptAdminBalance": "0", "ibtAdminBalance": "0"}
{"blockNumber":23475857,"chainId":1,"poolAddress":"0xcbe13315809acf6d7b92472fcb9546655b874ee7","poolType":"CURVE_SNG"}	{"ptAdminBalance": "0", "ibtAdminBalance": "0"}
{"blockNumber":23480672,"chainId":1,"poolAddress":"0xcbe13315809acf6d7b92472fcb9546655b874ee7","poolType":"CURVE_SNG"}	{"ptAdminBalance": "0", "ibtAdminBalance": "0"}
{"blockNumber":23539212,"chainId":1,"poolAddress":"0xcbe13315809acf6d7b92472fcb9546655b874ee7","poolType":"CURVE_SNG"}	{"ptAdminBalance": "0", "ibtAdminBalance": "0"}
{"blockNumber":23685521,"chainId":1,"poolAddress":"0xcbe13315809acf6d7b92472fcb9546655b874ee7","poolType":"CURVE_SNG"}	{"ptAdminBalance": "0", "ibtAdminBalance": "0"}
{"blockNumber":23598965,"chainId":1,"poolAddress":"0x593a8a7c12d8111e12945ff167389662a02b5ece","poolType":"CURVE_SNG"}	{"ptAdminBalance": "0", "ibtAdminBalance": "0"}
{"blockNumber":23579297,"chainId":1,"poolAddress":"0x593a8a7c12d8111e12945ff167389662a02b5ece","poolType":"CURVE_SNG"}	{"ptAdminBalance": "0", "ibtAdminBalance": "0"}
{"blockNumber":23590450,"chainId":1,"poolAddress":"0x593a8a7c12d8111e12945ff167389662a02b5ece","poolType":"CURVE_SNG"}	{"ptAdminBalance": "0", "ibtAdminBalance": "0"}
{"blockNumber":23622301,"chainId":1,"poolAddress":"0x593a8a7c12d8111e12945ff167389662a02b5ece","poolType":"CURVE_SNG"}	{"ptAdminBalance": "0", "ibtAdminBalance": "0"}
{"blockNumber":23637309,"chainId":1,"poolAddress":"0x593a8a7c12d8111e12945ff167389662a02b5ece","poolType":"CURVE_SNG"}	{"ptAdminBalance": "0", "ibtAdminBalance": "0"}
{"blockNumber":23642858,"chainId":1,"poolAddress":"0x593a8a7c12d8111e12945ff167389662a02b5ece","poolType":"CURVE_SNG"}	{"ptAdminBalance": "0", "ibtAdminBalance": "0"}
{"blockNumber":23652067,"chainId":1,"poolAddress":"0x593a8a7c12d8111e12945ff167389662a02b5ece","poolType":"CURVE_SNG"}	{"ptAdminBalance": "0", "ibtAdminBalance": "0"}
{"blockNumber":23648512,"chainId":1,"poolAddress":"0x593a8a7c12d8111e12945ff167389662a02b5ece","poolType":"CURVE_SNG"}	{"ptAdminBalance": "0", "ibtAdminBalance": "0"}
{"blockNumber":23648529,"chainId":1,"poolAddress":"0x593a8a7c12d8111e12945ff167389662a02b5ece","poolType":"CURVE_SNG"}	{"ptAdminBalance": "0", "ibtAdminBalance": "0"}
{"blockNumber":23568317,"chainId":1,"poolAddress":"0x593a8a7c12d8111e12945ff167389662a02b5ece","poolType":"CURVE_SNG"}	{"ptAdminBalance": "0", "ibtAdminBalance": "0"}
{"blockNumber":23568323,"chainId":1,"poolAddress":"0x593a8a7c12d8111e12945ff167389662a02b5ece","poolType":"CURVE_SNG"}	{"ptAdminBalance": "0", "ibtAdminBalance": "0"}
{"blockNumber":23568647,"chainId":1,"poolAddress":"0x593a8a7c12d8111e12945ff167389662a02b5ece","poolType":"CURVE_SNG"}	{"ptAdminBalance": "0", "ibtAdminBalance": "0"}
{"blockNumber":23577950,"chainId":1,"poolAddress":"0x593a8a7c12d8111e12945ff167389662a02b5ece","poolType":"CURVE_SNG"}	{"ptAdminBalance": "0", "ibtAdminBalance": "0"}
{"blockNumber":23437013,"chainId":1,"poolAddress":"0x6e7f0c234582b9421e4c9bc4ab3542016cd23301","poolType":"CURVE_SNG"}	{"ptAdminBalance": "0", "ibtAdminBalance": "0"}
{"blockNumber":23408404,"chainId":1,"poolAddress":"0x6e7f0c234582b9421e4c9bc4ab3542016cd23301","poolType":"CURVE_SNG"}	{"ptAdminBalance": "0", "ibtAdminBalance": "0"}
{"blockNumber":23408567,"chainId":1,"poolAddress":"0x6e7f0c234582b9421e4c9bc4ab3542016cd23301","poolType":"CURVE_SNG"}	{"ptAdminBalance": "0", "ibtAdminBalance": "0"}
{"blockNumber":23413587,"chainId":1,"poolAddress":"0x6e7f0c234582b9421e4c9bc4ab3542016cd23301","poolType":"CURVE_SNG"}	{"ptAdminBalance": "0", "ibtAdminBalance": "0"}
{"blockNumber":23413597,"chainId":1,"poolAddress":"0x6e7f0c234582b9421e4c9bc4ab3542016cd23301","poolType":"CURVE_SNG"}	{"ptAdminBalance": "0", "ibtAdminBalance": "0"}
{"blockNumber":23419862,"chainId":1,"poolAddress":"0x6e7f0c234582b9421e4c9bc4ab3542016cd23301","poolType":"CURVE_SNG"}	{"ptAdminBalance": "0", "ibtAdminBalance": "0"}
{"blockNumber":23420000,"chainId":1,"poolAddress":"0x6e7f0c234582b9421e4c9bc4ab3542016cd23301","poolType":"CURVE_SNG"}	{"ptAdminBalance": "0", "ibtAdminBalance": "0"}
{"blockNumber":23429260,"chainId":1,"poolAddress":"0x6e7f0c234582b9421e4c9bc4ab3542016cd23301","poolType":"CURVE_SNG"}	{"ptAdminBalance": "0", "ibtAdminBalance": "0"}
{"blockNumber":23684450,"chainId":1,"poolAddress":"0xa95a5eb4f639ddc9cd0b431036eb2cc2d018c18c","poolType":"CURVE_SNG"}	{"ptAdminBalance": "369727162466843101", "ibtAdminBalance": "210220522356239003"}
{"blockNumber":23495721,"chainId":1,"poolAddress":"0xa95a5eb4f639ddc9cd0b431036eb2cc2d018c18c","poolType":"CURVE_SNG"}	{"ptAdminBalance": "369727162466843101", "ibtAdminBalance": "210220522356239003"}
{"blockNumber":23403590,"chainId":1,"poolAddress":"0xa95a5eb4f639ddc9cd0b431036eb2cc2d018c18c","poolType":"CURVE_SNG"}	{"ptAdminBalance": "369727162466843101", "ibtAdminBalance": "210220522356239003"}
{"blockNumber":23397071,"chainId":1,"poolAddress":"0xa95a5eb4f639ddc9cd0b431036eb2cc2d018c18c","poolType":"CURVE_SNG"}	{"ptAdminBalance": "369727162466843101", "ibtAdminBalance": "210220522356239003"}
{"blockNumber":23454626,"chainId":1,"poolAddress":"0xa95a5eb4f639ddc9cd0b431036eb2cc2d018c18c","poolType":"CURVE_SNG"}	{"ptAdminBalance": "369727162466843101", "ibtAdminBalance": "210220522356239003"}
{"blockNumber":23471665,"chainId":1,"poolAddress":"0xe48c3a1389be663f0e6f96ac1b90c10ee8b1b1ec","poolType":"CURVE_SNG"}	{"ptAdminBalance": "0", "ibtAdminBalance": "0"}
{"blockNumber":23673588,"chainId":1,"poolAddress":"0xe7898c8342244e834c55134d2bd8255108e3c961","poolType":"CURVE_SNG"}	{"ptAdminBalance": "26577128", "ibtAdminBalance": "26834165"}
{"blockNumber":23558580,"chainId":1,"poolAddress":"0xc1b8e361803deef2d40ce5ec19e2a98f4045608b","poolType":"CURVE_SNG"}	{"ptAdminBalance": "18579157592311544413", "ibtAdminBalance": "6692202791482961319"}
{"blockNumber":23511594,"chainId":1,"poolAddress":"0xc1b8e361803deef2d40ce5ec19e2a98f4045608b","poolType":"CURVE_SNG"}	{"ptAdminBalance": "18579157592311544413", "ibtAdminBalance": "6692202791482961319"}
{"blockNumber":23525230,"chainId":1,"poolAddress":"0xc1b8e361803deef2d40ce5ec19e2a98f4045608b","poolType":"CURVE_SNG"}	{"ptAdminBalance": "18579157592311544413", "ibtAdminBalance": "6692202791482961319"}
{"blockNumber":23561061,"chainId":1,"poolAddress":"0xc1b8e361803deef2d40ce5ec19e2a98f4045608b","poolType":"CURVE_SNG"}	{"ptAdminBalance": "18579157592311544413", "ibtAdminBalance": "6692202791482961319"}
{"blockNumber":23610505,"chainId":1,"poolAddress":"0xc1b8e361803deef2d40ce5ec19e2a98f4045608b","poolType":"CURVE_SNG"}	{"ptAdminBalance": "18579157592311544413", "ibtAdminBalance": "6692202791482961319"}
{"blockNumber":23615500,"chainId":1,"poolAddress":"0xceb283be31a655a9c707a7bb5bb1edffc35491b0","poolType":"CURVE_SNG"}	{"ptAdminBalance": "0", "ibtAdminBalance": "0"}
{"blockNumber":23567460,"chainId":1,"poolAddress":"0x43cb9f6ddf5b313aec35f013800345cc895d4f22","poolType":"CURVE_SNG"}	{"ptAdminBalance": "0", "ibtAdminBalance": "0"}
{"blockNumber":23446455,"chainId":1,"poolAddress":"0x4619a871112c443658a505941532bb7df60b06b2","poolType":"CURVE_SNG"}	{"ptAdminBalance": "0", "ibtAdminBalance": "0"}
{"blockNumber":23660884,"chainId":1,"poolAddress":"0x4619a871112c443658a505941532bb7df60b06b2","poolType":"CURVE_SNG"}	{"ptAdminBalance": "0", "ibtAdminBalance": "0"}
{"blockNumber":23389083,"chainId":1,"poolAddress":"0xbbb7e0cb9720aa32a28aa075c310bbe746258186","poolType":"CURVE_SNG"}	{"ptAdminBalance": "0", "ibtAdminBalance": "473285186870"}
{"blockNumber":23394785,"chainId":1,"poolAddress":"0xbbb7e0cb9720aa32a28aa075c310bbe746258186","poolType":"CURVE_SNG"}	{"ptAdminBalance": "0", "ibtAdminBalance": "473285186870"}
{"blockNumber":23676971,"chainId":1,"poolAddress":"0xbbb7e0cb9720aa32a28aa075c310bbe746258186","poolType":"CURVE_SNG"}	{"ptAdminBalance": "0", "ibtAdminBalance": "473285186870"}
{"blockNumber":23385287,"chainId":1,"poolAddress":"0x17a23e49ae0209b5243090c138e800c4ca1921e9","poolType":"CURVE_SNG"}	{"ptAdminBalance": "0", "ibtAdminBalance": "0"}
{"blockNumber":23411733,"chainId":1,"poolAddress":"0x17a23e49ae0209b5243090c138e800c4ca1921e9","poolType":"CURVE_SNG"}	{"ptAdminBalance": "0", "ibtAdminBalance": "0"}
{"blockNumber":23444751,"chainId":1,"poolAddress":"0x17a23e49ae0209b5243090c138e800c4ca1921e9","poolType":"CURVE_SNG"}	{"ptAdminBalance": "0", "ibtAdminBalance": "0"}
{"blockNumber":23450105,"chainId":1,"poolAddress":"0x17a23e49ae0209b5243090c138e800c4ca1921e9","poolType":"CURVE_SNG"}	{"ptAdminBalance": "0", "ibtAdminBalance": "0"}
{"blockNumber":23488197,"chainId":1,"poolAddress":"0x17a23e49ae0209b5243090c138e800c4ca1921e9","poolType":"CURVE_SNG"}	{"ptAdminBalance": "0", "ibtAdminBalance": "0"}
{"blockNumber":23398489,"chainId":1,"poolAddress":"0xac3f886b4f965d6d3510e1093769f3860f98e8f0","poolType":"CURVE_SNG"}	{"ptAdminBalance": "0", "ibtAdminBalance": "0"}
{"blockNumber":23454458,"chainId":1,"poolAddress":"0xac3f886b4f965d6d3510e1093769f3860f98e8f0","poolType":"CURVE_SNG"}	{"ptAdminBalance": "0", "ibtAdminBalance": "0"}
{"blockNumber":23613075,"chainId":1,"poolAddress":"0xd31fac73411da2c19aab7cd5d71f22d5c54e748a","poolType":"CURVE_SNG"}	{"ptAdminBalance": "71414929144229130", "ibtAdminBalance": "0"}
{"blockNumber":23402899,"chainId":1,"poolAddress":"0xcbe13315809acf6d7b92472fcb9546655b874ee7","poolType":"CURVE_SNG"}	{"ptAdminBalance": "0", "ibtAdminBalance": "0"}
{"blockNumber":23535693,"chainId":1,"poolAddress":"0xcbe13315809acf6d7b92472fcb9546655b874ee7","poolType":"CURVE_SNG"}	{"ptAdminBalance": "0", "ibtAdminBalance": "0"}
{"blockNumber":23654690,"chainId":1,"poolAddress":"0xcbe13315809acf6d7b92472fcb9546655b874ee7","poolType":"CURVE_SNG"}	{"ptAdminBalance": "0", "ibtAdminBalance": "0"}
{"blockNumber":23390276,"chainId":1,"poolAddress":"0xcbe13315809acf6d7b92472fcb9546655b874ee7","poolType":"CURVE_SNG"}	{"ptAdminBalance": "0", "ibtAdminBalance": "0"}
{"blockNumber":23393594,"chainId":1,"poolAddress":"0xcbe13315809acf6d7b92472fcb9546655b874ee7","poolType":"CURVE_SNG"}	{"ptAdminBalance": "0", "ibtAdminBalance": "0"}
{"blockNumber":23397490,"chainId":1,"poolAddress":"0xcbe13315809acf6d7b92472fcb9546655b874ee7","poolType":"CURVE_SNG"}	{"ptAdminBalance": "0", "ibtAdminBalance": "0"}
{"blockNumber":23398457,"chainId":1,"poolAddress":"0xcbe13315809acf6d7b92472fcb9546655b874ee7","poolType":"CURVE_SNG"}	{"ptAdminBalance": "0", "ibtAdminBalance": "0"}
{"blockNumber":23403932,"chainId":1,"poolAddress":"0xcbe13315809acf6d7b92472fcb9546655b874ee7","poolType":"CURVE_SNG"}	{"ptAdminBalance": "0", "ibtAdminBalance": "0"}
{"blockNumber":23404039,"chainId":1,"poolAddress":"0xcbe13315809acf6d7b92472fcb9546655b874ee7","poolType":"CURVE_SNG"}	{"ptAdminBalance": "0", "ibtAdminBalance": "0"}
{"blockNumber":23404045,"chainId":1,"poolAddress":"0xcbe13315809acf6d7b92472fcb9546655b874ee7","poolType":"CURVE_SNG"}	{"ptAdminBalance": "0", "ibtAdminBalance": "0"}
{"blockNumber":23403933,"chainId":1,"poolAddress":"0xcbe13315809acf6d7b92472fcb9546655b874ee7","poolType":"CURVE_SNG"}	{"ptAdminBalance": "0", "ibtAdminBalance": "0"}
{"blockNumber":23403965,"chainId":1,"poolAddress":"0xcbe13315809acf6d7b92472fcb9546655b874ee7","poolType":"CURVE_SNG"}	{"ptAdminBalance": "0", "ibtAdminBalance": "0"}
{"blockNumber":23404012,"chainId":1,"poolAddress":"0xcbe13315809acf6d7b92472fcb9546655b874ee7","poolType":"CURVE_SNG"}	{"ptAdminBalance": "0", "ibtAdminBalance": "0"}
{"blockNumber":23404158,"chainId":1,"poolAddress":"0xcbe13315809acf6d7b92472fcb9546655b874ee7","poolType":"CURVE_SNG"}	{"ptAdminBalance": "0", "ibtAdminBalance": "0"}
{"blockNumber":23408143,"chainId":1,"poolAddress":"0xcbe13315809acf6d7b92472fcb9546655b874ee7","poolType":"CURVE_SNG"}	{"ptAdminBalance": "0", "ibtAdminBalance": "0"}
{"blockNumber":23469632,"chainId":1,"poolAddress":"0xcbe13315809acf6d7b92472fcb9546655b874ee7","poolType":"CURVE_SNG"}	{"ptAdminBalance": "0", "ibtAdminBalance": "0"}
{"blockNumber":23424668,"chainId":1,"poolAddress":"0xcbe13315809acf6d7b92472fcb9546655b874ee7","poolType":"CURVE_SNG"}	{"ptAdminBalance": "0", "ibtAdminBalance": "0"}
{"blockNumber":23524767,"chainId":1,"poolAddress":"0xcbe13315809acf6d7b92472fcb9546655b874ee7","poolType":"CURVE_SNG"}	{"ptAdminBalance": "0", "ibtAdminBalance": "0"}
{"blockNumber":23681882,"chainId":1,"poolAddress":"0xcbe13315809acf6d7b92472fcb9546655b874ee7","poolType":"CURVE_SNG"}	{"ptAdminBalance": "0", "ibtAdminBalance": "0"}
{"blockNumber":23433287,"chainId":1,"poolAddress":"0xcbe13315809acf6d7b92472fcb9546655b874ee7","poolType":"CURVE_SNG"}	{"ptAdminBalance": "0", "ibtAdminBalance": "0"}
{"blockNumber":23451266,"chainId":1,"poolAddress":"0xcbe13315809acf6d7b92472fcb9546655b874ee7","poolType":"CURVE_SNG"}	{"ptAdminBalance": "0", "ibtAdminBalance": "0"}
{"blockNumber":23440547,"chainId":1,"poolAddress":"0xcbe13315809acf6d7b92472fcb9546655b874ee7","poolType":"CURVE_SNG"}	{"ptAdminBalance": "0", "ibtAdminBalance": "0"}
{"blockNumber":23440586,"chainId":1,"poolAddress":"0xcbe13315809acf6d7b92472fcb9546655b874ee7","poolType":"CURVE_SNG"}	{"ptAdminBalance": "0", "ibtAdminBalance": "0"}
{"blockNumber":23440596,"chainId":1,"poolAddress":"0xcbe13315809acf6d7b92472fcb9546655b874ee7","poolType":"CURVE_SNG"}	{"ptAdminBalance": "0", "ibtAdminBalance": "0"}
{"blockNumber":23453840,"chainId":1,"poolAddress":"0xcbe13315809acf6d7b92472fcb9546655b874ee7","poolType":"CURVE_SNG"}	{"ptAdminBalance": "0", "ibtAdminBalance": "0"}
{"blockNumber":23464653,"chainId":1,"poolAddress":"0xcbe13315809acf6d7b92472fcb9546655b874ee7","poolType":"CURVE_SNG"}	{"ptAdminBalance": "0", "ibtAdminBalance": "0"}
{"blockNumber":23467152,"chainId":1,"poolAddress":"0xcbe13315809acf6d7b92472fcb9546655b874ee7","poolType":"CURVE_SNG"}	{"ptAdminBalance": "0", "ibtAdminBalance": "0"}
{"blockNumber":23477900,"chainId":1,"poolAddress":"0xcbe13315809acf6d7b92472fcb9546655b874ee7","poolType":"CURVE_SNG"}	{"ptAdminBalance": "0", "ibtAdminBalance": "0"}
{"blockNumber":23482853,"chainId":1,"poolAddress":"0xcbe13315809acf6d7b92472fcb9546655b874ee7","poolType":"CURVE_SNG"}	{"ptAdminBalance": "0", "ibtAdminBalance": "0"}
{"blockNumber":23491952,"chainId":1,"poolAddress":"0xcbe13315809acf6d7b92472fcb9546655b874ee7","poolType":"CURVE_SNG"}	{"ptAdminBalance": "0", "ibtAdminBalance": "0"}
{"blockNumber":23503579,"chainId":1,"poolAddress":"0xcbe13315809acf6d7b92472fcb9546655b874ee7","poolType":"CURVE_SNG"}	{"ptAdminBalance": "0", "ibtAdminBalance": "0"}
{"blockNumber":23538330,"chainId":1,"poolAddress":"0xcbe13315809acf6d7b92472fcb9546655b874ee7","poolType":"CURVE_SNG"}	{"ptAdminBalance": "0", "ibtAdminBalance": "0"}
{"blockNumber":23671912,"chainId":1,"poolAddress":"0xcbe13315809acf6d7b92472fcb9546655b874ee7","poolType":"CURVE_SNG"}	{"ptAdminBalance": "0", "ibtAdminBalance": "0"}
{"blockNumber":23387467,"chainId":1,"poolAddress":"0x593a8a7c12d8111e12945ff167389662a02b5ece","poolType":"CURVE_SNG"}	{"ptAdminBalance": "0", "ibtAdminBalance": "0"}
{"blockNumber":23391029,"chainId":1,"poolAddress":"0x593a8a7c12d8111e12945ff167389662a02b5ece","poolType":"CURVE_SNG"}	{"ptAdminBalance": "0", "ibtAdminBalance": "0"}
{"blockNumber":23424655,"chainId":1,"poolAddress":"0x593a8a7c12d8111e12945ff167389662a02b5ece","poolType":"CURVE_SNG"}	{"ptAdminBalance": "0", "ibtAdminBalance": "0"}
{"blockNumber":23681880,"chainId":1,"poolAddress":"0x593a8a7c12d8111e12945ff167389662a02b5ece","poolType":"CURVE_SNG"}	{"ptAdminBalance": "0", "ibtAdminBalance": "0"}
{"blockNumber":23583796,"chainId":1,"poolAddress":"0x593a8a7c12d8111e12945ff167389662a02b5ece","poolType":"CURVE_SNG"}	{"ptAdminBalance": "0", "ibtAdminBalance": "0"}
{"blockNumber":23557407,"chainId":1,"poolAddress":"0x593a8a7c12d8111e12945ff167389662a02b5ece","poolType":"CURVE_SNG"}	{"ptAdminBalance": "0", "ibtAdminBalance": "0"}
{"blockNumber":23461130,"chainId":1,"poolAddress":"0x593a8a7c12d8111e12945ff167389662a02b5ece","poolType":"CURVE_SNG"}	{"ptAdminBalance": "0", "ibtAdminBalance": "0"}
{"blockNumber":23461260,"chainId":1,"poolAddress":"0x593a8a7c12d8111e12945ff167389662a02b5ece","poolType":"CURVE_SNG"}	{"ptAdminBalance": "0", "ibtAdminBalance": "0"}
{"blockNumber":23470650,"chainId":1,"poolAddress":"0x593a8a7c12d8111e12945ff167389662a02b5ece","poolType":"CURVE_SNG"}	{"ptAdminBalance": "0", "ibtAdminBalance": "0"}
{"blockNumber":23576580,"chainId":1,"poolAddress":"0x593a8a7c12d8111e12945ff167389662a02b5ece","poolType":"CURVE_SNG"}	{"ptAdminBalance": "0", "ibtAdminBalance": "0"}
{"blockNumber":23489434,"chainId":1,"poolAddress":"0x593a8a7c12d8111e12945ff167389662a02b5ece","poolType":"CURVE_SNG"}	{"ptAdminBalance": "0", "ibtAdminBalance": "0"}
{"blockNumber":23518770,"chainId":1,"poolAddress":"0x593a8a7c12d8111e12945ff167389662a02b5ece","poolType":"CURVE_SNG"}	{"ptAdminBalance": "0", "ibtAdminBalance": "0"}
{"blockNumber":23576079,"chainId":1,"poolAddress":"0x593a8a7c12d8111e12945ff167389662a02b5ece","poolType":"CURVE_SNG"}	{"ptAdminBalance": "0", "ibtAdminBalance": "0"}
{"blockNumber":23681914,"chainId":1,"poolAddress":"0x593a8a7c12d8111e12945ff167389662a02b5ece","poolType":"CURVE_SNG"}	{"ptAdminBalance": "0", "ibtAdminBalance": "0"}
{"blockNumber":23682250,"chainId":1,"poolAddress":"0x593a8a7c12d8111e12945ff167389662a02b5ece","poolType":"CURVE_SNG"}	{"ptAdminBalance": "0", "ibtAdminBalance": "0"}
{"blockNumber":23557898,"chainId":1,"poolAddress":"0x593a8a7c12d8111e12945ff167389662a02b5ece","poolType":"CURVE_SNG"}	{"ptAdminBalance": "0", "ibtAdminBalance": "0"}
{"blockNumber":23576125,"chainId":1,"poolAddress":"0x593a8a7c12d8111e12945ff167389662a02b5ece","poolType":"CURVE_SNG"}	{"ptAdminBalance": "0", "ibtAdminBalance": "0"}
{"blockNumber":23576137,"chainId":1,"poolAddress":"0x593a8a7c12d8111e12945ff167389662a02b5ece","poolType":"CURVE_SNG"}	{"ptAdminBalance": "0", "ibtAdminBalance": "0"}
{"blockNumber":23682020,"chainId":1,"poolAddress":"0x593a8a7c12d8111e12945ff167389662a02b5ece","poolType":"CURVE_SNG"}	{"ptAdminBalance": "0", "ibtAdminBalance": "0"}
{"blockNumber":23613637,"chainId":1,"poolAddress":"0x593a8a7c12d8111e12945ff167389662a02b5ece","poolType":"CURVE_SNG"}	{"ptAdminBalance": "0", "ibtAdminBalance": "0"}
{"blockNumber":23391811,"chainId":1,"poolAddress":"0xe48c3a1389be663f0e6f96ac1b90c10ee8b1b1ec","poolType":"CURVE_SNG"}	{"ptAdminBalance": "0", "ibtAdminBalance": "0"}
{"blockNumber":23398477,"chainId":1,"poolAddress":"0xe48c3a1389be663f0e6f96ac1b90c10ee8b1b1ec","poolType":"CURVE_SNG"}	{"ptAdminBalance": "0", "ibtAdminBalance": "0"}
{"blockNumber":23428254,"chainId":1,"poolAddress":"0xe48c3a1389be663f0e6f96ac1b90c10ee8b1b1ec","poolType":"CURVE_SNG"}	{"ptAdminBalance": "0", "ibtAdminBalance": "0"}
{"blockNumber":23428269,"chainId":1,"poolAddress":"0xe48c3a1389be663f0e6f96ac1b90c10ee8b1b1ec","poolType":"CURVE_SNG"}	{"ptAdminBalance": "0", "ibtAdminBalance": "0"}
{"blockNumber":23669731,"chainId":1,"poolAddress":"0xd7d9bcafff98308d447a3985c6fedd84dbdea34b","poolType":"CURVE_SNG"}	{"ptAdminBalance": "42960791171858997433", "ibtAdminBalance": "39267450782546002338"}
{"blockNumber":23384893,"chainId":1,"poolAddress":"0x6e7f0c234582b9421e4c9bc4ab3542016cd23301","poolType":"CURVE_SNG"}	{"ptAdminBalance": "0", "ibtAdminBalance": "0"}
{"blockNumber":23397272,"chainId":1,"poolAddress":"0x6e7f0c234582b9421e4c9bc4ab3542016cd23301","poolType":"CURVE_SNG"}	{"ptAdminBalance": "0", "ibtAdminBalance": "0"}
{"blockNumber":23489429,"chainId":1,"poolAddress":"0x6e7f0c234582b9421e4c9bc4ab3542016cd23301","poolType":"CURVE_SNG"}	{"ptAdminBalance": "0", "ibtAdminBalance": "0"}
{"blockNumber":23403892,"chainId":1,"poolAddress":"0x6e7f0c234582b9421e4c9bc4ab3542016cd23301","poolType":"CURVE_SNG"}	{"ptAdminBalance": "0", "ibtAdminBalance": "0"}
{"blockNumber":23420179,"chainId":1,"poolAddress":"0x6e7f0c234582b9421e4c9bc4ab3542016cd23301","poolType":"CURVE_SNG"}	{"ptAdminBalance": "0", "ibtAdminBalance": "0"}
{"blockNumber":23482801,"chainId":1,"poolAddress":"0x6e7f0c234582b9421e4c9bc4ab3542016cd23301","poolType":"CURVE_SNG"}	{"ptAdminBalance": "0", "ibtAdminBalance": "0"}
{"blockNumber":23482808,"chainId":1,"poolAddress":"0x6e7f0c234582b9421e4c9bc4ab3542016cd23301","poolType":"CURVE_SNG"}	{"ptAdminBalance": "0", "ibtAdminBalance": "0"}
{"blockNumber":23482818,"chainId":1,"poolAddress":"0x6e7f0c234582b9421e4c9bc4ab3542016cd23301","poolType":"CURVE_SNG"}	{"ptAdminBalance": "0", "ibtAdminBalance": "0"}
{"blockNumber":23482841,"chainId":1,"poolAddress":"0x6e7f0c234582b9421e4c9bc4ab3542016cd23301","poolType":"CURVE_SNG"}	{"ptAdminBalance": "0", "ibtAdminBalance": "0"}
{"blockNumber":23652002,"chainId":1,"poolAddress":"0xc1b8e361803deef2d40ce5ec19e2a98f4045608b","poolType":"CURVE_SNG"}	{"ptAdminBalance": "18579157592311544413", "ibtAdminBalance": "6692202791482961319"}
{"blockNumber":23554991,"chainId":1,"poolAddress":"0xa95a5eb4f639ddc9cd0b431036eb2cc2d018c18c","poolType":"CURVE_SNG"}	{"ptAdminBalance": "369727162466843101", "ibtAdminBalance": "210220522356239003"}
{"blockNumber":23584856,"chainId":1,"poolAddress":"0xa95a5eb4f639ddc9cd0b431036eb2cc2d018c18c","poolType":"CURVE_SNG"}	{"ptAdminBalance": "369727162466843101", "ibtAdminBalance": "210220522356239003"}
{"blockNumber":23394091,"chainId":1,"poolAddress":"0x43cb9f6ddf5b313aec35f013800345cc895d4f22","poolType":"CURVE_SNG"}	{"ptAdminBalance": "0", "ibtAdminBalance": "0"}
{"blockNumber":23602118,"chainId":1,"poolAddress":"0x43cb9f6ddf5b313aec35f013800345cc895d4f22","poolType":"CURVE_SNG"}	{"ptAdminBalance": "0", "ibtAdminBalance": "0"}
{"blockNumber":23455632,"chainId":1,"poolAddress":"0x4619a871112c443658a505941532bb7df60b06b2","poolType":"CURVE_SNG"}	{"ptAdminBalance": "0", "ibtAdminBalance": "0"}
{"blockNumber":23552226,"chainId":1,"poolAddress":"0x4619a871112c443658a505941532bb7df60b06b2","poolType":"CURVE_SNG"}	{"ptAdminBalance": "0", "ibtAdminBalance": "0"}
{"blockNumber":23494034,"chainId":1,"poolAddress":"0xf4ae78cb16f1cd8c5b06843ca2f54ddd7cbad03c","poolType":"CURVE_SNG"}	{"ptAdminBalance": "11282448064405243", "ibtAdminBalance": "435237375189818329"}
{"blockNumber":23402136,"chainId":1,"poolAddress":"0xcbe13315809acf6d7b92472fcb9546655b874ee7","poolType":"CURVE_SNG"}	{"ptAdminBalance": "0", "ibtAdminBalance": "0"}
{"blockNumber":23475521,"chainId":1,"poolAddress":"0xcbe13315809acf6d7b92472fcb9546655b874ee7","poolType":"CURVE_SNG"}	{"ptAdminBalance": "0", "ibtAdminBalance": "0"}
{"blockNumber":23512466,"chainId":1,"poolAddress":"0xcbe13315809acf6d7b92472fcb9546655b874ee7","poolType":"CURVE_SNG"}	{"ptAdminBalance": "0", "ibtAdminBalance": "0"}
{"blockNumber":23512958,"chainId":1,"poolAddress":"0xcbe13315809acf6d7b92472fcb9546655b874ee7","poolType":"CURVE_SNG"}	{"ptAdminBalance": "0", "ibtAdminBalance": "0"}
{"blockNumber":23513007,"chainId":1,"poolAddress":"0xcbe13315809acf6d7b92472fcb9546655b874ee7","poolType":"CURVE_SNG"}	{"ptAdminBalance": "0", "ibtAdminBalance": "0"}
{"blockNumber":23513099,"chainId":1,"poolAddress":"0xcbe13315809acf6d7b92472fcb9546655b874ee7","poolType":"CURVE_SNG"}	{"ptAdminBalance": "0", "ibtAdminBalance": "0"}
{"blockNumber":23513130,"chainId":1,"poolAddress":"0xcbe13315809acf6d7b92472fcb9546655b874ee7","poolType":"CURVE_SNG"}	{"ptAdminBalance": "0", "ibtAdminBalance": "0"}
{"blockNumber":23513205,"chainId":1,"poolAddress":"0xcbe13315809acf6d7b92472fcb9546655b874ee7","poolType":"CURVE_SNG"}	{"ptAdminBalance": "0", "ibtAdminBalance": "0"}
{"blockNumber":23513315,"chainId":1,"poolAddress":"0xcbe13315809acf6d7b92472fcb9546655b874ee7","poolType":"CURVE_SNG"}	{"ptAdminBalance": "0", "ibtAdminBalance": "0"}
{"blockNumber":23513353,"chainId":1,"poolAddress":"0xcbe13315809acf6d7b92472fcb9546655b874ee7","poolType":"CURVE_SNG"}	{"ptAdminBalance": "0", "ibtAdminBalance": "0"}
{"blockNumber":23513397,"chainId":1,"poolAddress":"0xcbe13315809acf6d7b92472fcb9546655b874ee7","poolType":"CURVE_SNG"}	{"ptAdminBalance": "0", "ibtAdminBalance": "0"}
{"blockNumber":23513444,"chainId":1,"poolAddress":"0xcbe13315809acf6d7b92472fcb9546655b874ee7","poolType":"CURVE_SNG"}	{"ptAdminBalance": "0", "ibtAdminBalance": "0"}
{"blockNumber":23432648,"chainId":1,"poolAddress":"0xcbe13315809acf6d7b92472fcb9546655b874ee7","poolType":"CURVE_SNG"}	{"ptAdminBalance": "0", "ibtAdminBalance": "0"}
{"blockNumber":23432735,"chainId":1,"poolAddress":"0xcbe13315809acf6d7b92472fcb9546655b874ee7","poolType":"CURVE_SNG"}	{"ptAdminBalance": "0", "ibtAdminBalance": "0"}
{"blockNumber":23475850,"chainId":1,"poolAddress":"0xcbe13315809acf6d7b92472fcb9546655b874ee7","poolType":"CURVE_SNG"}	{"ptAdminBalance": "0", "ibtAdminBalance": "0"}
{"blockNumber":23538156,"chainId":1,"poolAddress":"0xcbe13315809acf6d7b92472fcb9546655b874ee7","poolType":"CURVE_SNG"}	{"ptAdminBalance": "0", "ibtAdminBalance": "0"}
{"blockNumber":23540467,"chainId":1,"poolAddress":"0xcbe13315809acf6d7b92472fcb9546655b874ee7","poolType":"CURVE_SNG"}	{"ptAdminBalance": "0", "ibtAdminBalance": "0"}
{"blockNumber":23566377,"chainId":1,"poolAddress":"0xcbe13315809acf6d7b92472fcb9546655b874ee7","poolType":"CURVE_SNG"}	{"ptAdminBalance": "0", "ibtAdminBalance": "0"}
{"blockNumber":23674640,"chainId":1,"poolAddress":"0xcbe13315809acf6d7b92472fcb9546655b874ee7","poolType":"CURVE_SNG"}	{"ptAdminBalance": "0", "ibtAdminBalance": "0"}
{"blockNumber":23418705,"chainId":1,"poolAddress":"0x593a8a7c12d8111e12945ff167389662a02b5ece","poolType":"CURVE_SNG"}	{"ptAdminBalance": "0", "ibtAdminBalance": "0"}
{"blockNumber":23533933,"chainId":1,"poolAddress":"0x593a8a7c12d8111e12945ff167389662a02b5ece","poolType":"CURVE_SNG"}	{"ptAdminBalance": "0", "ibtAdminBalance": "0"}
{"blockNumber":23506499,"chainId":1,"poolAddress":"0x593a8a7c12d8111e12945ff167389662a02b5ece","poolType":"CURVE_SNG"}	{"ptAdminBalance": "0", "ibtAdminBalance": "0"}
{"blockNumber":23662374,"chainId":1,"poolAddress":"0x593a8a7c12d8111e12945ff167389662a02b5ece","poolType":"CURVE_SNG"}	{"ptAdminBalance": "0", "ibtAdminBalance": "0"}
{"blockNumber":23613117,"chainId":1,"poolAddress":"0xd31fac73411da2c19aab7cd5d71f22d5c54e748a","poolType":"CURVE_SNG"}	{"ptAdminBalance": "71414929144229130", "ibtAdminBalance": "0"}
{"blockNumber":23463491,"chainId":1,"poolAddress":"0x17a23e49ae0209b5243090c138e800c4ca1921e9","poolType":"CURVE_SNG"}	{"ptAdminBalance": "0", "ibtAdminBalance": "0"}
{"blockNumber":23407664,"chainId":1,"poolAddress":"0xac3f886b4f965d6d3510e1093769f3860f98e8f0","poolType":"CURVE_SNG"}	{"ptAdminBalance": "0", "ibtAdminBalance": "0"}
{"blockNumber":23608698,"chainId":1,"poolAddress":"0xd7d9bcafff98308d447a3985c6fedd84dbdea34b","poolType":"CURVE_SNG"}	{"ptAdminBalance": "42960791171858997433", "ibtAdminBalance": "39267450782546002338"}
{"blockNumber":23455261,"chainId":1,"poolAddress":"0x17a23e49ae0209b5243090c138e800c4ca1921e9","poolType":"CURVE_SNG"}	{"ptAdminBalance": "0", "ibtAdminBalance": "0"}
{"blockNumber":23401618,"chainId":1,"poolAddress":"0x17a23e49ae0209b5243090c138e800c4ca1921e9","poolType":"CURVE_SNG"}	{"ptAdminBalance": "0", "ibtAdminBalance": "0"}
{"blockNumber":23450099,"chainId":1,"poolAddress":"0x17a23e49ae0209b5243090c138e800c4ca1921e9","poolType":"CURVE_SNG"}	{"ptAdminBalance": "0", "ibtAdminBalance": "0"}
{"blockNumber":23487888,"chainId":1,"poolAddress":"0x17a23e49ae0209b5243090c138e800c4ca1921e9","poolType":"CURVE_SNG"}	{"ptAdminBalance": "0", "ibtAdminBalance": "0"}
{"blockNumber":23487423,"chainId":1,"poolAddress":"0x17a23e49ae0209b5243090c138e800c4ca1921e9","poolType":"CURVE_SNG"}	{"ptAdminBalance": "0", "ibtAdminBalance": "0"}
{"blockNumber":23501616,"chainId":1,"poolAddress":"0x17a23e49ae0209b5243090c138e800c4ca1921e9","poolType":"CURVE_SNG"}	{"ptAdminBalance": "0", "ibtAdminBalance": "0"}
{"blockNumber":23501922,"chainId":1,"poolAddress":"0x17a23e49ae0209b5243090c138e800c4ca1921e9","poolType":"CURVE_SNG"}	{"ptAdminBalance": "0", "ibtAdminBalance": "0"}
{"blockNumber":23502822,"chainId":1,"poolAddress":"0x17a23e49ae0209b5243090c138e800c4ca1921e9","poolType":"CURVE_SNG"}	{"ptAdminBalance": "0", "ibtAdminBalance": "0"}
{"blockNumber":23503049,"chainId":1,"poolAddress":"0x17a23e49ae0209b5243090c138e800c4ca1921e9","poolType":"CURVE_SNG"}	{"ptAdminBalance": "0", "ibtAdminBalance": "0"}
{"blockNumber":23504463,"chainId":1,"poolAddress":"0x17a23e49ae0209b5243090c138e800c4ca1921e9","poolType":"CURVE_SNG"}	{"ptAdminBalance": "0", "ibtAdminBalance": "0"}
{"blockNumber":23506525,"chainId":1,"poolAddress":"0x17a23e49ae0209b5243090c138e800c4ca1921e9","poolType":"CURVE_SNG"}	{"ptAdminBalance": "0", "ibtAdminBalance": "0"}
{"blockNumber":23506811,"chainId":1,"poolAddress":"0x17a23e49ae0209b5243090c138e800c4ca1921e9","poolType":"CURVE_SNG"}	{"ptAdminBalance": "0", "ibtAdminBalance": "0"}
{"blockNumber":23519752,"chainId":1,"poolAddress":"0x17a23e49ae0209b5243090c138e800c4ca1921e9","poolType":"CURVE_SNG"}	{"ptAdminBalance": "0", "ibtAdminBalance": "0"}
{"blockNumber":23526692,"chainId":1,"poolAddress":"0x17a23e49ae0209b5243090c138e800c4ca1921e9","poolType":"CURVE_SNG"}	{"ptAdminBalance": "0", "ibtAdminBalance": "0"}
{"blockNumber":23576521,"chainId":1,"poolAddress":"0x17a23e49ae0209b5243090c138e800c4ca1921e9","poolType":"CURVE_SNG"}	{"ptAdminBalance": "0", "ibtAdminBalance": "0"}
{"blockNumber":23599990,"chainId":1,"poolAddress":"0x17a23e49ae0209b5243090c138e800c4ca1921e9","poolType":"CURVE_SNG"}	{"ptAdminBalance": "0", "ibtAdminBalance": "0"}
{"blockNumber":23685487,"chainId":1,"poolAddress":"0x17a23e49ae0209b5243090c138e800c4ca1921e9","poolType":"CURVE_SNG"}	{"ptAdminBalance": "0", "ibtAdminBalance": "0"}
{"blockNumber":23454427,"chainId":1,"poolAddress":"0xac3f886b4f965d6d3510e1093769f3860f98e8f0","poolType":"CURVE_SNG"}	{"ptAdminBalance": "0", "ibtAdminBalance": "0"}
{"blockNumber":23689991,"chainId":1,"poolAddress":"0xac3f886b4f965d6d3510e1093769f3860f98e8f0","poolType":"CURVE_SNG"}	{"ptAdminBalance": "0", "ibtAdminBalance": "0"}
{"blockNumber":23690011,"chainId":1,"poolAddress":"0xac3f886b4f965d6d3510e1093769f3860f98e8f0","poolType":"CURVE_SNG"}	{"ptAdminBalance": "0", "ibtAdminBalance": "0"}
{"blockNumber":23690045,"chainId":1,"poolAddress":"0xac3f886b4f965d6d3510e1093769f3860f98e8f0","poolType":"CURVE_SNG"}	{"ptAdminBalance": "0", "ibtAdminBalance": "0"}
{"blockNumber":23690079,"chainId":1,"poolAddress":"0xac3f886b4f965d6d3510e1093769f3860f98e8f0","poolType":"CURVE_SNG"}	{"ptAdminBalance": "0", "ibtAdminBalance": "0"}
{"blockNumber":23690115,"chainId":1,"poolAddress":"0xac3f886b4f965d6d3510e1093769f3860f98e8f0","poolType":"CURVE_SNG"}	{"ptAdminBalance": "0", "ibtAdminBalance": "0"}
{"blockNumber":23390240,"chainId":1,"poolAddress":"0xcbe13315809acf6d7b92472fcb9546655b874ee7","poolType":"CURVE_SNG"}	{"ptAdminBalance": "0", "ibtAdminBalance": "0"}
{"blockNumber":23393571,"chainId":1,"poolAddress":"0xcbe13315809acf6d7b92472fcb9546655b874ee7","poolType":"CURVE_SNG"}	{"ptAdminBalance": "0", "ibtAdminBalance": "0"}
{"blockNumber":23403882,"chainId":1,"poolAddress":"0xcbe13315809acf6d7b92472fcb9546655b874ee7","poolType":"CURVE_SNG"}	{"ptAdminBalance": "0", "ibtAdminBalance": "0"}
{"blockNumber":23403883,"chainId":1,"poolAddress":"0xcbe13315809acf6d7b92472fcb9546655b874ee7","poolType":"CURVE_SNG"}	{"ptAdminBalance": "0", "ibtAdminBalance": "0"}
{"blockNumber":23433263,"chainId":1,"poolAddress":"0xcbe13315809acf6d7b92472fcb9546655b874ee7","poolType":"CURVE_SNG"}	{"ptAdminBalance": "0", "ibtAdminBalance": "0"}
{"blockNumber":23440537,"chainId":1,"poolAddress":"0xcbe13315809acf6d7b92472fcb9546655b874ee7","poolType":"CURVE_SNG"}	{"ptAdminBalance": "0", "ibtAdminBalance": "0"}
{"blockNumber":23440561,"chainId":1,"poolAddress":"0xcbe13315809acf6d7b92472fcb9546655b874ee7","poolType":"CURVE_SNG"}	{"ptAdminBalance": "0", "ibtAdminBalance": "0"}
{"blockNumber":23454799,"chainId":1,"poolAddress":"0xcbe13315809acf6d7b92472fcb9546655b874ee7","poolType":"CURVE_SNG"}	{"ptAdminBalance": "0", "ibtAdminBalance": "0"}
{"blockNumber":23464619,"chainId":1,"poolAddress":"0xcbe13315809acf6d7b92472fcb9546655b874ee7","poolType":"CURVE_SNG"}	{"ptAdminBalance": "0", "ibtAdminBalance": "0"}
{"blockNumber":23477865,"chainId":1,"poolAddress":"0xcbe13315809acf6d7b92472fcb9546655b874ee7","poolType":"CURVE_SNG"}	{"ptAdminBalance": "0", "ibtAdminBalance": "0"}
{"blockNumber":23491927,"chainId":1,"poolAddress":"0xcbe13315809acf6d7b92472fcb9546655b874ee7","poolType":"CURVE_SNG"}	{"ptAdminBalance": "0", "ibtAdminBalance": "0"}
{"blockNumber":23503570,"chainId":1,"poolAddress":"0xcbe13315809acf6d7b92472fcb9546655b874ee7","poolType":"CURVE_SNG"}	{"ptAdminBalance": "0", "ibtAdminBalance": "0"}
{"blockNumber":23538303,"chainId":1,"poolAddress":"0xcbe13315809acf6d7b92472fcb9546655b874ee7","poolType":"CURVE_SNG"}	{"ptAdminBalance": "0", "ibtAdminBalance": "0"}
{"blockNumber":23674654,"chainId":1,"poolAddress":"0xcbe13315809acf6d7b92472fcb9546655b874ee7","poolType":"CURVE_SNG"}	{"ptAdminBalance": "0", "ibtAdminBalance": "0"}
{"blockNumber":23461247,"chainId":1,"poolAddress":"0x593a8a7c12d8111e12945ff167389662a02b5ece","poolType":"CURVE_SNG"}	{"ptAdminBalance": "0", "ibtAdminBalance": "0"}
{"blockNumber":23602859,"chainId":1,"poolAddress":"0x593a8a7c12d8111e12945ff167389662a02b5ece","poolType":"CURVE_SNG"}	{"ptAdminBalance": "0", "ibtAdminBalance": "0"}
{"blockNumber":23501912,"chainId":1,"poolAddress":"0xe48c3a1389be663f0e6f96ac1b90c10ee8b1b1ec","poolType":"CURVE_SNG"}	{"ptAdminBalance": "0", "ibtAdminBalance": "0"}
{"blockNumber":23428262,"chainId":1,"poolAddress":"0xe48c3a1389be663f0e6f96ac1b90c10ee8b1b1ec","poolType":"CURVE_SNG"}	{"ptAdminBalance": "0", "ibtAdminBalance": "0"}
{"blockNumber":23472397,"chainId":1,"poolAddress":"0xe48c3a1389be663f0e6f96ac1b90c10ee8b1b1ec","poolType":"CURVE_SNG"}	{"ptAdminBalance": "0", "ibtAdminBalance": "0"}
{"blockNumber":23473930,"chainId":1,"poolAddress":"0xe48c3a1389be663f0e6f96ac1b90c10ee8b1b1ec","poolType":"CURVE_SNG"}	{"ptAdminBalance": "0", "ibtAdminBalance": "0"}
{"blockNumber":23474380,"chainId":1,"poolAddress":"0xe48c3a1389be663f0e6f96ac1b90c10ee8b1b1ec","poolType":"CURVE_SNG"}	{"ptAdminBalance": "0", "ibtAdminBalance": "0"}
{"blockNumber":23474589,"chainId":1,"poolAddress":"0xe48c3a1389be663f0e6f96ac1b90c10ee8b1b1ec","poolType":"CURVE_SNG"}	{"ptAdminBalance": "0", "ibtAdminBalance": "0"}
{"blockNumber":23476270,"chainId":1,"poolAddress":"0xe48c3a1389be663f0e6f96ac1b90c10ee8b1b1ec","poolType":"CURVE_SNG"}	{"ptAdminBalance": "0", "ibtAdminBalance": "0"}
{"blockNumber":23477478,"chainId":1,"poolAddress":"0xe48c3a1389be663f0e6f96ac1b90c10ee8b1b1ec","poolType":"CURVE_SNG"}	{"ptAdminBalance": "0", "ibtAdminBalance": "0"}
{"blockNumber":23477827,"chainId":1,"poolAddress":"0xe48c3a1389be663f0e6f96ac1b90c10ee8b1b1ec","poolType":"CURVE_SNG"}	{"ptAdminBalance": "0", "ibtAdminBalance": "0"}
{"blockNumber":23478979,"chainId":1,"poolAddress":"0xe48c3a1389be663f0e6f96ac1b90c10ee8b1b1ec","poolType":"CURVE_SNG"}	{"ptAdminBalance": "0", "ibtAdminBalance": "0"}
{"blockNumber":23480661,"chainId":1,"poolAddress":"0xe48c3a1389be663f0e6f96ac1b90c10ee8b1b1ec","poolType":"CURVE_SNG"}	{"ptAdminBalance": "0", "ibtAdminBalance": "0"}
{"blockNumber":23482821,"chainId":1,"poolAddress":"0xe48c3a1389be663f0e6f96ac1b90c10ee8b1b1ec","poolType":"CURVE_SNG"}	{"ptAdminBalance": "0", "ibtAdminBalance": "0"}
{"blockNumber":23487546,"chainId":1,"poolAddress":"0xe48c3a1389be663f0e6f96ac1b90c10ee8b1b1ec","poolType":"CURVE_SNG"}	{"ptAdminBalance": "0", "ibtAdminBalance": "0"}
{"blockNumber":23488144,"chainId":1,"poolAddress":"0xe48c3a1389be663f0e6f96ac1b90c10ee8b1b1ec","poolType":"CURVE_SNG"}	{"ptAdminBalance": "0", "ibtAdminBalance": "0"}
{"blockNumber":23488548,"chainId":1,"poolAddress":"0xe48c3a1389be663f0e6f96ac1b90c10ee8b1b1ec","poolType":"CURVE_SNG"}	{"ptAdminBalance": "0", "ibtAdminBalance": "0"}
{"blockNumber":23490501,"chainId":1,"poolAddress":"0xe48c3a1389be663f0e6f96ac1b90c10ee8b1b1ec","poolType":"CURVE_SNG"}	{"ptAdminBalance": "0", "ibtAdminBalance": "0"}
{"blockNumber":23496396,"chainId":1,"poolAddress":"0xe48c3a1389be663f0e6f96ac1b90c10ee8b1b1ec","poolType":"CURVE_SNG"}	{"ptAdminBalance": "0", "ibtAdminBalance": "0"}
{"blockNumber":23498734,"chainId":1,"poolAddress":"0xe48c3a1389be663f0e6f96ac1b90c10ee8b1b1ec","poolType":"CURVE_SNG"}	{"ptAdminBalance": "0", "ibtAdminBalance": "0"}
{"blockNumber":23512722,"chainId":1,"poolAddress":"0xe48c3a1389be663f0e6f96ac1b90c10ee8b1b1ec","poolType":"CURVE_SNG"}	{"ptAdminBalance": "0", "ibtAdminBalance": "0"}
{"blockNumber":23395956,"chainId":1,"poolAddress":"0xd7d9bcafff98308d447a3985c6fedd84dbdea34b","poolType":"CURVE_SNG"}	{"ptAdminBalance": "42960791171858997433", "ibtAdminBalance": "39267450782546002338"}
{"blockNumber":23669699,"chainId":1,"poolAddress":"0xd7d9bcafff98308d447a3985c6fedd84dbdea34b","poolType":"CURVE_SNG"}	{"ptAdminBalance": "42960791171858997433", "ibtAdminBalance": "39267450782546002338"}
{"blockNumber":23690983,"chainId":1,"poolAddress":"0xceb283be31a655a9c707a7bb5bb1edffc35491b0","poolType":"CURVE_SNG"}	{"ptAdminBalance": "0", "ibtAdminBalance": "0"}
{"blockNumber":23686246,"chainId":1,"poolAddress":"0xd31fac73411da2c19aab7cd5d71f22d5c54e748a","poolType":"CURVE_SNG"}	{"ptAdminBalance": "71414929144229130", "ibtAdminBalance": "0"}
{"blockNumber":23622847,"chainId":1,"poolAddress":"0xd31fac73411da2c19aab7cd5d71f22d5c54e748a","poolType":"CURVE_SNG"}	{"ptAdminBalance": "71414929144229130", "ibtAdminBalance": "0"}
{"blockNumber":23418499,"chainId":1,"poolAddress":"0xcbe13315809acf6d7b92472fcb9546655b874ee7","poolType":"CURVE_SNG"}	{"ptAdminBalance": "0", "ibtAdminBalance": "0"}
{"blockNumber":23446116,"chainId":1,"poolAddress":"0xcbe13315809acf6d7b92472fcb9546655b874ee7","poolType":"CURVE_SNG"}	{"ptAdminBalance": "0", "ibtAdminBalance": "0"}
{"blockNumber":23385474,"chainId":1,"poolAddress":"0xcbe13315809acf6d7b92472fcb9546655b874ee7","poolType":"CURVE_SNG"}	{"ptAdminBalance": "0", "ibtAdminBalance": "0"}
{"blockNumber":23387787,"chainId":1,"poolAddress":"0xcbe13315809acf6d7b92472fcb9546655b874ee7","poolType":"CURVE_SNG"}	{"ptAdminBalance": "0", "ibtAdminBalance": "0"}
{"blockNumber":23394240,"chainId":1,"poolAddress":"0xcbe13315809acf6d7b92472fcb9546655b874ee7","poolType":"CURVE_SNG"}	{"ptAdminBalance": "0", "ibtAdminBalance": "0"}
{"blockNumber":23397269,"chainId":1,"poolAddress":"0xcbe13315809acf6d7b92472fcb9546655b874ee7","poolType":"CURVE_SNG"}	{"ptAdminBalance": "0", "ibtAdminBalance": "0"}
{"blockNumber":23488736,"chainId":1,"poolAddress":"0xcbe13315809acf6d7b92472fcb9546655b874ee7","poolType":"CURVE_SNG"}	{"ptAdminBalance": "0", "ibtAdminBalance": "0"}
{"blockNumber":23401038,"chainId":1,"poolAddress":"0xcbe13315809acf6d7b92472fcb9546655b874ee7","poolType":"CURVE_SNG"}	{"ptAdminBalance": "0", "ibtAdminBalance": "0"}
{"blockNumber":23402143,"chainId":1,"poolAddress":"0xcbe13315809acf6d7b92472fcb9546655b874ee7","poolType":"CURVE_SNG"}	{"ptAdminBalance": "0", "ibtAdminBalance": "0"}
{"blockNumber":23402192,"chainId":1,"poolAddress":"0xcbe13315809acf6d7b92472fcb9546655b874ee7","poolType":"CURVE_SNG"}	{"ptAdminBalance": "0", "ibtAdminBalance": "0"}
{"blockNumber":23471082,"chainId":1,"poolAddress":"0xcbe13315809acf6d7b92472fcb9546655b874ee7","poolType":"CURVE_SNG"}	{"ptAdminBalance": "0", "ibtAdminBalance": "0"}
{"blockNumber":23408688,"chainId":1,"poolAddress":"0xcbe13315809acf6d7b92472fcb9546655b874ee7","poolType":"CURVE_SNG"}	{"ptAdminBalance": "0", "ibtAdminBalance": "0"}
{"blockNumber":23411157,"chainId":1,"poolAddress":"0xcbe13315809acf6d7b92472fcb9546655b874ee7","poolType":"CURVE_SNG"}	{"ptAdminBalance": "0", "ibtAdminBalance": "0"}
{"blockNumber":23414049,"chainId":1,"poolAddress":"0xcbe13315809acf6d7b92472fcb9546655b874ee7","poolType":"CURVE_SNG"}	{"ptAdminBalance": "0", "ibtAdminBalance": "0"}
{"blockNumber":23473454,"chainId":1,"poolAddress":"0xcbe13315809acf6d7b92472fcb9546655b874ee7","poolType":"CURVE_SNG"}	{"ptAdminBalance": "0", "ibtAdminBalance": "0"}
{"blockNumber":23497172,"chainId":1,"poolAddress":"0xcbe13315809acf6d7b92472fcb9546655b874ee7","poolType":"CURVE_SNG"}	{"ptAdminBalance": "0", "ibtAdminBalance": "0"}
{"blockNumber":23429167,"chainId":1,"poolAddress":"0xcbe13315809acf6d7b92472fcb9546655b874ee7","poolType":"CURVE_SNG"}	{"ptAdminBalance": "0", "ibtAdminBalance": "0"}
{"blockNumber":23433292,"chainId":1,"poolAddress":"0xcbe13315809acf6d7b92472fcb9546655b874ee7","poolType":"CURVE_SNG"}	{"ptAdminBalance": "0", "ibtAdminBalance": "0"}
{"blockNumber":23437306,"chainId":1,"poolAddress":"0xcbe13315809acf6d7b92472fcb9546655b874ee7","poolType":"CURVE_SNG"}	{"ptAdminBalance": "0", "ibtAdminBalance": "0"}
{"blockNumber":23631811,"chainId":1,"poolAddress":"0xcbe13315809acf6d7b92472fcb9546655b874ee7","poolType":"CURVE_SNG"}	{"ptAdminBalance": "0", "ibtAdminBalance": "0"}
{"blockNumber":23445244,"chainId":1,"poolAddress":"0xcbe13315809acf6d7b92472fcb9546655b874ee7","poolType":"CURVE_SNG"}	{"ptAdminBalance": "0", "ibtAdminBalance": "0"}
{"blockNumber":23449670,"chainId":1,"poolAddress":"0xcbe13315809acf6d7b92472fcb9546655b874ee7","poolType":"CURVE_SNG"}	{"ptAdminBalance": "0", "ibtAdminBalance": "0"}
{"blockNumber":23451136,"chainId":1,"poolAddress":"0xcbe13315809acf6d7b92472fcb9546655b874ee7","poolType":"CURVE_SNG"}	{"ptAdminBalance": "0", "ibtAdminBalance": "0"}
{"blockNumber":23452104,"chainId":1,"poolAddress":"0xcbe13315809acf6d7b92472fcb9546655b874ee7","poolType":"CURVE_SNG"}	{"ptAdminBalance": "0", "ibtAdminBalance": "0"}
{"blockNumber":23462663,"chainId":1,"poolAddress":"0xcbe13315809acf6d7b92472fcb9546655b874ee7","poolType":"CURVE_SNG"}	{"ptAdminBalance": "0", "ibtAdminBalance": "0"}
{"blockNumber":23464644,"chainId":1,"poolAddress":"0xcbe13315809acf6d7b92472fcb9546655b874ee7","poolType":"CURVE_SNG"}	{"ptAdminBalance": "0", "ibtAdminBalance": "0"}
{"blockNumber":23468434,"chainId":1,"poolAddress":"0xcbe13315809acf6d7b92472fcb9546655b874ee7","poolType":"CURVE_SNG"}	{"ptAdminBalance": "0", "ibtAdminBalance": "0"}
{"blockNumber":23472362,"chainId":1,"poolAddress":"0xcbe13315809acf6d7b92472fcb9546655b874ee7","poolType":"CURVE_SNG"}	{"ptAdminBalance": "0", "ibtAdminBalance": "0"}
{"blockNumber":23473320,"chainId":1,"poolAddress":"0xcbe13315809acf6d7b92472fcb9546655b874ee7","poolType":"CURVE_SNG"}	{"ptAdminBalance": "0", "ibtAdminBalance": "0"}
{"blockNumber":23473327,"chainId":1,"poolAddress":"0xcbe13315809acf6d7b92472fcb9546655b874ee7","poolType":"CURVE_SNG"}	{"ptAdminBalance": "0", "ibtAdminBalance": "0"}
{"blockNumber":23475174,"chainId":1,"poolAddress":"0xcbe13315809acf6d7b92472fcb9546655b874ee7","poolType":"CURVE_SNG"}	{"ptAdminBalance": "0", "ibtAdminBalance": "0"}
{"blockNumber":23475265,"chainId":1,"poolAddress":"0xcbe13315809acf6d7b92472fcb9546655b874ee7","poolType":"CURVE_SNG"}	{"ptAdminBalance": "0", "ibtAdminBalance": "0"}
{"blockNumber":23475752,"chainId":1,"poolAddress":"0xcbe13315809acf6d7b92472fcb9546655b874ee7","poolType":"CURVE_SNG"}	{"ptAdminBalance": "0", "ibtAdminBalance": "0"}
{"blockNumber":23478097,"chainId":1,"poolAddress":"0xcbe13315809acf6d7b92472fcb9546655b874ee7","poolType":"CURVE_SNG"}	{"ptAdminBalance": "0", "ibtAdminBalance": "0"}
{"blockNumber":23478653,"chainId":1,"poolAddress":"0xcbe13315809acf6d7b92472fcb9546655b874ee7","poolType":"CURVE_SNG"}	{"ptAdminBalance": "0", "ibtAdminBalance": "0"}
{"blockNumber":23480551,"chainId":1,"poolAddress":"0xcbe13315809acf6d7b92472fcb9546655b874ee7","poolType":"CURVE_SNG"}	{"ptAdminBalance": "0", "ibtAdminBalance": "0"}
{"blockNumber":23484983,"chainId":1,"poolAddress":"0xcbe13315809acf6d7b92472fcb9546655b874ee7","poolType":"CURVE_SNG"}	{"ptAdminBalance": "0", "ibtAdminBalance": "0"}
{"blockNumber":23489004,"chainId":1,"poolAddress":"0xcbe13315809acf6d7b92472fcb9546655b874ee7","poolType":"CURVE_SNG"}	{"ptAdminBalance": "0", "ibtAdminBalance": "0"}
{"blockNumber":23497763,"chainId":1,"poolAddress":"0xcbe13315809acf6d7b92472fcb9546655b874ee7","poolType":"CURVE_SNG"}	{"ptAdminBalance": "0", "ibtAdminBalance": "0"}
{"blockNumber":23498097,"chainId":1,"poolAddress":"0xcbe13315809acf6d7b92472fcb9546655b874ee7","poolType":"CURVE_SNG"}	{"ptAdminBalance": "0", "ibtAdminBalance": "0"}
{"blockNumber":23500690,"chainId":1,"poolAddress":"0xcbe13315809acf6d7b92472fcb9546655b874ee7","poolType":"CURVE_SNG"}	{"ptAdminBalance": "0", "ibtAdminBalance": "0"}
{"blockNumber":23511579,"chainId":1,"poolAddress":"0xcbe13315809acf6d7b92472fcb9546655b874ee7","poolType":"CURVE_SNG"}	{"ptAdminBalance": "0", "ibtAdminBalance": "0"}
{"blockNumber":23512423,"chainId":1,"poolAddress":"0xcbe13315809acf6d7b92472fcb9546655b874ee7","poolType":"CURVE_SNG"}	{"ptAdminBalance": "0", "ibtAdminBalance": "0"}
{"blockNumber":23512949,"chainId":1,"poolAddress":"0xcbe13315809acf6d7b92472fcb9546655b874ee7","poolType":"CURVE_SNG"}	{"ptAdminBalance": "0", "ibtAdminBalance": "0"}
{"blockNumber":23513001,"chainId":1,"poolAddress":"0xcbe13315809acf6d7b92472fcb9546655b874ee7","poolType":"CURVE_SNG"}	{"ptAdminBalance": "0", "ibtAdminBalance": "0"}
{"blockNumber":23513084,"chainId":1,"poolAddress":"0xcbe13315809acf6d7b92472fcb9546655b874ee7","poolType":"CURVE_SNG"}	{"ptAdminBalance": "0", "ibtAdminBalance": "0"}
{"blockNumber":23513125,"chainId":1,"poolAddress":"0xcbe13315809acf6d7b92472fcb9546655b874ee7","poolType":"CURVE_SNG"}	{"ptAdminBalance": "0", "ibtAdminBalance": "0"}
{"blockNumber":23513199,"chainId":1,"poolAddress":"0xcbe13315809acf6d7b92472fcb9546655b874ee7","poolType":"CURVE_SNG"}	{"ptAdminBalance": "0", "ibtAdminBalance": "0"}
{"blockNumber":23513245,"chainId":1,"poolAddress":"0xcbe13315809acf6d7b92472fcb9546655b874ee7","poolType":"CURVE_SNG"}	{"ptAdminBalance": "0", "ibtAdminBalance": "0"}
{"blockNumber":23513279,"chainId":1,"poolAddress":"0xcbe13315809acf6d7b92472fcb9546655b874ee7","poolType":"CURVE_SNG"}	{"ptAdminBalance": "0", "ibtAdminBalance": "0"}
{"blockNumber":23513311,"chainId":1,"poolAddress":"0xcbe13315809acf6d7b92472fcb9546655b874ee7","poolType":"CURVE_SNG"}	{"ptAdminBalance": "0", "ibtAdminBalance": "0"}
{"blockNumber":23513348,"chainId":1,"poolAddress":"0xcbe13315809acf6d7b92472fcb9546655b874ee7","poolType":"CURVE_SNG"}	{"ptAdminBalance": "0", "ibtAdminBalance": "0"}
{"blockNumber":23513393,"chainId":1,"poolAddress":"0xcbe13315809acf6d7b92472fcb9546655b874ee7","poolType":"CURVE_SNG"}	{"ptAdminBalance": "0", "ibtAdminBalance": "0"}
{"blockNumber":23513436,"chainId":1,"poolAddress":"0xcbe13315809acf6d7b92472fcb9546655b874ee7","poolType":"CURVE_SNG"}	{"ptAdminBalance": "0", "ibtAdminBalance": "0"}
{"blockNumber":23513489,"chainId":1,"poolAddress":"0xcbe13315809acf6d7b92472fcb9546655b874ee7","poolType":"CURVE_SNG"}	{"ptAdminBalance": "0", "ibtAdminBalance": "0"}
{"blockNumber":23513534,"chainId":1,"poolAddress":"0xcbe13315809acf6d7b92472fcb9546655b874ee7","poolType":"CURVE_SNG"}	{"ptAdminBalance": "0", "ibtAdminBalance": "0"}
{"blockNumber":23513569,"chainId":1,"poolAddress":"0xcbe13315809acf6d7b92472fcb9546655b874ee7","poolType":"CURVE_SNG"}	{"ptAdminBalance": "0", "ibtAdminBalance": "0"}
{"blockNumber":23522495,"chainId":1,"poolAddress":"0xcbe13315809acf6d7b92472fcb9546655b874ee7","poolType":"CURVE_SNG"}	{"ptAdminBalance": "0", "ibtAdminBalance": "0"}
{"blockNumber":23527207,"chainId":1,"poolAddress":"0xcbe13315809acf6d7b92472fcb9546655b874ee7","poolType":"CURVE_SNG"}	{"ptAdminBalance": "0", "ibtAdminBalance": "0"}
{"blockNumber":23535353,"chainId":1,"poolAddress":"0xcbe13315809acf6d7b92472fcb9546655b874ee7","poolType":"CURVE_SNG"}	{"ptAdminBalance": "0", "ibtAdminBalance": "0"}
{"blockNumber":23543369,"chainId":1,"poolAddress":"0xcbe13315809acf6d7b92472fcb9546655b874ee7","poolType":"CURVE_SNG"}	{"ptAdminBalance": "0", "ibtAdminBalance": "0"}
{"blockNumber":23559342,"chainId":1,"poolAddress":"0xcbe13315809acf6d7b92472fcb9546655b874ee7","poolType":"CURVE_SNG"}	{"ptAdminBalance": "0", "ibtAdminBalance": "0"}
{"blockNumber":23611961,"chainId":1,"poolAddress":"0xcbe13315809acf6d7b92472fcb9546655b874ee7","poolType":"CURVE_SNG"}	{"ptAdminBalance": "0", "ibtAdminBalance": "0"}
{"blockNumber":23661060,"chainId":1,"poolAddress":"0xcbe13315809acf6d7b92472fcb9546655b874ee7","poolType":"CURVE_SNG"}	{"ptAdminBalance": "0", "ibtAdminBalance": "0"}
{"blockNumber":23668423,"chainId":1,"poolAddress":"0xcbe13315809acf6d7b92472fcb9546655b874ee7","poolType":"CURVE_SNG"}	{"ptAdminBalance": "0", "ibtAdminBalance": "0"}
{"blockNumber":23688755,"chainId":1,"poolAddress":"0xcbe13315809acf6d7b92472fcb9546655b874ee7","poolType":"CURVE_SNG"}	{"ptAdminBalance": "0", "ibtAdminBalance": "0"}
{"blockNumber":23403053,"chainId":1,"poolAddress":"0xcbe13315809acf6d7b92472fcb9546655b874ee7","poolType":"CURVE_SNG"}	{"ptAdminBalance": "0", "ibtAdminBalance": "0"}
{"blockNumber":23475236,"chainId":1,"poolAddress":"0xcbe13315809acf6d7b92472fcb9546655b874ee7","poolType":"CURVE_SNG"}	{"ptAdminBalance": "0", "ibtAdminBalance": "0"}
{"blockNumber":23457228,"chainId":1,"poolAddress":"0xcbe13315809acf6d7b92472fcb9546655b874ee7","poolType":"CURVE_SNG"}	{"ptAdminBalance": "0", "ibtAdminBalance": "0"}
{"blockNumber":23470278,"chainId":1,"poolAddress":"0xcbe13315809acf6d7b92472fcb9546655b874ee7","poolType":"CURVE_SNG"}	{"ptAdminBalance": "0", "ibtAdminBalance": "0"}
{"blockNumber":23474803,"chainId":1,"poolAddress":"0xcbe13315809acf6d7b92472fcb9546655b874ee7","poolType":"CURVE_SNG"}	{"ptAdminBalance": "0", "ibtAdminBalance": "0"}
{"blockNumber":23559891,"chainId":1,"poolAddress":"0xcbe13315809acf6d7b92472fcb9546655b874ee7","poolType":"CURVE_SNG"}	{"ptAdminBalance": "0", "ibtAdminBalance": "0"}
{"blockNumber":23521613,"chainId":1,"poolAddress":"0xcbe13315809acf6d7b92472fcb9546655b874ee7","poolType":"CURVE_SNG"}	{"ptAdminBalance": "0", "ibtAdminBalance": "0"}
{"blockNumber":23473426,"chainId":1,"poolAddress":"0xcbe13315809acf6d7b92472fcb9546655b874ee7","poolType":"CURVE_SNG"}	{"ptAdminBalance": "0", "ibtAdminBalance": "0"}
{"blockNumber":23467204,"chainId":1,"poolAddress":"0xcbe13315809acf6d7b92472fcb9546655b874ee7","poolType":"CURVE_SNG"}	{"ptAdminBalance": "0", "ibtAdminBalance": "0"}
{"blockNumber":23410285,"chainId":1,"poolAddress":"0xcbe13315809acf6d7b92472fcb9546655b874ee7","poolType":"CURVE_SNG"}	{"ptAdminBalance": "0", "ibtAdminBalance": "0"}
{"blockNumber":23453118,"chainId":1,"poolAddress":"0xcbe13315809acf6d7b92472fcb9546655b874ee7","poolType":"CURVE_SNG"}	{"ptAdminBalance": "0", "ibtAdminBalance": "0"}
{"blockNumber":23497043,"chainId":1,"poolAddress":"0xcbe13315809acf6d7b92472fcb9546655b874ee7","poolType":"CURVE_SNG"}	{"ptAdminBalance": "0", "ibtAdminBalance": "0"}
{"blockNumber":23482248,"chainId":1,"poolAddress":"0xcbe13315809acf6d7b92472fcb9546655b874ee7","poolType":"CURVE_SNG"}	{"ptAdminBalance": "0", "ibtAdminBalance": "0"}
{"blockNumber":23476396,"chainId":1,"poolAddress":"0xcbe13315809acf6d7b92472fcb9546655b874ee7","poolType":"CURVE_SNG"}	{"ptAdminBalance": "0", "ibtAdminBalance": "0"}
{"blockNumber":23535882,"chainId":1,"poolAddress":"0xcbe13315809acf6d7b92472fcb9546655b874ee7","poolType":"CURVE_SNG"}	{"ptAdminBalance": "0", "ibtAdminBalance": "0"}
{"blockNumber":23522723,"chainId":1,"poolAddress":"0xcbe13315809acf6d7b92472fcb9546655b874ee7","poolType":"CURVE_SNG"}	{"ptAdminBalance": "0", "ibtAdminBalance": "0"}
{"blockNumber":23568264,"chainId":1,"poolAddress":"0xcbe13315809acf6d7b92472fcb9546655b874ee7","poolType":"CURVE_SNG"}	{"ptAdminBalance": "0", "ibtAdminBalance": "0"}
{"blockNumber":23469034,"chainId":1,"poolAddress":"0xcbe13315809acf6d7b92472fcb9546655b874ee7","poolType":"CURVE_SNG"}	{"ptAdminBalance": "0", "ibtAdminBalance": "0"}
{"blockNumber":23435555,"chainId":1,"poolAddress":"0xcbe13315809acf6d7b92472fcb9546655b874ee7","poolType":"CURVE_SNG"}	{"ptAdminBalance": "0", "ibtAdminBalance": "0"}
{"blockNumber":23587862,"chainId":1,"poolAddress":"0xcbe13315809acf6d7b92472fcb9546655b874ee7","poolType":"CURVE_SNG"}	{"ptAdminBalance": "0", "ibtAdminBalance": "0"}
{"blockNumber":23671752,"chainId":1,"poolAddress":"0xcbe13315809acf6d7b92472fcb9546655b874ee7","poolType":"CURVE_SNG"}	{"ptAdminBalance": "0", "ibtAdminBalance": "0"}
{"blockNumber":23402742,"chainId":1,"poolAddress":"0x593a8a7c12d8111e12945ff167389662a02b5ece","poolType":"CURVE_SNG"}	{"ptAdminBalance": "0", "ibtAdminBalance": "0"}
{"blockNumber":23418713,"chainId":1,"poolAddress":"0x593a8a7c12d8111e12945ff167389662a02b5ece","poolType":"CURVE_SNG"}	{"ptAdminBalance": "0", "ibtAdminBalance": "0"}
{"blockNumber":23613669,"chainId":1,"poolAddress":"0x593a8a7c12d8111e12945ff167389662a02b5ece","poolType":"CURVE_SNG"}	{"ptAdminBalance": "0", "ibtAdminBalance": "0"}
{"blockNumber":23460471,"chainId":1,"poolAddress":"0x593a8a7c12d8111e12945ff167389662a02b5ece","poolType":"CURVE_SNG"}	{"ptAdminBalance": "0", "ibtAdminBalance": "0"}
{"blockNumber":23461239,"chainId":1,"poolAddress":"0x593a8a7c12d8111e12945ff167389662a02b5ece","poolType":"CURVE_SNG"}	{"ptAdminBalance": "0", "ibtAdminBalance": "0"}
{"blockNumber":23533981,"chainId":1,"poolAddress":"0x593a8a7c12d8111e12945ff167389662a02b5ece","poolType":"CURVE_SNG"}	{"ptAdminBalance": "0", "ibtAdminBalance": "0"}
{"blockNumber":23602869,"chainId":1,"poolAddress":"0x593a8a7c12d8111e12945ff167389662a02b5ece","poolType":"CURVE_SNG"}	{"ptAdminBalance": "0", "ibtAdminBalance": "0"}
{"blockNumber":23614050,"chainId":1,"poolAddress":"0x593a8a7c12d8111e12945ff167389662a02b5ece","poolType":"CURVE_SNG"}	{"ptAdminBalance": "0", "ibtAdminBalance": "0"}
{"blockNumber":23458465,"chainId":1,"poolAddress":"0x593a8a7c12d8111e12945ff167389662a02b5ece","poolType":"CURVE_SNG"}	{"ptAdminBalance": "0", "ibtAdminBalance": "0"}
{"blockNumber":23499186,"chainId":1,"poolAddress":"0x593a8a7c12d8111e12945ff167389662a02b5ece","poolType":"CURVE_SNG"}	{"ptAdminBalance": "0", "ibtAdminBalance": "0"}
{"blockNumber":23600054,"chainId":1,"poolAddress":"0x593a8a7c12d8111e12945ff167389662a02b5ece","poolType":"CURVE_SNG"}	{"ptAdminBalance": "0", "ibtAdminBalance": "0"}
{"blockNumber":23678546,"chainId":1,"poolAddress":"0x593a8a7c12d8111e12945ff167389662a02b5ece","poolType":"CURVE_SNG"}	{"ptAdminBalance": "0", "ibtAdminBalance": "0"}
{"blockNumber":23676984,"chainId":1,"poolAddress":"0x593a8a7c12d8111e12945ff167389662a02b5ece","poolType":"CURVE_SNG"}	{"ptAdminBalance": "0", "ibtAdminBalance": "0"}
{"blockNumber":23499124,"chainId":1,"poolAddress":"0x593a8a7c12d8111e12945ff167389662a02b5ece","poolType":"CURVE_SNG"}	{"ptAdminBalance": "0", "ibtAdminBalance": "0"}
{"blockNumber":23503061,"chainId":1,"poolAddress":"0x593a8a7c12d8111e12945ff167389662a02b5ece","poolType":"CURVE_SNG"}	{"ptAdminBalance": "0", "ibtAdminBalance": "0"}
{"blockNumber":23588941,"chainId":1,"poolAddress":"0x593a8a7c12d8111e12945ff167389662a02b5ece","poolType":"CURVE_SNG"}	{"ptAdminBalance": "0", "ibtAdminBalance": "0"}
{"blockNumber":23546088,"chainId":1,"poolAddress":"0x593a8a7c12d8111e12945ff167389662a02b5ece","poolType":"CURVE_SNG"}	{"ptAdminBalance": "0", "ibtAdminBalance": "0"}
{"blockNumber":23573404,"chainId":1,"poolAddress":"0x593a8a7c12d8111e12945ff167389662a02b5ece","poolType":"CURVE_SNG"}	{"ptAdminBalance": "0", "ibtAdminBalance": "0"}
{"blockNumber":23580430,"chainId":1,"poolAddress":"0x593a8a7c12d8111e12945ff167389662a02b5ece","poolType":"CURVE_SNG"}	{"ptAdminBalance": "0", "ibtAdminBalance": "0"}
{"blockNumber":23606404,"chainId":1,"poolAddress":"0x593a8a7c12d8111e12945ff167389662a02b5ece","poolType":"CURVE_SNG"}	{"ptAdminBalance": "0", "ibtAdminBalance": "0"}
{"blockNumber":23641126,"chainId":1,"poolAddress":"0x593a8a7c12d8111e12945ff167389662a02b5ece","poolType":"CURVE_SNG"}	{"ptAdminBalance": "0", "ibtAdminBalance": "0"}
{"blockNumber":23641144,"chainId":1,"poolAddress":"0x593a8a7c12d8111e12945ff167389662a02b5ece","poolType":"CURVE_SNG"}	{"ptAdminBalance": "0", "ibtAdminBalance": "0"}
{"blockNumber":23633684,"chainId":1,"poolAddress":"0x593a8a7c12d8111e12945ff167389662a02b5ece","poolType":"CURVE_SNG"}	{"ptAdminBalance": "0", "ibtAdminBalance": "0"}
{"blockNumber":23633792,"chainId":1,"poolAddress":"0x593a8a7c12d8111e12945ff167389662a02b5ece","poolType":"CURVE_SNG"}	{"ptAdminBalance": "0", "ibtAdminBalance": "0"}
{"blockNumber":23402754,"chainId":1,"poolAddress":"0xe48c3a1389be663f0e6f96ac1b90c10ee8b1b1ec","poolType":"CURVE_SNG"}	{"ptAdminBalance": "0", "ibtAdminBalance": "0"}
{"blockNumber":23669725,"chainId":1,"poolAddress":"0xd7d9bcafff98308d447a3985c6fedd84dbdea34b","poolType":"CURVE_SNG"}	{"ptAdminBalance": "42960791171858997433", "ibtAdminBalance": "39267450782546002338"}
{"blockNumber":23433079,"chainId":1,"poolAddress":"0xceb283be31a655a9c707a7bb5bb1edffc35491b0","poolType":"CURVE_SNG"}	{"ptAdminBalance": "0", "ibtAdminBalance": "0"}
{"blockNumber":23410936,"chainId":1,"poolAddress":"0x6e7f0c234582b9421e4c9bc4ab3542016cd23301","poolType":"CURVE_SNG"}	{"ptAdminBalance": "0", "ibtAdminBalance": "0"}
{"blockNumber":23411240,"chainId":1,"poolAddress":"0x6e7f0c234582b9421e4c9bc4ab3542016cd23301","poolType":"CURVE_SNG"}	{"ptAdminBalance": "0", "ibtAdminBalance": "0"}
{"blockNumber":23424087,"chainId":1,"poolAddress":"0x6e7f0c234582b9421e4c9bc4ab3542016cd23301","poolType":"CURVE_SNG"}	{"ptAdminBalance": "0", "ibtAdminBalance": "0"}
{"blockNumber":23420346,"chainId":1,"poolAddress":"0x6e7f0c234582b9421e4c9bc4ab3542016cd23301","poolType":"CURVE_SNG"}	{"ptAdminBalance": "0", "ibtAdminBalance": "0"}
{"blockNumber":23533242,"chainId":1,"poolAddress":"0x6e7f0c234582b9421e4c9bc4ab3542016cd23301","poolType":"CURVE_SNG"}	{"ptAdminBalance": "0", "ibtAdminBalance": "0"}
{"blockNumber":23482902,"chainId":1,"poolAddress":"0x6e7f0c234582b9421e4c9bc4ab3542016cd23301","poolType":"CURVE_SNG"}	{"ptAdminBalance": "0", "ibtAdminBalance": "0"}
{"blockNumber":23436353,"chainId":1,"poolAddress":"0x6e7f0c234582b9421e4c9bc4ab3542016cd23301","poolType":"CURVE_SNG"}	{"ptAdminBalance": "0", "ibtAdminBalance": "0"}
{"blockNumber":23436755,"chainId":1,"poolAddress":"0x6e7f0c234582b9421e4c9bc4ab3542016cd23301","poolType":"CURVE_SNG"}	{"ptAdminBalance": "0", "ibtAdminBalance": "0"}
{"blockNumber":23440238,"chainId":1,"poolAddress":"0x6e7f0c234582b9421e4c9bc4ab3542016cd23301","poolType":"CURVE_SNG"}	{"ptAdminBalance": "0", "ibtAdminBalance": "0"}
{"blockNumber":23449109,"chainId":1,"poolAddress":"0x6e7f0c234582b9421e4c9bc4ab3542016cd23301","poolType":"CURVE_SNG"}	{"ptAdminBalance": "0", "ibtAdminBalance": "0"}
{"blockNumber":23482949,"chainId":1,"poolAddress":"0x6e7f0c234582b9421e4c9bc4ab3542016cd23301","poolType":"CURVE_SNG"}	{"ptAdminBalance": "0", "ibtAdminBalance": "0"}
{"blockNumber":23681289,"chainId":1,"poolAddress":"0xa95a5eb4f639ddc9cd0b431036eb2cc2d018c18c","poolType":"CURVE_SNG"}	{"ptAdminBalance": "369727162466843101", "ibtAdminBalance": "210220522356239003"}
{"blockNumber":23584840,"chainId":1,"poolAddress":"0xa95a5eb4f639ddc9cd0b431036eb2cc2d018c18c","poolType":"CURVE_SNG"}	{"ptAdminBalance": "369727162466843101", "ibtAdminBalance": "210220522356239003"}
{"blockNumber":23684461,"chainId":1,"poolAddress":"0xa95a5eb4f639ddc9cd0b431036eb2cc2d018c18c","poolType":"CURVE_SNG"}	{"ptAdminBalance": "369727162466843101", "ibtAdminBalance": "210220522356239003"}
{"blockNumber":23467944,"chainId":1,"poolAddress":"0xa95a5eb4f639ddc9cd0b431036eb2cc2d018c18c","poolType":"CURVE_SNG"}	{"ptAdminBalance": "369727162466843101", "ibtAdminBalance": "210220522356239003"}
{"blockNumber":23502840,"chainId":1,"poolAddress":"0xa95a5eb4f639ddc9cd0b431036eb2cc2d018c18c","poolType":"CURVE_SNG"}	{"ptAdminBalance": "369727162466843101", "ibtAdminBalance": "210220522356239003"}
{"blockNumber":23564603,"chainId":1,"poolAddress":"0xa95a5eb4f639ddc9cd0b431036eb2cc2d018c18c","poolType":"CURVE_SNG"}	{"ptAdminBalance": "369727162466843101", "ibtAdminBalance": "210220522356239003"}
{"blockNumber":23544759,"chainId":1,"poolAddress":"0xa95a5eb4f639ddc9cd0b431036eb2cc2d018c18c","poolType":"CURVE_SNG"}	{"ptAdminBalance": "369727162466843101", "ibtAdminBalance": "210220522356239003"}
{"blockNumber":23660196,"chainId":1,"poolAddress":"0xa95a5eb4f639ddc9cd0b431036eb2cc2d018c18c","poolType":"CURVE_SNG"}	{"ptAdminBalance": "369727162466843101", "ibtAdminBalance": "210220522356239003"}
{"blockNumber":23634299,"chainId":1,"poolAddress":"0x4619a871112c443658a505941532bb7df60b06b2","poolType":"CURVE_SNG"}	{"ptAdminBalance": "0", "ibtAdminBalance": "0"}
{"blockNumber":23669112,"chainId":1,"poolAddress":"0x4619a871112c443658a505941532bb7df60b06b2","poolType":"CURVE_SNG"}	{"ptAdminBalance": "0", "ibtAdminBalance": "0"}
{"blockNumber":23468459,"chainId":1,"poolAddress":"0x4619a871112c443658a505941532bb7df60b06b2","poolType":"CURVE_SNG"}	{"ptAdminBalance": "0", "ibtAdminBalance": "0"}
{"blockNumber":23648549,"chainId":1,"poolAddress":"0xbbb7e0cb9720aa32a28aa075c310bbe746258186","poolType":"CURVE_SNG"}	{"ptAdminBalance": "0", "ibtAdminBalance": "473285186870"}
{"blockNumber":23641462,"chainId":1,"poolAddress":"0x2fe6c0f3f8e7821bb3e2164247aa24e1fd77e9e3","poolType":"CURVE_SNG"}	{"ptAdminBalance": "0", "ibtAdminBalance": "0"}
{"blockNumber":23663649,"chainId":1,"poolAddress":"0x2fe6c0f3f8e7821bb3e2164247aa24e1fd77e9e3","poolType":"CURVE_SNG"}	{"ptAdminBalance": "0", "ibtAdminBalance": "0"}
{"blockNumber":23678616,"chainId":1,"poolAddress":"0x2fe6c0f3f8e7821bb3e2164247aa24e1fd77e9e3","poolType":"CURVE_SNG"}	{"ptAdminBalance": "0", "ibtAdminBalance": "0"}
{"blockNumber":23624386,"chainId":1,"poolAddress":"0x43cb9f6ddf5b313aec35f013800345cc895d4f22","poolType":"CURVE_SNG"}	{"ptAdminBalance": "0", "ibtAdminBalance": "0"}
{"blockNumber":23436700,"chainId":1,"poolAddress":"0x43cb9f6ddf5b313aec35f013800345cc895d4f22","poolType":"CURVE_SNG"}	{"ptAdminBalance": "0", "ibtAdminBalance": "0"}
{"blockNumber":23389161,"chainId":1,"poolAddress":"0xbbb7e0cb9720aa32a28aa075c310bbe746258186","poolType":"CURVE_SNG"}	{"ptAdminBalance": "0", "ibtAdminBalance": "473285186870"}
{"blockNumber":23455257,"chainId":1,"poolAddress":"0x17a23e49ae0209b5243090c138e800c4ca1921e9","poolType":"CURVE_SNG"}	{"ptAdminBalance": "0", "ibtAdminBalance": "0"}
{"blockNumber":23411825,"chainId":1,"poolAddress":"0x17a23e49ae0209b5243090c138e800c4ca1921e9","poolType":"CURVE_SNG"}	{"ptAdminBalance": "0", "ibtAdminBalance": "0"}
{"blockNumber":23407894,"chainId":1,"poolAddress":"0xac3f886b4f965d6d3510e1093769f3860f98e8f0","poolType":"CURVE_SNG"}	{"ptAdminBalance": "0", "ibtAdminBalance": "0"}
{"blockNumber":23419467,"chainId":1,"poolAddress":"0xac3f886b4f965d6d3510e1093769f3860f98e8f0","poolType":"CURVE_SNG"}	{"ptAdminBalance": "0", "ibtAdminBalance": "0"}
{"blockNumber":23385113,"chainId":1,"poolAddress":"0xac3f886b4f965d6d3510e1093769f3860f98e8f0","poolType":"CURVE_SNG"}	{"ptAdminBalance": "0", "ibtAdminBalance": "0"}
{"blockNumber":23613105,"chainId":1,"poolAddress":"0xd31fac73411da2c19aab7cd5d71f22d5c54e748a","poolType":"CURVE_SNG"}	{"ptAdminBalance": "71414929144229130", "ibtAdminBalance": "0"}
{"blockNumber":23499733,"chainId":1,"poolAddress":"0x593a8a7c12d8111e12945ff167389662a02b5ece","poolType":"CURVE_SNG"}	{"ptAdminBalance": "0", "ibtAdminBalance": "0"}
{"blockNumber":23598971,"chainId":1,"poolAddress":"0x593a8a7c12d8111e12945ff167389662a02b5ece","poolType":"CURVE_SNG"}	{"ptAdminBalance": "0", "ibtAdminBalance": "0"}
{"blockNumber":23598975,"chainId":1,"poolAddress":"0x593a8a7c12d8111e12945ff167389662a02b5ece","poolType":"CURVE_SNG"}	{"ptAdminBalance": "0", "ibtAdminBalance": "0"}
{"blockNumber":23580568,"chainId":1,"poolAddress":"0x593a8a7c12d8111e12945ff167389662a02b5ece","poolType":"CURVE_SNG"}	{"ptAdminBalance": "0", "ibtAdminBalance": "0"}
{"blockNumber":23405996,"chainId":1,"poolAddress":"0xe48c3a1389be663f0e6f96ac1b90c10ee8b1b1ec","poolType":"CURVE_SNG"}	{"ptAdminBalance": "0", "ibtAdminBalance": "0"}
{"blockNumber":23420447,"chainId":1,"poolAddress":"0xe48c3a1389be663f0e6f96ac1b90c10ee8b1b1ec","poolType":"CURVE_SNG"}	{"ptAdminBalance": "0", "ibtAdminBalance": "0"}
{"blockNumber":23449717,"chainId":1,"poolAddress":"0xe48c3a1389be663f0e6f96ac1b90c10ee8b1b1ec","poolType":"CURVE_SNG"}	{"ptAdminBalance": "0", "ibtAdminBalance": "0"}
{"blockNumber":23481229,"chainId":1,"poolAddress":"0x586032790165ec0b0562d2fd02055e6b2e729409","poolType":"CURVE_SNG"}	{"ptAdminBalance": "15433179790061961546", "ibtAdminBalance": "8889108183928142737"}
{"blockNumber":23496132,"chainId":1,"poolAddress":"0x586032790165ec0b0562d2fd02055e6b2e729409","poolType":"CURVE_SNG"}	{"ptAdminBalance": "15433179790061961546", "ibtAdminBalance": "8889108183928142737"}
{"blockNumber":23638407,"chainId":1,"poolAddress":"0x586032790165ec0b0562d2fd02055e6b2e729409","poolType":"CURVE_SNG"}	{"ptAdminBalance": "15433179790061961546", "ibtAdminBalance": "8889108183928142737"}
{"blockNumber":23663849,"chainId":1,"poolAddress":"0x586032790165ec0b0562d2fd02055e6b2e729409","poolType":"CURVE_SNG"}	{"ptAdminBalance": "15433179790061961546", "ibtAdminBalance": "8889108183928142737"}
{"blockNumber":23535624,"chainId":1,"poolAddress":"0x586032790165ec0b0562d2fd02055e6b2e729409","poolType":"CURVE_SNG"}	{"ptAdminBalance": "15433179790061961546", "ibtAdminBalance": "8889108183928142737"}
{"blockNumber":23460477,"chainId":1,"poolAddress":"0xd7d9bcafff98308d447a3985c6fedd84dbdea34b","poolType":"CURVE_SNG"}	{"ptAdminBalance": "42960791171858997433", "ibtAdminBalance": "39267450782546002338"}
{"blockNumber":23521050,"chainId":1,"poolAddress":"0xd7d9bcafff98308d447a3985c6fedd84dbdea34b","poolType":"CURVE_SNG"}	{"ptAdminBalance": "42960791171858997433", "ibtAdminBalance": "39267450782546002338"}
{"blockNumber":23567543,"chainId":1,"poolAddress":"0xd7d9bcafff98308d447a3985c6fedd84dbdea34b","poolType":"CURVE_SNG"}	{"ptAdminBalance": "42960791171858997433", "ibtAdminBalance": "39267450782546002338"}
{"blockNumber":23439048,"chainId":1,"poolAddress":"0xd7d9bcafff98308d447a3985c6fedd84dbdea34b","poolType":"CURVE_SNG"}	{"ptAdminBalance": "42960791171858997433", "ibtAdminBalance": "39267450782546002338"}
{"blockNumber":23559794,"chainId":1,"poolAddress":"0xd7d9bcafff98308d447a3985c6fedd84dbdea34b","poolType":"CURVE_SNG"}	{"ptAdminBalance": "42960791171858997433", "ibtAdminBalance": "39267450782546002338"}
{"blockNumber":23585340,"chainId":1,"poolAddress":"0xd7d9bcafff98308d447a3985c6fedd84dbdea34b","poolType":"CURVE_SNG"}	{"ptAdminBalance": "42960791171858997433", "ibtAdminBalance": "39267450782546002338"}
{"blockNumber":23451665,"chainId":1,"poolAddress":"0x6e7f0c234582b9421e4c9bc4ab3542016cd23301","poolType":"CURVE_SNG"}	{"ptAdminBalance": "0", "ibtAdminBalance": "0"}
{"blockNumber":23451741,"chainId":1,"poolAddress":"0x6e7f0c234582b9421e4c9bc4ab3542016cd23301","poolType":"CURVE_SNG"}	{"ptAdminBalance": "0", "ibtAdminBalance": "0"}
{"blockNumber":23437040,"chainId":1,"poolAddress":"0x6e7f0c234582b9421e4c9bc4ab3542016cd23301","poolType":"CURVE_SNG"}	{"ptAdminBalance": "0", "ibtAdminBalance": "0"}
{"blockNumber":23394098,"chainId":1,"poolAddress":"0x43cb9f6ddf5b313aec35f013800345cc895d4f22","poolType":"CURVE_SNG"}	{"ptAdminBalance": "0", "ibtAdminBalance": "0"}
{"blockNumber":23586507,"chainId":1,"poolAddress":"0xf4ae78cb16f1cd8c5b06843ca2f54ddd7cbad03c","poolType":"CURVE_SNG"}	{"ptAdminBalance": "11282448064405243", "ibtAdminBalance": "435237375189818329"}
{"blockNumber":23678128,"chainId":1,"poolAddress":"0xf4ae78cb16f1cd8c5b06843ca2f54ddd7cbad03c","poolType":"CURVE_SNG"}	{"ptAdminBalance": "11282448064405243", "ibtAdminBalance": "435237375189818329"}
{"blockNumber":23678135,"chainId":1,"poolAddress":"0xf4ae78cb16f1cd8c5b06843ca2f54ddd7cbad03c","poolType":"CURVE_SNG"}	{"ptAdminBalance": "11282448064405243", "ibtAdminBalance": "435237375189818329"}
{"blockNumber":23501042,"chainId":1,"poolAddress":"0xf4ae78cb16f1cd8c5b06843ca2f54ddd7cbad03c","poolType":"CURVE_SNG"}	{"ptAdminBalance": "11282448064405243", "ibtAdminBalance": "435237375189818329"}
{"blockNumber":23674654,"chainId":1,"poolAddress":"0x2fe6c0f3f8e7821bb3e2164247aa24e1fd77e9e3","poolType":"CURVE_SNG"}	{"ptAdminBalance": "0", "ibtAdminBalance": "0"}
{"blockNumber":23684610,"chainId":1,"poolAddress":"0xceb283be31a655a9c707a7bb5bb1edffc35491b0","poolType":"CURVE_SNG"}	{"ptAdminBalance": "0", "ibtAdminBalance": "0"}
{"blockNumber":23494647,"chainId":1,"poolAddress":"0xceb283be31a655a9c707a7bb5bb1edffc35491b0","poolType":"CURVE_SNG"}	{"ptAdminBalance": "0", "ibtAdminBalance": "0"}
{"blockNumber":23500114,"chainId":1,"poolAddress":"0xceb283be31a655a9c707a7bb5bb1edffc35491b0","poolType":"CURVE_SNG"}	{"ptAdminBalance": "0", "ibtAdminBalance": "0"}
{"blockNumber":23410150,"chainId":1,"poolAddress":"0xa95a5eb4f639ddc9cd0b431036eb2cc2d018c18c","poolType":"CURVE_SNG"}	{"ptAdminBalance": "369727162466843101", "ibtAdminBalance": "210220522356239003"}
{"blockNumber":23461902,"chainId":1,"poolAddress":"0xa95a5eb4f639ddc9cd0b431036eb2cc2d018c18c","poolType":"CURVE_SNG"}	{"ptAdminBalance": "369727162466843101", "ibtAdminBalance": "210220522356239003"}
{"blockNumber":23538855,"chainId":1,"poolAddress":"0xc1b8e361803deef2d40ce5ec19e2a98f4045608b","poolType":"CURVE_SNG"}	{"ptAdminBalance": "18579157592311544413", "ibtAdminBalance": "6692202791482961319"}
{"blockNumber":23424171,"chainId":1,"poolAddress":"0x9abc3e95235bdd560d62d22cfadc8a18f9515545","poolType":"CURVE_SNG"}	{"ptAdminBalance": "3218691830152141", "ibtAdminBalance": "0"}
{"blockNumber":23424225,"chainId":1,"poolAddress":"0x9abc3e95235bdd560d62d22cfadc8a18f9515545","poolType":"CURVE_SNG"}	{"ptAdminBalance": "3218691830152141", "ibtAdminBalance": "0"}
{"blockNumber":23455294,"chainId":1,"poolAddress":"0xfda98290209f6747fb24078cef8d3088b0c2801f","poolType":"CURVE_SNG"}	{"ptAdminBalance": "0", "ibtAdminBalance": "1448557162588983"}
{"blockNumber":23455327,"chainId":1,"poolAddress":"0xfda98290209f6747fb24078cef8d3088b0c2801f","poolType":"CURVE_SNG"}	{"ptAdminBalance": "0", "ibtAdminBalance": "1448557162588983"}
{"blockNumber":23484227,"chainId":1,"poolAddress":"0xfda98290209f6747fb24078cef8d3088b0c2801f","poolType":"CURVE_SNG"}	{"ptAdminBalance": "0", "ibtAdminBalance": "1448557162588983"}
{"blockNumber":23486548,"chainId":1,"poolAddress":"0xfda98290209f6747fb24078cef8d3088b0c2801f","poolType":"CURVE_SNG"}	{"ptAdminBalance": "0", "ibtAdminBalance": "1448557162588983"}
{"blockNumber":23487112,"chainId":1,"poolAddress":"0xfda98290209f6747fb24078cef8d3088b0c2801f","poolType":"CURVE_SNG"}	{"ptAdminBalance": "0", "ibtAdminBalance": "1448557162588983"}
{"blockNumber":23487452,"chainId":1,"poolAddress":"0xfda98290209f6747fb24078cef8d3088b0c2801f","poolType":"CURVE_SNG"}	{"ptAdminBalance": "0", "ibtAdminBalance": "1448557162588983"}
{"blockNumber":23487465,"chainId":1,"poolAddress":"0xfda98290209f6747fb24078cef8d3088b0c2801f","poolType":"CURVE_SNG"}	{"ptAdminBalance": "0", "ibtAdminBalance": "1448557162588983"}
{"blockNumber":23487888,"chainId":1,"poolAddress":"0xfda98290209f6747fb24078cef8d3088b0c2801f","poolType":"CURVE_SNG"}	{"ptAdminBalance": "0", "ibtAdminBalance": "1448557162588983"}
{"blockNumber":23488225,"chainId":1,"poolAddress":"0xfda98290209f6747fb24078cef8d3088b0c2801f","poolType":"CURVE_SNG"}	{"ptAdminBalance": "0", "ibtAdminBalance": "1448557162588983"}
{"blockNumber":23490015,"chainId":1,"poolAddress":"0xfda98290209f6747fb24078cef8d3088b0c2801f","poolType":"CURVE_SNG"}	{"ptAdminBalance": "0", "ibtAdminBalance": "1448557162588983"}
{"blockNumber":23491355,"chainId":1,"poolAddress":"0xfda98290209f6747fb24078cef8d3088b0c2801f","poolType":"CURVE_SNG"}	{"ptAdminBalance": "0", "ibtAdminBalance": "1448557162588983"}
{"blockNumber":23492823,"chainId":1,"poolAddress":"0xfda98290209f6747fb24078cef8d3088b0c2801f","poolType":"CURVE_SNG"}	{"ptAdminBalance": "0", "ibtAdminBalance": "1448557162588983"}
{"blockNumber":23494438,"chainId":1,"poolAddress":"0xfda98290209f6747fb24078cef8d3088b0c2801f","poolType":"CURVE_SNG"}	{"ptAdminBalance": "0", "ibtAdminBalance": "1448557162588983"}
{"blockNumber":23494515,"chainId":1,"poolAddress":"0xfda98290209f6747fb24078cef8d3088b0c2801f","poolType":"CURVE_SNG"}	{"ptAdminBalance": "0", "ibtAdminBalance": "1448557162588983"}
{"blockNumber":23501922,"chainId":1,"poolAddress":"0xfda98290209f6747fb24078cef8d3088b0c2801f","poolType":"CURVE_SNG"}	{"ptAdminBalance": "0", "ibtAdminBalance": "1448557162588983"}
{"blockNumber":23503116,"chainId":1,"poolAddress":"0xfda98290209f6747fb24078cef8d3088b0c2801f","poolType":"CURVE_SNG"}	{"ptAdminBalance": "0", "ibtAdminBalance": "1448557162588983"}
{"blockNumber":23503126,"chainId":1,"poolAddress":"0xfda98290209f6747fb24078cef8d3088b0c2801f","poolType":"CURVE_SNG"}	{"ptAdminBalance": "0", "ibtAdminBalance": "1448557162588983"}
{"blockNumber":23511729,"chainId":1,"poolAddress":"0xfda98290209f6747fb24078cef8d3088b0c2801f","poolType":"CURVE_SNG"}	{"ptAdminBalance": "0", "ibtAdminBalance": "1448557162588983"}
{"blockNumber":23519752,"chainId":1,"poolAddress":"0xfda98290209f6747fb24078cef8d3088b0c2801f","poolType":"CURVE_SNG"}	{"ptAdminBalance": "0", "ibtAdminBalance": "1448557162588983"}
{"blockNumber":23526869,"chainId":1,"poolAddress":"0xfda98290209f6747fb24078cef8d3088b0c2801f","poolType":"CURVE_SNG"}	{"ptAdminBalance": "0", "ibtAdminBalance": "1448557162588983"}
{"blockNumber":23532294,"chainId":1,"poolAddress":"0xfda98290209f6747fb24078cef8d3088b0c2801f","poolType":"CURVE_SNG"}	{"ptAdminBalance": "0", "ibtAdminBalance": "1448557162588983"}
{"blockNumber":23544110,"chainId":1,"poolAddress":"0xfda98290209f6747fb24078cef8d3088b0c2801f","poolType":"CURVE_SNG"}	{"ptAdminBalance": "0", "ibtAdminBalance": "1448557162588983"}
{"blockNumber":23544244,"chainId":1,"poolAddress":"0xfda98290209f6747fb24078cef8d3088b0c2801f","poolType":"CURVE_SNG"}	{"ptAdminBalance": "0", "ibtAdminBalance": "1448557162588983"}
{"blockNumber":23553099,"chainId":1,"poolAddress":"0xfda98290209f6747fb24078cef8d3088b0c2801f","poolType":"CURVE_SNG"}	{"ptAdminBalance": "0", "ibtAdminBalance": "1448557162588983"}
{"blockNumber":23558238,"chainId":1,"poolAddress":"0xfda98290209f6747fb24078cef8d3088b0c2801f","poolType":"CURVE_SNG"}	{"ptAdminBalance": "0", "ibtAdminBalance": "1448557162588983"}
{"blockNumber":23559772,"chainId":1,"poolAddress":"0xfda98290209f6747fb24078cef8d3088b0c2801f","poolType":"CURVE_SNG"}	{"ptAdminBalance": "0", "ibtAdminBalance": "1448557162588983"}
{"blockNumber":23559786,"chainId":1,"poolAddress":"0xfda98290209f6747fb24078cef8d3088b0c2801f","poolType":"CURVE_SNG"}	{"ptAdminBalance": "0", "ibtAdminBalance": "1448557162588983"}
{"blockNumber":23572866,"chainId":1,"poolAddress":"0xfda98290209f6747fb24078cef8d3088b0c2801f","poolType":"CURVE_SNG"}	{"ptAdminBalance": "0", "ibtAdminBalance": "1448557162588983"}
{"blockNumber":23576521,"chainId":1,"poolAddress":"0xfda98290209f6747fb24078cef8d3088b0c2801f","poolType":"CURVE_SNG"}	{"ptAdminBalance": "0", "ibtAdminBalance": "1448557162588983"}
{"blockNumber":23589723,"chainId":1,"poolAddress":"0x8ee494461b402abf3b26cbcb87030847fcbf6183","poolType":"CURVE_SNG"}	{"ptAdminBalance": "0", "ibtAdminBalance": "0"}
{"blockNumber":23599990,"chainId":1,"poolAddress":"0xfda98290209f6747fb24078cef8d3088b0c2801f","poolType":"CURVE_SNG"}	{"ptAdminBalance": "0", "ibtAdminBalance": "1448557162588983"}
{"blockNumber":23600007,"chainId":1,"poolAddress":"0xfda98290209f6747fb24078cef8d3088b0c2801f","poolType":"CURVE_SNG"}	{"ptAdminBalance": "0", "ibtAdminBalance": "1448557162588983"}
{"blockNumber":23627801,"chainId":1,"poolAddress":"0xfda98290209f6747fb24078cef8d3088b0c2801f","poolType":"CURVE_SNG"}	{"ptAdminBalance": "0", "ibtAdminBalance": "1448557162588983"}
{"blockNumber":23638347,"chainId":1,"poolAddress":"0xfda98290209f6747fb24078cef8d3088b0c2801f","poolType":"CURVE_SNG"}	{"ptAdminBalance": "0", "ibtAdminBalance": "1448557162588983"}
{"blockNumber":23685487,"chainId":1,"poolAddress":"0xfda98290209f6747fb24078cef8d3088b0c2801f","poolType":"CURVE_SNG"}	{"ptAdminBalance": "0", "ibtAdminBalance": "1448557162588983"}
{"blockNumber":23691146,"chainId":1,"poolAddress":"0xfda98290209f6747fb24078cef8d3088b0c2801f","poolType":"CURVE_SNG"}	{"ptAdminBalance": "0", "ibtAdminBalance": "1448557162588983"}
{"blockNumber":23691161,"chainId":1,"poolAddress":"0xfda98290209f6747fb24078cef8d3088b0c2801f","poolType":"CURVE_SNG"}	{"ptAdminBalance": "0", "ibtAdminBalance": "1448557162588983"}
{"blockNumber":23691202,"chainId":1,"poolAddress":"0xfda98290209f6747fb24078cef8d3088b0c2801f","poolType":"CURVE_SNG"}	{"ptAdminBalance": "0", "ibtAdminBalance": "1448557162588983"}
{"blockNumber":23691343,"chainId":1,"poolAddress":"0xfda98290209f6747fb24078cef8d3088b0c2801f","poolType":"CURVE_SNG"}	{"ptAdminBalance": "0", "ibtAdminBalance": "1448557162588983"}
{"blockNumber":23746761,"chainId":1,"poolAddress":"0xfda98290209f6747fb24078cef8d3088b0c2801f","poolType":"CURVE_SNG"}	{"ptAdminBalance": "0", "ibtAdminBalance": "1448557162588983"}
{"blockNumber":23818215,"chainId":1,"poolAddress":"0x2fe6c0f3f8e7821bb3e2164247aa24e1fd77e9e3","poolType":"CURVE_SNG"}	{"ptAdminBalance": "0", "ibtAdminBalance": "0"}
{"blockNumber":23811784,"chainId":1,"poolAddress":"0xdcb8c27adee3d9b83a01cd40a3c572746a641319","poolType":"CURVE_SNG"}	{"ptAdminBalance": "21711659748489368459", "ibtAdminBalance": "15489511323282195856"}
{"blockNumber":23933137,"chainId":1,"poolAddress":"0x2fe6c0f3f8e7821bb3e2164247aa24e1fd77e9e3","poolType":"CURVE_SNG"}	{"ptAdminBalance": "0", "ibtAdminBalance": "0"}
{"blockNumber":23753668,"chainId":1,"poolAddress":"0xdcb8c27adee3d9b83a01cd40a3c572746a641319","poolType":"CURVE_SNG"}	{"ptAdminBalance": "21711659748489368459", "ibtAdminBalance": "15489511323282195856"}
{"blockNumber":23753691,"chainId":1,"poolAddress":"0xdcb8c27adee3d9b83a01cd40a3c572746a641319","poolType":"CURVE_SNG"}	{"ptAdminBalance": "21711659748489368459", "ibtAdminBalance": "15489511323282195856"}
{"blockNumber":23946838,"chainId":1,"poolAddress":"0xbbb7e0cb9720aa32a28aa075c310bbe746258186","poolType":"CURVE_SNG"}	{"ptAdminBalance": "0", "ibtAdminBalance": "473285186870"}
{"blockNumber":23962151,"chainId":1,"poolAddress":"0xbbb7e0cb9720aa32a28aa075c310bbe746258186","poolType":"CURVE_SNG"}	{"ptAdminBalance": "0", "ibtAdminBalance": "473285186870"}
{"blockNumber":23734697,"chainId":1,"poolAddress":"0xfda98290209f6747fb24078cef8d3088b0c2801f","poolType":"CURVE_SNG"}	{"ptAdminBalance": "0", "ibtAdminBalance": "1448557162588983"}
{"blockNumber":23946262,"chainId":1,"poolAddress":"0xfda98290209f6747fb24078cef8d3088b0c2801f","poolType":"CURVE_SNG"}	{"ptAdminBalance": "0", "ibtAdminBalance": "1448557162588983"}
{"blockNumber":24019758,"chainId":1,"poolAddress":"0xfda98290209f6747fb24078cef8d3088b0c2801f","poolType":"CURVE_SNG"}	{"ptAdminBalance": "0", "ibtAdminBalance": "1448557162588983"}
{"blockNumber":23693146,"chainId":1,"poolAddress":"0x4619a871112c443658a505941532bb7df60b06b2","poolType":"CURVE_SNG"}	{"ptAdminBalance": "0", "ibtAdminBalance": "0"}
{"blockNumber":23696241,"chainId":1,"poolAddress":"0xceb283be31a655a9c707a7bb5bb1edffc35491b0","poolType":"CURVE_SNG"}	{"ptAdminBalance": "0", "ibtAdminBalance": "0"}
{"blockNumber":23696302,"chainId":1,"poolAddress":"0xceb283be31a655a9c707a7bb5bb1edffc35491b0","poolType":"CURVE_SNG"}	{"ptAdminBalance": "0", "ibtAdminBalance": "0"}
{"blockNumber":24019465,"chainId":1,"poolAddress":"0xceb283be31a655a9c707a7bb5bb1edffc35491b0","poolType":"CURVE_SNG"}	{"ptAdminBalance": "0", "ibtAdminBalance": "0"}
{"blockNumber":23876376,"chainId":1,"poolAddress":"0x2fe6c0f3f8e7821bb3e2164247aa24e1fd77e9e3","poolType":"CURVE_SNG"}	{"ptAdminBalance": "0", "ibtAdminBalance": "0"}
{"blockNumber":23940933,"chainId":1,"poolAddress":"0x2fe6c0f3f8e7821bb3e2164247aa24e1fd77e9e3","poolType":"CURVE_SNG"}	{"ptAdminBalance": "0", "ibtAdminBalance": "0"}
{"blockNumber":24032234,"chainId":1,"poolAddress":"0xcbe13315809acf6d7b92472fcb9546655b874ee7","poolType":"CURVE_SNG"}	{"ptAdminBalance": "0", "ibtAdminBalance": "0"}
{"blockNumber":23796113,"chainId":1,"poolAddress":"0xcbe13315809acf6d7b92472fcb9546655b874ee7","poolType":"CURVE_SNG"}	{"ptAdminBalance": "0", "ibtAdminBalance": "0"}
{"blockNumber":23834101,"chainId":1,"poolAddress":"0xcbe13315809acf6d7b92472fcb9546655b874ee7","poolType":"CURVE_SNG"}	{"ptAdminBalance": "0", "ibtAdminBalance": "0"}
{"blockNumber":23836755,"chainId":1,"poolAddress":"0xcbe13315809acf6d7b92472fcb9546655b874ee7","poolType":"CURVE_SNG"}	{"ptAdminBalance": "0", "ibtAdminBalance": "0"}
{"blockNumber":23837980,"chainId":1,"poolAddress":"0xcbe13315809acf6d7b92472fcb9546655b874ee7","poolType":"CURVE_SNG"}	{"ptAdminBalance": "0", "ibtAdminBalance": "0"}
{"blockNumber":23850113,"chainId":1,"poolAddress":"0xcbe13315809acf6d7b92472fcb9546655b874ee7","poolType":"CURVE_SNG"}	{"ptAdminBalance": "0", "ibtAdminBalance": "0"}
{"blockNumber":23874816,"chainId":1,"poolAddress":"0xcbe13315809acf6d7b92472fcb9546655b874ee7","poolType":"CURVE_SNG"}	{"ptAdminBalance": "0", "ibtAdminBalance": "0"}
{"blockNumber":23875767,"chainId":1,"poolAddress":"0xcbe13315809acf6d7b92472fcb9546655b874ee7","poolType":"CURVE_SNG"}	{"ptAdminBalance": "0", "ibtAdminBalance": "0"}
{"blockNumber":23894620,"chainId":1,"poolAddress":"0xcbe13315809acf6d7b92472fcb9546655b874ee7","poolType":"CURVE_SNG"}	{"ptAdminBalance": "0", "ibtAdminBalance": "0"}
{"blockNumber":23917099,"chainId":1,"poolAddress":"0xcbe13315809acf6d7b92472fcb9546655b874ee7","poolType":"CURVE_SNG"}	{"ptAdminBalance": "0", "ibtAdminBalance": "0"}
{"blockNumber":23918046,"chainId":1,"poolAddress":"0xcbe13315809acf6d7b92472fcb9546655b874ee7","poolType":"CURVE_SNG"}	{"ptAdminBalance": "0", "ibtAdminBalance": "0"}
{"blockNumber":23923882,"chainId":1,"poolAddress":"0xcbe13315809acf6d7b92472fcb9546655b874ee7","poolType":"CURVE_SNG"}	{"ptAdminBalance": "0", "ibtAdminBalance": "0"}
{"blockNumber":23929983,"chainId":1,"poolAddress":"0xcbe13315809acf6d7b92472fcb9546655b874ee7","poolType":"CURVE_SNG"}	{"ptAdminBalance": "0", "ibtAdminBalance": "0"}
{"blockNumber":23696349,"chainId":1,"poolAddress":"0x43cb9f6ddf5b313aec35f013800345cc895d4f22","poolType":"CURVE_SNG"}	{"ptAdminBalance": "0", "ibtAdminBalance": "0"}
{"blockNumber":23740073,"chainId":1,"poolAddress":"0x43cb9f6ddf5b313aec35f013800345cc895d4f22","poolType":"CURVE_SNG"}	{"ptAdminBalance": "0", "ibtAdminBalance": "0"}
{"blockNumber":24033438,"chainId":1,"poolAddress":"0xe48c3a1389be663f0e6f96ac1b90c10ee8b1b1ec","poolType":"CURVE_SNG"}	{"ptAdminBalance": "0", "ibtAdminBalance": "0"}
{"blockNumber":23749294,"chainId":1,"poolAddress":"0xe48c3a1389be663f0e6f96ac1b90c10ee8b1b1ec","poolType":"CURVE_SNG"}	{"ptAdminBalance": "0", "ibtAdminBalance": "0"}
{"blockNumber":23855447,"chainId":1,"poolAddress":"0xe48c3a1389be663f0e6f96ac1b90c10ee8b1b1ec","poolType":"CURVE_SNG"}	{"ptAdminBalance": "0", "ibtAdminBalance": "0"}
{"blockNumber":23967147,"chainId":1,"poolAddress":"0xe48c3a1389be663f0e6f96ac1b90c10ee8b1b1ec","poolType":"CURVE_SNG"}	{"ptAdminBalance": "0", "ibtAdminBalance": "0"}
{"blockNumber":23782307,"chainId":1,"poolAddress":"0xc1b8e361803deef2d40ce5ec19e2a98f4045608b","poolType":"CURVE_SNG"}	{"ptAdminBalance": "18579157592311544413", "ibtAdminBalance": "6692202791482961319"}
{"blockNumber":23746149,"chainId":1,"poolAddress":"0xac3f886b4f965d6d3510e1093769f3860f98e8f0","poolType":"CURVE_SNG"}	{"ptAdminBalance": "0", "ibtAdminBalance": "0"}
{"blockNumber":23746162,"chainId":1,"poolAddress":"0xac3f886b4f965d6d3510e1093769f3860f98e8f0","poolType":"CURVE_SNG"}	{"ptAdminBalance": "0", "ibtAdminBalance": "0"}
{"blockNumber":23746182,"chainId":1,"poolAddress":"0xac3f886b4f965d6d3510e1093769f3860f98e8f0","poolType":"CURVE_SNG"}	{"ptAdminBalance": "0", "ibtAdminBalance": "0"}
{"blockNumber":23946275,"chainId":1,"poolAddress":"0xac3f886b4f965d6d3510e1093769f3860f98e8f0","poolType":"CURVE_SNG"}	{"ptAdminBalance": "0", "ibtAdminBalance": "0"}
{"blockNumber":23955375,"chainId":1,"poolAddress":"0xac3f886b4f965d6d3510e1093769f3860f98e8f0","poolType":"CURVE_SNG"}	{"ptAdminBalance": "0", "ibtAdminBalance": "0"}
{"blockNumber":23729195,"chainId":1,"poolAddress":"0x593a8a7c12d8111e12945ff167389662a02b5ece","poolType":"CURVE_SNG"}	{"ptAdminBalance": "0", "ibtAdminBalance": "0"}
{"blockNumber":23764317,"chainId":1,"poolAddress":"0x593a8a7c12d8111e12945ff167389662a02b5ece","poolType":"CURVE_SNG"}	{"ptAdminBalance": "0", "ibtAdminBalance": "0"}
{"blockNumber":23835080,"chainId":1,"poolAddress":"0x593a8a7c12d8111e12945ff167389662a02b5ece","poolType":"CURVE_SNG"}	{"ptAdminBalance": "0", "ibtAdminBalance": "0"}
{"blockNumber":23901898,"chainId":1,"poolAddress":"0x593a8a7c12d8111e12945ff167389662a02b5ece","poolType":"CURVE_SNG"}	{"ptAdminBalance": "0", "ibtAdminBalance": "0"}
{"blockNumber":23929409,"chainId":1,"poolAddress":"0x593a8a7c12d8111e12945ff167389662a02b5ece","poolType":"CURVE_SNG"}	{"ptAdminBalance": "0", "ibtAdminBalance": "0"}
{"blockNumber":23982083,"chainId":1,"poolAddress":"0x593a8a7c12d8111e12945ff167389662a02b5ece","poolType":"CURVE_SNG"}	{"ptAdminBalance": "0", "ibtAdminBalance": "0"}
{"blockNumber":23976149,"chainId":1,"poolAddress":"0x593a8a7c12d8111e12945ff167389662a02b5ece","poolType":"CURVE_SNG"}	{"ptAdminBalance": "0", "ibtAdminBalance": "0"}
{"blockNumber":23981643,"chainId":1,"poolAddress":"0x593a8a7c12d8111e12945ff167389662a02b5ece","poolType":"CURVE_SNG"}	{"ptAdminBalance": "0", "ibtAdminBalance": "0"}
{"blockNumber":23982052,"chainId":1,"poolAddress":"0x593a8a7c12d8111e12945ff167389662a02b5ece","poolType":"CURVE_SNG"}	{"ptAdminBalance": "0", "ibtAdminBalance": "0"}
{"blockNumber":23985981,"chainId":1,"poolAddress":"0x593a8a7c12d8111e12945ff167389662a02b5ece","poolType":"CURVE_SNG"}	{"ptAdminBalance": "0", "ibtAdminBalance": "0"}
{"blockNumber":23988123,"chainId":1,"poolAddress":"0x593a8a7c12d8111e12945ff167389662a02b5ece","poolType":"CURVE_SNG"}	{"ptAdminBalance": "0", "ibtAdminBalance": "0"}
{"blockNumber":23991578,"chainId":1,"poolAddress":"0x593a8a7c12d8111e12945ff167389662a02b5ece","poolType":"CURVE_SNG"}	{"ptAdminBalance": "0", "ibtAdminBalance": "0"}
{"blockNumber":23993241,"chainId":1,"poolAddress":"0x593a8a7c12d8111e12945ff167389662a02b5ece","poolType":"CURVE_SNG"}	{"ptAdminBalance": "0", "ibtAdminBalance": "0"}
{"blockNumber":23999768,"chainId":1,"poolAddress":"0x593a8a7c12d8111e12945ff167389662a02b5ece","poolType":"CURVE_SNG"}	{"ptAdminBalance": "0", "ibtAdminBalance": "0"}
{"blockNumber":24001557,"chainId":1,"poolAddress":"0x593a8a7c12d8111e12945ff167389662a02b5ece","poolType":"CURVE_SNG"}	{"ptAdminBalance": "0", "ibtAdminBalance": "0"}
{"blockNumber":24002082,"chainId":1,"poolAddress":"0x593a8a7c12d8111e12945ff167389662a02b5ece","poolType":"CURVE_SNG"}	{"ptAdminBalance": "0", "ibtAdminBalance": "0"}
{"blockNumber":24002455,"chainId":1,"poolAddress":"0x593a8a7c12d8111e12945ff167389662a02b5ece","poolType":"CURVE_SNG"}	{"ptAdminBalance": "0", "ibtAdminBalance": "0"}
{"blockNumber":24003045,"chainId":1,"poolAddress":"0x593a8a7c12d8111e12945ff167389662a02b5ece","poolType":"CURVE_SNG"}	{"ptAdminBalance": "0", "ibtAdminBalance": "0"}
{"blockNumber":24011531,"chainId":1,"poolAddress":"0x593a8a7c12d8111e12945ff167389662a02b5ece","poolType":"CURVE_SNG"}	{"ptAdminBalance": "0", "ibtAdminBalance": "0"}
{"blockNumber":24013116,"chainId":1,"poolAddress":"0x593a8a7c12d8111e12945ff167389662a02b5ece","poolType":"CURVE_SNG"}	{"ptAdminBalance": "0", "ibtAdminBalance": "0"}
{"blockNumber":24038182,"chainId":1,"poolAddress":"0x593a8a7c12d8111e12945ff167389662a02b5ece","poolType":"CURVE_SNG"}	{"ptAdminBalance": "0", "ibtAdminBalance": "0"}
{"blockNumber":23714797,"chainId":1,"poolAddress":"0x6e7f0c234582b9421e4c9bc4ab3542016cd23301","poolType":"CURVE_SNG"}	{"ptAdminBalance": "0", "ibtAdminBalance": "0"}
{"blockNumber":24019455,"chainId":1,"poolAddress":"0xd31fac73411da2c19aab7cd5d71f22d5c54e748a","poolType":"CURVE_SNG"}	{"ptAdminBalance": "71414929144229130", "ibtAdminBalance": "0"}
{"blockNumber":23734615,"chainId":1,"poolAddress":"0x586032790165ec0b0562d2fd02055e6b2e729409","poolType":"CURVE_SNG"}	{"ptAdminBalance": "15433179790061961546", "ibtAdminBalance": "8889108183928142737"}
{"blockNumber":23748192,"chainId":1,"poolAddress":"0xba03b286fc03ee1f403f02ead4788c298c38cd4e","poolType":"CURVE_SNG"}	{"ptAdminBalance": "0", "ibtAdminBalance": "0"}
{"blockNumber":24019561,"chainId":1,"poolAddress":"0x0c15c823c614c77f09ef90d35a71b6616070a22a","poolType":"CURVE_SNG"}	{"ptAdminBalance": "0", "ibtAdminBalance": "0"}
{"blockNumber":24031276,"chainId":1,"poolAddress":"0xe7898c8342244e834c55134d2bd8255108e3c961","poolType":"CURVE_SNG"}	{"ptAdminBalance": "26577128", "ibtAdminBalance": "26834165"}
{"blockNumber":23874327,"chainId":1,"poolAddress":"0xbbb7e0cb9720aa32a28aa075c310bbe746258186","poolType":"CURVE_SNG"}	{"ptAdminBalance": "0", "ibtAdminBalance": "473285186870"}
{"blockNumber":23819789,"chainId":1,"poolAddress":"0xd7d9bcafff98308d447a3985c6fedd84dbdea34b","poolType":"CURVE_SNG"}	{"ptAdminBalance": "42960791171858997433", "ibtAdminBalance": "39267450782546002338"}
{"blockNumber":23692124,"chainId":1,"poolAddress":"0x586032790165ec0b0562d2fd02055e6b2e729409","poolType":"CURVE_SNG"}	{"ptAdminBalance": "15433179790061961546", "ibtAdminBalance": "8889108183928142737"}
{"blockNumber":23693069,"chainId":1,"poolAddress":"0x586032790165ec0b0562d2fd02055e6b2e729409","poolType":"CURVE_SNG"}	{"ptAdminBalance": "15433179790061961546", "ibtAdminBalance": "8889108183928142737"}
{"blockNumber":23716975,"chainId":1,"poolAddress":"0x586032790165ec0b0562d2fd02055e6b2e729409","poolType":"CURVE_SNG"}	{"ptAdminBalance": "15433179790061961546", "ibtAdminBalance": "8889108183928142737"}
{"blockNumber":23737346,"chainId":1,"poolAddress":"0xf4ae78cb16f1cd8c5b06843ca2f54ddd7cbad03c","poolType":"CURVE_SNG"}	{"ptAdminBalance": "11282448064405243", "ibtAdminBalance": "435237375189818329"}
{"blockNumber":23915448,"chainId":1,"poolAddress":"0x593a8a7c12d8111e12945ff167389662a02b5ece","poolType":"CURVE_SNG"}	{"ptAdminBalance": "0", "ibtAdminBalance": "0"}
{"blockNumber":23977831,"chainId":1,"poolAddress":"0x593a8a7c12d8111e12945ff167389662a02b5ece","poolType":"CURVE_SNG"}	{"ptAdminBalance": "0", "ibtAdminBalance": "0"}
{"blockNumber":23792883,"chainId":1,"poolAddress":"0xcbe13315809acf6d7b92472fcb9546655b874ee7","poolType":"CURVE_SNG"}	{"ptAdminBalance": "0", "ibtAdminBalance": "0"}
{"blockNumber":23692723,"chainId":1,"poolAddress":"0xfda98290209f6747fb24078cef8d3088b0c2801f","poolType":"CURVE_SNG"}	{"ptAdminBalance": "0", "ibtAdminBalance": "1448557162588983"}
{"blockNumber":23873052,"chainId":1,"poolAddress":"0xac3f886b4f965d6d3510e1093769f3860f98e8f0","poolType":"CURVE_SNG"}	{"ptAdminBalance": "0", "ibtAdminBalance": "0"}
{"blockNumber":23825507,"chainId":1,"poolAddress":"0xf4ae78cb16f1cd8c5b06843ca2f54ddd7cbad03c","poolType":"CURVE_SNG"}	{"ptAdminBalance": "11282448064405243", "ibtAdminBalance": "435237375189818329"}
{"blockNumber":23825513,"chainId":1,"poolAddress":"0xf4ae78cb16f1cd8c5b06843ca2f54ddd7cbad03c","poolType":"CURVE_SNG"}	{"ptAdminBalance": "11282448064405243", "ibtAdminBalance": "435237375189818329"}
{"blockNumber":23835167,"chainId":1,"poolAddress":"0xf4ae78cb16f1cd8c5b06843ca2f54ddd7cbad03c","poolType":"CURVE_SNG"}	{"ptAdminBalance": "11282448064405243", "ibtAdminBalance": "435237375189818329"}
{"blockNumber":23764766,"chainId":1,"poolAddress":"0xd7d9bcafff98308d447a3985c6fedd84dbdea34b","poolType":"CURVE_SNG"}	{"ptAdminBalance": "42960791171858997433", "ibtAdminBalance": "39267450782546002338"}
{"blockNumber":23920054,"chainId":1,"poolAddress":"0xd7d9bcafff98308d447a3985c6fedd84dbdea34b","poolType":"CURVE_SNG"}	{"ptAdminBalance": "42960791171858997433", "ibtAdminBalance": "39267450782546002338"}
{"blockNumber":23796024,"chainId":1,"poolAddress":"0xdcb8c27adee3d9b83a01cd40a3c572746a641319","poolType":"CURVE_SNG"}	{"ptAdminBalance": "21711659748489368459", "ibtAdminBalance": "15489511323282195856"}
{"blockNumber":23946886,"chainId":1,"poolAddress":"0xbbb7e0cb9720aa32a28aa075c310bbe746258186","poolType":"CURVE_SNG"}	{"ptAdminBalance": "0", "ibtAdminBalance": "473285186870"}
{"blockNumber":23962165,"chainId":1,"poolAddress":"0xbbb7e0cb9720aa32a28aa075c310bbe746258186","poolType":"CURVE_SNG"}	{"ptAdminBalance": "0", "ibtAdminBalance": "473285186870"}
{"blockNumber":23824513,"chainId":1,"poolAddress":"0xbbb7e0cb9720aa32a28aa075c310bbe746258186","poolType":"CURVE_SNG"}	{"ptAdminBalance": "0", "ibtAdminBalance": "473285186870"}
{"blockNumber":24015548,"chainId":1,"poolAddress":"0xbbb7e0cb9720aa32a28aa075c310bbe746258186","poolType":"CURVE_SNG"}	{"ptAdminBalance": "0", "ibtAdminBalance": "473285186870"}
{"blockNumber":23776757,"chainId":1,"poolAddress":"0xfda98290209f6747fb24078cef8d3088b0c2801f","poolType":"CURVE_SNG"}	{"ptAdminBalance": "0", "ibtAdminBalance": "1448557162588983"}
{"blockNumber":24029754,"chainId":1,"poolAddress":"0xfda98290209f6747fb24078cef8d3088b0c2801f","poolType":"CURVE_SNG"}	{"ptAdminBalance": "0", "ibtAdminBalance": "1448557162588983"}
{"blockNumber":23697115,"chainId":1,"poolAddress":"0xe48c3a1389be663f0e6f96ac1b90c10ee8b1b1ec","poolType":"CURVE_SNG"}	{"ptAdminBalance": "0", "ibtAdminBalance": "0"}
{"blockNumber":23700638,"chainId":1,"poolAddress":"0xe48c3a1389be663f0e6f96ac1b90c10ee8b1b1ec","poolType":"CURVE_SNG"}	{"ptAdminBalance": "0", "ibtAdminBalance": "0"}
{"blockNumber":23751062,"chainId":1,"poolAddress":"0xdcb8c27adee3d9b83a01cd40a3c572746a641319","poolType":"CURVE_SNG"}	{"ptAdminBalance": "21711659748489368459", "ibtAdminBalance": "15489511323282195856"}
{"blockNumber":23784191,"chainId":1,"poolAddress":"0xdcb8c27adee3d9b83a01cd40a3c572746a641319","poolType":"CURVE_SNG"}	{"ptAdminBalance": "21711659748489368459", "ibtAdminBalance": "15489511323282195856"}
{"blockNumber":23763835,"chainId":1,"poolAddress":"0xdcb8c27adee3d9b83a01cd40a3c572746a641319","poolType":"CURVE_SNG"}	{"ptAdminBalance": "21711659748489368459", "ibtAdminBalance": "15489511323282195856"}
{"blockNumber":23796684,"chainId":1,"poolAddress":"0xdcb8c27adee3d9b83a01cd40a3c572746a641319","poolType":"CURVE_SNG"}	{"ptAdminBalance": "21711659748489368459", "ibtAdminBalance": "15489511323282195856"}
{"blockNumber":23787422,"chainId":1,"poolAddress":"0xdcb8c27adee3d9b83a01cd40a3c572746a641319","poolType":"CURVE_SNG"}	{"ptAdminBalance": "21711659748489368459", "ibtAdminBalance": "15489511323282195856"}
{"blockNumber":23819982,"chainId":1,"poolAddress":"0xdcb8c27adee3d9b83a01cd40a3c572746a641319","poolType":"CURVE_SNG"}	{"ptAdminBalance": "21711659748489368459", "ibtAdminBalance": "15489511323282195856"}
{"blockNumber":23836029,"chainId":1,"poolAddress":"0xdcb8c27adee3d9b83a01cd40a3c572746a641319","poolType":"CURVE_SNG"}	{"ptAdminBalance": "21711659748489368459", "ibtAdminBalance": "15489511323282195856"}
{"blockNumber":23796019,"chainId":1,"poolAddress":"0xd31fac73411da2c19aab7cd5d71f22d5c54e748a","poolType":"CURVE_SNG"}	{"ptAdminBalance": "71414929144229130", "ibtAdminBalance": "0"}
{"blockNumber":23840959,"chainId":1,"poolAddress":"0xd31fac73411da2c19aab7cd5d71f22d5c54e748a","poolType":"CURVE_SNG"}	{"ptAdminBalance": "71414929144229130", "ibtAdminBalance": "0"}
{"blockNumber":23993260,"chainId":1,"poolAddress":"0x593a8a7c12d8111e12945ff167389662a02b5ece","poolType":"CURVE_SNG"}	{"ptAdminBalance": "0", "ibtAdminBalance": "0"}
{"blockNumber":23981495,"chainId":1,"poolAddress":"0x593a8a7c12d8111e12945ff167389662a02b5ece","poolType":"CURVE_SNG"}	{"ptAdminBalance": "0", "ibtAdminBalance": "0"}
{"blockNumber":23982503,"chainId":1,"poolAddress":"0x593a8a7c12d8111e12945ff167389662a02b5ece","poolType":"CURVE_SNG"}	{"ptAdminBalance": "0", "ibtAdminBalance": "0"}
{"blockNumber":23997933,"chainId":1,"poolAddress":"0x593a8a7c12d8111e12945ff167389662a02b5ece","poolType":"CURVE_SNG"}	{"ptAdminBalance": "0", "ibtAdminBalance": "0"}
{"blockNumber":23974611,"chainId":1,"poolAddress":"0x593a8a7c12d8111e12945ff167389662a02b5ece","poolType":"CURVE_SNG"}	{"ptAdminBalance": "0", "ibtAdminBalance": "0"}
{"blockNumber":23981795,"chainId":1,"poolAddress":"0x8ee494461b402abf3b26cbcb87030847fcbf6183","poolType":"CURVE_SNG"}	{"ptAdminBalance": "0", "ibtAdminBalance": "0"}
{"blockNumber":23945384,"chainId":1,"poolAddress":"0xfda98290209f6747fb24078cef8d3088b0c2801f","poolType":"CURVE_SNG"}	{"ptAdminBalance": "0", "ibtAdminBalance": "1448557162588983"}
{"blockNumber":23885966,"chainId":1,"poolAddress":"0xfda98290209f6747fb24078cef8d3088b0c2801f","poolType":"CURVE_SNG"}	{"ptAdminBalance": "0", "ibtAdminBalance": "1448557162588983"}
{"blockNumber":23776483,"chainId":1,"poolAddress":"0xcbe13315809acf6d7b92472fcb9546655b874ee7","poolType":"CURVE_SNG"}	{"ptAdminBalance": "0", "ibtAdminBalance": "0"}
{"blockNumber":23735743,"chainId":1,"poolAddress":"0xcbe13315809acf6d7b92472fcb9546655b874ee7","poolType":"CURVE_SNG"}	{"ptAdminBalance": "0", "ibtAdminBalance": "0"}
{"blockNumber":23737789,"chainId":1,"poolAddress":"0xcbe13315809acf6d7b92472fcb9546655b874ee7","poolType":"CURVE_SNG"}	{"ptAdminBalance": "0", "ibtAdminBalance": "0"}
{"blockNumber":23744080,"chainId":1,"poolAddress":"0xcbe13315809acf6d7b92472fcb9546655b874ee7","poolType":"CURVE_SNG"}	{"ptAdminBalance": "0", "ibtAdminBalance": "0"}
{"blockNumber":23760835,"chainId":1,"poolAddress":"0xcbe13315809acf6d7b92472fcb9546655b874ee7","poolType":"CURVE_SNG"}	{"ptAdminBalance": "0", "ibtAdminBalance": "0"}
{"blockNumber":23808677,"chainId":1,"poolAddress":"0xcbe13315809acf6d7b92472fcb9546655b874ee7","poolType":"CURVE_SNG"}	{"ptAdminBalance": "0", "ibtAdminBalance": "0"}
{"blockNumber":23819089,"chainId":1,"poolAddress":"0xcbe13315809acf6d7b92472fcb9546655b874ee7","poolType":"CURVE_SNG"}	{"ptAdminBalance": "0", "ibtAdminBalance": "0"}
{"blockNumber":23834178,"chainId":1,"poolAddress":"0xcbe13315809acf6d7b92472fcb9546655b874ee7","poolType":"CURVE_SNG"}	{"ptAdminBalance": "0", "ibtAdminBalance": "0"}
{"blockNumber":23968084,"chainId":1,"poolAddress":"0xdcb8c27adee3d9b83a01cd40a3c572746a641319","poolType":"CURVE_SNG"}	{"ptAdminBalance": "21711659748489368459", "ibtAdminBalance": "15489511323282195856"}
{"blockNumber":24013277,"chainId":1,"poolAddress":"0xdcb8c27adee3d9b83a01cd40a3c572746a641319","poolType":"CURVE_SNG"}	{"ptAdminBalance": "21711659748489368459", "ibtAdminBalance": "15489511323282195856"}
{"blockNumber":23792566,"chainId":1,"poolAddress":"0xdcb8c27adee3d9b83a01cd40a3c572746a641319","poolType":"CURVE_SNG"}	{"ptAdminBalance": "21711659748489368459", "ibtAdminBalance": "15489511323282195856"}
{"blockNumber":23796282,"chainId":1,"poolAddress":"0xdcb8c27adee3d9b83a01cd40a3c572746a641319","poolType":"CURVE_SNG"}	{"ptAdminBalance": "21711659748489368459", "ibtAdminBalance": "15489511323282195856"}
{"blockNumber":23836316,"chainId":1,"poolAddress":"0xdcb8c27adee3d9b83a01cd40a3c572746a641319","poolType":"CURVE_SNG"}	{"ptAdminBalance": "21711659748489368459", "ibtAdminBalance": "15489511323282195856"}
{"blockNumber":23984962,"chainId":1,"poolAddress":"0xc1b8e361803deef2d40ce5ec19e2a98f4045608b","poolType":"CURVE_SNG"}	{"ptAdminBalance": "18579157592311544413", "ibtAdminBalance": "6692202791482961319"}
{"blockNumber":23996664,"chainId":1,"poolAddress":"0xc1b8e361803deef2d40ce5ec19e2a98f4045608b","poolType":"CURVE_SNG"}	{"ptAdminBalance": "18579157592311544413", "ibtAdminBalance": "6692202791482961319"}
{"blockNumber":23713013,"chainId":1,"poolAddress":"0xac3f886b4f965d6d3510e1093769f3860f98e8f0","poolType":"CURVE_SNG"}	{"ptAdminBalance": "0", "ibtAdminBalance": "0"}
{"blockNumber":23748264,"chainId":1,"poolAddress":"0xa95a5eb4f639ddc9cd0b431036eb2cc2d018c18c","poolType":"CURVE_SNG"}	{"ptAdminBalance": "369727162466843101", "ibtAdminBalance": "210220522356239003"}
{"blockNumber":23720190,"chainId":1,"poolAddress":"0x593a8a7c12d8111e12945ff167389662a02b5ece","poolType":"CURVE_SNG"}	{"ptAdminBalance": "0", "ibtAdminBalance": "0"}
{"blockNumber":23742352,"chainId":1,"poolAddress":"0x593a8a7c12d8111e12945ff167389662a02b5ece","poolType":"CURVE_SNG"}	{"ptAdminBalance": "0", "ibtAdminBalance": "0"}
{"blockNumber":23803090,"chainId":1,"poolAddress":"0x593a8a7c12d8111e12945ff167389662a02b5ece","poolType":"CURVE_SNG"}	{"ptAdminBalance": "0", "ibtAdminBalance": "0"}
{"blockNumber":23892677,"chainId":1,"poolAddress":"0x593a8a7c12d8111e12945ff167389662a02b5ece","poolType":"CURVE_SNG"}	{"ptAdminBalance": "0", "ibtAdminBalance": "0"}
{"blockNumber":23952596,"chainId":1,"poolAddress":"0x593a8a7c12d8111e12945ff167389662a02b5ece","poolType":"CURVE_SNG"}	{"ptAdminBalance": "0", "ibtAdminBalance": "0"}
{"blockNumber":23945465,"chainId":1,"poolAddress":"0x586032790165ec0b0562d2fd02055e6b2e729409","poolType":"CURVE_SNG"}	{"ptAdminBalance": "15433179790061961546", "ibtAdminBalance": "8889108183928142737"}
{"blockNumber":23843332,"chainId":1,"poolAddress":"0xd31fac73411da2c19aab7cd5d71f22d5c54e748a","poolType":"CURVE_SNG"}	{"ptAdminBalance": "71414929144229130", "ibtAdminBalance": "0"}
{"blockNumber":24037736,"chainId":1,"poolAddress":"0xd31fac73411da2c19aab7cd5d71f22d5c54e748a","poolType":"CURVE_SNG"}	{"ptAdminBalance": "71414929144229130", "ibtAdminBalance": "0"}
{"blockNumber":23891396,"chainId":1,"poolAddress":"0xe7898c8342244e834c55134d2bd8255108e3c961","poolType":"CURVE_SNG"}	{"ptAdminBalance": "26577128", "ibtAdminBalance": "26834165"}
{"blockNumber":23937600,"chainId":1,"poolAddress":"0xe7898c8342244e834c55134d2bd8255108e3c961","poolType":"CURVE_SNG"}	{"ptAdminBalance": "26577128", "ibtAdminBalance": "26834165"}
{"blockNumber":24034727,"chainId":1,"poolAddress":"0xe7898c8342244e834c55134d2bd8255108e3c961","poolType":"CURVE_SNG"}	{"ptAdminBalance": "26577128", "ibtAdminBalance": "26834165"}
{"blockNumber":23874337,"chainId":1,"poolAddress":"0xbbb7e0cb9720aa32a28aa075c310bbe746258186","poolType":"CURVE_SNG"}	{"ptAdminBalance": "0", "ibtAdminBalance": "473285186870"}
{"blockNumber":23985520,"chainId":1,"poolAddress":"0xd7d9bcafff98308d447a3985c6fedd84dbdea34b","poolType":"CURVE_SNG"}	{"ptAdminBalance": "42960791171858997433", "ibtAdminBalance": "39267450782546002338"}
{"blockNumber":23819854,"chainId":1,"poolAddress":"0xd7d9bcafff98308d447a3985c6fedd84dbdea34b","poolType":"CURVE_SNG"}	{"ptAdminBalance": "42960791171858997433", "ibtAdminBalance": "39267450782546002338"}
{"blockNumber":23946415,"chainId":1,"poolAddress":"0xfda98290209f6747fb24078cef8d3088b0c2801f","poolType":"CURVE_SNG"}	{"ptAdminBalance": "0", "ibtAdminBalance": "1448557162588983"}
{"blockNumber":23827229,"chainId":1,"poolAddress":"0xfda98290209f6747fb24078cef8d3088b0c2801f","poolType":"CURVE_SNG"}	{"ptAdminBalance": "0", "ibtAdminBalance": "1448557162588983"}
{"blockNumber":23709078,"chainId":1,"poolAddress":"0xcbe13315809acf6d7b92472fcb9546655b874ee7","poolType":"CURVE_SNG"}	{"ptAdminBalance": "0", "ibtAdminBalance": "0"}
{"blockNumber":23720916,"chainId":1,"poolAddress":"0xcbe13315809acf6d7b92472fcb9546655b874ee7","poolType":"CURVE_SNG"}	{"ptAdminBalance": "0", "ibtAdminBalance": "0"}
{"blockNumber":23723938,"chainId":1,"poolAddress":"0xcbe13315809acf6d7b92472fcb9546655b874ee7","poolType":"CURVE_SNG"}	{"ptAdminBalance": "0", "ibtAdminBalance": "0"}
{"blockNumber":23743452,"chainId":1,"poolAddress":"0xcbe13315809acf6d7b92472fcb9546655b874ee7","poolType":"CURVE_SNG"}	{"ptAdminBalance": "0", "ibtAdminBalance": "0"}
{"blockNumber":23796105,"chainId":1,"poolAddress":"0xcbe13315809acf6d7b92472fcb9546655b874ee7","poolType":"CURVE_SNG"}	{"ptAdminBalance": "0", "ibtAdminBalance": "0"}
{"blockNumber":23808823,"chainId":1,"poolAddress":"0xcbe13315809acf6d7b92472fcb9546655b874ee7","poolType":"CURVE_SNG"}	{"ptAdminBalance": "0", "ibtAdminBalance": "0"}
{"blockNumber":23808843,"chainId":1,"poolAddress":"0xcbe13315809acf6d7b92472fcb9546655b874ee7","poolType":"CURVE_SNG"}	{"ptAdminBalance": "0", "ibtAdminBalance": "0"}
{"blockNumber":23834112,"chainId":1,"poolAddress":"0xcbe13315809acf6d7b92472fcb9546655b874ee7","poolType":"CURVE_SNG"}	{"ptAdminBalance": "0", "ibtAdminBalance": "0"}
{"blockNumber":23834800,"chainId":1,"poolAddress":"0xcbe13315809acf6d7b92472fcb9546655b874ee7","poolType":"CURVE_SNG"}	{"ptAdminBalance": "0", "ibtAdminBalance": "0"}
{"blockNumber":23946360,"chainId":1,"poolAddress":"0xdcb8c27adee3d9b83a01cd40a3c572746a641319","poolType":"CURVE_SNG"}	{"ptAdminBalance": "21711659748489368459", "ibtAdminBalance": "15489511323282195856"}
{"blockNumber":23754047,"chainId":1,"poolAddress":"0xdcb8c27adee3d9b83a01cd40a3c572746a641319","poolType":"CURVE_SNG"}	{"ptAdminBalance": "21711659748489368459", "ibtAdminBalance": "15489511323282195856"}
{"blockNumber":23791645,"chainId":1,"poolAddress":"0xdcb8c27adee3d9b83a01cd40a3c572746a641319","poolType":"CURVE_SNG"}	{"ptAdminBalance": "21711659748489368459", "ibtAdminBalance": "15489511323282195856"}
{"blockNumber":23791678,"chainId":1,"poolAddress":"0xdcb8c27adee3d9b83a01cd40a3c572746a641319","poolType":"CURVE_SNG"}	{"ptAdminBalance": "21711659748489368459", "ibtAdminBalance": "15489511323282195856"}
{"blockNumber":23791746,"chainId":1,"poolAddress":"0xdcb8c27adee3d9b83a01cd40a3c572746a641319","poolType":"CURVE_SNG"}	{"ptAdminBalance": "21711659748489368459", "ibtAdminBalance": "15489511323282195856"}
{"blockNumber":23891476,"chainId":1,"poolAddress":"0xc1b8e361803deef2d40ce5ec19e2a98f4045608b","poolType":"CURVE_SNG"}	{"ptAdminBalance": "18579157592311544413", "ibtAdminBalance": "6692202791482961319"}
{"blockNumber":23731227,"chainId":1,"poolAddress":"0xa95a5eb4f639ddc9cd0b431036eb2cc2d018c18c","poolType":"CURVE_SNG"}	{"ptAdminBalance": "369727162466843101", "ibtAdminBalance": "210220522356239003"}
{"blockNumber":23714375,"chainId":1,"poolAddress":"0x593a8a7c12d8111e12945ff167389662a02b5ece","poolType":"CURVE_SNG"}	{"ptAdminBalance": "0", "ibtAdminBalance": "0"}
{"blockNumber":23729207,"chainId":1,"poolAddress":"0x593a8a7c12d8111e12945ff167389662a02b5ece","poolType":"CURVE_SNG"}	{"ptAdminBalance": "0", "ibtAdminBalance": "0"}
{"blockNumber":23826813,"chainId":1,"poolAddress":"0x593a8a7c12d8111e12945ff167389662a02b5ece","poolType":"CURVE_SNG"}	{"ptAdminBalance": "0", "ibtAdminBalance": "0"}
{"blockNumber":23739909,"chainId":1,"poolAddress":"0x593a8a7c12d8111e12945ff167389662a02b5ece","poolType":"CURVE_SNG"}	{"ptAdminBalance": "0", "ibtAdminBalance": "0"}
{"blockNumber":23739912,"chainId":1,"poolAddress":"0x593a8a7c12d8111e12945ff167389662a02b5ece","poolType":"CURVE_SNG"}	{"ptAdminBalance": "0", "ibtAdminBalance": "0"}
{"blockNumber":23740260,"chainId":1,"poolAddress":"0x593a8a7c12d8111e12945ff167389662a02b5ece","poolType":"CURVE_SNG"}	{"ptAdminBalance": "0", "ibtAdminBalance": "0"}
{"blockNumber":23782288,"chainId":1,"poolAddress":"0x593a8a7c12d8111e12945ff167389662a02b5ece","poolType":"CURVE_SNG"}	{"ptAdminBalance": "0", "ibtAdminBalance": "0"}
{"blockNumber":23761455,"chainId":1,"poolAddress":"0x593a8a7c12d8111e12945ff167389662a02b5ece","poolType":"CURVE_SNG"}	{"ptAdminBalance": "0", "ibtAdminBalance": "0"}
{"blockNumber":23789712,"chainId":1,"poolAddress":"0x593a8a7c12d8111e12945ff167389662a02b5ece","poolType":"CURVE_SNG"}	{"ptAdminBalance": "0", "ibtAdminBalance": "0"}
{"blockNumber":23801332,"chainId":1,"poolAddress":"0x593a8a7c12d8111e12945ff167389662a02b5ece","poolType":"CURVE_SNG"}	{"ptAdminBalance": "0", "ibtAdminBalance": "0"}
{"blockNumber":23801349,"chainId":1,"poolAddress":"0x593a8a7c12d8111e12945ff167389662a02b5ece","poolType":"CURVE_SNG"}	{"ptAdminBalance": "0", "ibtAdminBalance": "0"}
{"blockNumber":23801393,"chainId":1,"poolAddress":"0x593a8a7c12d8111e12945ff167389662a02b5ece","poolType":"CURVE_SNG"}	{"ptAdminBalance": "0", "ibtAdminBalance": "0"}
{"blockNumber":23835089,"chainId":1,"poolAddress":"0x593a8a7c12d8111e12945ff167389662a02b5ece","poolType":"CURVE_SNG"}	{"ptAdminBalance": "0", "ibtAdminBalance": "0"}
{"blockNumber":23867952,"chainId":1,"poolAddress":"0x593a8a7c12d8111e12945ff167389662a02b5ece","poolType":"CURVE_SNG"}	{"ptAdminBalance": "0", "ibtAdminBalance": "0"}
{"blockNumber":23872370,"chainId":1,"poolAddress":"0x593a8a7c12d8111e12945ff167389662a02b5ece","poolType":"CURVE_SNG"}	{"ptAdminBalance": "0", "ibtAdminBalance": "0"}
{"blockNumber":23901928,"chainId":1,"poolAddress":"0x593a8a7c12d8111e12945ff167389662a02b5ece","poolType":"CURVE_SNG"}	{"ptAdminBalance": "0", "ibtAdminBalance": "0"}
{"blockNumber":23901951,"chainId":1,"poolAddress":"0x593a8a7c12d8111e12945ff167389662a02b5ece","poolType":"CURVE_SNG"}	{"ptAdminBalance": "0", "ibtAdminBalance": "0"}
{"blockNumber":23929485,"chainId":1,"poolAddress":"0x593a8a7c12d8111e12945ff167389662a02b5ece","poolType":"CURVE_SNG"}	{"ptAdminBalance": "0", "ibtAdminBalance": "0"}
{"blockNumber":23977622,"chainId":1,"poolAddress":"0x593a8a7c12d8111e12945ff167389662a02b5ece","poolType":"CURVE_SNG"}	{"ptAdminBalance": "0", "ibtAdminBalance": "0"}
{"blockNumber":23734625,"chainId":1,"poolAddress":"0x586032790165ec0b0562d2fd02055e6b2e729409","poolType":"CURVE_SNG"}	{"ptAdminBalance": "15433179790061961546", "ibtAdminBalance": "8889108183928142737"}
{"blockNumber":23752525,"chainId":1,"poolAddress":"0xd31fac73411da2c19aab7cd5d71f22d5c54e748a","poolType":"CURVE_SNG"}	{"ptAdminBalance": "71414929144229130", "ibtAdminBalance": "0"}
{"blockNumber":23742755,"chainId":1,"poolAddress":"0xf4ae78cb16f1cd8c5b06843ca2f54ddd7cbad03c","poolType":"CURVE_SNG"}	{"ptAdminBalance": "11282448064405243", "ibtAdminBalance": "435237375189818329"}
{"blockNumber":23874357,"chainId":1,"poolAddress":"0xbbb7e0cb9720aa32a28aa075c310bbe746258186","poolType":"CURVE_SNG"}	{"ptAdminBalance": "0", "ibtAdminBalance": "473285186870"}
{"blockNumber":23788656,"chainId":1,"poolAddress":"0xd7d9bcafff98308d447a3985c6fedd84dbdea34b","poolType":"CURVE_SNG"}	{"ptAdminBalance": "42960791171858997433", "ibtAdminBalance": "39267450782546002338"}
{"blockNumber":23831583,"chainId":1,"poolAddress":"0xd7d9bcafff98308d447a3985c6fedd84dbdea34b","poolType":"CURVE_SNG"}	{"ptAdminBalance": "42960791171858997433", "ibtAdminBalance": "39267450782546002338"}
{"blockNumber":23768879,"chainId":1,"poolAddress":"0xfda98290209f6747fb24078cef8d3088b0c2801f","poolType":"CURVE_SNG"}	{"ptAdminBalance": "0", "ibtAdminBalance": "1448557162588983"}
{"blockNumber":23855331,"chainId":1,"poolAddress":"0xfda98290209f6747fb24078cef8d3088b0c2801f","poolType":"CURVE_SNG"}	{"ptAdminBalance": "0", "ibtAdminBalance": "1448557162588983"}
{"blockNumber":23863729,"chainId":1,"poolAddress":"0xfda98290209f6747fb24078cef8d3088b0c2801f","poolType":"CURVE_SNG"}	{"ptAdminBalance": "0", "ibtAdminBalance": "1448557162588983"}
{"blockNumber":23896215,"chainId":1,"poolAddress":"0xfda98290209f6747fb24078cef8d3088b0c2801f","poolType":"CURVE_SNG"}	{"ptAdminBalance": "0", "ibtAdminBalance": "1448557162588983"}
{"blockNumber":23927889,"chainId":1,"poolAddress":"0xfda98290209f6747fb24078cef8d3088b0c2801f","poolType":"CURVE_SNG"}	{"ptAdminBalance": "0", "ibtAdminBalance": "1448557162588983"}
{"blockNumber":23947618,"chainId":1,"poolAddress":"0xfda98290209f6747fb24078cef8d3088b0c2801f","poolType":"CURVE_SNG"}	{"ptAdminBalance": "0", "ibtAdminBalance": "1448557162588983"}
{"blockNumber":23949730,"chainId":1,"poolAddress":"0xfda98290209f6747fb24078cef8d3088b0c2801f","poolType":"CURVE_SNG"}	{"ptAdminBalance": "0", "ibtAdminBalance": "1448557162588983"}
{"blockNumber":23972563,"chainId":1,"poolAddress":"0xfda98290209f6747fb24078cef8d3088b0c2801f","poolType":"CURVE_SNG"}	{"ptAdminBalance": "0", "ibtAdminBalance": "1448557162588983"}
{"blockNumber":23992693,"chainId":1,"poolAddress":"0xfda98290209f6747fb24078cef8d3088b0c2801f","poolType":"CURVE_SNG"}	{"ptAdminBalance": "0", "ibtAdminBalance": "1448557162588983"}
{"blockNumber":24026018,"chainId":1,"poolAddress":"0xfda98290209f6747fb24078cef8d3088b0c2801f","poolType":"CURVE_SNG"}	{"ptAdminBalance": "0", "ibtAdminBalance": "1448557162588983"}
{"blockNumber":24029663,"chainId":1,"poolAddress":"0xfda98290209f6747fb24078cef8d3088b0c2801f","poolType":"CURVE_SNG"}	{"ptAdminBalance": "0", "ibtAdminBalance": "1448557162588983"}
{"blockNumber":24034371,"chainId":1,"poolAddress":"0xfda98290209f6747fb24078cef8d3088b0c2801f","poolType":"CURVE_SNG"}	{"ptAdminBalance": "0", "ibtAdminBalance": "1448557162588983"}
{"blockNumber":23696251,"chainId":1,"poolAddress":"0x2fe6c0f3f8e7821bb3e2164247aa24e1fd77e9e3","poolType":"CURVE_SNG"}	{"ptAdminBalance": "0", "ibtAdminBalance": "0"}
{"blockNumber":23737474,"chainId":1,"poolAddress":"0xdcb8c27adee3d9b83a01cd40a3c572746a641319","poolType":"CURVE_SNG"}	{"ptAdminBalance": "21711659748489368459", "ibtAdminBalance": "15489511323282195856"}
{"blockNumber":23739864,"chainId":1,"poolAddress":"0xdcb8c27adee3d9b83a01cd40a3c572746a641319","poolType":"CURVE_SNG"}	{"ptAdminBalance": "21711659748489368459", "ibtAdminBalance": "15489511323282195856"}
{"blockNumber":23748006,"chainId":1,"poolAddress":"0xdcb8c27adee3d9b83a01cd40a3c572746a641319","poolType":"CURVE_SNG"}	{"ptAdminBalance": "21711659748489368459", "ibtAdminBalance": "15489511323282195856"}
{"blockNumber":23749983,"chainId":1,"poolAddress":"0xdcb8c27adee3d9b83a01cd40a3c572746a641319","poolType":"CURVE_SNG"}	{"ptAdminBalance": "21711659748489368459", "ibtAdminBalance": "15489511323282195856"}
{"blockNumber":23751328,"chainId":1,"poolAddress":"0xdcb8c27adee3d9b83a01cd40a3c572746a641319","poolType":"CURVE_SNG"}	{"ptAdminBalance": "21711659748489368459", "ibtAdminBalance": "15489511323282195856"}
{"blockNumber":23766487,"chainId":1,"poolAddress":"0xdcb8c27adee3d9b83a01cd40a3c572746a641319","poolType":"CURVE_SNG"}	{"ptAdminBalance": "21711659748489368459", "ibtAdminBalance": "15489511323282195856"}
{"blockNumber":23766514,"chainId":1,"poolAddress":"0xdcb8c27adee3d9b83a01cd40a3c572746a641319","poolType":"CURVE_SNG"}	{"ptAdminBalance": "21711659748489368459", "ibtAdminBalance": "15489511323282195856"}
{"blockNumber":23766936,"chainId":1,"poolAddress":"0xdcb8c27adee3d9b83a01cd40a3c572746a641319","poolType":"CURVE_SNG"}	{"ptAdminBalance": "21711659748489368459", "ibtAdminBalance": "15489511323282195856"}
{"blockNumber":23781278,"chainId":1,"poolAddress":"0xdcb8c27adee3d9b83a01cd40a3c572746a641319","poolType":"CURVE_SNG"}	{"ptAdminBalance": "21711659748489368459", "ibtAdminBalance": "15489511323282195856"}
{"blockNumber":23767273,"chainId":1,"poolAddress":"0xdcb8c27adee3d9b83a01cd40a3c572746a641319","poolType":"CURVE_SNG"}	{"ptAdminBalance": "21711659748489368459", "ibtAdminBalance": "15489511323282195856"}
{"blockNumber":23778039,"chainId":1,"poolAddress":"0xdcb8c27adee3d9b83a01cd40a3c572746a641319","poolType":"CURVE_SNG"}	{"ptAdminBalance": "21711659748489368459", "ibtAdminBalance": "15489511323282195856"}
{"blockNumber":23797081,"chainId":1,"poolAddress":"0xac3f886b4f965d6d3510e1093769f3860f98e8f0","poolType":"CURVE_SNG"}	{"ptAdminBalance": "0", "ibtAdminBalance": "0"}
{"blockNumber":23738141,"chainId":1,"poolAddress":"0x593a8a7c12d8111e12945ff167389662a02b5ece","poolType":"CURVE_SNG"}	{"ptAdminBalance": "0", "ibtAdminBalance": "0"}
{"blockNumber":23803771,"chainId":1,"poolAddress":"0x593a8a7c12d8111e12945ff167389662a02b5ece","poolType":"CURVE_SNG"}	{"ptAdminBalance": "0", "ibtAdminBalance": "0"}
{"blockNumber":23890260,"chainId":1,"poolAddress":"0x593a8a7c12d8111e12945ff167389662a02b5ece","poolType":"CURVE_SNG"}	{"ptAdminBalance": "0", "ibtAdminBalance": "0"}
{"blockNumber":23724053,"chainId":1,"poolAddress":"0x8ee494461b402abf3b26cbcb87030847fcbf6183","poolType":"CURVE_SNG"}	{"ptAdminBalance": "0", "ibtAdminBalance": "0"}
{"blockNumber":23981782,"chainId":1,"poolAddress":"0x8ee494461b402abf3b26cbcb87030847fcbf6183","poolType":"CURVE_SNG"}	{"ptAdminBalance": "0", "ibtAdminBalance": "0"}
{"blockNumber":23739247,"chainId":1,"poolAddress":"0xd31fac73411da2c19aab7cd5d71f22d5c54e748a","poolType":"CURVE_SNG"}	{"ptAdminBalance": "71414929144229130", "ibtAdminBalance": "0"}
{"blockNumber":23742813,"chainId":1,"poolAddress":"0xd31fac73411da2c19aab7cd5d71f22d5c54e748a","poolType":"CURVE_SNG"}	{"ptAdminBalance": "71414929144229130", "ibtAdminBalance": "0"}
{"blockNumber":23824500,"chainId":1,"poolAddress":"0xbbb7e0cb9720aa32a28aa075c310bbe746258186","poolType":"CURVE_SNG"}	{"ptAdminBalance": "0", "ibtAdminBalance": "473285186870"}
{"blockNumber":23876942,"chainId":1,"poolAddress":"0xbbb7e0cb9720aa32a28aa075c310bbe746258186","poolType":"CURVE_SNG"}	{"ptAdminBalance": "0", "ibtAdminBalance": "473285186870"}
{"blockNumber":24015475,"chainId":1,"poolAddress":"0xbbb7e0cb9720aa32a28aa075c310bbe746258186","poolType":"CURVE_SNG"}	{"ptAdminBalance": "0", "ibtAdminBalance": "473285186870"}
{"blockNumber":23696491,"chainId":1,"poolAddress":"0xcbe13315809acf6d7b92472fcb9546655b874ee7","poolType":"CURVE_SNG"}	{"ptAdminBalance": "0", "ibtAdminBalance": "0"}
{"blockNumber":23790462,"chainId":1,"poolAddress":"0xcbe13315809acf6d7b92472fcb9546655b874ee7","poolType":"CURVE_SNG"}	{"ptAdminBalance": "0", "ibtAdminBalance": "0"}
{"blockNumber":23756455,"chainId":1,"poolAddress":"0xcbe13315809acf6d7b92472fcb9546655b874ee7","poolType":"CURVE_SNG"}	{"ptAdminBalance": "0", "ibtAdminBalance": "0"}
{"blockNumber":23725727,"chainId":1,"poolAddress":"0xcbe13315809acf6d7b92472fcb9546655b874ee7","poolType":"CURVE_SNG"}	{"ptAdminBalance": "0", "ibtAdminBalance": "0"}
{"blockNumber":23725952,"chainId":1,"poolAddress":"0xcbe13315809acf6d7b92472fcb9546655b874ee7","poolType":"CURVE_SNG"}	{"ptAdminBalance": "0", "ibtAdminBalance": "0"}
{"blockNumber":23727187,"chainId":1,"poolAddress":"0xcbe13315809acf6d7b92472fcb9546655b874ee7","poolType":"CURVE_SNG"}	{"ptAdminBalance": "0", "ibtAdminBalance": "0"}
{"blockNumber":23749290,"chainId":1,"poolAddress":"0xcbe13315809acf6d7b92472fcb9546655b874ee7","poolType":"CURVE_SNG"}	{"ptAdminBalance": "0", "ibtAdminBalance": "0"}
{"blockNumber":23730824,"chainId":1,"poolAddress":"0xcbe13315809acf6d7b92472fcb9546655b874ee7","poolType":"CURVE_SNG"}	{"ptAdminBalance": "0", "ibtAdminBalance": "0"}
{"blockNumber":23732333,"chainId":1,"poolAddress":"0xcbe13315809acf6d7b92472fcb9546655b874ee7","poolType":"CURVE_SNG"}	{"ptAdminBalance": "0", "ibtAdminBalance": "0"}
{"blockNumber":23735939,"chainId":1,"poolAddress":"0xcbe13315809acf6d7b92472fcb9546655b874ee7","poolType":"CURVE_SNG"}	{"ptAdminBalance": "0", "ibtAdminBalance": "0"}
{"blockNumber":23736126,"chainId":1,"poolAddress":"0xcbe13315809acf6d7b92472fcb9546655b874ee7","poolType":"CURVE_SNG"}	{"ptAdminBalance": "0", "ibtAdminBalance": "0"}
{"blockNumber":23736372,"chainId":1,"poolAddress":"0xcbe13315809acf6d7b92472fcb9546655b874ee7","poolType":"CURVE_SNG"}	{"ptAdminBalance": "0", "ibtAdminBalance": "0"}
{"blockNumber":23738824,"chainId":1,"poolAddress":"0xcbe13315809acf6d7b92472fcb9546655b874ee7","poolType":"CURVE_SNG"}	{"ptAdminBalance": "0", "ibtAdminBalance": "0"}
{"blockNumber":23739444,"chainId":1,"poolAddress":"0xcbe13315809acf6d7b92472fcb9546655b874ee7","poolType":"CURVE_SNG"}	{"ptAdminBalance": "0", "ibtAdminBalance": "0"}
{"blockNumber":23725095,"chainId":1,"poolAddress":"0xcbe13315809acf6d7b92472fcb9546655b874ee7","poolType":"CURVE_SNG"}	{"ptAdminBalance": "0", "ibtAdminBalance": "0"}
{"blockNumber":23730353,"chainId":1,"poolAddress":"0xcbe13315809acf6d7b92472fcb9546655b874ee7","poolType":"CURVE_SNG"}	{"ptAdminBalance": "0", "ibtAdminBalance": "0"}
{"blockNumber":23732343,"chainId":1,"poolAddress":"0xcbe13315809acf6d7b92472fcb9546655b874ee7","poolType":"CURVE_SNG"}	{"ptAdminBalance": "0", "ibtAdminBalance": "0"}
{"blockNumber":23732425,"chainId":1,"poolAddress":"0xcbe13315809acf6d7b92472fcb9546655b874ee7","poolType":"CURVE_SNG"}	{"ptAdminBalance": "0", "ibtAdminBalance": "0"}
{"blockNumber":23732487,"chainId":1,"poolAddress":"0xcbe13315809acf6d7b92472fcb9546655b874ee7","poolType":"CURVE_SNG"}	{"ptAdminBalance": "0", "ibtAdminBalance": "0"}
{"blockNumber":23732578,"chainId":1,"poolAddress":"0xcbe13315809acf6d7b92472fcb9546655b874ee7","poolType":"CURVE_SNG"}	{"ptAdminBalance": "0", "ibtAdminBalance": "0"}
{"blockNumber":23733338,"chainId":1,"poolAddress":"0xcbe13315809acf6d7b92472fcb9546655b874ee7","poolType":"CURVE_SNG"}	{"ptAdminBalance": "0", "ibtAdminBalance": "0"}
{"blockNumber":23734822,"chainId":1,"poolAddress":"0xcbe13315809acf6d7b92472fcb9546655b874ee7","poolType":"CURVE_SNG"}	{"ptAdminBalance": "0", "ibtAdminBalance": "0"}
{"blockNumber":23735591,"chainId":1,"poolAddress":"0xcbe13315809acf6d7b92472fcb9546655b874ee7","poolType":"CURVE_SNG"}	{"ptAdminBalance": "0", "ibtAdminBalance": "0"}
{"blockNumber":23735784,"chainId":1,"poolAddress":"0xcbe13315809acf6d7b92472fcb9546655b874ee7","poolType":"CURVE_SNG"}	{"ptAdminBalance": "0", "ibtAdminBalance": "0"}
{"blockNumber":23736801,"chainId":1,"poolAddress":"0xcbe13315809acf6d7b92472fcb9546655b874ee7","poolType":"CURVE_SNG"}	{"ptAdminBalance": "0", "ibtAdminBalance": "0"}
{"blockNumber":23737696,"chainId":1,"poolAddress":"0xcbe13315809acf6d7b92472fcb9546655b874ee7","poolType":"CURVE_SNG"}	{"ptAdminBalance": "0", "ibtAdminBalance": "0"}
{"blockNumber":23739086,"chainId":1,"poolAddress":"0xcbe13315809acf6d7b92472fcb9546655b874ee7","poolType":"CURVE_SNG"}	{"ptAdminBalance": "0", "ibtAdminBalance": "0"}
{"blockNumber":23739141,"chainId":1,"poolAddress":"0xcbe13315809acf6d7b92472fcb9546655b874ee7","poolType":"CURVE_SNG"}	{"ptAdminBalance": "0", "ibtAdminBalance": "0"}
{"blockNumber":23739563,"chainId":1,"poolAddress":"0xcbe13315809acf6d7b92472fcb9546655b874ee7","poolType":"CURVE_SNG"}	{"ptAdminBalance": "0", "ibtAdminBalance": "0"}
{"blockNumber":23739642,"chainId":1,"poolAddress":"0xcbe13315809acf6d7b92472fcb9546655b874ee7","poolType":"CURVE_SNG"}	{"ptAdminBalance": "0", "ibtAdminBalance": "0"}
{"blockNumber":23739680,"chainId":1,"poolAddress":"0xcbe13315809acf6d7b92472fcb9546655b874ee7","poolType":"CURVE_SNG"}	{"ptAdminBalance": "0", "ibtAdminBalance": "0"}
{"blockNumber":23739712,"chainId":1,"poolAddress":"0xcbe13315809acf6d7b92472fcb9546655b874ee7","poolType":"CURVE_SNG"}	{"ptAdminBalance": "0", "ibtAdminBalance": "0"}
{"blockNumber":23739745,"chainId":1,"poolAddress":"0xcbe13315809acf6d7b92472fcb9546655b874ee7","poolType":"CURVE_SNG"}	{"ptAdminBalance": "0", "ibtAdminBalance": "0"}
{"blockNumber":23824287,"chainId":1,"poolAddress":"0xcbe13315809acf6d7b92472fcb9546655b874ee7","poolType":"CURVE_SNG"}	{"ptAdminBalance": "0", "ibtAdminBalance": "0"}
{"blockNumber":23946895,"chainId":1,"poolAddress":"0xbbb7e0cb9720aa32a28aa075c310bbe746258186","poolType":"CURVE_SNG"}	{"ptAdminBalance": "0", "ibtAdminBalance": "473285186870"}
{"blockNumber":24015555,"chainId":1,"poolAddress":"0xbbb7e0cb9720aa32a28aa075c310bbe746258186","poolType":"CURVE_SNG"}	{"ptAdminBalance": "0", "ibtAdminBalance": "473285186870"}
{"blockNumber":23815323,"chainId":1,"poolAddress":"0xfda98290209f6747fb24078cef8d3088b0c2801f","poolType":"CURVE_SNG"}	{"ptAdminBalance": "0", "ibtAdminBalance": "1448557162588983"}
{"blockNumber":23867439,"chainId":1,"poolAddress":"0xfda98290209f6747fb24078cef8d3088b0c2801f","poolType":"CURVE_SNG"}	{"ptAdminBalance": "0", "ibtAdminBalance": "1448557162588983"}
{"blockNumber":24029764,"chainId":1,"poolAddress":"0xfda98290209f6747fb24078cef8d3088b0c2801f","poolType":"CURVE_SNG"}	{"ptAdminBalance": "0", "ibtAdminBalance": "1448557162588983"}
{"blockNumber":23899354,"chainId":1,"poolAddress":"0xfda98290209f6747fb24078cef8d3088b0c2801f","poolType":"CURVE_SNG"}	{"ptAdminBalance": "0", "ibtAdminBalance": "1448557162588983"}
{"blockNumber":23905621,"chainId":1,"poolAddress":"0xfda98290209f6747fb24078cef8d3088b0c2801f","poolType":"CURVE_SNG"}	{"ptAdminBalance": "0", "ibtAdminBalance": "1448557162588983"}
{"blockNumber":24025792,"chainId":1,"poolAddress":"0xfda98290209f6747fb24078cef8d3088b0c2801f","poolType":"CURVE_SNG"}	{"ptAdminBalance": "0", "ibtAdminBalance": "1448557162588983"}
{"blockNumber":23885894,"chainId":1,"poolAddress":"0x593a8a7c12d8111e12945ff167389662a02b5ece","poolType":"CURVE_SNG"}	{"ptAdminBalance": "0", "ibtAdminBalance": "0"}
{"blockNumber":23931879,"chainId":1,"poolAddress":"0x593a8a7c12d8111e12945ff167389662a02b5ece","poolType":"CURVE_SNG"}	{"ptAdminBalance": "0", "ibtAdminBalance": "0"}
{"blockNumber":23941024,"chainId":1,"poolAddress":"0x593a8a7c12d8111e12945ff167389662a02b5ece","poolType":"CURVE_SNG"}	{"ptAdminBalance": "0", "ibtAdminBalance": "0"}
{"blockNumber":23945168,"chainId":1,"poolAddress":"0x593a8a7c12d8111e12945ff167389662a02b5ece","poolType":"CURVE_SNG"}	{"ptAdminBalance": "0", "ibtAdminBalance": "0"}
{"blockNumber":23895615,"chainId":1,"poolAddress":"0x593a8a7c12d8111e12945ff167389662a02b5ece","poolType":"CURVE_SNG"}	{"ptAdminBalance": "0", "ibtAdminBalance": "0"}
{"blockNumber":23895628,"chainId":1,"poolAddress":"0x593a8a7c12d8111e12945ff167389662a02b5ece","poolType":"CURVE_SNG"}	{"ptAdminBalance": "0", "ibtAdminBalance": "0"}
{"blockNumber":23895642,"chainId":1,"poolAddress":"0x593a8a7c12d8111e12945ff167389662a02b5ece","poolType":"CURVE_SNG"}	{"ptAdminBalance": "0", "ibtAdminBalance": "0"}
{"blockNumber":23895744,"chainId":1,"poolAddress":"0x593a8a7c12d8111e12945ff167389662a02b5ece","poolType":"CURVE_SNG"}	{"ptAdminBalance": "0", "ibtAdminBalance": "0"}
{"blockNumber":23895758,"chainId":1,"poolAddress":"0x593a8a7c12d8111e12945ff167389662a02b5ece","poolType":"CURVE_SNG"}	{"ptAdminBalance": "0", "ibtAdminBalance": "0"}
{"blockNumber":23895771,"chainId":1,"poolAddress":"0x593a8a7c12d8111e12945ff167389662a02b5ece","poolType":"CURVE_SNG"}	{"ptAdminBalance": "0", "ibtAdminBalance": "0"}
{"blockNumber":23961838,"chainId":1,"poolAddress":"0x593a8a7c12d8111e12945ff167389662a02b5ece","poolType":"CURVE_SNG"}	{"ptAdminBalance": "0", "ibtAdminBalance": "0"}
{"blockNumber":23784198,"chainId":1,"poolAddress":"0xdcb8c27adee3d9b83a01cd40a3c572746a641319","poolType":"CURVE_SNG"}	{"ptAdminBalance": "21711659748489368459", "ibtAdminBalance": "15489511323282195856"}
{"blockNumber":23787441,"chainId":1,"poolAddress":"0xdcb8c27adee3d9b83a01cd40a3c572746a641319","poolType":"CURVE_SNG"}	{"ptAdminBalance": "21711659748489368459", "ibtAdminBalance": "15489511323282195856"}
{"blockNumber":23867019,"chainId":1,"poolAddress":"0xdcb8c27adee3d9b83a01cd40a3c572746a641319","poolType":"CURVE_SNG"}	{"ptAdminBalance": "21711659748489368459", "ibtAdminBalance": "15489511323282195856"}
{"blockNumber":23841007,"chainId":1,"poolAddress":"0xd31fac73411da2c19aab7cd5d71f22d5c54e748a","poolType":"CURVE_SNG"}	{"ptAdminBalance": "71414929144229130", "ibtAdminBalance": "0"}
{"blockNumber":23862316,"chainId":1,"poolAddress":"0xd31fac73411da2c19aab7cd5d71f22d5c54e748a","poolType":"CURVE_SNG"}	{"ptAdminBalance": "71414929144229130", "ibtAdminBalance": "0"}
{"blockNumber":23756721,"chainId":1,"poolAddress":"0xf4ae78cb16f1cd8c5b06843ca2f54ddd7cbad03c","poolType":"CURVE_SNG"}	{"ptAdminBalance": "11282448064405243", "ibtAdminBalance": "435237375189818329"}
{"blockNumber":23942495,"chainId":1,"poolAddress":"0xc1b8e361803deef2d40ce5ec19e2a98f4045608b","poolType":"CURVE_SNG"}	{"ptAdminBalance": "18579157592311544413", "ibtAdminBalance": "6692202791482961319"}
{"blockNumber":23942614,"chainId":1,"poolAddress":"0xc1b8e361803deef2d40ce5ec19e2a98f4045608b","poolType":"CURVE_SNG"}	{"ptAdminBalance": "18579157592311544413", "ibtAdminBalance": "6692202791482961319"}
{"blockNumber":23899427,"chainId":1,"poolAddress":"0xd7d9bcafff98308d447a3985c6fedd84dbdea34b","poolType":"CURVE_SNG"}	{"ptAdminBalance": "42960791171858997433", "ibtAdminBalance": "39267450782546002338"}
{"blockNumber":23920798,"chainId":1,"poolAddress":"0xd7d9bcafff98308d447a3985c6fedd84dbdea34b","poolType":"CURVE_SNG"}	{"ptAdminBalance": "42960791171858997433", "ibtAdminBalance": "39267450782546002338"}
{"blockNumber":23875588,"chainId":1,"poolAddress":"0xe7898c8342244e834c55134d2bd8255108e3c961","poolType":"CURVE_SNG"}	{"ptAdminBalance": "26577128", "ibtAdminBalance": "26834165"}
{"blockNumber":23879834,"chainId":1,"poolAddress":"0xe7898c8342244e834c55134d2bd8255108e3c961","poolType":"CURVE_SNG"}	{"ptAdminBalance": "26577128", "ibtAdminBalance": "26834165"}
{"blockNumber":23881751,"chainId":1,"poolAddress":"0xe7898c8342244e834c55134d2bd8255108e3c961","poolType":"CURVE_SNG"}	{"ptAdminBalance": "26577128", "ibtAdminBalance": "26834165"}
{"blockNumber":23982362,"chainId":1,"poolAddress":"0xe7898c8342244e834c55134d2bd8255108e3c961","poolType":"CURVE_SNG"}	{"ptAdminBalance": "26577128", "ibtAdminBalance": "26834165"}
{"blockNumber":24002556,"chainId":1,"poolAddress":"0xe7898c8342244e834c55134d2bd8255108e3c961","poolType":"CURVE_SNG"}	{"ptAdminBalance": "26577128", "ibtAdminBalance": "26834165"}
{"blockNumber":24032647,"chainId":1,"poolAddress":"0xe7898c8342244e834c55134d2bd8255108e3c961","poolType":"CURVE_SNG"}	{"ptAdminBalance": "26577128", "ibtAdminBalance": "26834165"}
{"blockNumber":23776752,"chainId":1,"poolAddress":"0xfda98290209f6747fb24078cef8d3088b0c2801f","poolType":"CURVE_SNG"}	{"ptAdminBalance": "0", "ibtAdminBalance": "1448557162588983"}
{"blockNumber":23815302,"chainId":1,"poolAddress":"0xfda98290209f6747fb24078cef8d3088b0c2801f","poolType":"CURVE_SNG"}	{"ptAdminBalance": "0", "ibtAdminBalance": "1448557162588983"}
{"blockNumber":23885877,"chainId":1,"poolAddress":"0xfda98290209f6747fb24078cef8d3088b0c2801f","poolType":"CURVE_SNG"}	{"ptAdminBalance": "0", "ibtAdminBalance": "1448557162588983"}
{"blockNumber":23927863,"chainId":1,"poolAddress":"0xfda98290209f6747fb24078cef8d3088b0c2801f","poolType":"CURVE_SNG"}	{"ptAdminBalance": "0", "ibtAdminBalance": "1448557162588983"}
{"blockNumber":23941807,"chainId":1,"poolAddress":"0xfda98290209f6747fb24078cef8d3088b0c2801f","poolType":"CURVE_SNG"}	{"ptAdminBalance": "0", "ibtAdminBalance": "1448557162588983"}
{"blockNumber":24016639,"chainId":1,"poolAddress":"0xfda98290209f6747fb24078cef8d3088b0c2801f","poolType":"CURVE_SNG"}	{"ptAdminBalance": "0", "ibtAdminBalance": "1448557162588983"}
{"blockNumber":23953343,"chainId":1,"poolAddress":"0xfda98290209f6747fb24078cef8d3088b0c2801f","poolType":"CURVE_SNG"}	{"ptAdminBalance": "0", "ibtAdminBalance": "1448557162588983"}
{"blockNumber":24022724,"chainId":1,"poolAddress":"0xfda98290209f6747fb24078cef8d3088b0c2801f","poolType":"CURVE_SNG"}	{"ptAdminBalance": "0", "ibtAdminBalance": "1448557162588983"}
{"blockNumber":24017280,"chainId":1,"poolAddress":"0xfda98290209f6747fb24078cef8d3088b0c2801f","poolType":"CURVE_SNG"}	{"ptAdminBalance": "0", "ibtAdminBalance": "1448557162588983"}
{"blockNumber":23966669,"chainId":1,"poolAddress":"0xe7898c8342244e834c55134d2bd8255108e3c961","poolType":"CURVE_SNG"}	{"ptAdminBalance": "26577128", "ibtAdminBalance": "26834165"}
{"blockNumber":23840544,"chainId":1,"poolAddress":"0x2fe6c0f3f8e7821bb3e2164247aa24e1fd77e9e3","poolType":"CURVE_SNG"}	{"ptAdminBalance": "0", "ibtAdminBalance": "0"}
{"blockNumber":23745804,"chainId":1,"poolAddress":"0xcbe13315809acf6d7b92472fcb9546655b874ee7","poolType":"CURVE_SNG"}	{"ptAdminBalance": "0", "ibtAdminBalance": "0"}
{"blockNumber":23733496,"chainId":1,"poolAddress":"0xcbe13315809acf6d7b92472fcb9546655b874ee7","poolType":"CURVE_SNG"}	{"ptAdminBalance": "0", "ibtAdminBalance": "0"}
{"blockNumber":23786847,"chainId":1,"poolAddress":"0xcbe13315809acf6d7b92472fcb9546655b874ee7","poolType":"CURVE_SNG"}	{"ptAdminBalance": "0", "ibtAdminBalance": "0"}
{"blockNumber":23745782,"chainId":1,"poolAddress":"0xcbe13315809acf6d7b92472fcb9546655b874ee7","poolType":"CURVE_SNG"}	{"ptAdminBalance": "0", "ibtAdminBalance": "0"}
{"blockNumber":23739468,"chainId":1,"poolAddress":"0xcbe13315809acf6d7b92472fcb9546655b874ee7","poolType":"CURVE_SNG"}	{"ptAdminBalance": "0", "ibtAdminBalance": "0"}
{"blockNumber":23739218,"chainId":1,"poolAddress":"0xcbe13315809acf6d7b92472fcb9546655b874ee7","poolType":"CURVE_SNG"}	{"ptAdminBalance": "0", "ibtAdminBalance": "0"}
{"blockNumber":23737413,"chainId":1,"poolAddress":"0xcbe13315809acf6d7b92472fcb9546655b874ee7","poolType":"CURVE_SNG"}	{"ptAdminBalance": "0", "ibtAdminBalance": "0"}
{"blockNumber":23739196,"chainId":1,"poolAddress":"0xcbe13315809acf6d7b92472fcb9546655b874ee7","poolType":"CURVE_SNG"}	{"ptAdminBalance": "0", "ibtAdminBalance": "0"}
{"blockNumber":23763344,"chainId":1,"poolAddress":"0xcbe13315809acf6d7b92472fcb9546655b874ee7","poolType":"CURVE_SNG"}	{"ptAdminBalance": "0", "ibtAdminBalance": "0"}
{"blockNumber":23745703,"chainId":1,"poolAddress":"0xcbe13315809acf6d7b92472fcb9546655b874ee7","poolType":"CURVE_SNG"}	{"ptAdminBalance": "0", "ibtAdminBalance": "0"}
{"blockNumber":23807413,"chainId":1,"poolAddress":"0xdcb8c27adee3d9b83a01cd40a3c572746a641319","poolType":"CURVE_SNG"}	{"ptAdminBalance": "21711659748489368459", "ibtAdminBalance": "15489511323282195856"}
{"blockNumber":23768632,"chainId":1,"poolAddress":"0x593a8a7c12d8111e12945ff167389662a02b5ece","poolType":"CURVE_SNG"}	{"ptAdminBalance": "0", "ibtAdminBalance": "0"}
{"blockNumber":23882030,"chainId":1,"poolAddress":"0x593a8a7c12d8111e12945ff167389662a02b5ece","poolType":"CURVE_SNG"}	{"ptAdminBalance": "0", "ibtAdminBalance": "0"}
{"blockNumber":23762438,"chainId":1,"poolAddress":"0x586032790165ec0b0562d2fd02055e6b2e729409","poolType":"CURVE_SNG"}	{"ptAdminBalance": "15433179790061961546", "ibtAdminBalance": "8889108183928142737"}
{"blockNumber":23770037,"chainId":1,"poolAddress":"0x586032790165ec0b0562d2fd02055e6b2e729409","poolType":"CURVE_SNG"}	{"ptAdminBalance": "15433179790061961546", "ibtAdminBalance": "8889108183928142737"}
{"blockNumber":23756552,"chainId":1,"poolAddress":"0xf4ae78cb16f1cd8c5b06843ca2f54ddd7cbad03c","poolType":"CURVE_SNG"}	{"ptAdminBalance": "11282448064405243", "ibtAdminBalance": "435237375189818329"}
{"blockNumber":23756576,"chainId":1,"poolAddress":"0xf4ae78cb16f1cd8c5b06843ca2f54ddd7cbad03c","poolType":"CURVE_SNG"}	{"ptAdminBalance": "11282448064405243", "ibtAdminBalance": "435237375189818329"}
{"blockNumber":23756739,"chainId":1,"poolAddress":"0xf4ae78cb16f1cd8c5b06843ca2f54ddd7cbad03c","poolType":"CURVE_SNG"}	{"ptAdminBalance": "11282448064405243", "ibtAdminBalance": "435237375189818329"}
{"blockNumber":23979663,"chainId":1,"poolAddress":"0xd7d9bcafff98308d447a3985c6fedd84dbdea34b","poolType":"CURVE_SNG"}	{"ptAdminBalance": "42960791171858997433", "ibtAdminBalance": "39267450782546002338"}
{"blockNumber":23948148,"chainId":1,"poolAddress":"0x1d1ff54bbdb850aa638d810854e47749ca93d5ee","poolType":"CURVE_SNG"}	{"ptAdminBalance": "2955918435693223687", "ibtAdminBalance": "20169301236481502"}
{"blockNumber":23965175,"chainId":1,"poolAddress":"0x1618f07908d5c9875478d74e26127b763e7be271","poolType":"CURVE_SNG"}	{"ptAdminBalance": "0", "ibtAdminBalance": "3339758678730431"}
{"blockNumber":23965540,"chainId":1,"poolAddress":"0x1618f07908d5c9875478d74e26127b763e7be271","poolType":"CURVE_SNG"}	{"ptAdminBalance": "0", "ibtAdminBalance": "3339758678730431"}
{"blockNumber":23965541,"chainId":1,"poolAddress":"0x1618f07908d5c9875478d74e26127b763e7be271","poolType":"CURVE_SNG"}	{"ptAdminBalance": "0", "ibtAdminBalance": "3339758678730431"}
{"blockNumber":23965630,"chainId":1,"poolAddress":"0x1618f07908d5c9875478d74e26127b763e7be271","poolType":"CURVE_SNG"}	{"ptAdminBalance": "0", "ibtAdminBalance": "3339758678730431"}
{"blockNumber":23965637,"chainId":1,"poolAddress":"0x1618f07908d5c9875478d74e26127b763e7be271","poolType":"CURVE_SNG"}	{"ptAdminBalance": "0", "ibtAdminBalance": "3339758678730431"}
{"blockNumber":23965660,"chainId":1,"poolAddress":"0x1618f07908d5c9875478d74e26127b763e7be271","poolType":"CURVE_SNG"}	{"ptAdminBalance": "0", "ibtAdminBalance": "3339758678730431"}
{"blockNumber":23974882,"chainId":1,"poolAddress":"0x1d1ff54bbdb850aa638d810854e47749ca93d5ee","poolType":"CURVE_SNG"}	{"ptAdminBalance": "2955918435693223687", "ibtAdminBalance": "20169301236481502"}
{"blockNumber":23976149,"chainId":1,"poolAddress":"0x1d1ff54bbdb850aa638d810854e47749ca93d5ee","poolType":"CURVE_SNG"}	{"ptAdminBalance": "2955918435693223687", "ibtAdminBalance": "20169301236481502"}
{"blockNumber":23979797,"chainId":1,"poolAddress":"0x1d1ff54bbdb850aa638d810854e47749ca93d5ee","poolType":"CURVE_SNG"}	{"ptAdminBalance": "2955918435693223687", "ibtAdminBalance": "20169301236481502"}
{"blockNumber":23981643,"chainId":1,"poolAddress":"0x1d1ff54bbdb850aa638d810854e47749ca93d5ee","poolType":"CURVE_SNG"}	{"ptAdminBalance": "2955918435693223687", "ibtAdminBalance": "20169301236481502"}
{"blockNumber":23982052,"chainId":1,"poolAddress":"0x1d1ff54bbdb850aa638d810854e47749ca93d5ee","poolType":"CURVE_SNG"}	{"ptAdminBalance": "2955918435693223687", "ibtAdminBalance": "20169301236481502"}
{"blockNumber":23988656,"chainId":1,"poolAddress":"0x1d1ff54bbdb850aa638d810854e47749ca93d5ee","poolType":"CURVE_SNG"}	{"ptAdminBalance": "2955918435693223687", "ibtAdminBalance": "20169301236481502"}
{"blockNumber":23993241,"chainId":1,"poolAddress":"0x1d1ff54bbdb850aa638d810854e47749ca93d5ee","poolType":"CURVE_SNG"}	{"ptAdminBalance": "2955918435693223687", "ibtAdminBalance": "20169301236481502"}
{"blockNumber":23993260,"chainId":1,"poolAddress":"0x1d1ff54bbdb850aa638d810854e47749ca93d5ee","poolType":"CURVE_SNG"}	{"ptAdminBalance": "2955918435693223687", "ibtAdminBalance": "20169301236481502"}
{"blockNumber":23994283,"chainId":1,"poolAddress":"0x1d1ff54bbdb850aa638d810854e47749ca93d5ee","poolType":"CURVE_SNG"}	{"ptAdminBalance": "2955918435693223687", "ibtAdminBalance": "20169301236481502"}
{"blockNumber":23995926,"chainId":1,"poolAddress":"0x1d1ff54bbdb850aa638d810854e47749ca93d5ee","poolType":"CURVE_SNG"}	{"ptAdminBalance": "2955918435693223687", "ibtAdminBalance": "20169301236481502"}
{"blockNumber":23997933,"chainId":1,"poolAddress":"0x1d1ff54bbdb850aa638d810854e47749ca93d5ee","poolType":"CURVE_SNG"}	{"ptAdminBalance": "2955918435693223687", "ibtAdminBalance": "20169301236481502"}
{"blockNumber":24002082,"chainId":1,"poolAddress":"0x1d1ff54bbdb850aa638d810854e47749ca93d5ee","poolType":"CURVE_SNG"}	{"ptAdminBalance": "2955918435693223687", "ibtAdminBalance": "20169301236481502"}
{"blockNumber":24003059,"chainId":1,"poolAddress":"0x1d1ff54bbdb850aa638d810854e47749ca93d5ee","poolType":"CURVE_SNG"}	{"ptAdminBalance": "2955918435693223687", "ibtAdminBalance": "20169301236481502"}
{"blockNumber":24018443,"chainId":1,"poolAddress":"0x1d1ff54bbdb850aa638d810854e47749ca93d5ee","poolType":"CURVE_SNG"}	{"ptAdminBalance": "2955918435693223687", "ibtAdminBalance": "20169301236481502"}
{"blockNumber":24019442,"chainId":1,"poolAddress":"0x1d1ff54bbdb850aa638d810854e47749ca93d5ee","poolType":"CURVE_SNG"}	{"ptAdminBalance": "2955918435693223687", "ibtAdminBalance": "20169301236481502"}
{"blockNumber":24019453,"chainId":1,"poolAddress":"0x1d1ff54bbdb850aa638d810854e47749ca93d5ee","poolType":"CURVE_SNG"}	{"ptAdminBalance": "2955918435693223687", "ibtAdminBalance": "20169301236481502"}
{"blockNumber":24022601,"chainId":1,"poolAddress":"0x1d1ff54bbdb850aa638d810854e47749ca93d5ee","poolType":"CURVE_SNG"}	{"ptAdminBalance": "2955918435693223687", "ibtAdminBalance": "20169301236481502"}
{"blockNumber":24039578,"chainId":1,"poolAddress":"0x1d1ff54bbdb850aa638d810854e47749ca93d5ee","poolType":"CURVE_SNG"}	{"ptAdminBalance": "2955918435693223687", "ibtAdminBalance": "20169301236481502"}
