id	output
{"blockNumber":19919019,"chainId":1,"poolAddress":"0xc6e949f57d365fb73015d21a2d1a9da93e938d52","poolType":"CURVE"}	{"lastPrice": "858933874090633300"}
{"blockNumber":19928084,"chainId":1,"poolAddress":"0xe7ad3016d46e538c9ca87e5071c561a73ed1c98c","poolType":"CURVE"}	{"lastPrice": "875128309071360700"}
{"blockNumber":19961120,"chainId":1,"poolAddress":"0x4d4140c05dfa65e3e38a7bf1bda6e5b68fbe2b80","poolType":"CURVE"}	{"lastPrice": "949082064744584200"}
{"blockNumber":19969673,"chainId":1,"poolAddress":"0xb09fc8bbdcc8dc9d8b3775132c52fcebf1c7dbb3","poolType":"CURVE"}	{"lastPrice": "948941487138291300"}
{"blockNumber":19954841,"chainId":1,"poolAddress":"0xe7ad3016d46e538c9ca87e5071c561a73ed1c98c","poolType":"CURVE"}	{"lastPrice": "875128309079646739"}
{"blockNumber":19962081,"chainId":1,"poolAddress":"0x4d4140c05dfa65e3e38a7bf1bda6e5b68fbe2b80","poolType":"CURVE"}	{"lastPrice": "949082064751710369"}
{"blockNumber":19974973,"chainId":1,"poolAddress":"0xb09fc8bbdcc8dc9d8b3775132c52fcebf1c7dbb3","poolType":"CURVE"}	{"lastPrice": "948941487138291300"}
{"blockNumber":19975352,"chainId":1,"poolAddress":"0x4d4140c05dfa65e3e38a7bf1bda6e5b68fbe2b80","poolType":"CURVE"}	{"lastPrice": "949082064753277914"}
{"blockNumber":19982832,"chainId":1,"poolAddress":"0x4d4140c05dfa65e3e38a7bf1bda6e5b68fbe2b80","poolType":"CURVE"}	{"lastPrice": "949082064753982981"}
{"blockNumber":19991501,"chainId":1,"poolAddress":"0x4d4140c05dfa65e3e38a7bf1bda6e5b68fbe2b80","poolType":"CURVE"}	{"lastPrice": "949082064753868615"}
{"blockNumber":20121123,"chainId":1,"poolAddress":"0x4d4140c05dfa65e3e38a7bf1bda6e5b68fbe2b80","poolType":"CURVE"}	{"lastPrice": "949319811011640873"}
{"blockNumber":20094324,"chainId":1,"poolAddress":"0x4d4140c05dfa65e3e38a7bf1bda6e5b68fbe2b80","poolType":"CURVE"}	{"lastPrice": "949126981284102914"}
{"blockNumber":20025792,"chainId":1,"poolAddress":"0xc6e949f57d365fb73015d21a2d1a9da93e938d52","poolType":"CURVE"}	{"lastPrice": "858461348337870399"}
{"blockNumber":20045052,"chainId":1,"poolAddress":"0xe7ad3016d46e538c9ca87e5071c561a73ed1c98c","poolType":"CURVE"}	{"lastPrice": "881466911401202965"}
{"blockNumber":20018097,"chainId":1,"poolAddress":"0xe7ad3016d46e538c9ca87e5071c561a73ed1c98c","poolType":"CURVE"}	{"lastPrice": "875128309080002264"}
{"blockNumber":20086378,"chainId":1,"poolAddress":"0xe7ad3016d46e538c9ca87e5071c561a73ed1c98c","poolType":"CURVE"}	{"lastPrice": "918959308057301687"}
{"blockNumber":19990877,"chainId":1,"poolAddress":"0xc6e949f57d365fb73015d21a2d1a9da93e938d52","poolType":"CURVE"}	{"lastPrice": "858933874095501669"}
{"blockNumber":20135551,"chainId":1,"poolAddress":"0xb09fc8bbdcc8dc9d8b3775132c52fcebf1c7dbb3","poolType":"CURVE"}	{"lastPrice": "949114554419847826"}
{"blockNumber":20027998,"chainId":1,"poolAddress":"0xb09fc8bbdcc8dc9d8b3775132c52fcebf1c7dbb3","poolType":"CURVE"}	{"lastPrice": "948963543785278724"}
{"blockNumber":20026989,"chainId":1,"poolAddress":"0xb09fc8bbdcc8dc9d8b3775132c52fcebf1c7dbb3","poolType":"CURVE"}	{"lastPrice": "949178960199427495"}
{"blockNumber":20028404,"chainId":1,"poolAddress":"0xb09fc8bbdcc8dc9d8b3775132c52fcebf1c7dbb3","poolType":"CURVE"}	{"lastPrice": "949362861636011050"}
{"blockNumber":20029807,"chainId":1,"poolAddress":"0xb09fc8bbdcc8dc9d8b3775132c52fcebf1c7dbb3","poolType":"CURVE"}	{"lastPrice": "948962832740764346"}
{"blockNumber":20032238,"chainId":1,"poolAddress":"0xb09fc8bbdcc8dc9d8b3775132c52fcebf1c7dbb3","poolType":"CURVE"}	{"lastPrice": "949415481273142995"}
{"blockNumber":20040651,"chainId":1,"poolAddress":"0xb09fc8bbdcc8dc9d8b3775132c52fcebf1c7dbb3","poolType":"CURVE"}	{"lastPrice": "949457193951329291"}
{"blockNumber":20037305,"chainId":1,"poolAddress":"0xe7ad3016d46e538c9ca87e5071c561a73ed1c98c","poolType":"CURVE"}	{"lastPrice": "875721408543676606"}
{"blockNumber":20037432,"chainId":1,"poolAddress":"0xe7ad3016d46e538c9ca87e5071c561a73ed1c98c","poolType":"CURVE"}	{"lastPrice": "875951651732267706"}
{"blockNumber":20039608,"chainId":1,"poolAddress":"0xe7ad3016d46e538c9ca87e5071c561a73ed1c98c","poolType":"CURVE"}	{"lastPrice": "876144321546680208"}
{"blockNumber":20083907,"chainId":1,"poolAddress":"0xc6e949f57d365fb73015d21a2d1a9da93e938d52","poolType":"CURVE"}	{"lastPrice": "862907155685103680"}
{"blockNumber":20082194,"chainId":1,"poolAddress":"0xc6e949f57d365fb73015d21a2d1a9da93e938d52","poolType":"CURVE"}	{"lastPrice": "861087656321131599"}
{"blockNumber":20110897,"chainId":1,"poolAddress":"0xc6e949f57d365fb73015d21a2d1a9da93e938d52","poolType":"CURVE"}	{"lastPrice": "870431045296038496"}
{"blockNumber":20099859,"chainId":1,"poolAddress":"0xc6e949f57d365fb73015d21a2d1a9da93e938d52","poolType":"CURVE"}	{"lastPrice": "864886812260707496"}
{"blockNumber":20047637,"chainId":1,"poolAddress":"0xe7ad3016d46e538c9ca87e5071c561a73ed1c98c","poolType":"CURVE"}	{"lastPrice": "901080492363060910"}
{"blockNumber":20077155,"chainId":1,"poolAddress":"0xe7ad3016d46e538c9ca87e5071c561a73ed1c98c","poolType":"CURVE"}	{"lastPrice": "901095501520843247"}
{"blockNumber":20025784,"chainId":1,"poolAddress":"0xc6e949f57d365fb73015d21a2d1a9da93e938d52","poolType":"CURVE"}	{"lastPrice": "859406596367405378"}
{"blockNumber":20138208,"chainId":1,"poolAddress":"0xe7ad3016d46e538c9ca87e5071c561a73ed1c98c","poolType":"CURVE"}	{"lastPrice": "927335045348987689"}
{"blockNumber":20109499,"chainId":1,"poolAddress":"0xe7ad3016d46e538c9ca87e5071c561a73ed1c98c","poolType":"CURVE"}	{"lastPrice": "921370982360904283"}
{"blockNumber":20077434,"chainId":1,"poolAddress":"0xe7ad3016d46e538c9ca87e5071c561a73ed1c98c","poolType":"CURVE"}	{"lastPrice": "890826665634600899"}
{"blockNumber":20094691,"chainId":1,"poolAddress":"0xc6e949f57d365fb73015d21a2d1a9da93e938d52","poolType":"CURVE"}	{"lastPrice": "862104716600030667"}
{"blockNumber":20110860,"chainId":1,"poolAddress":"0xc6e949f57d365fb73015d21a2d1a9da93e938d52","poolType":"CURVE"}	{"lastPrice": "867223488487566250"}
{"blockNumber":20099914,"chainId":1,"poolAddress":"0xc6e949f57d365fb73015d21a2d1a9da93e938d52","poolType":"CURVE"}	{"lastPrice": "863004954755697014"}
{"blockNumber":20138649,"chainId":1,"poolAddress":"0xc6e949f57d365fb73015d21a2d1a9da93e938d52","poolType":"CURVE"}	{"lastPrice": "874415724036140636"}
{"blockNumber":20132424,"chainId":1,"poolAddress":"0xb09fc8bbdcc8dc9d8b3775132c52fcebf1c7dbb3","poolType":"CURVE"}	{"lastPrice": "948399446506536054"}
{"blockNumber":20135243,"chainId":1,"poolAddress":"0xb09fc8bbdcc8dc9d8b3775132c52fcebf1c7dbb3","poolType":"CURVE"}	{"lastPrice": "948388589870702737"}
{"blockNumber":20077820,"chainId":1,"poolAddress":"0xb09fc8bbdcc8dc9d8b3775132c52fcebf1c7dbb3","poolType":"CURVE"}	{"lastPrice": "948730552555159400"}
{"blockNumber":20031537,"chainId":1,"poolAddress":"0xb09fc8bbdcc8dc9d8b3775132c52fcebf1c7dbb3","poolType":"CURVE"}	{"lastPrice": "948656130944629225"}
{"blockNumber":20079437,"chainId":1,"poolAddress":"0xb09fc8bbdcc8dc9d8b3775132c52fcebf1c7dbb3","poolType":"CURVE"}	{"lastPrice": "948884205827520829"}
{"blockNumber":20079546,"chainId":1,"poolAddress":"0xb09fc8bbdcc8dc9d8b3775132c52fcebf1c7dbb3","poolType":"CURVE"}	{"lastPrice": "948830809849917940"}
{"blockNumber":20092829,"chainId":1,"poolAddress":"0xb09fc8bbdcc8dc9d8b3775132c52fcebf1c7dbb3","poolType":"CURVE"}	{"lastPrice": "948694454223380562"}
{"blockNumber":20098585,"chainId":1,"poolAddress":"0xb09fc8bbdcc8dc9d8b3775132c52fcebf1c7dbb3","poolType":"CURVE"}	{"lastPrice": "948557204654771945"}
{"blockNumber":20102817,"chainId":1,"poolAddress":"0xb09fc8bbdcc8dc9d8b3775132c52fcebf1c7dbb3","poolType":"CURVE"}	{"lastPrice": "948397767644837329"}
{"blockNumber":20136837,"chainId":1,"poolAddress":"0xb09fc8bbdcc8dc9d8b3775132c52fcebf1c7dbb3","poolType":"CURVE"}	{"lastPrice": "948221403176277947"}
{"blockNumber":20083651,"chainId":1,"poolAddress":"0xe7ad3016d46e538c9ca87e5071c561a73ed1c98c","poolType":"CURVE"}	{"lastPrice": "913679393808788278"}
{"blockNumber":20109485,"chainId":1,"poolAddress":"0xe7ad3016d46e538c9ca87e5071c561a73ed1c98c","poolType":"CURVE"}	{"lastPrice": "923995943502089872"}
{"blockNumber":20094652,"chainId":1,"poolAddress":"0xc6e949f57d365fb73015d21a2d1a9da93e938d52","poolType":"CURVE"}	{"lastPrice": "861289576817936784"}
{"blockNumber":20101929,"chainId":1,"poolAddress":"0xe7ad3016d46e538c9ca87e5071c561a73ed1c98c","poolType":"CURVE"}	{"lastPrice": "921641657549076977"}
{"blockNumber":20101936,"chainId":1,"poolAddress":"0xc6e949f57d365fb73015d21a2d1a9da93e938d52","poolType":"CURVE"}	{"lastPrice": "861305251911871058"}
{"blockNumber":20125032,"chainId":1,"poolAddress":"0xe7ad3016d46e538c9ca87e5071c561a73ed1c98c","poolType":"CURVE"}	{"lastPrice": "927267608013865545"}
{"blockNumber":20135468,"chainId":1,"poolAddress":"0xe7ad3016d46e538c9ca87e5071c561a73ed1c98c","poolType":"CURVE"}	{"lastPrice": "926381529887492788"}
{"blockNumber":20135522,"chainId":1,"poolAddress":"0xc6e949f57d365fb73015d21a2d1a9da93e938d52","poolType":"CURVE"}	{"lastPrice": "875377916832395435"}
{"blockNumber":20125451,"chainId":1,"poolAddress":"0xc6e949f57d365fb73015d21a2d1a9da93e938d52","poolType":"CURVE"}	{"lastPrice": "875377916832395435"}
{"blockNumber":20110835,"chainId":1,"poolAddress":"0xc6e949f57d365fb73015d21a2d1a9da93e938d52","poolType":"CURVE"}	{"lastPrice": "869383020659296986"}
{"blockNumber":20099838,"chainId":1,"poolAddress":"0xc6e949f57d365fb73015d21a2d1a9da93e938d52","poolType":"CURVE"}	{"lastPrice": "862104716600030667"}
{"blockNumber":20138592,"chainId":1,"poolAddress":"0xc6e949f57d365fb73015d21a2d1a9da93e938d52","poolType":"CURVE"}	{"lastPrice": "875377916832395435"}
{"blockNumber":20083891,"chainId":1,"poolAddress":"0xc6e949f57d365fb73015d21a2d1a9da93e938d52","poolType":"CURVE"}	{"lastPrice": "860013333724705756"}
{"blockNumber":20088139,"chainId":1,"poolAddress":"0xc6e949f57d365fb73015d21a2d1a9da93e938d52","poolType":"CURVE"}	{"lastPrice": "861050258926843616"}
{"blockNumber":20093618,"chainId":1,"poolAddress":"0xc6e949f57d365fb73015d21a2d1a9da93e938d52","poolType":"CURVE"}	{"lastPrice": "861289576817936784"}
{"blockNumber":19990586,"chainId":1,"poolAddress":"0x4d4140c05dfa65e3e38a7bf1bda6e5b68fbe2b80","poolType":"CURVE"}	{"lastPrice": "949082064753982981"}
{"blockNumber":20057608,"chainId":1,"poolAddress":"0x4d4140c05dfa65e3e38a7bf1bda6e5b68fbe2b80","poolType":"CURVE"}	{"lastPrice": "949347726321236304"}
{"blockNumber":20057820,"chainId":1,"poolAddress":"0x4d4140c05dfa65e3e38a7bf1bda6e5b68fbe2b80","poolType":"CURVE"}	{"lastPrice": "949294200894414976"}
{"blockNumber":20067171,"chainId":1,"poolAddress":"0x4d4140c05dfa65e3e38a7bf1bda6e5b68fbe2b80","poolType":"CURVE"}	{"lastPrice": "949332356922044078"}
{"blockNumber":20085414,"chainId":1,"poolAddress":"0x4d4140c05dfa65e3e38a7bf1bda6e5b68fbe2b80","poolType":"CURVE"}	{"lastPrice": "949285813758262109"}
{"blockNumber":20135158,"chainId":1,"poolAddress":"0x4d4140c05dfa65e3e38a7bf1bda6e5b68fbe2b80","poolType":"CURVE"}	{"lastPrice": "949706012407523249"}
{"blockNumber":20093216,"chainId":1,"poolAddress":"0x4d4140c05dfa65e3e38a7bf1bda6e5b68fbe2b80","poolType":"CURVE"}	{"lastPrice": "949325890737135250"}
{"blockNumber":20096053,"chainId":1,"poolAddress":"0x4d4140c05dfa65e3e38a7bf1bda6e5b68fbe2b80","poolType":"CURVE"}	{"lastPrice": "949443654605750702"}
{"blockNumber":20117877,"chainId":1,"poolAddress":"0x4d4140c05dfa65e3e38a7bf1bda6e5b68fbe2b80","poolType":"CURVE"}	{"lastPrice": "949569448217498935"}
{"blockNumber":20100186,"chainId":1,"poolAddress":"0x4d4140c05dfa65e3e38a7bf1bda6e5b68fbe2b80","poolType":"CURVE"}	{"lastPrice": "949437524072983564"}
{"blockNumber":20102866,"chainId":1,"poolAddress":"0x4d4140c05dfa65e3e38a7bf1bda6e5b68fbe2b80","poolType":"CURVE"}	{"lastPrice": "949509380889750254"}
{"blockNumber":20110304,"chainId":1,"poolAddress":"0x4d4140c05dfa65e3e38a7bf1bda6e5b68fbe2b80","poolType":"CURVE"}	{"lastPrice": "949624514973380267"}
{"blockNumber":20058483,"chainId":1,"poolAddress":"0x4d4140c05dfa65e3e38a7bf1bda6e5b68fbe2b80","poolType":"CURVE"}	{"lastPrice": "948820454619383217"}
{"blockNumber":20065844,"chainId":1,"poolAddress":"0x4d4140c05dfa65e3e38a7bf1bda6e5b68fbe2b80","poolType":"CURVE"}	{"lastPrice": "948861665740760076"}
{"blockNumber":20041953,"chainId":1,"poolAddress":"0x4d4140c05dfa65e3e38a7bf1bda6e5b68fbe2b80","poolType":"CURVE"}	{"lastPrice": "948815557114403378"}
{"blockNumber":20108209,"chainId":1,"poolAddress":"0x4d4140c05dfa65e3e38a7bf1bda6e5b68fbe2b80","poolType":"CURVE"}	{"lastPrice": "948968519384570762"}
{"blockNumber":20031244,"chainId":1,"poolAddress":"0xc9f39993cf05f7442dd56ac2b87484c051ffdb5a","poolType":"CURVE"}	{"lastPrice": "861375339426699100"}
{"blockNumber":20076779,"chainId":1,"poolAddress":"0xc63dff67fe1b63004ab6c773022ba06847c11335","poolType":"CURVE"}	{"lastPrice": "621615433601201400"}
{"blockNumber":20112870,"chainId":1,"poolAddress":"0xf3749a2bef435535200c378298b78f34dcac0fc9","poolType":"CURVE"}	{"lastPrice": "880380090346288391"}
{"blockNumber":20118238,"chainId":1,"poolAddress":"0xbce4e65b4a68ac2095c7747992250d2075d82edc","poolType":"CURVE"}	{"lastPrice": "912839654342362694"}
{"blockNumber":20125962,"chainId":1,"poolAddress":"0x0b036d098cb2a2cce97cddc6187bcadaeb2f8075","poolType":"CURVE"}	{"lastPrice": "1095811574725210180"}
{"blockNumber":20127857,"chainId":1,"poolAddress":"0x1c379572160a80975fa1dad8e491ff485611c8f6","poolType":"CURVE"}	{"lastPrice": "935880084633690212"}
{"blockNumber":20082709,"chainId":1,"poolAddress":"0xe7ad3016d46e538c9ca87e5071c561a73ed1c98c","poolType":"CURVE"}	{"lastPrice": "888221363841443882"}
{"blockNumber":20031689,"chainId":1,"poolAddress":"0xe7ad3016d46e538c9ca87e5071c561a73ed1c98c","poolType":"CURVE"}	{"lastPrice": "875128309080171440"}
{"blockNumber":20087187,"chainId":1,"poolAddress":"0xe7ad3016d46e538c9ca87e5071c561a73ed1c98c","poolType":"CURVE"}	{"lastPrice": "918959308057269926"}
{"blockNumber":20103549,"chainId":1,"poolAddress":"0xe7ad3016d46e538c9ca87e5071c561a73ed1c98c","poolType":"CURVE"}	{"lastPrice": "923536049327412801"}
{"blockNumber":20081696,"chainId":1,"poolAddress":"0xe7ad3016d46e538c9ca87e5071c561a73ed1c98c","poolType":"CURVE"}	{"lastPrice": "888221363841447540"}
{"blockNumber":20082009,"chainId":1,"poolAddress":"0xe7ad3016d46e538c9ca87e5071c561a73ed1c98c","poolType":"CURVE"}	{"lastPrice": "888221363841602136"}
{"blockNumber":20082634,"chainId":1,"poolAddress":"0xe7ad3016d46e538c9ca87e5071c561a73ed1c98c","poolType":"CURVE"}	{"lastPrice": "888221363841413672"}
{"blockNumber":20082776,"chainId":1,"poolAddress":"0xe7ad3016d46e538c9ca87e5071c561a73ed1c98c","poolType":"CURVE"}	{"lastPrice": "888221363841458827"}
{"blockNumber":20082811,"chainId":1,"poolAddress":"0xe7ad3016d46e538c9ca87e5071c561a73ed1c98c","poolType":"CURVE"}	{"lastPrice": "888221363841459441"}
{"blockNumber":20083000,"chainId":1,"poolAddress":"0xe7ad3016d46e538c9ca87e5071c561a73ed1c98c","poolType":"CURVE"}	{"lastPrice": "888221363841450688"}
{"blockNumber":20083180,"chainId":1,"poolAddress":"0xe7ad3016d46e538c9ca87e5071c561a73ed1c98c","poolType":"CURVE"}	{"lastPrice": "888221363841549424"}
{"blockNumber":20083199,"chainId":1,"poolAddress":"0xe7ad3016d46e538c9ca87e5071c561a73ed1c98c","poolType":"CURVE"}	{"lastPrice": "888221363841474604"}
{"blockNumber":20083207,"chainId":1,"poolAddress":"0xe7ad3016d46e538c9ca87e5071c561a73ed1c98c","poolType":"CURVE"}	{"lastPrice": "894641150547989424"}
{"blockNumber":20083328,"chainId":1,"poolAddress":"0xe7ad3016d46e538c9ca87e5071c561a73ed1c98c","poolType":"CURVE"}	{"lastPrice": "897829925485751623"}
{"blockNumber":20083615,"chainId":1,"poolAddress":"0xe7ad3016d46e538c9ca87e5071c561a73ed1c98c","poolType":"CURVE"}	{"lastPrice": "913679393808788278"}
{"blockNumber":20084149,"chainId":1,"poolAddress":"0xe7ad3016d46e538c9ca87e5071c561a73ed1c98c","poolType":"CURVE"}	{"lastPrice": "913679393808782218"}
{"blockNumber":20084202,"chainId":1,"poolAddress":"0xe7ad3016d46e538c9ca87e5071c561a73ed1c98c","poolType":"CURVE"}	{"lastPrice": "913679393808830836"}
{"blockNumber":20084447,"chainId":1,"poolAddress":"0xe7ad3016d46e538c9ca87e5071c561a73ed1c98c","poolType":"CURVE"}	{"lastPrice": "913679393808813798"}
{"blockNumber":20084787,"chainId":1,"poolAddress":"0xe7ad3016d46e538c9ca87e5071c561a73ed1c98c","poolType":"CURVE"}	{"lastPrice": "913679393808785976"}
{"blockNumber":20084891,"chainId":1,"poolAddress":"0xe7ad3016d46e538c9ca87e5071c561a73ed1c98c","poolType":"CURVE"}	{"lastPrice": "913679393808697972"}
{"blockNumber":20113818,"chainId":1,"poolAddress":"0xe7ad3016d46e538c9ca87e5071c561a73ed1c98c","poolType":"CURVE"}	{"lastPrice": "922811347296675590"}
{"blockNumber":20084991,"chainId":1,"poolAddress":"0xe7ad3016d46e538c9ca87e5071c561a73ed1c98c","poolType":"CURVE"}	{"lastPrice": "918962026936788653"}
{"blockNumber":20085332,"chainId":1,"poolAddress":"0xe7ad3016d46e538c9ca87e5071c561a73ed1c98c","poolType":"CURVE"}	{"lastPrice": "918959308057234497"}
{"blockNumber":20086806,"chainId":1,"poolAddress":"0xe7ad3016d46e538c9ca87e5071c561a73ed1c98c","poolType":"CURVE"}	{"lastPrice": "918959308057304146"}
{"blockNumber":20086830,"chainId":1,"poolAddress":"0xe7ad3016d46e538c9ca87e5071c561a73ed1c98c","poolType":"CURVE"}	{"lastPrice": "918959308057260080"}
{"blockNumber":20087781,"chainId":1,"poolAddress":"0xe7ad3016d46e538c9ca87e5071c561a73ed1c98c","poolType":"CURVE"}	{"lastPrice": "918959308057332217"}
{"blockNumber":20089601,"chainId":1,"poolAddress":"0xe7ad3016d46e538c9ca87e5071c561a73ed1c98c","poolType":"CURVE"}	{"lastPrice": "918959308057350779"}
{"blockNumber":20092483,"chainId":1,"poolAddress":"0xe7ad3016d46e538c9ca87e5071c561a73ed1c98c","poolType":"CURVE"}	{"lastPrice": "922594911941851442"}
{"blockNumber":20093045,"chainId":1,"poolAddress":"0xe7ad3016d46e538c9ca87e5071c561a73ed1c98c","poolType":"CURVE"}	{"lastPrice": "920630495714951375"}
{"blockNumber":20112037,"chainId":1,"poolAddress":"0xe7ad3016d46e538c9ca87e5071c561a73ed1c98c","poolType":"CURVE"}	{"lastPrice": "920795736800646403"}
{"blockNumber":20098155,"chainId":1,"poolAddress":"0xe7ad3016d46e538c9ca87e5071c561a73ed1c98c","poolType":"CURVE"}	{"lastPrice": "925497144517511720"}
{"blockNumber":20098314,"chainId":1,"poolAddress":"0xe7ad3016d46e538c9ca87e5071c561a73ed1c98c","poolType":"CURVE"}	{"lastPrice": "925497144517616047"}
{"blockNumber":20105243,"chainId":1,"poolAddress":"0xe7ad3016d46e538c9ca87e5071c561a73ed1c98c","poolType":"CURVE"}	{"lastPrice": "926656781630808085"}
{"blockNumber":20113005,"chainId":1,"poolAddress":"0xe7ad3016d46e538c9ca87e5071c561a73ed1c98c","poolType":"CURVE"}	{"lastPrice": "924636455500935258"}
{"blockNumber":20107128,"chainId":1,"poolAddress":"0xe7ad3016d46e538c9ca87e5071c561a73ed1c98c","poolType":"CURVE"}	{"lastPrice": "923995943502089872"}
{"blockNumber":20110529,"chainId":1,"poolAddress":"0xe7ad3016d46e538c9ca87e5071c561a73ed1c98c","poolType":"CURVE"}	{"lastPrice": "920795736800510892"}
{"blockNumber":20113738,"chainId":1,"poolAddress":"0xe7ad3016d46e538c9ca87e5071c561a73ed1c98c","poolType":"CURVE"}	{"lastPrice": "922811347296717769"}
{"blockNumber":20109751,"chainId":1,"poolAddress":"0xe7ad3016d46e538c9ca87e5071c561a73ed1c98c","poolType":"CURVE"}	{"lastPrice": "923547231946177100"}
{"blockNumber":20115898,"chainId":1,"poolAddress":"0xe7ad3016d46e538c9ca87e5071c561a73ed1c98c","poolType":"CURVE"}	{"lastPrice": "929536045063429672"}
{"blockNumber":20120738,"chainId":1,"poolAddress":"0xe7ad3016d46e538c9ca87e5071c561a73ed1c98c","poolType":"CURVE"}	{"lastPrice": "930717668957855271"}
{"blockNumber":20103050,"chainId":1,"poolAddress":"0xb09fc8bbdcc8dc9d8b3775132c52fcebf1c7dbb3","poolType":"CURVE"}	{"lastPrice": "948857019150349854"}
{"blockNumber":20098166,"chainId":1,"poolAddress":"0xb09fc8bbdcc8dc9d8b3775132c52fcebf1c7dbb3","poolType":"CURVE"}	{"lastPrice": "949107213668081720"}
{"blockNumber":20085498,"chainId":1,"poolAddress":"0xb09fc8bbdcc8dc9d8b3775132c52fcebf1c7dbb3","poolType":"CURVE"}	{"lastPrice": "949307503570317195"}
{"blockNumber":20103256,"chainId":1,"poolAddress":"0xb09fc8bbdcc8dc9d8b3775132c52fcebf1c7dbb3","poolType":"CURVE"}	{"lastPrice": "949144377321084303"}
{"blockNumber":20089606,"chainId":1,"poolAddress":"0xb09fc8bbdcc8dc9d8b3775132c52fcebf1c7dbb3","poolType":"CURVE"}	{"lastPrice": "949094104334368356"}
{"blockNumber":20018948,"chainId":1,"poolAddress":"0xb09fc8bbdcc8dc9d8b3775132c52fcebf1c7dbb3","poolType":"CURVE"}	{"lastPrice": "948941487144101850"}
{"blockNumber":20027034,"chainId":1,"poolAddress":"0xb09fc8bbdcc8dc9d8b3775132c52fcebf1c7dbb3","poolType":"CURVE"}	{"lastPrice": "948941499692661890"}
{"blockNumber":20135250,"chainId":1,"poolAddress":"0xb09fc8bbdcc8dc9d8b3775132c52fcebf1c7dbb3","poolType":"CURVE"}	{"lastPrice": "948740277969484414"}
{"blockNumber":20035995,"chainId":1,"poolAddress":"0xb09fc8bbdcc8dc9d8b3775132c52fcebf1c7dbb3","poolType":"CURVE"}	{"lastPrice": "949403634427702055"}
{"blockNumber":20082958,"chainId":1,"poolAddress":"0xb09fc8bbdcc8dc9d8b3775132c52fcebf1c7dbb3","poolType":"CURVE"}	{"lastPrice": "949044505666471859"}
{"blockNumber":20083126,"chainId":1,"poolAddress":"0xb09fc8bbdcc8dc9d8b3775132c52fcebf1c7dbb3","poolType":"CURVE"}	{"lastPrice": "949252236184477186"}
{"blockNumber":20083288,"chainId":1,"poolAddress":"0xb09fc8bbdcc8dc9d8b3775132c52fcebf1c7dbb3","poolType":"CURVE"}	{"lastPrice": "949007174182414679"}
{"blockNumber":20111169,"chainId":1,"poolAddress":"0xb09fc8bbdcc8dc9d8b3775132c52fcebf1c7dbb3","poolType":"CURVE"}	{"lastPrice": "948812441896882664"}
{"blockNumber":20085762,"chainId":1,"poolAddress":"0xb09fc8bbdcc8dc9d8b3775132c52fcebf1c7dbb3","poolType":"CURVE"}	{"lastPrice": "949042602672765000"}
{"blockNumber":20092615,"chainId":1,"poolAddress":"0xb09fc8bbdcc8dc9d8b3775132c52fcebf1c7dbb3","poolType":"CURVE"}	{"lastPrice": "949083808696388006"}
{"blockNumber":20092791,"chainId":1,"poolAddress":"0xb09fc8bbdcc8dc9d8b3775132c52fcebf1c7dbb3","poolType":"CURVE"}	{"lastPrice": "949359590495524450"}
{"blockNumber":20098405,"chainId":1,"poolAddress":"0xb09fc8bbdcc8dc9d8b3775132c52fcebf1c7dbb3","poolType":"CURVE"}	{"lastPrice": "949023977989884361"}
{"blockNumber":20119122,"chainId":1,"poolAddress":"0xb09fc8bbdcc8dc9d8b3775132c52fcebf1c7dbb3","poolType":"CURVE"}	{"lastPrice": "948879155522524489"}
{"blockNumber":20100116,"chainId":1,"poolAddress":"0xb09fc8bbdcc8dc9d8b3775132c52fcebf1c7dbb3","poolType":"CURVE"}	{"lastPrice": "948949837663089562"}
{"blockNumber":20104406,"chainId":1,"poolAddress":"0xb09fc8bbdcc8dc9d8b3775132c52fcebf1c7dbb3","poolType":"CURVE"}	{"lastPrice": "948767863180339894"}
{"blockNumber":20109225,"chainId":1,"poolAddress":"0xb09fc8bbdcc8dc9d8b3775132c52fcebf1c7dbb3","poolType":"CURVE"}	{"lastPrice": "948829788679578669"}
{"blockNumber":20109700,"chainId":1,"poolAddress":"0xb09fc8bbdcc8dc9d8b3775132c52fcebf1c7dbb3","poolType":"CURVE"}	{"lastPrice": "949196314756723891"}
{"blockNumber":20081651,"chainId":1,"poolAddress":"0xc6e949f57d365fb73015d21a2d1a9da93e938d52","poolType":"CURVE"}	{"lastPrice": "858866598795168893"}
{"blockNumber":20083336,"chainId":1,"poolAddress":"0xc6e949f57d365fb73015d21a2d1a9da93e938d52","poolType":"CURVE"}	{"lastPrice": "863293927232689677"}
{"blockNumber":20084164,"chainId":1,"poolAddress":"0xc6e949f57d365fb73015d21a2d1a9da93e938d52","poolType":"CURVE"}	{"lastPrice": "862312252023055217"}
{"blockNumber":20091064,"chainId":1,"poolAddress":"0xc6e949f57d365fb73015d21a2d1a9da93e938d52","poolType":"CURVE"}	{"lastPrice": "864898846814455594"}
{"blockNumber":20093092,"chainId":1,"poolAddress":"0xc6e949f57d365fb73015d21a2d1a9da93e938d52","poolType":"CURVE"}	{"lastPrice": "863158017001941452"}
{"blockNumber":20078434,"chainId":1,"poolAddress":"0xc6e949f57d365fb73015d21a2d1a9da93e938d52","poolType":"CURVE"}	{"lastPrice": "858943791894764701"}
{"blockNumber":20082555,"chainId":1,"poolAddress":"0xc6e949f57d365fb73015d21a2d1a9da93e938d52","poolType":"CURVE"}	{"lastPrice": "861129877787489486"}
{"blockNumber":20084559,"chainId":1,"poolAddress":"0xc6e949f57d365fb73015d21a2d1a9da93e938d52","poolType":"CURVE"}	{"lastPrice": "862312252023025872"}
{"blockNumber":20125020,"chainId":1,"poolAddress":"0xc6e949f57d365fb73015d21a2d1a9da93e938d52","poolType":"CURVE"}	{"lastPrice": "875377916832395435"}
{"blockNumber":20081712,"chainId":1,"poolAddress":"0xc6e949f57d365fb73015d21a2d1a9da93e938d52","poolType":"CURVE"}	{"lastPrice": "858861875051830349"}
{"blockNumber":20018086,"chainId":1,"poolAddress":"0xc6e949f57d365fb73015d21a2d1a9da93e938d52","poolType":"CURVE"}	{"lastPrice": "858933874095054843"}
{"blockNumber":20081718,"chainId":1,"poolAddress":"0xc6e949f57d365fb73015d21a2d1a9da93e938d52","poolType":"CURVE"}	{"lastPrice": "858861875052301180"}
{"blockNumber":20081050,"chainId":1,"poolAddress":"0xc6e949f57d365fb73015d21a2d1a9da93e938d52","poolType":"CURVE"}	{"lastPrice": "858847302268000343"}
{"blockNumber":20081885,"chainId":1,"poolAddress":"0xc6e949f57d365fb73015d21a2d1a9da93e938d52","poolType":"CURVE"}	{"lastPrice": "858861875052403309"}
{"blockNumber":20082014,"chainId":1,"poolAddress":"0xc6e949f57d365fb73015d21a2d1a9da93e938d52","poolType":"CURVE"}	{"lastPrice": "859744721350057130"}
{"blockNumber":20082041,"chainId":1,"poolAddress":"0xc6e949f57d365fb73015d21a2d1a9da93e938d52","poolType":"CURVE"}	{"lastPrice": "860138258763664380"}
{"blockNumber":20082160,"chainId":1,"poolAddress":"0xc6e949f57d365fb73015d21a2d1a9da93e938d52","poolType":"CURVE"}	{"lastPrice": "859442542258359674"}
{"blockNumber":20082207,"chainId":1,"poolAddress":"0xc6e949f57d365fb73015d21a2d1a9da93e938d52","poolType":"CURVE"}	{"lastPrice": "860986770918901335"}
{"blockNumber":20082399,"chainId":1,"poolAddress":"0xc6e949f57d365fb73015d21a2d1a9da93e938d52","poolType":"CURVE"}	{"lastPrice": "861129877787344421"}
{"blockNumber":20082966,"chainId":1,"poolAddress":"0xc6e949f57d365fb73015d21a2d1a9da93e938d52","poolType":"CURVE"}	{"lastPrice": "861129877787441783"}
{"blockNumber":20082987,"chainId":1,"poolAddress":"0xc6e949f57d365fb73015d21a2d1a9da93e938d52","poolType":"CURVE"}	{"lastPrice": "862888510839761793"}
{"blockNumber":20083077,"chainId":1,"poolAddress":"0xc6e949f57d365fb73015d21a2d1a9da93e938d52","poolType":"CURVE"}	{"lastPrice": "861214446377919468"}
{"blockNumber":20083672,"chainId":1,"poolAddress":"0xc6e949f57d365fb73015d21a2d1a9da93e938d52","poolType":"CURVE"}	{"lastPrice": "863786795127210084"}
{"blockNumber":20084221,"chainId":1,"poolAddress":"0xc6e949f57d365fb73015d21a2d1a9da93e938d52","poolType":"CURVE"}	{"lastPrice": "862312252023005994"}
{"blockNumber":20111204,"chainId":1,"poolAddress":"0xc6e949f57d365fb73015d21a2d1a9da93e938d52","poolType":"CURVE"}	{"lastPrice": "875377916832402176"}
{"blockNumber":20085496,"chainId":1,"poolAddress":"0xc6e949f57d365fb73015d21a2d1a9da93e938d52","poolType":"CURVE"}	{"lastPrice": "862889998161867103"}
{"blockNumber":20089705,"chainId":1,"poolAddress":"0xc6e949f57d365fb73015d21a2d1a9da93e938d52","poolType":"CURVE"}	{"lastPrice": "864756488100471060"}
{"blockNumber":20103337,"chainId":1,"poolAddress":"0xc6e949f57d365fb73015d21a2d1a9da93e938d52","poolType":"CURVE"}	{"lastPrice": "865405142224747639"}
{"blockNumber":20103483,"chainId":1,"poolAddress":"0xc6e949f57d365fb73015d21a2d1a9da93e938d52","poolType":"CURVE"}	{"lastPrice": "869383020659296986"}
{"blockNumber":20113733,"chainId":1,"poolAddress":"0xc6e949f57d365fb73015d21a2d1a9da93e938d52","poolType":"CURVE"}	{"lastPrice": "875377916832466359"}
{"blockNumber":20117236,"chainId":1,"poolAddress":"0xc6e949f57d365fb73015d21a2d1a9da93e938d52","poolType":"CURVE"}	{"lastPrice": "875377916832431343"}
{"blockNumber":20117835,"chainId":1,"poolAddress":"0xc6e949f57d365fb73015d21a2d1a9da93e938d52","poolType":"CURVE"}	{"lastPrice": "875377916832473751"}
{"blockNumber":20124696,"chainId":1,"poolAddress":"0xc6e949f57d365fb73015d21a2d1a9da93e938d52","poolType":"CURVE"}	{"lastPrice": "875377916832499869"}
{"blockNumber":20037294,"chainId":1,"poolAddress":"0xe7ad3016d46e538c9ca87e5071c561a73ed1c98c","poolType":"CURVE"}	{"lastPrice": "875128309079331417"}
{"blockNumber":20037421,"chainId":1,"poolAddress":"0xe7ad3016d46e538c9ca87e5071c561a73ed1c98c","poolType":"CURVE"}	{"lastPrice": "875129646574952617"}
{"blockNumber":20097831,"chainId":1,"poolAddress":"0xe7ad3016d46e538c9ca87e5071c561a73ed1c98c","poolType":"CURVE"}	{"lastPrice": "925497144517613071"}
{"blockNumber":20078412,"chainId":1,"poolAddress":"0xe7ad3016d46e538c9ca87e5071c561a73ed1c98c","poolType":"CURVE"}	{"lastPrice": "888687113742822185"}
{"blockNumber":20085802,"chainId":1,"poolAddress":"0xe7ad3016d46e538c9ca87e5071c561a73ed1c98c","poolType":"CURVE"}	{"lastPrice": "918959308057349029"}
{"blockNumber":20083448,"chainId":1,"poolAddress":"0xe7ad3016d46e538c9ca87e5071c561a73ed1c98c","poolType":"CURVE"}	{"lastPrice": "907380773589026578"}
{"blockNumber":20083677,"chainId":1,"poolAddress":"0xe7ad3016d46e538c9ca87e5071c561a73ed1c98c","poolType":"CURVE"}	{"lastPrice": "913679393808701632"}
{"blockNumber":20084135,"chainId":1,"poolAddress":"0xe7ad3016d46e538c9ca87e5071c561a73ed1c98c","poolType":"CURVE"}	{"lastPrice": "913679393808780007"}
{"blockNumber":20124020,"chainId":1,"poolAddress":"0xe7ad3016d46e538c9ca87e5071c561a73ed1c98c","poolType":"CURVE"}	{"lastPrice": "930717668957881905"}
{"blockNumber":20092938,"chainId":1,"poolAddress":"0xe7ad3016d46e538c9ca87e5071c561a73ed1c98c","poolType":"CURVE"}	{"lastPrice": "920630495714957439"}
{"blockNumber":20096377,"chainId":1,"poolAddress":"0xe7ad3016d46e538c9ca87e5071c561a73ed1c98c","poolType":"CURVE"}	{"lastPrice": "925858252521788819"}
{"blockNumber":20037351,"chainId":1,"poolAddress":"0xc9f39993cf05f7442dd56ac2b87484c051ffdb5a","poolType":"CURVE"}	{"lastPrice": "861375339446484610"}
{"blockNumber":20081722,"chainId":1,"poolAddress":"0xc63dff67fe1b63004ab6c773022ba06847c11335","poolType":"CURVE"}	{"lastPrice": "621615433615203766"}
{"blockNumber":20083940,"chainId":1,"poolAddress":"0xc9f39993cf05f7442dd56ac2b87484c051ffdb5a","poolType":"CURVE"}	{"lastPrice": "861375339446231227"}
{"blockNumber":20084300,"chainId":1,"poolAddress":"0xc9f39993cf05f7442dd56ac2b87484c051ffdb5a","poolType":"CURVE"}	{"lastPrice": "862015920474887943"}
{"blockNumber":20084354,"chainId":1,"poolAddress":"0xc9f39993cf05f7442dd56ac2b87484c051ffdb5a","poolType":"CURVE"}	{"lastPrice": "861815179010946661"}
{"blockNumber":20084465,"chainId":1,"poolAddress":"0xc9f39993cf05f7442dd56ac2b87484c051ffdb5a","poolType":"CURVE"}	{"lastPrice": "861882587482554111"}
{"blockNumber":20084540,"chainId":1,"poolAddress":"0xc9f39993cf05f7442dd56ac2b87484c051ffdb5a","poolType":"CURVE"}	{"lastPrice": "861951770155056812"}
{"blockNumber":20084547,"chainId":1,"poolAddress":"0xc9f39993cf05f7442dd56ac2b87484c051ffdb5a","poolType":"CURVE"}	{"lastPrice": "862018446289592023"}
{"blockNumber":20084550,"chainId":1,"poolAddress":"0xc9f39993cf05f7442dd56ac2b87484c051ffdb5a","poolType":"CURVE"}	{"lastPrice": "862073611403668720"}
{"blockNumber":20084688,"chainId":1,"poolAddress":"0xc9f39993cf05f7442dd56ac2b87484c051ffdb5a","poolType":"CURVE"}	{"lastPrice": "862119008864734472"}
{"blockNumber":20084925,"chainId":1,"poolAddress":"0xc9f39993cf05f7442dd56ac2b87484c051ffdb5a","poolType":"CURVE"}	{"lastPrice": "862190230992137731"}
{"blockNumber":20085002,"chainId":1,"poolAddress":"0xc9f39993cf05f7442dd56ac2b87484c051ffdb5a","poolType":"CURVE"}	{"lastPrice": "862261381314877450"}
{"blockNumber":20085283,"chainId":1,"poolAddress":"0xc9f39993cf05f7442dd56ac2b87484c051ffdb5a","poolType":"CURVE"}	{"lastPrice": "862328015572743956"}
{"blockNumber":20086114,"chainId":1,"poolAddress":"0xc9f39993cf05f7442dd56ac2b87484c051ffdb5a","poolType":"CURVE"}	{"lastPrice": "862399863616894880"}
{"blockNumber":20086584,"chainId":1,"poolAddress":"0xc9f39993cf05f7442dd56ac2b87484c051ffdb5a","poolType":"CURVE"}	{"lastPrice": "862470869327170005"}
{"blockNumber":20087061,"chainId":1,"poolAddress":"0xc9f39993cf05f7442dd56ac2b87484c051ffdb5a","poolType":"CURVE"}	{"lastPrice": "862541832214662484"}
{"blockNumber":20087646,"chainId":1,"poolAddress":"0xc9f39993cf05f7442dd56ac2b87484c051ffdb5a","poolType":"CURVE"}	{"lastPrice": "862612614120403467"}
{"blockNumber":20087886,"chainId":1,"poolAddress":"0xc63dff67fe1b63004ab6c773022ba06847c11335","poolType":"CURVE"}	{"lastPrice": "622359504034598969"}
{"blockNumber":20088800,"chainId":1,"poolAddress":"0xc9f39993cf05f7442dd56ac2b87484c051ffdb5a","poolType":"CURVE"}	{"lastPrice": "863538957186822941"}
{"blockNumber":20089804,"chainId":1,"poolAddress":"0xc9f39993cf05f7442dd56ac2b87484c051ffdb5a","poolType":"CURVE"}	{"lastPrice": "865892278043959453"}
{"blockNumber":20091221,"chainId":1,"poolAddress":"0xc9f39993cf05f7442dd56ac2b87484c051ffdb5a","poolType":"CURVE"}	{"lastPrice": "867932052519281934"}
{"blockNumber":20092378,"chainId":1,"poolAddress":"0xc9f39993cf05f7442dd56ac2b87484c051ffdb5a","poolType":"CURVE"}	{"lastPrice": "869239417056787965"}
{"blockNumber":20092429,"chainId":1,"poolAddress":"0xc9f39993cf05f7442dd56ac2b87484c051ffdb5a","poolType":"CURVE"}	{"lastPrice": "942263628629929581"}
{"blockNumber":20093631,"chainId":1,"poolAddress":"0xc9f39993cf05f7442dd56ac2b87484c051ffdb5a","poolType":"CURVE"}	{"lastPrice": "1062080674297951632"}
{"blockNumber":20094001,"chainId":1,"poolAddress":"0xc9f39993cf05f7442dd56ac2b87484c051ffdb5a","poolType":"CURVE"}	{"lastPrice": "1062080674297951632"}
{"blockNumber":20094035,"chainId":1,"poolAddress":"0xc9f39993cf05f7442dd56ac2b87484c051ffdb5a","poolType":"CURVE"}	{"lastPrice": "971297286822211803"}
{"blockNumber":20094062,"chainId":1,"poolAddress":"0xc9f39993cf05f7442dd56ac2b87484c051ffdb5a","poolType":"CURVE"}	{"lastPrice": "918950972017847782"}
{"blockNumber":20094075,"chainId":1,"poolAddress":"0xc9f39993cf05f7442dd56ac2b87484c051ffdb5a","poolType":"CURVE"}	{"lastPrice": "918950972017847782"}
{"blockNumber":20094116,"chainId":1,"poolAddress":"0xc9f39993cf05f7442dd56ac2b87484c051ffdb5a","poolType":"CURVE"}	{"lastPrice": "901638137568688071"}
{"blockNumber":20094152,"chainId":1,"poolAddress":"0xc9f39993cf05f7442dd56ac2b87484c051ffdb5a","poolType":"CURVE"}	{"lastPrice": "888500158631529257"}
{"blockNumber":20094162,"chainId":1,"poolAddress":"0xc9f39993cf05f7442dd56ac2b87484c051ffdb5a","poolType":"CURVE"}	{"lastPrice": "888500158631896729"}
{"blockNumber":20094174,"chainId":1,"poolAddress":"0xc9f39993cf05f7442dd56ac2b87484c051ffdb5a","poolType":"CURVE"}	{"lastPrice": "888500158631520473"}
{"blockNumber":20096644,"chainId":1,"poolAddress":"0xc63dff67fe1b63004ab6c773022ba06847c11335","poolType":"CURVE"}	{"lastPrice": "621631686298895274"}
{"blockNumber":20097582,"chainId":1,"poolAddress":"0xc9f39993cf05f7442dd56ac2b87484c051ffdb5a","poolType":"CURVE"}	{"lastPrice": "888500158631781266"}
{"blockNumber":20097648,"chainId":1,"poolAddress":"0xc9f39993cf05f7442dd56ac2b87484c051ffdb5a","poolType":"CURVE"}	{"lastPrice": "888500158631515195"}
{"blockNumber":20097716,"chainId":1,"poolAddress":"0xc9f39993cf05f7442dd56ac2b87484c051ffdb5a","poolType":"CURVE"}	{"lastPrice": "888500158631635407"}
{"blockNumber":20099945,"chainId":1,"poolAddress":"0xc9f39993cf05f7442dd56ac2b87484c051ffdb5a","poolType":"CURVE"}	{"lastPrice": "888500158631635407"}
{"blockNumber":20099970,"chainId":1,"poolAddress":"0xc9f39993cf05f7442dd56ac2b87484c051ffdb5a","poolType":"CURVE"}	{"lastPrice": "868865886888581003"}
{"blockNumber":20099978,"chainId":1,"poolAddress":"0xc9f39993cf05f7442dd56ac2b87484c051ffdb5a","poolType":"CURVE"}	{"lastPrice": "871436933915631046"}
{"blockNumber":20102271,"chainId":1,"poolAddress":"0xc63dff67fe1b63004ab6c773022ba06847c11335","poolType":"CURVE"}	{"lastPrice": "621780322644012370"}
{"blockNumber":20103204,"chainId":1,"poolAddress":"0xc9f39993cf05f7442dd56ac2b87484c051ffdb5a","poolType":"CURVE"}	{"lastPrice": "894205699060263536"}
{"blockNumber":20105630,"chainId":1,"poolAddress":"0xc9f39993cf05f7442dd56ac2b87484c051ffdb5a","poolType":"CURVE"}	{"lastPrice": "877194924260779472"}
{"blockNumber":20109167,"chainId":1,"poolAddress":"0xc9f39993cf05f7442dd56ac2b87484c051ffdb5a","poolType":"CURVE"}	{"lastPrice": "877194924260779472"}
{"blockNumber":20109288,"chainId":1,"poolAddress":"0xc9f39993cf05f7442dd56ac2b87484c051ffdb5a","poolType":"CURVE"}	{"lastPrice": "867399255849782515"}
{"blockNumber":20109295,"chainId":1,"poolAddress":"0xc9f39993cf05f7442dd56ac2b87484c051ffdb5a","poolType":"CURVE"}	{"lastPrice": "867399255849872686"}
{"blockNumber":20109300,"chainId":1,"poolAddress":"0xc9f39993cf05f7442dd56ac2b87484c051ffdb5a","poolType":"CURVE"}	{"lastPrice": "880394166949181722"}
{"blockNumber":20111090,"chainId":1,"poolAddress":"0xc9f39993cf05f7442dd56ac2b87484c051ffdb5a","poolType":"CURVE"}	{"lastPrice": "892107536428004045"}
{"blockNumber":20111272,"chainId":1,"poolAddress":"0xc9f39993cf05f7442dd56ac2b87484c051ffdb5a","poolType":"CURVE"}	{"lastPrice": "887514342377623356"}
{"blockNumber":20111292,"chainId":1,"poolAddress":"0xc9f39993cf05f7442dd56ac2b87484c051ffdb5a","poolType":"CURVE"}	{"lastPrice": "886126020135910801"}
{"blockNumber":20114395,"chainId":1,"poolAddress":"0xc63dff67fe1b63004ab6c773022ba06847c11335","poolType":"CURVE"}	{"lastPrice": "621753841909538502"}
{"blockNumber":20114432,"chainId":1,"poolAddress":"0xc63dff67fe1b63004ab6c773022ba06847c11335","poolType":"CURVE"}	{"lastPrice": "622747852846614567"}
{"blockNumber":20114456,"chainId":1,"poolAddress":"0xc63dff67fe1b63004ab6c773022ba06847c11335","poolType":"CURVE"}	{"lastPrice": "621985767028770091"}
{"blockNumber":20114483,"chainId":1,"poolAddress":"0xc63dff67fe1b63004ab6c773022ba06847c11335","poolType":"CURVE"}	{"lastPrice": "624434535545898249"}
{"blockNumber":20114488,"chainId":1,"poolAddress":"0xc63dff67fe1b63004ab6c773022ba06847c11335","poolType":"CURVE"}	{"lastPrice": "626083669476215822"}
{"blockNumber":20118268,"chainId":1,"poolAddress":"0xbce4e65b4a68ac2095c7747992250d2075d82edc","poolType":"CURVE"}	{"lastPrice": "908419356114287087"}
{"blockNumber":20118365,"chainId":1,"poolAddress":"0xc9f39993cf05f7442dd56ac2b87484c051ffdb5a","poolType":"CURVE"}	{"lastPrice": "886734962130432867"}
{"blockNumber":20119985,"chainId":1,"poolAddress":"0xc9f39993cf05f7442dd56ac2b87484c051ffdb5a","poolType":"CURVE"}	{"lastPrice": "886734962130512260"}
{"blockNumber":20124459,"chainId":1,"poolAddress":"0xc9f39993cf05f7442dd56ac2b87484c051ffdb5a","poolType":"CURVE"}	{"lastPrice": "886734962130505179"}
{"blockNumber":20126513,"chainId":1,"poolAddress":"0xbce4e65b4a68ac2095c7747992250d2075d82edc","poolType":"CURVE"}	{"lastPrice": "888744724160906138"}
{"blockNumber":20126833,"chainId":1,"poolAddress":"0x0b036d098cb2a2cce97cddc6187bcadaeb2f8075","poolType":"CURVE"}	{"lastPrice": "1095811574749331843"}
{"blockNumber":20127270,"chainId":1,"poolAddress":"0x0b036d098cb2a2cce97cddc6187bcadaeb2f8075","poolType":"CURVE"}	{"lastPrice": "1095811574750877844"}
{"blockNumber":20128114,"chainId":1,"poolAddress":"0x1c379572160a80975fa1dad8e491ff485611c8f6","poolType":"CURVE"}	{"lastPrice": "936463307432435780"}
{"blockNumber":20128280,"chainId":1,"poolAddress":"0x1c379572160a80975fa1dad8e491ff485611c8f6","poolType":"CURVE"}	{"lastPrice": "937626890267132835"}
{"blockNumber":20128439,"chainId":1,"poolAddress":"0x1c379572160a80975fa1dad8e491ff485611c8f6","poolType":"CURVE"}	{"lastPrice": "938902123427887890"}
{"blockNumber":20128506,"chainId":1,"poolAddress":"0x1c379572160a80975fa1dad8e491ff485611c8f6","poolType":"CURVE"}	{"lastPrice": "939186160716920196"}
{"blockNumber":20130152,"chainId":1,"poolAddress":"0x1c379572160a80975fa1dad8e491ff485611c8f6","poolType":"CURVE"}	{"lastPrice": "944339991092294998"}
{"blockNumber":20131696,"chainId":1,"poolAddress":"0x1c379572160a80975fa1dad8e491ff485611c8f6","poolType":"CURVE"}	{"lastPrice": "938115771641106855"}
{"blockNumber":20133115,"chainId":1,"poolAddress":"0x0b036d098cb2a2cce97cddc6187bcadaeb2f8075","poolType":"CURVE"}	{"lastPrice": "1095811574750877844"}
{"blockNumber":20134013,"chainId":1,"poolAddress":"0x1c379572160a80975fa1dad8e491ff485611c8f6","poolType":"CURVE"}	{"lastPrice": "922671457952296103"}
{"blockNumber":20134018,"chainId":1,"poolAddress":"0x0b036d098cb2a2cce97cddc6187bcadaeb2f8075","poolType":"CURVE"}	{"lastPrice": "1095811574750877844"}
{"blockNumber":20134023,"chainId":1,"poolAddress":"0x1c379572160a80975fa1dad8e491ff485611c8f6","poolType":"CURVE"}	{"lastPrice": "867275678685469539"}
{"blockNumber":20134095,"chainId":1,"poolAddress":"0x1c379572160a80975fa1dad8e491ff485611c8f6","poolType":"CURVE"}	{"lastPrice": "867135789814493694"}
{"blockNumber":20134134,"chainId":1,"poolAddress":"0x1c379572160a80975fa1dad8e491ff485611c8f6","poolType":"CURVE"}	{"lastPrice": "924740623039211275"}
{"blockNumber":20135459,"chainId":1,"poolAddress":"0x1c379572160a80975fa1dad8e491ff485611c8f6","poolType":"CURVE"}	{"lastPrice": "926382072344177040"}
{"blockNumber":20135895,"chainId":1,"poolAddress":"0x1c379572160a80975fa1dad8e491ff485611c8f6","poolType":"CURVE"}	{"lastPrice": "926053949040486584"}
{"blockNumber":20137098,"chainId":1,"poolAddress":"0x1c379572160a80975fa1dad8e491ff485611c8f6","poolType":"CURVE"}	{"lastPrice": "925733408280647011"}
{"blockNumber":20138265,"chainId":1,"poolAddress":"0xbce4e65b4a68ac2095c7747992250d2075d82edc","poolType":"CURVE"}	{"lastPrice": "773859347018925765"}
{"blockNumber":20428791,"chainId":1,"poolAddress":"0xe7ad3016d46e538c9ca87e5071c561a73ed1c98c","poolType":"CURVE"}	{"lastPrice": "939833454599650209"}
{"blockNumber":20242294,"chainId":1,"poolAddress":"0xe7ad3016d46e538c9ca87e5071c561a73ed1c98c","poolType":"CURVE"}	{"lastPrice": "941314089371216717"}
{"blockNumber":20477387,"chainId":1,"poolAddress":"0xe7ad3016d46e538c9ca87e5071c561a73ed1c98c","poolType":"CURVE"}	{"lastPrice": "946200789736636184"}
{"blockNumber":20242305,"chainId":1,"poolAddress":"0xc6e949f57d365fb73015d21a2d1a9da93e938d52","poolType":"CURVE"}	{"lastPrice": "871427967217390541"}
{"blockNumber":20341387,"chainId":1,"poolAddress":"0xc6e949f57d365fb73015d21a2d1a9da93e938d52","poolType":"CURVE"}	{"lastPrice": "870966508502695813"}
{"blockNumber":20472328,"chainId":1,"poolAddress":"0xe7ad3016d46e538c9ca87e5071c561a73ed1c98c","poolType":"CURVE"}	{"lastPrice": "950430462521644201"}
{"blockNumber":20360132,"chainId":1,"poolAddress":"0xe7ad3016d46e538c9ca87e5071c561a73ed1c98c","poolType":"CURVE"}	{"lastPrice": "942393208741508934"}
{"blockNumber":20531801,"chainId":1,"poolAddress":"0xc6e949f57d365fb73015d21a2d1a9da93e938d52","poolType":"CURVE"}	{"lastPrice": "882692212710353074"}
{"blockNumber":20511366,"chainId":1,"poolAddress":"0xc6e949f57d365fb73015d21a2d1a9da93e938d52","poolType":"CURVE"}	{"lastPrice": "885594671318719967"}
{"blockNumber":20330490,"chainId":1,"poolAddress":"0xb09fc8bbdcc8dc9d8b3775132c52fcebf1c7dbb3","poolType":"CURVE"}	{"lastPrice": "945988823703737103"}
{"blockNumber":20566556,"chainId":1,"poolAddress":"0xb09fc8bbdcc8dc9d8b3775132c52fcebf1c7dbb3","poolType":"CURVE"}	{"lastPrice": "971280972384292128"}
{"blockNumber":20601761,"chainId":1,"poolAddress":"0xb09fc8bbdcc8dc9d8b3775132c52fcebf1c7dbb3","poolType":"CURVE"}	{"lastPrice": "966702999671890982"}
{"blockNumber":20574916,"chainId":1,"poolAddress":"0xc63dff67fe1b63004ab6c773022ba06847c11335","poolType":"CURVE"}	{"lastPrice": "657539302691004272"}
{"blockNumber":20383250,"chainId":1,"poolAddress":"0xc63dff67fe1b63004ab6c773022ba06847c11335","poolType":"CURVE"}	{"lastPrice": "622301352338762759"}
{"blockNumber":20383275,"chainId":1,"poolAddress":"0xc63dff67fe1b63004ab6c773022ba06847c11335","poolType":"CURVE"}	{"lastPrice": "622408276556226267"}
{"blockNumber":20370411,"chainId":1,"poolAddress":"0xc63dff67fe1b63004ab6c773022ba06847c11335","poolType":"CURVE"}	{"lastPrice": "609349074947780979"}
{"blockNumber":20283492,"chainId":1,"poolAddress":"0xc9f39993cf05f7442dd56ac2b87484c051ffdb5a","poolType":"CURVE"}	{"lastPrice": "911523438695004603"}
{"blockNumber":20466781,"chainId":1,"poolAddress":"0xf3749a2bef435535200c378298b78f34dcac0fc9","poolType":"CURVE"}	{"lastPrice": "899326338734878697"}
{"blockNumber":20525147,"chainId":1,"poolAddress":"0xf3749a2bef435535200c378298b78f34dcac0fc9","poolType":"CURVE"}	{"lastPrice": "898203106305265594"}
{"blockNumber":20342859,"chainId":1,"poolAddress":"0xf3749a2bef435535200c378298b78f34dcac0fc9","poolType":"CURVE"}	{"lastPrice": "908697978731116084"}
{"blockNumber":20392583,"chainId":1,"poolAddress":"0xf3749a2bef435535200c378298b78f34dcac0fc9","poolType":"CURVE"}	{"lastPrice": "901255953082663709"}
{"blockNumber":20253744,"chainId":1,"poolAddress":"0xe7ad3016d46e538c9ca87e5071c561a73ed1c98c","poolType":"CURVE"}	{"lastPrice": "938687692327210575"}
{"blockNumber":20325711,"chainId":1,"poolAddress":"0xe7ad3016d46e538c9ca87e5071c561a73ed1c98c","poolType":"CURVE"}	{"lastPrice": "947087015841498686"}
{"blockNumber":20489563,"chainId":1,"poolAddress":"0xe7ad3016d46e538c9ca87e5071c561a73ed1c98c","poolType":"CURVE"}	{"lastPrice": "943519284481173971"}
{"blockNumber":20237021,"chainId":1,"poolAddress":"0xe7ad3016d46e538c9ca87e5071c561a73ed1c98c","poolType":"CURVE"}	{"lastPrice": "947407866445222971"}
{"blockNumber":20331356,"chainId":1,"poolAddress":"0xe7ad3016d46e538c9ca87e5071c561a73ed1c98c","poolType":"CURVE"}	{"lastPrice": "945616426232880593"}
{"blockNumber":20311528,"chainId":1,"poolAddress":"0xe7ad3016d46e538c9ca87e5071c561a73ed1c98c","poolType":"CURVE"}	{"lastPrice": "947551468915756356"}
{"blockNumber":20471325,"chainId":1,"poolAddress":"0xe7ad3016d46e538c9ca87e5071c561a73ed1c98c","poolType":"CURVE"}	{"lastPrice": "951512975361344572"}
{"blockNumber":20234964,"chainId":1,"poolAddress":"0xc6e949f57d365fb73015d21a2d1a9da93e938d52","poolType":"CURVE"}	{"lastPrice": "871769833618896532"}
{"blockNumber":20253849,"chainId":1,"poolAddress":"0xc6e949f57d365fb73015d21a2d1a9da93e938d52","poolType":"CURVE"}	{"lastPrice": "887479035145120237"}
{"blockNumber":20561680,"chainId":1,"poolAddress":"0xc6e949f57d365fb73015d21a2d1a9da93e938d52","poolType":"CURVE"}	{"lastPrice": "883162966783600591"}
{"blockNumber":20343326,"chainId":1,"poolAddress":"0xc6e949f57d365fb73015d21a2d1a9da93e938d52","poolType":"CURVE"}	{"lastPrice": "870571913772936491"}
{"blockNumber":20454523,"chainId":1,"poolAddress":"0xc6e949f57d365fb73015d21a2d1a9da93e938d52","poolType":"CURVE"}	{"lastPrice": "887793185292108087"}
{"blockNumber":20270916,"chainId":1,"poolAddress":"0x1c379572160a80975fa1dad8e491ff485611c8f6","poolType":"CURVE"}	{"lastPrice": "972678226111542055"}
{"blockNumber":20316946,"chainId":1,"poolAddress":"0x1c379572160a80975fa1dad8e491ff485611c8f6","poolType":"CURVE"}	{"lastPrice": "972678864749353186"}
{"blockNumber":20376076,"chainId":1,"poolAddress":"0x1c379572160a80975fa1dad8e491ff485611c8f6","poolType":"CURVE"}	{"lastPrice": "969337979053270432"}
{"blockNumber":20362922,"chainId":1,"poolAddress":"0xc9f39993cf05f7442dd56ac2b87484c051ffdb5a","poolType":"CURVE"}	{"lastPrice": "905368349110568842"}
{"blockNumber":20461456,"chainId":1,"poolAddress":"0xc63dff67fe1b63004ab6c773022ba06847c11335","poolType":"CURVE"}	{"lastPrice": "634715673204262878"}
{"blockNumber":20263052,"chainId":1,"poolAddress":"0xe7ad3016d46e538c9ca87e5071c561a73ed1c98c","poolType":"CURVE"}	{"lastPrice": "945703959567602075"}
{"blockNumber":20375256,"chainId":1,"poolAddress":"0xe7ad3016d46e538c9ca87e5071c561a73ed1c98c","poolType":"CURVE"}	{"lastPrice": "942393208741508934"}
{"blockNumber":20375266,"chainId":1,"poolAddress":"0xc9f39993cf05f7442dd56ac2b87484c051ffdb5a","poolType":"CURVE"}	{"lastPrice": "887067781854556190"}
{"blockNumber":20327295,"chainId":1,"poolAddress":"0xe7ad3016d46e538c9ca87e5071c561a73ed1c98c","poolType":"CURVE"}	{"lastPrice": "949359200211600951"}
{"blockNumber":20383825,"chainId":1,"poolAddress":"0xe7ad3016d46e538c9ca87e5071c561a73ed1c98c","poolType":"CURVE"}	{"lastPrice": "942393208741508934"}
{"blockNumber":20346338,"chainId":1,"poolAddress":"0xe7ad3016d46e538c9ca87e5071c561a73ed1c98c","poolType":"CURVE"}	{"lastPrice": "945790786138964423"}
{"blockNumber":20331411,"chainId":1,"poolAddress":"0xe7ad3016d46e538c9ca87e5071c561a73ed1c98c","poolType":"CURVE"}	{"lastPrice": "945616426232880593"}
{"blockNumber":20429063,"chainId":1,"poolAddress":"0xe7ad3016d46e538c9ca87e5071c561a73ed1c98c","poolType":"CURVE"}	{"lastPrice": "943943279857514861"}
{"blockNumber":20411769,"chainId":1,"poolAddress":"0xe7ad3016d46e538c9ca87e5071c561a73ed1c98c","poolType":"CURVE"}	{"lastPrice": "953791442573779061"}
{"blockNumber":20539887,"chainId":1,"poolAddress":"0xc6e949f57d365fb73015d21a2d1a9da93e938d52","poolType":"CURVE"}	{"lastPrice": "886612782537242632"}
{"blockNumber":20231782,"chainId":1,"poolAddress":"0xc6e949f57d365fb73015d21a2d1a9da93e938d52","poolType":"CURVE"}	{"lastPrice": "874008914764252664"}
{"blockNumber":20279259,"chainId":1,"poolAddress":"0xc6e949f57d365fb73015d21a2d1a9da93e938d52","poolType":"CURVE"}	{"lastPrice": "890659460879897278"}
{"blockNumber":20283947,"chainId":1,"poolAddress":"0xc6e949f57d365fb73015d21a2d1a9da93e938d52","poolType":"CURVE"}	{"lastPrice": "890659460879897278"}
{"blockNumber":20312041,"chainId":1,"poolAddress":"0xc6e949f57d365fb73015d21a2d1a9da93e938d52","poolType":"CURVE"}	{"lastPrice": "892330360548315561"}
{"blockNumber":20462031,"chainId":1,"poolAddress":"0xc6e949f57d365fb73015d21a2d1a9da93e938d52","poolType":"CURVE"}	{"lastPrice": "887793185292108087"}
{"blockNumber":20462099,"chainId":1,"poolAddress":"0xc6e949f57d365fb73015d21a2d1a9da93e938d52","poolType":"CURVE"}	{"lastPrice": "888895568587983159"}
{"blockNumber":20585630,"chainId":1,"poolAddress":"0xb09fc8bbdcc8dc9d8b3775132c52fcebf1c7dbb3","poolType":"CURVE"}	{"lastPrice": "973812750705616056"}
{"blockNumber":20370217,"chainId":1,"poolAddress":"0xbce4e65b4a68ac2095c7747992250d2075d82edc","poolType":"CURVE"}	{"lastPrice": "936857997780644436"}
{"blockNumber":20367086,"chainId":1,"poolAddress":"0xb09fc8bbdcc8dc9d8b3775132c52fcebf1c7dbb3","poolType":"CURVE"}	{"lastPrice": "947923910041109361"}
{"blockNumber":20456345,"chainId":1,"poolAddress":"0xb09fc8bbdcc8dc9d8b3775132c52fcebf1c7dbb3","poolType":"CURVE"}	{"lastPrice": "949393619970390892"}
{"blockNumber":20462409,"chainId":1,"poolAddress":"0xb09fc8bbdcc8dc9d8b3775132c52fcebf1c7dbb3","poolType":"CURVE"}	{"lastPrice": "949559179975122203"}
{"blockNumber":20383213,"chainId":1,"poolAddress":"0xb09fc8bbdcc8dc9d8b3775132c52fcebf1c7dbb3","poolType":"CURVE"}	{"lastPrice": "947535691922631448"}
{"blockNumber":20407430,"chainId":1,"poolAddress":"0xb09fc8bbdcc8dc9d8b3775132c52fcebf1c7dbb3","poolType":"CURVE"}	{"lastPrice": "948932224487218804"}
{"blockNumber":20300116,"chainId":1,"poolAddress":"0xc9f39993cf05f7442dd56ac2b87484c051ffdb5a","poolType":"CURVE"}	{"lastPrice": "911523438695004603"}
{"blockNumber":20368215,"chainId":1,"poolAddress":"0xc63dff67fe1b63004ab6c773022ba06847c11335","poolType":"CURVE"}	{"lastPrice": "634626929838325183"}
{"blockNumber":20307634,"chainId":1,"poolAddress":"0xc9f39993cf05f7442dd56ac2b87484c051ffdb5a","poolType":"CURVE"}	{"lastPrice": "924097485181196016"}
{"blockNumber":20385232,"chainId":1,"poolAddress":"0xc63dff67fe1b63004ab6c773022ba06847c11335","poolType":"CURVE"}	{"lastPrice": "623717598039787361"}
{"blockNumber":20295939,"chainId":1,"poolAddress":"0xc9f39993cf05f7442dd56ac2b87484c051ffdb5a","poolType":"CURVE"}	{"lastPrice": "911523438695004603"}
{"blockNumber":20433426,"chainId":1,"poolAddress":"0x4d4140c05dfa65e3e38a7bf1bda6e5b68fbe2b80","poolType":"CURVE"}	{"lastPrice": "983657576686186030"}
{"blockNumber":20508691,"chainId":1,"poolAddress":"0x1c379572160a80975fa1dad8e491ff485611c8f6","poolType":"CURVE"}	{"lastPrice": "986119407314008531"}
{"blockNumber":20482264,"chainId":1,"poolAddress":"0xf3749a2bef435535200c378298b78f34dcac0fc9","poolType":"CURVE"}	{"lastPrice": "899326338734878697"}
{"blockNumber":20289079,"chainId":1,"poolAddress":"0xbce4e65b4a68ac2095c7747992250d2075d82edc","poolType":"CURVE"}	{"lastPrice": "908872558166534514"}
{"blockNumber":20360864,"chainId":1,"poolAddress":"0xbce4e65b4a68ac2095c7747992250d2075d82edc","poolType":"CURVE"}	{"lastPrice": "938065250434140883"}
{"blockNumber":20460382,"chainId":1,"poolAddress":"0xbce4e65b4a68ac2095c7747992250d2075d82edc","poolType":"CURVE"}	{"lastPrice": "931916033628674427"}
{"blockNumber":20230520,"chainId":1,"poolAddress":"0xc63dff67fe1b63004ab6c773022ba06847c11335","poolType":"CURVE"}	{"lastPrice": "630805595138271604"}
{"blockNumber":20355342,"chainId":1,"poolAddress":"0xc63dff67fe1b63004ab6c773022ba06847c11335","poolType":"CURVE"}	{"lastPrice": "631804899971087795"}
{"blockNumber":20307707,"chainId":1,"poolAddress":"0xc63dff67fe1b63004ab6c773022ba06847c11335","poolType":"CURVE"}	{"lastPrice": "631804899971068256"}
{"blockNumber":20183392,"chainId":1,"poolAddress":"0xe7ad3016d46e538c9ca87e5071c561a73ed1c98c","poolType":"CURVE"}	{"lastPrice": "950735425271357997"}
{"blockNumber":20419869,"chainId":1,"poolAddress":"0xe7ad3016d46e538c9ca87e5071c561a73ed1c98c","poolType":"CURVE"}	{"lastPrice": "946639284077187766"}
{"blockNumber":20144910,"chainId":1,"poolAddress":"0xe7ad3016d46e538c9ca87e5071c561a73ed1c98c","poolType":"CURVE"}	{"lastPrice": "928413020785700385"}
{"blockNumber":20144922,"chainId":1,"poolAddress":"0xe7ad3016d46e538c9ca87e5071c561a73ed1c98c","poolType":"CURVE"}	{"lastPrice": "928459051270714989"}
{"blockNumber":20175949,"chainId":1,"poolAddress":"0xe7ad3016d46e538c9ca87e5071c561a73ed1c98c","poolType":"CURVE"}	{"lastPrice": "949644073035047718"}
{"blockNumber":20576776,"chainId":1,"poolAddress":"0xe7ad3016d46e538c9ca87e5071c561a73ed1c98c","poolType":"CURVE"}	{"lastPrice": "952348933590912234"}
{"blockNumber":20224932,"chainId":1,"poolAddress":"0xe7ad3016d46e538c9ca87e5071c561a73ed1c98c","poolType":"CURVE"}	{"lastPrice": "957318779313257740"}
{"blockNumber":20182964,"chainId":1,"poolAddress":"0xe7ad3016d46e538c9ca87e5071c561a73ed1c98c","poolType":"CURVE"}	{"lastPrice": "950735425271352492"}
{"blockNumber":20261774,"chainId":1,"poolAddress":"0xe7ad3016d46e538c9ca87e5071c561a73ed1c98c","poolType":"CURVE"}	{"lastPrice": "945703959567602075"}
{"blockNumber":20264500,"chainId":1,"poolAddress":"0xe7ad3016d46e538c9ca87e5071c561a73ed1c98c","poolType":"CURVE"}	{"lastPrice": "947703546030035181"}
{"blockNumber":20247030,"chainId":1,"poolAddress":"0xe7ad3016d46e538c9ca87e5071c561a73ed1c98c","poolType":"CURVE"}	{"lastPrice": "941845788935276504"}
{"blockNumber":20231228,"chainId":1,"poolAddress":"0xe7ad3016d46e538c9ca87e5071c561a73ed1c98c","poolType":"CURVE"}	{"lastPrice": "954071040940851743"}
{"blockNumber":20253838,"chainId":1,"poolAddress":"0xe7ad3016d46e538c9ca87e5071c561a73ed1c98c","poolType":"CURVE"}	{"lastPrice": "941809283467435801"}
{"blockNumber":20339872,"chainId":1,"poolAddress":"0xe7ad3016d46e538c9ca87e5071c561a73ed1c98c","poolType":"CURVE"}	{"lastPrice": "945790786138964423"}
{"blockNumber":20386491,"chainId":1,"poolAddress":"0xe7ad3016d46e538c9ca87e5071c561a73ed1c98c","poolType":"CURVE"}	{"lastPrice": "945746368818379863"}
{"blockNumber":20435428,"chainId":1,"poolAddress":"0xe7ad3016d46e538c9ca87e5071c561a73ed1c98c","poolType":"CURVE"}	{"lastPrice": "954380910436716271"}
{"blockNumber":20510100,"chainId":1,"poolAddress":"0xe7ad3016d46e538c9ca87e5071c561a73ed1c98c","poolType":"CURVE"}	{"lastPrice": "951403621587158055"}
{"blockNumber":20388246,"chainId":1,"poolAddress":"0xb09fc8bbdcc8dc9d8b3775132c52fcebf1c7dbb3","poolType":"CURVE"}	{"lastPrice": "948275193472894226"}
{"blockNumber":20247234,"chainId":1,"poolAddress":"0xb09fc8bbdcc8dc9d8b3775132c52fcebf1c7dbb3","poolType":"CURVE"}	{"lastPrice": "945345577951107129"}
{"blockNumber":20216971,"chainId":1,"poolAddress":"0xb09fc8bbdcc8dc9d8b3775132c52fcebf1c7dbb3","poolType":"CURVE"}	{"lastPrice": "944761280600172980"}
{"blockNumber":20253795,"chainId":1,"poolAddress":"0xb09fc8bbdcc8dc9d8b3775132c52fcebf1c7dbb3","poolType":"CURVE"}	{"lastPrice": "947211996264043426"}
{"blockNumber":20193589,"chainId":1,"poolAddress":"0xb09fc8bbdcc8dc9d8b3775132c52fcebf1c7dbb3","poolType":"CURVE"}	{"lastPrice": "944744884224276383"}
{"blockNumber":20445429,"chainId":1,"poolAddress":"0xb09fc8bbdcc8dc9d8b3775132c52fcebf1c7dbb3","poolType":"CURVE"}	{"lastPrice": "948440616251566095"}
{"blockNumber":20196593,"chainId":1,"poolAddress":"0xb09fc8bbdcc8dc9d8b3775132c52fcebf1c7dbb3","poolType":"CURVE"}	{"lastPrice": "944633500932879864"}
{"blockNumber":20253168,"chainId":1,"poolAddress":"0xb09fc8bbdcc8dc9d8b3775132c52fcebf1c7dbb3","poolType":"CURVE"}	{"lastPrice": "945672558876503911"}
{"blockNumber":20271120,"chainId":1,"poolAddress":"0xb09fc8bbdcc8dc9d8b3775132c52fcebf1c7dbb3","poolType":"CURVE"}	{"lastPrice": "947056825485355028"}
{"blockNumber":20604398,"chainId":1,"poolAddress":"0xb09fc8bbdcc8dc9d8b3775132c52fcebf1c7dbb3","poolType":"CURVE"}	{"lastPrice": "963288991163960460"}
{"blockNumber":20604409,"chainId":1,"poolAddress":"0xb09fc8bbdcc8dc9d8b3775132c52fcebf1c7dbb3","poolType":"CURVE"}	{"lastPrice": "963247383969822767"}
{"blockNumber":20343010,"chainId":1,"poolAddress":"0xb09fc8bbdcc8dc9d8b3775132c52fcebf1c7dbb3","poolType":"CURVE"}	{"lastPrice": "947384016168965588"}
{"blockNumber":20147020,"chainId":1,"poolAddress":"0xc6e949f57d365fb73015d21a2d1a9da93e938d52","poolType":"CURVE"}	{"lastPrice": "875368099853448790"}
{"blockNumber":20198881,"chainId":1,"poolAddress":"0xc6e949f57d365fb73015d21a2d1a9da93e938d52","poolType":"CURVE"}	{"lastPrice": "875368099853431777"}
{"blockNumber":20247177,"chainId":1,"poolAddress":"0xc6e949f57d365fb73015d21a2d1a9da93e938d52","poolType":"CURVE"}	{"lastPrice": "873651228435721099"}
{"blockNumber":20147322,"chainId":1,"poolAddress":"0xc63dff67fe1b63004ab6c773022ba06847c11335","poolType":"CURVE"}	{"lastPrice": "626149172100828141"}
{"blockNumber":20180268,"chainId":1,"poolAddress":"0xc63dff67fe1b63004ab6c773022ba06847c11335","poolType":"CURVE"}	{"lastPrice": "626149172100825678"}
{"blockNumber":20182286,"chainId":1,"poolAddress":"0xc63dff67fe1b63004ab6c773022ba06847c11335","poolType":"CURVE"}	{"lastPrice": "626149172100618522"}
{"blockNumber":20199435,"chainId":1,"poolAddress":"0xc63dff67fe1b63004ab6c773022ba06847c11335","poolType":"CURVE"}	{"lastPrice": "630747515038059632"}
{"blockNumber":20203313,"chainId":1,"poolAddress":"0xc63dff67fe1b63004ab6c773022ba06847c11335","poolType":"CURVE"}	{"lastPrice": "630747515038270947"}
{"blockNumber":20341217,"chainId":1,"poolAddress":"0xc63dff67fe1b63004ab6c773022ba06847c11335","poolType":"CURVE"}	{"lastPrice": "631804899971139702"}
{"blockNumber":20202542,"chainId":1,"poolAddress":"0xc63dff67fe1b63004ab6c773022ba06847c11335","poolType":"CURVE"}	{"lastPrice": "630747515038038138"}
{"blockNumber":20202685,"chainId":1,"poolAddress":"0xc63dff67fe1b63004ab6c773022ba06847c11335","poolType":"CURVE"}	{"lastPrice": "630747515038049959"}
{"blockNumber":20259801,"chainId":1,"poolAddress":"0xc63dff67fe1b63004ab6c773022ba06847c11335","poolType":"CURVE"}	{"lastPrice": "629971403854005724"}
{"blockNumber":20175208,"chainId":1,"poolAddress":"0xc9f39993cf05f7442dd56ac2b87484c051ffdb5a","poolType":"CURVE"}	{"lastPrice": "886734962130666828"}
{"blockNumber":20485995,"chainId":1,"poolAddress":"0xc9f39993cf05f7442dd56ac2b87484c051ffdb5a","poolType":"CURVE"}	{"lastPrice": "883032274355533272"}
{"blockNumber":20210244,"chainId":1,"poolAddress":"0xc9f39993cf05f7442dd56ac2b87484c051ffdb5a","poolType":"CURVE"}	{"lastPrice": "913753249919039526"}
{"blockNumber":20222158,"chainId":1,"poolAddress":"0xc9f39993cf05f7442dd56ac2b87484c051ffdb5a","poolType":"CURVE"}	{"lastPrice": "913936136504805277"}
{"blockNumber":20249363,"chainId":1,"poolAddress":"0xc9f39993cf05f7442dd56ac2b87484c051ffdb5a","poolType":"CURVE"}	{"lastPrice": "913936136505214532"}
{"blockNumber":20270927,"chainId":1,"poolAddress":"0x1c379572160a80975fa1dad8e491ff485611c8f6","poolType":"CURVE"}	{"lastPrice": "974527902912486728"}
{"blockNumber":20344515,"chainId":1,"poolAddress":"0xf3749a2bef435535200c378298b78f34dcac0fc9","poolType":"CURVE"}	{"lastPrice": "905246532275152862"}
{"blockNumber":20344747,"chainId":1,"poolAddress":"0xf3749a2bef435535200c378298b78f34dcac0fc9","poolType":"CURVE"}	{"lastPrice": "905246532275241066"}
{"blockNumber":20162496,"chainId":1,"poolAddress":"0xe7ad3016d46e538c9ca87e5071c561a73ed1c98c","poolType":"CURVE"}	{"lastPrice": "940224949226022303"}
{"blockNumber":20472481,"chainId":1,"poolAddress":"0xc63dff67fe1b63004ab6c773022ba06847c11335","poolType":"CURVE"}	{"lastPrice": "629809951114865836"}
{"blockNumber":20591227,"chainId":1,"poolAddress":"0xc63dff67fe1b63004ab6c773022ba06847c11335","poolType":"CURVE"}	{"lastPrice": "645938135699638511"}
{"blockNumber":20203034,"chainId":1,"poolAddress":"0xc9f39993cf05f7442dd56ac2b87484c051ffdb5a","poolType":"CURVE"}	{"lastPrice": "913753249918576125"}
{"blockNumber":20489612,"chainId":1,"poolAddress":"0xc9f39993cf05f7442dd56ac2b87484c051ffdb5a","poolType":"CURVE"}	{"lastPrice": "883032274355283944"}
{"blockNumber":20271046,"chainId":1,"poolAddress":"0x4d4140c05dfa65e3e38a7bf1bda6e5b68fbe2b80","poolType":"CURVE"}	{"lastPrice": "971982206102155332"}
{"blockNumber":20172980,"chainId":1,"poolAddress":"0x870754e9cb1555c427dd7b433a55aeaccd7e4e1f","poolType":"CURVE"}	{"lastPrice": "905424930810505679"}
{"blockNumber":20421312,"chainId":1,"poolAddress":"0x4d8842511cadcc65125cb9353b9520cc7f424688","poolType":"CURVE"}	{"lastPrice": "975807071215701094"}
{"blockNumber":20421312,"chainId":1,"poolAddress":"0xa3f78ffb9de17d7a530ee08b4aa13362edd7c76b","poolType":"CURVE"}	{"lastPrice": "975807163307188752"}
{"blockNumber":20421312,"chainId":1,"poolAddress":"0x7a5b529bf0106990494ab3d7696f14c69c000dd7","poolType":"CURVE"}	{"lastPrice": "975807201049604278"}
{"blockNumber":20422887,"chainId":1,"poolAddress":"0xf99514d6556dee14032ceb3f1cd59b32e61541cc","poolType":"CURVE"}	{"lastPrice": "872114404288300893"}
{"blockNumber":20482543,"chainId":1,"poolAddress":"0x019f398b084d7702cfb7430aa9d545bf55de037f","poolType":"CURVE"}	{"lastPrice": "937722827454680163"}
{"blockNumber":20506003,"chainId":1,"poolAddress":"0x20f3424fec5194522a2621120d1ea7279161e216","poolType":"CURVE"}	{"lastPrice": "530799611021167683"}
{"blockNumber":20521549,"chainId":1,"poolAddress":"0x952ac974ff2f3ee5c05534961b661fe70fd38b8a","poolType":"CURVE"}	{"lastPrice": "982363120690090685"}
{"blockNumber":20522173,"chainId":1,"poolAddress":"0x1c4d2495f1b9f325cb72c1af0db29985239c68ad","poolType":"CURVE"}	{"lastPrice": "838445951940705148"}
{"blockNumber":20582576,"chainId":1,"poolAddress":"0x0d89f4583a6b5eceb76551d573ad49cd435f6064","poolType":"CURVE"}	{"lastPrice": "833334889963476377"}
{"blockNumber":20585725,"chainId":1,"poolAddress":"0xfd268d70c4446862a0fc024fb731d71f3fc5b6c4","poolType":"CURVE"}	{"lastPrice": "888496319718556027"}
{"blockNumber":20327169,"chainId":1,"poolAddress":"0xe7ad3016d46e538c9ca87e5071c561a73ed1c98c","poolType":"CURVE"}	{"lastPrice": "949359200211600951"}
{"blockNumber":20419892,"chainId":1,"poolAddress":"0xe7ad3016d46e538c9ca87e5071c561a73ed1c98c","poolType":"CURVE"}	{"lastPrice": "935885694213920244"}
{"blockNumber":20222173,"chainId":1,"poolAddress":"0xe7ad3016d46e538c9ca87e5071c561a73ed1c98c","poolType":"CURVE"}	{"lastPrice": "950046412414469323"}
{"blockNumber":20229478,"chainId":1,"poolAddress":"0xe7ad3016d46e538c9ca87e5071c561a73ed1c98c","poolType":"CURVE"}	{"lastPrice": "955946964288934620"}
{"blockNumber":20474369,"chainId":1,"poolAddress":"0xe7ad3016d46e538c9ca87e5071c561a73ed1c98c","poolType":"CURVE"}	{"lastPrice": "951645179966500643"}
{"blockNumber":20311621,"chainId":1,"poolAddress":"0xe7ad3016d46e538c9ca87e5071c561a73ed1c98c","poolType":"CURVE"}	{"lastPrice": "949561243155196056"}
{"blockNumber":20577090,"chainId":1,"poolAddress":"0xe7ad3016d46e538c9ca87e5071c561a73ed1c98c","poolType":"CURVE"}	{"lastPrice": "951305564528325589"}
{"blockNumber":20326979,"chainId":1,"poolAddress":"0xc6e949f57d365fb73015d21a2d1a9da93e938d52","poolType":"CURVE"}	{"lastPrice": "880800724195021567"}
{"blockNumber":20193582,"chainId":1,"poolAddress":"0xb09fc8bbdcc8dc9d8b3775132c52fcebf1c7dbb3","poolType":"CURVE"}	{"lastPrice": "944283387508787560"}
{"blockNumber":20445257,"chainId":1,"poolAddress":"0xb09fc8bbdcc8dc9d8b3775132c52fcebf1c7dbb3","poolType":"CURVE"}	{"lastPrice": "947992343084610437"}
{"blockNumber":20445425,"chainId":1,"poolAddress":"0xb09fc8bbdcc8dc9d8b3775132c52fcebf1c7dbb3","poolType":"CURVE"}	{"lastPrice": "947892346803636135"}
{"blockNumber":20591361,"chainId":1,"poolAddress":"0xb09fc8bbdcc8dc9d8b3775132c52fcebf1c7dbb3","poolType":"CURVE"}	{"lastPrice": "964119555569159193"}
{"blockNumber":20604404,"chainId":1,"poolAddress":"0xb09fc8bbdcc8dc9d8b3775132c52fcebf1c7dbb3","poolType":"CURVE"}	{"lastPrice": "962788229847144822"}
{"blockNumber":20561962,"chainId":1,"poolAddress":"0xb09fc8bbdcc8dc9d8b3775132c52fcebf1c7dbb3","poolType":"CURVE"}	{"lastPrice": "979276570000000000"}
{"blockNumber":20151882,"chainId":1,"poolAddress":"0xb09fc8bbdcc8dc9d8b3775132c52fcebf1c7dbb3","poolType":"CURVE"}	{"lastPrice": "948194531455555798"}
{"blockNumber":20547528,"chainId":1,"poolAddress":"0xb09fc8bbdcc8dc9d8b3775132c52fcebf1c7dbb3","poolType":"CURVE"}	{"lastPrice": "990220323343762037"}
{"blockNumber":20171297,"chainId":1,"poolAddress":"0xb09fc8bbdcc8dc9d8b3775132c52fcebf1c7dbb3","poolType":"CURVE"}	{"lastPrice": "944776431903146574"}
{"blockNumber":20525427,"chainId":1,"poolAddress":"0xb09fc8bbdcc8dc9d8b3775132c52fcebf1c7dbb3","poolType":"CURVE"}	{"lastPrice": "963972631578947368"}
{"blockNumber":20222114,"chainId":1,"poolAddress":"0xc9f39993cf05f7442dd56ac2b87484c051ffdb5a","poolType":"CURVE"}	{"lastPrice": "956682336555959625"}
{"blockNumber":20222137,"chainId":1,"poolAddress":"0xc9f39993cf05f7442dd56ac2b87484c051ffdb5a","poolType":"CURVE"}	{"lastPrice": "942413852550735606"}
{"blockNumber":20222144,"chainId":1,"poolAddress":"0xc9f39993cf05f7442dd56ac2b87484c051ffdb5a","poolType":"CURVE"}	{"lastPrice": "922982965048915282"}
{"blockNumber":20362939,"chainId":1,"poolAddress":"0xc9f39993cf05f7442dd56ac2b87484c051ffdb5a","poolType":"CURVE"}	{"lastPrice": "887074352322518938"}
{"blockNumber":20429781,"chainId":1,"poolAddress":"0xc9f39993cf05f7442dd56ac2b87484c051ffdb5a","poolType":"CURVE"}	{"lastPrice": "890760987987602856"}
{"blockNumber":20271032,"chainId":1,"poolAddress":"0x4d4140c05dfa65e3e38a7bf1bda6e5b68fbe2b80","poolType":"CURVE"}	{"lastPrice": "971585051617727970"}
{"blockNumber":20196844,"chainId":1,"poolAddress":"0xc63dff67fe1b63004ab6c773022ba06847c11335","poolType":"CURVE"}	{"lastPrice": "649461268068388207"}
{"blockNumber":20411641,"chainId":1,"poolAddress":"0xc63dff67fe1b63004ab6c773022ba06847c11335","poolType":"CURVE"}	{"lastPrice": "639450258737988805"}
{"blockNumber":20189039,"chainId":1,"poolAddress":"0xc63dff67fe1b63004ab6c773022ba06847c11335","poolType":"CURVE"}	{"lastPrice": "656356195282259096"}
{"blockNumber":20195207,"chainId":1,"poolAddress":"0xc63dff67fe1b63004ab6c773022ba06847c11335","poolType":"CURVE"}	{"lastPrice": "652699782533788302"}
{"blockNumber":20198193,"chainId":1,"poolAddress":"0xc63dff67fe1b63004ab6c773022ba06847c11335","poolType":"CURVE"}	{"lastPrice": "646290904423895877"}
{"blockNumber":20199430,"chainId":1,"poolAddress":"0xc63dff67fe1b63004ab6c773022ba06847c11335","poolType":"CURVE"}	{"lastPrice": "636277336672205298"}
{"blockNumber":20472526,"chainId":1,"poolAddress":"0xc63dff67fe1b63004ab6c773022ba06847c11335","poolType":"CURVE"}	{"lastPrice": "628636868003143122"}
{"blockNumber":20401212,"chainId":1,"poolAddress":"0xe7ad3016d46e538c9ca87e5071c561a73ed1c98c","poolType":"CURVE"}	{"lastPrice": "947342560784924937"}
{"blockNumber":20403779,"chainId":1,"poolAddress":"0xe7ad3016d46e538c9ca87e5071c561a73ed1c98c","poolType":"CURVE"}	{"lastPrice": "948278989150778721"}
{"blockNumber":20419898,"chainId":1,"poolAddress":"0xe7ad3016d46e538c9ca87e5071c561a73ed1c98c","poolType":"CURVE"}	{"lastPrice": "938050074880061076"}
{"blockNumber":20593199,"chainId":1,"poolAddress":"0xe7ad3016d46e538c9ca87e5071c561a73ed1c98c","poolType":"CURVE"}	{"lastPrice": "956518285126594440"}
{"blockNumber":20258793,"chainId":1,"poolAddress":"0xe7ad3016d46e538c9ca87e5071c561a73ed1c98c","poolType":"CURVE"}	{"lastPrice": "944677659276362178"}
{"blockNumber":20144915,"chainId":1,"poolAddress":"0xe7ad3016d46e538c9ca87e5071c561a73ed1c98c","poolType":"CURVE"}	{"lastPrice": "929360330823515208"}
{"blockNumber":20162491,"chainId":1,"poolAddress":"0xe7ad3016d46e538c9ca87e5071c561a73ed1c98c","poolType":"CURVE"}	{"lastPrice": "938622345312059155"}
{"blockNumber":20232660,"chainId":1,"poolAddress":"0xe7ad3016d46e538c9ca87e5071c561a73ed1c98c","poolType":"CURVE"}	{"lastPrice": "955125383790263983"}
{"blockNumber":20225836,"chainId":1,"poolAddress":"0xe7ad3016d46e538c9ca87e5071c561a73ed1c98c","poolType":"CURVE"}	{"lastPrice": "959996890607591959"}
{"blockNumber":20355684,"chainId":1,"poolAddress":"0xb09fc8bbdcc8dc9d8b3775132c52fcebf1c7dbb3","poolType":"CURVE"}	{"lastPrice": "947865225122610192"}
{"blockNumber":20388231,"chainId":1,"poolAddress":"0xb09fc8bbdcc8dc9d8b3775132c52fcebf1c7dbb3","poolType":"CURVE"}	{"lastPrice": "948170086159110317"}
{"blockNumber":20396128,"chainId":1,"poolAddress":"0xb09fc8bbdcc8dc9d8b3775132c52fcebf1c7dbb3","poolType":"CURVE"}	{"lastPrice": "948541984390683594"}
{"blockNumber":20541669,"chainId":1,"poolAddress":"0xb09fc8bbdcc8dc9d8b3775132c52fcebf1c7dbb3","poolType":"CURVE"}	{"lastPrice": "980076187113345973"}
{"blockNumber":20340203,"chainId":1,"poolAddress":"0xb09fc8bbdcc8dc9d8b3775132c52fcebf1c7dbb3","poolType":"CURVE"}	{"lastPrice": "946890592850017013"}
{"blockNumber":20342115,"chainId":1,"poolAddress":"0xb09fc8bbdcc8dc9d8b3775132c52fcebf1c7dbb3","poolType":"CURVE"}	{"lastPrice": "947705436949744984"}
{"blockNumber":20405812,"chainId":1,"poolAddress":"0xb09fc8bbdcc8dc9d8b3775132c52fcebf1c7dbb3","poolType":"CURVE"}	{"lastPrice": "948932224487218804"}
{"blockNumber":20445338,"chainId":1,"poolAddress":"0xb09fc8bbdcc8dc9d8b3775132c52fcebf1c7dbb3","poolType":"CURVE"}	{"lastPrice": "948854901382528746"}
{"blockNumber":20145796,"chainId":1,"poolAddress":"0xb09fc8bbdcc8dc9d8b3775132c52fcebf1c7dbb3","poolType":"CURVE"}	{"lastPrice": "949148046443945007"}
{"blockNumber":20303306,"chainId":1,"poolAddress":"0xb09fc8bbdcc8dc9d8b3775132c52fcebf1c7dbb3","poolType":"CURVE"}	{"lastPrice": "946480454490166810"}
{"blockNumber":20496941,"chainId":1,"poolAddress":"0xb09fc8bbdcc8dc9d8b3775132c52fcebf1c7dbb3","poolType":"CURVE"}	{"lastPrice": "970214993779480261"}
{"blockNumber":20248258,"chainId":1,"poolAddress":"0xb09fc8bbdcc8dc9d8b3775132c52fcebf1c7dbb3","poolType":"CURVE"}	{"lastPrice": "945979739749464117"}
{"blockNumber":20532965,"chainId":1,"poolAddress":"0xc6e949f57d365fb73015d21a2d1a9da93e938d52","poolType":"CURVE"}	{"lastPrice": "886612782537242632"}
{"blockNumber":20391088,"chainId":1,"poolAddress":"0xc6e949f57d365fb73015d21a2d1a9da93e938d52","poolType":"CURVE"}	{"lastPrice": "879948411655829441"}
{"blockNumber":20248713,"chainId":1,"poolAddress":"0xc6e949f57d365fb73015d21a2d1a9da93e938d52","poolType":"CURVE"}	{"lastPrice": "881930087649705494"}
{"blockNumber":20375865,"chainId":1,"poolAddress":"0xc63dff67fe1b63004ab6c773022ba06847c11335","poolType":"CURVE"}	{"lastPrice": "623445428957103710"}
{"blockNumber":20303270,"chainId":1,"poolAddress":"0xc9f39993cf05f7442dd56ac2b87484c051ffdb5a","poolType":"CURVE"}	{"lastPrice": "924776222280009086"}
{"blockNumber":20363129,"chainId":1,"poolAddress":"0xc9f39993cf05f7442dd56ac2b87484c051ffdb5a","poolType":"CURVE"}	{"lastPrice": "887067781854556190"}
{"blockNumber":20157891,"chainId":1,"poolAddress":"0x4d4140c05dfa65e3e38a7bf1bda6e5b68fbe2b80","poolType":"CURVE"}	{"lastPrice": "949765518233115029"}
{"blockNumber":20256303,"chainId":1,"poolAddress":"0x4d4140c05dfa65e3e38a7bf1bda6e5b68fbe2b80","poolType":"CURVE"}	{"lastPrice": "969611285083771314"}
{"blockNumber":20192416,"chainId":1,"poolAddress":"0x4d4140c05dfa65e3e38a7bf1bda6e5b68fbe2b80","poolType":"CURVE"}	{"lastPrice": "960600271591668123"}
{"blockNumber":20368317,"chainId":1,"poolAddress":"0x1c379572160a80975fa1dad8e491ff485611c8f6","poolType":"CURVE"}	{"lastPrice": "968222982976566237"}
{"blockNumber":20220285,"chainId":1,"poolAddress":"0x1c379572160a80975fa1dad8e491ff485611c8f6","poolType":"CURVE"}	{"lastPrice": "929448587132368965"}
{"blockNumber":20224993,"chainId":1,"poolAddress":"0x1c379572160a80975fa1dad8e491ff485611c8f6","poolType":"CURVE"}	{"lastPrice": "933102680652098318"}
{"blockNumber":20346827,"chainId":1,"poolAddress":"0x1c379572160a80975fa1dad8e491ff485611c8f6","poolType":"CURVE"}	{"lastPrice": "953654453530805969"}
{"blockNumber":20263070,"chainId":1,"poolAddress":"0xe7ad3016d46e538c9ca87e5071c561a73ed1c98c","poolType":"CURVE"}	{"lastPrice": "943283134194188928"}
{"blockNumber":20383848,"chainId":1,"poolAddress":"0xe7ad3016d46e538c9ca87e5071c561a73ed1c98c","poolType":"CURVE"}	{"lastPrice": "955856320320926148"}
{"blockNumber":20346357,"chainId":1,"poolAddress":"0xe7ad3016d46e538c9ca87e5071c561a73ed1c98c","poolType":"CURVE"}	{"lastPrice": "944697429559932301"}
{"blockNumber":20331425,"chainId":1,"poolAddress":"0xe7ad3016d46e538c9ca87e5071c561a73ed1c98c","poolType":"CURVE"}	{"lastPrice": "945031704276389575"}
{"blockNumber":20429305,"chainId":1,"poolAddress":"0xe7ad3016d46e538c9ca87e5071c561a73ed1c98c","poolType":"CURVE"}	{"lastPrice": "946225169382221100"}
{"blockNumber":20411800,"chainId":1,"poolAddress":"0xe7ad3016d46e538c9ca87e5071c561a73ed1c98c","poolType":"CURVE"}	{"lastPrice": "952436709821771021"}
{"blockNumber":20408791,"chainId":1,"poolAddress":"0xe7ad3016d46e538c9ca87e5071c561a73ed1c98c","poolType":"CURVE"}	{"lastPrice": "953791442573779061"}
{"blockNumber":20462166,"chainId":1,"poolAddress":"0xc6e949f57d365fb73015d21a2d1a9da93e938d52","poolType":"CURVE"}	{"lastPrice": "895562959972571020"}
{"blockNumber":20474863,"chainId":1,"poolAddress":"0xc6e949f57d365fb73015d21a2d1a9da93e938d52","poolType":"CURVE"}	{"lastPrice": "887856917191173517"}
{"blockNumber":20227818,"chainId":1,"poolAddress":"0xc6e949f57d365fb73015d21a2d1a9da93e938d52","poolType":"CURVE"}	{"lastPrice": "874008914764252664"}
{"blockNumber":20585636,"chainId":1,"poolAddress":"0xb09fc8bbdcc8dc9d8b3775132c52fcebf1c7dbb3","poolType":"CURVE"}	{"lastPrice": "973286302240606879"}
{"blockNumber":20367114,"chainId":1,"poolAddress":"0xb09fc8bbdcc8dc9d8b3775132c52fcebf1c7dbb3","poolType":"CURVE"}	{"lastPrice": "947079714946882920"}
{"blockNumber":20278684,"chainId":1,"poolAddress":"0xb09fc8bbdcc8dc9d8b3775132c52fcebf1c7dbb3","poolType":"CURVE"}	{"lastPrice": "945671706968182413"}
{"blockNumber":20383227,"chainId":1,"poolAddress":"0xb09fc8bbdcc8dc9d8b3775132c52fcebf1c7dbb3","poolType":"CURVE"}	{"lastPrice": "947055079449875255"}
{"blockNumber":20429382,"chainId":1,"poolAddress":"0xb09fc8bbdcc8dc9d8b3775132c52fcebf1c7dbb3","poolType":"CURVE"}	{"lastPrice": "948028070936902076"}
{"blockNumber":20229290,"chainId":1,"poolAddress":"0xb09fc8bbdcc8dc9d8b3775132c52fcebf1c7dbb3","poolType":"CURVE"}	{"lastPrice": "944925318423590179"}
{"blockNumber":20275341,"chainId":1,"poolAddress":"0xb09fc8bbdcc8dc9d8b3775132c52fcebf1c7dbb3","poolType":"CURVE"}	{"lastPrice": "946118280941233905"}
{"blockNumber":20475302,"chainId":1,"poolAddress":"0xb09fc8bbdcc8dc9d8b3775132c52fcebf1c7dbb3","poolType":"CURVE"}	{"lastPrice": "981519345966859160"}
{"blockNumber":20475506,"chainId":1,"poolAddress":"0xb09fc8bbdcc8dc9d8b3775132c52fcebf1c7dbb3","poolType":"CURVE"}	{"lastPrice": "979707096871214925"}
{"blockNumber":20146674,"chainId":1,"poolAddress":"0xb09fc8bbdcc8dc9d8b3775132c52fcebf1c7dbb3","poolType":"CURVE"}	{"lastPrice": "948236932098508518"}
{"blockNumber":20323335,"chainId":1,"poolAddress":"0xb09fc8bbdcc8dc9d8b3775132c52fcebf1c7dbb3","poolType":"CURVE"}	{"lastPrice": "946068500734419902"}
{"blockNumber":20473867,"chainId":1,"poolAddress":"0xb09fc8bbdcc8dc9d8b3775132c52fcebf1c7dbb3","poolType":"CURVE"}	{"lastPrice": "985537967815584312"}
{"blockNumber":20195059,"chainId":1,"poolAddress":"0xb09fc8bbdcc8dc9d8b3775132c52fcebf1c7dbb3","poolType":"CURVE"}	{"lastPrice": "944116408044853838"}
{"blockNumber":20266986,"chainId":1,"poolAddress":"0xb09fc8bbdcc8dc9d8b3775132c52fcebf1c7dbb3","poolType":"CURVE"}	{"lastPrice": "946630255057488656"}
{"blockNumber":20330852,"chainId":1,"poolAddress":"0xb09fc8bbdcc8dc9d8b3775132c52fcebf1c7dbb3","poolType":"CURVE"}	{"lastPrice": "945704057337727910"}
{"blockNumber":20381796,"chainId":1,"poolAddress":"0xb09fc8bbdcc8dc9d8b3775132c52fcebf1c7dbb3","poolType":"CURVE"}	{"lastPrice": "947182780894840083"}
{"blockNumber":20381907,"chainId":1,"poolAddress":"0xb09fc8bbdcc8dc9d8b3775132c52fcebf1c7dbb3","poolType":"CURVE"}	{"lastPrice": "947198826392203891"}
{"blockNumber":20417790,"chainId":1,"poolAddress":"0xb09fc8bbdcc8dc9d8b3775132c52fcebf1c7dbb3","poolType":"CURVE"}	{"lastPrice": "948080990243030126"}
{"blockNumber":20417815,"chainId":1,"poolAddress":"0xb09fc8bbdcc8dc9d8b3775132c52fcebf1c7dbb3","poolType":"CURVE"}	{"lastPrice": "948056872182301344"}
{"blockNumber":20475053,"chainId":1,"poolAddress":"0xb09fc8bbdcc8dc9d8b3775132c52fcebf1c7dbb3","poolType":"CURVE"}	{"lastPrice": "982882397844833048"}
{"blockNumber":20475058,"chainId":1,"poolAddress":"0xb09fc8bbdcc8dc9d8b3775132c52fcebf1c7dbb3","poolType":"CURVE"}	{"lastPrice": "982153628299780742"}
{"blockNumber":20155265,"chainId":1,"poolAddress":"0xb09fc8bbdcc8dc9d8b3775132c52fcebf1c7dbb3","poolType":"CURVE"}	{"lastPrice": "947886580043073688"}
{"blockNumber":20156127,"chainId":1,"poolAddress":"0xb09fc8bbdcc8dc9d8b3775132c52fcebf1c7dbb3","poolType":"CURVE"}	{"lastPrice": "947267426931160208"}
{"blockNumber":20156447,"chainId":1,"poolAddress":"0xb09fc8bbdcc8dc9d8b3775132c52fcebf1c7dbb3","poolType":"CURVE"}	{"lastPrice": "945698045124775102"}
{"blockNumber":20278280,"chainId":1,"poolAddress":"0xb09fc8bbdcc8dc9d8b3775132c52fcebf1c7dbb3","poolType":"CURVE"}	{"lastPrice": "945959002089489058"}
{"blockNumber":20156334,"chainId":1,"poolAddress":"0xb09fc8bbdcc8dc9d8b3775132c52fcebf1c7dbb3","poolType":"CURVE"}	{"lastPrice": "946801930147421641"}
{"blockNumber":20156996,"chainId":1,"poolAddress":"0xb09fc8bbdcc8dc9d8b3775132c52fcebf1c7dbb3","poolType":"CURVE"}	{"lastPrice": "944199581786979158"}
{"blockNumber":20157539,"chainId":1,"poolAddress":"0xb09fc8bbdcc8dc9d8b3775132c52fcebf1c7dbb3","poolType":"CURVE"}	{"lastPrice": "937841527141682147"}
{"blockNumber":20157571,"chainId":1,"poolAddress":"0xb09fc8bbdcc8dc9d8b3775132c52fcebf1c7dbb3","poolType":"CURVE"}	{"lastPrice": "927802064614848106"}
{"blockNumber":20157083,"chainId":1,"poolAddress":"0xb09fc8bbdcc8dc9d8b3775132c52fcebf1c7dbb3","poolType":"CURVE"}	{"lastPrice": "944081670957111432"}
{"blockNumber":20157321,"chainId":1,"poolAddress":"0xb09fc8bbdcc8dc9d8b3775132c52fcebf1c7dbb3","poolType":"CURVE"}	{"lastPrice": "943402727700354010"}
{"blockNumber":20157327,"chainId":1,"poolAddress":"0xb09fc8bbdcc8dc9d8b3775132c52fcebf1c7dbb3","poolType":"CURVE"}	{"lastPrice": "941801316526403508"}
{"blockNumber":20157545,"chainId":1,"poolAddress":"0xb09fc8bbdcc8dc9d8b3775132c52fcebf1c7dbb3","poolType":"CURVE"}	{"lastPrice": "934056857318818643"}
{"blockNumber":20162562,"chainId":1,"poolAddress":"0xb09fc8bbdcc8dc9d8b3775132c52fcebf1c7dbb3","poolType":"CURVE"}	{"lastPrice": "941497307553080820"}
{"blockNumber":20169031,"chainId":1,"poolAddress":"0xb09fc8bbdcc8dc9d8b3775132c52fcebf1c7dbb3","poolType":"CURVE"}	{"lastPrice": "945735525195216447"}
{"blockNumber":20169203,"chainId":1,"poolAddress":"0xb09fc8bbdcc8dc9d8b3775132c52fcebf1c7dbb3","poolType":"CURVE"}	{"lastPrice": "945512156216242218"}
{"blockNumber":20169455,"chainId":1,"poolAddress":"0xb09fc8bbdcc8dc9d8b3775132c52fcebf1c7dbb3","poolType":"CURVE"}	{"lastPrice": "945218644619020167"}
{"blockNumber":20171266,"chainId":1,"poolAddress":"0xb09fc8bbdcc8dc9d8b3775132c52fcebf1c7dbb3","poolType":"CURVE"}	{"lastPrice": "945057663025330296"}
{"blockNumber":20187591,"chainId":1,"poolAddress":"0xb09fc8bbdcc8dc9d8b3775132c52fcebf1c7dbb3","poolType":"CURVE"}	{"lastPrice": "944561067644330449"}
{"blockNumber":20188087,"chainId":1,"poolAddress":"0xb09fc8bbdcc8dc9d8b3775132c52fcebf1c7dbb3","poolType":"CURVE"}	{"lastPrice": "944541005681276190"}
{"blockNumber":20188130,"chainId":1,"poolAddress":"0xb09fc8bbdcc8dc9d8b3775132c52fcebf1c7dbb3","poolType":"CURVE"}	{"lastPrice": "944508291376557737"}
{"blockNumber":20188178,"chainId":1,"poolAddress":"0xb09fc8bbdcc8dc9d8b3775132c52fcebf1c7dbb3","poolType":"CURVE"}	{"lastPrice": "944475045170002454"}
{"blockNumber":20188233,"chainId":1,"poolAddress":"0xb09fc8bbdcc8dc9d8b3775132c52fcebf1c7dbb3","poolType":"CURVE"}	{"lastPrice": "944441296117891124"}
{"blockNumber":20188286,"chainId":1,"poolAddress":"0xb09fc8bbdcc8dc9d8b3775132c52fcebf1c7dbb3","poolType":"CURVE"}	{"lastPrice": "944408031340841659"}
{"blockNumber":20188317,"chainId":1,"poolAddress":"0xb09fc8bbdcc8dc9d8b3775132c52fcebf1c7dbb3","poolType":"CURVE"}	{"lastPrice": "944373675398145418"}
{"blockNumber":20188355,"chainId":1,"poolAddress":"0xb09fc8bbdcc8dc9d8b3775132c52fcebf1c7dbb3","poolType":"CURVE"}	{"lastPrice": "944339864187910497"}
{"blockNumber":20188378,"chainId":1,"poolAddress":"0xb09fc8bbdcc8dc9d8b3775132c52fcebf1c7dbb3","poolType":"CURVE"}	{"lastPrice": "944306012560233649"}
{"blockNumber":20201915,"chainId":1,"poolAddress":"0xb09fc8bbdcc8dc9d8b3775132c52fcebf1c7dbb3","poolType":"CURVE"}	{"lastPrice": "944138694862662203"}
{"blockNumber":20202495,"chainId":1,"poolAddress":"0xb09fc8bbdcc8dc9d8b3775132c52fcebf1c7dbb3","poolType":"CURVE"}	{"lastPrice": "944085239089114033"}
{"blockNumber":20202843,"chainId":1,"poolAddress":"0xb09fc8bbdcc8dc9d8b3775132c52fcebf1c7dbb3","poolType":"CURVE"}	{"lastPrice": "944030307417451615"}
{"blockNumber":20202974,"chainId":1,"poolAddress":"0xb09fc8bbdcc8dc9d8b3775132c52fcebf1c7dbb3","poolType":"CURVE"}	{"lastPrice": "943975450462059295"}
{"blockNumber":20204258,"chainId":1,"poolAddress":"0xb09fc8bbdcc8dc9d8b3775132c52fcebf1c7dbb3","poolType":"CURVE"}	{"lastPrice": "943919653525832275"}
{"blockNumber":20204320,"chainId":1,"poolAddress":"0xb09fc8bbdcc8dc9d8b3775132c52fcebf1c7dbb3","poolType":"CURVE"}	{"lastPrice": "943864179442414171"}
{"blockNumber":20204381,"chainId":1,"poolAddress":"0xb09fc8bbdcc8dc9d8b3775132c52fcebf1c7dbb3","poolType":"CURVE"}	{"lastPrice": "943807214003035929"}
{"blockNumber":20204597,"chainId":1,"poolAddress":"0xb09fc8bbdcc8dc9d8b3775132c52fcebf1c7dbb3","poolType":"CURVE"}	{"lastPrice": "943749833592148324"}
{"blockNumber":20204644,"chainId":1,"poolAddress":"0xb09fc8bbdcc8dc9d8b3775132c52fcebf1c7dbb3","poolType":"CURVE"}	{"lastPrice": "943696193847458515"}
{"blockNumber":20204711,"chainId":1,"poolAddress":"0xb09fc8bbdcc8dc9d8b3775132c52fcebf1c7dbb3","poolType":"CURVE"}	{"lastPrice": "943621423399055493"}
{"blockNumber":20208260,"chainId":1,"poolAddress":"0xb09fc8bbdcc8dc9d8b3775132c52fcebf1c7dbb3","poolType":"CURVE"}	{"lastPrice": "943550968111501796"}
{"blockNumber":20220204,"chainId":1,"poolAddress":"0xb09fc8bbdcc8dc9d8b3775132c52fcebf1c7dbb3","poolType":"CURVE"}	{"lastPrice": "944238888291465248"}
{"blockNumber":20229600,"chainId":1,"poolAddress":"0xb09fc8bbdcc8dc9d8b3775132c52fcebf1c7dbb3","poolType":"CURVE"}	{"lastPrice": "944856611266056439"}
{"blockNumber":20241029,"chainId":1,"poolAddress":"0xb09fc8bbdcc8dc9d8b3775132c52fcebf1c7dbb3","poolType":"CURVE"}	{"lastPrice": "945001515821234737"}
{"blockNumber":20241183,"chainId":1,"poolAddress":"0xb09fc8bbdcc8dc9d8b3775132c52fcebf1c7dbb3","poolType":"CURVE"}	{"lastPrice": "944894166962259535"}
{"blockNumber":20241359,"chainId":1,"poolAddress":"0xb09fc8bbdcc8dc9d8b3775132c52fcebf1c7dbb3","poolType":"CURVE"}	{"lastPrice": "944814239308169218"}
{"blockNumber":20242087,"chainId":1,"poolAddress":"0xb09fc8bbdcc8dc9d8b3775132c52fcebf1c7dbb3","poolType":"CURVE"}	{"lastPrice": "944722798929632659"}
{"blockNumber":20243362,"chainId":1,"poolAddress":"0xb09fc8bbdcc8dc9d8b3775132c52fcebf1c7dbb3","poolType":"CURVE"}	{"lastPrice": "944879521145041542"}
{"blockNumber":20273480,"chainId":1,"poolAddress":"0xb09fc8bbdcc8dc9d8b3775132c52fcebf1c7dbb3","poolType":"CURVE"}	{"lastPrice": "946372373552193719"}
{"blockNumber":20323801,"chainId":1,"poolAddress":"0xb09fc8bbdcc8dc9d8b3775132c52fcebf1c7dbb3","poolType":"CURVE"}	{"lastPrice": "945911097014022763"}
{"blockNumber":20355109,"chainId":1,"poolAddress":"0xb09fc8bbdcc8dc9d8b3775132c52fcebf1c7dbb3","poolType":"CURVE"}	{"lastPrice": "946916380775273333"}
{"blockNumber":20440760,"chainId":1,"poolAddress":"0xb09fc8bbdcc8dc9d8b3775132c52fcebf1c7dbb3","poolType":"CURVE"}	{"lastPrice": "947987318324308919"}
{"blockNumber":20447294,"chainId":1,"poolAddress":"0xb09fc8bbdcc8dc9d8b3775132c52fcebf1c7dbb3","poolType":"CURVE"}	{"lastPrice": "948458387100815595"}
{"blockNumber":20475784,"chainId":1,"poolAddress":"0xb09fc8bbdcc8dc9d8b3775132c52fcebf1c7dbb3","poolType":"CURVE"}	{"lastPrice": "973087259221603455"}
{"blockNumber":20524622,"chainId":1,"poolAddress":"0xb09fc8bbdcc8dc9d8b3775132c52fcebf1c7dbb3","poolType":"CURVE"}	{"lastPrice": "966847570520111907"}
{"blockNumber":20553337,"chainId":1,"poolAddress":"0xb09fc8bbdcc8dc9d8b3775132c52fcebf1c7dbb3","poolType":"CURVE"}	{"lastPrice": "988233371685267186"}
{"blockNumber":20588707,"chainId":1,"poolAddress":"0xb09fc8bbdcc8dc9d8b3775132c52fcebf1c7dbb3","poolType":"CURVE"}	{"lastPrice": "972186327760259347"}
{"blockNumber":20588800,"chainId":1,"poolAddress":"0xb09fc8bbdcc8dc9d8b3775132c52fcebf1c7dbb3","poolType":"CURVE"}	{"lastPrice": "968496959940264822"}
{"blockNumber":20591243,"chainId":1,"poolAddress":"0xb09fc8bbdcc8dc9d8b3775132c52fcebf1c7dbb3","poolType":"CURVE"}	{"lastPrice": "965066432267698580"}
{"blockNumber":20603455,"chainId":1,"poolAddress":"0xb09fc8bbdcc8dc9d8b3775132c52fcebf1c7dbb3","poolType":"CURVE"}	{"lastPrice": "964460726448213129"}
{"blockNumber":20370224,"chainId":1,"poolAddress":"0xbce4e65b4a68ac2095c7747992250d2075d82edc","poolType":"CURVE"}	{"lastPrice": "935834593681247331"}
{"blockNumber":20416763,"chainId":1,"poolAddress":"0xbce4e65b4a68ac2095c7747992250d2075d82edc","poolType":"CURVE"}	{"lastPrice": "931916033628674427"}
{"blockNumber":20460970,"chainId":1,"poolAddress":"0xbce4e65b4a68ac2095c7747992250d2075d82edc","poolType":"CURVE"}	{"lastPrice": "908671016561639225"}
{"blockNumber":20316755,"chainId":1,"poolAddress":"0xbce4e65b4a68ac2095c7747992250d2075d82edc","poolType":"CURVE"}	{"lastPrice": "926942801844210614"}
{"blockNumber":20147196,"chainId":1,"poolAddress":"0xbce4e65b4a68ac2095c7747992250d2075d82edc","poolType":"CURVE"}	{"lastPrice": "909660863356930436"}
{"blockNumber":20167138,"chainId":1,"poolAddress":"0xbce4e65b4a68ac2095c7747992250d2075d82edc","poolType":"CURVE"}	{"lastPrice": "902612299807574112"}
{"blockNumber":20316379,"chainId":1,"poolAddress":"0xbce4e65b4a68ac2095c7747992250d2075d82edc","poolType":"CURVE"}	{"lastPrice": "939333976786937805"}
{"blockNumber":20387659,"chainId":1,"poolAddress":"0xbce4e65b4a68ac2095c7747992250d2075d82edc","poolType":"CURVE"}	{"lastPrice": "934206293943405671"}
{"blockNumber":20149817,"chainId":1,"poolAddress":"0xbce4e65b4a68ac2095c7747992250d2075d82edc","poolType":"CURVE"}	{"lastPrice": "905220211608177769"}
{"blockNumber":20159988,"chainId":1,"poolAddress":"0xbce4e65b4a68ac2095c7747992250d2075d82edc","poolType":"CURVE"}	{"lastPrice": "844616266335158015"}
{"blockNumber":20312997,"chainId":1,"poolAddress":"0xbce4e65b4a68ac2095c7747992250d2075d82edc","poolType":"CURVE"}	{"lastPrice": "941233144103584522"}
{"blockNumber":20330008,"chainId":1,"poolAddress":"0xbce4e65b4a68ac2095c7747992250d2075d82edc","poolType":"CURVE"}	{"lastPrice": "938065250434140883"}
{"blockNumber":20235960,"chainId":1,"poolAddress":"0x4d4140c05dfa65e3e38a7bf1bda6e5b68fbe2b80","poolType":"CURVE"}	{"lastPrice": "966074600791059957"}
{"blockNumber":20154064,"chainId":1,"poolAddress":"0x4d4140c05dfa65e3e38a7bf1bda6e5b68fbe2b80","poolType":"CURVE"}	{"lastPrice": "949133643561915376"}
{"blockNumber":20174912,"chainId":1,"poolAddress":"0x4d4140c05dfa65e3e38a7bf1bda6e5b68fbe2b80","poolType":"CURVE"}	{"lastPrice": "949193298901500332"}
{"blockNumber":20371916,"chainId":1,"poolAddress":"0x4d4140c05dfa65e3e38a7bf1bda6e5b68fbe2b80","poolType":"CURVE"}	{"lastPrice": "977345128455379719"}
{"blockNumber":20432462,"chainId":1,"poolAddress":"0x4d4140c05dfa65e3e38a7bf1bda6e5b68fbe2b80","poolType":"CURVE"}	{"lastPrice": "983657576686186030"}
{"blockNumber":20278997,"chainId":1,"poolAddress":"0x4d4140c05dfa65e3e38a7bf1bda6e5b68fbe2b80","poolType":"CURVE"}	{"lastPrice": "971246717983077403"}
{"blockNumber":20357995,"chainId":1,"poolAddress":"0x4d4140c05dfa65e3e38a7bf1bda6e5b68fbe2b80","poolType":"CURVE"}	{"lastPrice": "994884750137807868"}
{"blockNumber":20235804,"chainId":1,"poolAddress":"0x1c379572160a80975fa1dad8e491ff485611c8f6","poolType":"CURVE"}	{"lastPrice": "945641349078137701"}
{"blockNumber":20456239,"chainId":1,"poolAddress":"0x1c379572160a80975fa1dad8e491ff485611c8f6","poolType":"CURVE"}	{"lastPrice": "962065242054392218"}
{"blockNumber":20247325,"chainId":1,"poolAddress":"0x1c379572160a80975fa1dad8e491ff485611c8f6","poolType":"CURVE"}	{"lastPrice": "935887766488124841"}
{"blockNumber":20231578,"chainId":1,"poolAddress":"0x1c379572160a80975fa1dad8e491ff485611c8f6","poolType":"CURVE"}	{"lastPrice": "950813667216055658"}
{"blockNumber":20580669,"chainId":1,"poolAddress":"0x1c379572160a80975fa1dad8e491ff485611c8f6","poolType":"CURVE"}	{"lastPrice": "985574244720291200"}
{"blockNumber":20580685,"chainId":1,"poolAddress":"0x1c379572160a80975fa1dad8e491ff485611c8f6","poolType":"CURVE"}	{"lastPrice": "983845057277834473"}
{"blockNumber":20190708,"chainId":1,"poolAddress":"0x1c379572160a80975fa1dad8e491ff485611c8f6","poolType":"CURVE"}	{"lastPrice": "949304259675600396"}
{"blockNumber":20218477,"chainId":1,"poolAddress":"0x1c379572160a80975fa1dad8e491ff485611c8f6","poolType":"CURVE"}	{"lastPrice": "935140573055347750"}
{"blockNumber":20218954,"chainId":1,"poolAddress":"0x1c379572160a80975fa1dad8e491ff485611c8f6","poolType":"CURVE"}	{"lastPrice": "931286039178064860"}
{"blockNumber":20336589,"chainId":1,"poolAddress":"0x1c379572160a80975fa1dad8e491ff485611c8f6","poolType":"CURVE"}	{"lastPrice": "955530638472240886"}
{"blockNumber":20313774,"chainId":1,"poolAddress":"0xc9f39993cf05f7442dd56ac2b87484c051ffdb5a","poolType":"CURVE"}	{"lastPrice": "920541914154921757"}
{"blockNumber":20314336,"chainId":1,"poolAddress":"0xc9f39993cf05f7442dd56ac2b87484c051ffdb5a","poolType":"CURVE"}	{"lastPrice": "912300760215480913"}
{"blockNumber":20368329,"chainId":1,"poolAddress":"0xc63dff67fe1b63004ab6c773022ba06847c11335","poolType":"CURVE"}	{"lastPrice": "632390209465070887"}
{"blockNumber":20245299,"chainId":1,"poolAddress":"0xc63dff67fe1b63004ab6c773022ba06847c11335","poolType":"CURVE"}	{"lastPrice": "630380631034229930"}
{"blockNumber":20472257,"chainId":1,"poolAddress":"0xc63dff67fe1b63004ab6c773022ba06847c11335","poolType":"CURVE"}	{"lastPrice": "642205817214406507"}
{"blockNumber":20256894,"chainId":1,"poolAddress":"0xc63dff67fe1b63004ab6c773022ba06847c11335","poolType":"CURVE"}	{"lastPrice": "629929450171131732"}
{"blockNumber":20528767,"chainId":1,"poolAddress":"0xc63dff67fe1b63004ab6c773022ba06847c11335","poolType":"CURVE"}	{"lastPrice": "648664918819883835"}
{"blockNumber":20583190,"chainId":1,"poolAddress":"0xc63dff67fe1b63004ab6c773022ba06847c11335","poolType":"CURVE"}	{"lastPrice": "648061441923910178"}
{"blockNumber":20437010,"chainId":1,"poolAddress":"0xc63dff67fe1b63004ab6c773022ba06847c11335","poolType":"CURVE"}	{"lastPrice": "638979380390943627"}
{"blockNumber":20313603,"chainId":1,"poolAddress":"0xf3749a2bef435535200c378298b78f34dcac0fc9","poolType":"CURVE"}	{"lastPrice": "912040539678195971"}
{"blockNumber":20346364,"chainId":1,"poolAddress":"0xe7ad3016d46e538c9ca87e5071c561a73ed1c98c","poolType":"CURVE"}	{"lastPrice": "946580845524713749"}
{"blockNumber":20383838,"chainId":1,"poolAddress":"0xe7ad3016d46e538c9ca87e5071c561a73ed1c98c","poolType":"CURVE"}	{"lastPrice": "957580178995540703"}
{"blockNumber":20428810,"chainId":1,"poolAddress":"0xe7ad3016d46e538c9ca87e5071c561a73ed1c98c","poolType":"CURVE"}	{"lastPrice": "943943279857514861"}
{"blockNumber":20162190,"chainId":1,"poolAddress":"0xe7ad3016d46e538c9ca87e5071c561a73ed1c98c","poolType":"CURVE"}	{"lastPrice": "933945028597098559"}
{"blockNumber":20150754,"chainId":1,"poolAddress":"0xe7ad3016d46e538c9ca87e5071c561a73ed1c98c","poolType":"CURVE"}	{"lastPrice": "930579816992516895"}
{"blockNumber":20404028,"chainId":1,"poolAddress":"0xe7ad3016d46e538c9ca87e5071c561a73ed1c98c","poolType":"CURVE"}	{"lastPrice": "953418940737220193"}
{"blockNumber":20411782,"chainId":1,"poolAddress":"0xe7ad3016d46e538c9ca87e5071c561a73ed1c98c","poolType":"CURVE"}	{"lastPrice": "954455737392590467"}
{"blockNumber":20468385,"chainId":1,"poolAddress":"0xe7ad3016d46e538c9ca87e5071c561a73ed1c98c","poolType":"CURVE"}	{"lastPrice": "955976328270953012"}
{"blockNumber":20477326,"chainId":1,"poolAddress":"0xc6e949f57d365fb73015d21a2d1a9da93e938d52","poolType":"CURVE"}	{"lastPrice": "891238141144491136"}
{"blockNumber":20470522,"chainId":1,"poolAddress":"0xc6e949f57d365fb73015d21a2d1a9da93e938d52","poolType":"CURVE"}	{"lastPrice": "889807367718073661"}
{"blockNumber":20539958,"chainId":1,"poolAddress":"0xc6e949f57d365fb73015d21a2d1a9da93e938d52","poolType":"CURVE"}	{"lastPrice": "887032983244835597"}
{"blockNumber":20462136,"chainId":1,"poolAddress":"0xc6e949f57d365fb73015d21a2d1a9da93e938d52","poolType":"CURVE"}	{"lastPrice": "895093773088038322"}
{"blockNumber":20462152,"chainId":1,"poolAddress":"0xc6e949f57d365fb73015d21a2d1a9da93e938d52","poolType":"CURVE"}	{"lastPrice": "903756755401579881"}
{"blockNumber":20247446,"chainId":1,"poolAddress":"0x1c379572160a80975fa1dad8e491ff485611c8f6","poolType":"CURVE"}	{"lastPrice": "937099727912299346"}
{"blockNumber":20247469,"chainId":1,"poolAddress":"0x1c379572160a80975fa1dad8e491ff485611c8f6","poolType":"CURVE"}	{"lastPrice": "945074411550781877"}
{"blockNumber":20431081,"chainId":1,"poolAddress":"0x1c379572160a80975fa1dad8e491ff485611c8f6","poolType":"CURVE"}	{"lastPrice": "976267020099614120"}
{"blockNumber":20257031,"chainId":1,"poolAddress":"0x1c379572160a80975fa1dad8e491ff485611c8f6","poolType":"CURVE"}	{"lastPrice": "968087477874123627"}
{"blockNumber":20184615,"chainId":1,"poolAddress":"0x1c379572160a80975fa1dad8e491ff485611c8f6","poolType":"CURVE"}	{"lastPrice": "928718484466088545"}
{"blockNumber":20229077,"chainId":1,"poolAddress":"0x1c379572160a80975fa1dad8e491ff485611c8f6","poolType":"CURVE"}	{"lastPrice": "937219768114250744"}
{"blockNumber":20185343,"chainId":1,"poolAddress":"0x1c379572160a80975fa1dad8e491ff485611c8f6","poolType":"CURVE"}	{"lastPrice": "958153850420477091"}
{"blockNumber":20249139,"chainId":1,"poolAddress":"0x1c379572160a80975fa1dad8e491ff485611c8f6","poolType":"CURVE"}	{"lastPrice": "953091210602960538"}
{"blockNumber":20206790,"chainId":1,"poolAddress":"0x1c379572160a80975fa1dad8e491ff485611c8f6","poolType":"CURVE"}	{"lastPrice": "963004734602742230"}
{"blockNumber":20224490,"chainId":1,"poolAddress":"0x1c379572160a80975fa1dad8e491ff485611c8f6","poolType":"CURVE"}	{"lastPrice": "933734415826556455"}
{"blockNumber":20457082,"chainId":1,"poolAddress":"0x1c379572160a80975fa1dad8e491ff485611c8f6","poolType":"CURVE"}	{"lastPrice": "965161199406619657"}
{"blockNumber":20580614,"chainId":1,"poolAddress":"0x1c379572160a80975fa1dad8e491ff485611c8f6","poolType":"CURVE"}	{"lastPrice": "986990935149407168"}
{"blockNumber":20300131,"chainId":1,"poolAddress":"0xc9f39993cf05f7442dd56ac2b87484c051ffdb5a","poolType":"CURVE"}	{"lastPrice": "914147403205110373"}
{"blockNumber":20467500,"chainId":1,"poolAddress":"0xc63dff67fe1b63004ab6c773022ba06847c11335","poolType":"CURVE"}	{"lastPrice": "635724659057679421"}
{"blockNumber":20384306,"chainId":1,"poolAddress":"0xc63dff67fe1b63004ab6c773022ba06847c11335","poolType":"CURVE"}	{"lastPrice": "623717598039787361"}
{"blockNumber":20388732,"chainId":1,"poolAddress":"0xc63dff67fe1b63004ab6c773022ba06847c11335","poolType":"CURVE"}	{"lastPrice": "623836892744308730"}
{"blockNumber":20394963,"chainId":1,"poolAddress":"0xc63dff67fe1b63004ab6c773022ba06847c11335","poolType":"CURVE"}	{"lastPrice": "623947887759097968"}
{"blockNumber":20402281,"chainId":1,"poolAddress":"0xc63dff67fe1b63004ab6c773022ba06847c11335","poolType":"CURVE"}	{"lastPrice": "637118460472503778"}
{"blockNumber":20410132,"chainId":1,"poolAddress":"0xc63dff67fe1b63004ab6c773022ba06847c11335","poolType":"CURVE"}	{"lastPrice": "640280340174813415"}
{"blockNumber":20468608,"chainId":1,"poolAddress":"0xc63dff67fe1b63004ab6c773022ba06847c11335","poolType":"CURVE"}	{"lastPrice": "649876716182690943"}
{"blockNumber":20182983,"chainId":1,"poolAddress":"0xc63dff67fe1b63004ab6c773022ba06847c11335","poolType":"CURVE"}	{"lastPrice": "634946733713387849"}
{"blockNumber":20395958,"chainId":1,"poolAddress":"0xc63dff67fe1b63004ab6c773022ba06847c11335","poolType":"CURVE"}	{"lastPrice": "625366089739287200"}
{"blockNumber":20476246,"chainId":1,"poolAddress":"0xc63dff67fe1b63004ab6c773022ba06847c11335","poolType":"CURVE"}	{"lastPrice": "636393737449605961"}
{"blockNumber":20519494,"chainId":1,"poolAddress":"0xc63dff67fe1b63004ab6c773022ba06847c11335","poolType":"CURVE"}	{"lastPrice": "647042267559435322"}
{"blockNumber":20539543,"chainId":1,"poolAddress":"0xc63dff67fe1b63004ab6c773022ba06847c11335","poolType":"CURVE"}	{"lastPrice": "658653242887942416"}
{"blockNumber":20368202,"chainId":1,"poolAddress":"0xc63dff67fe1b63004ab6c773022ba06847c11335","poolType":"CURVE"}	{"lastPrice": "634626929838325183"}
{"blockNumber":20230534,"chainId":1,"poolAddress":"0xc63dff67fe1b63004ab6c773022ba06847c11335","poolType":"CURVE"}	{"lastPrice": "632587312827354355"}
{"blockNumber":20270677,"chainId":1,"poolAddress":"0xc63dff67fe1b63004ab6c773022ba06847c11335","poolType":"CURVE"}	{"lastPrice": "631811941305076288"}
{"blockNumber":20397887,"chainId":1,"poolAddress":"0xc63dff67fe1b63004ab6c773022ba06847c11335","poolType":"CURVE"}	{"lastPrice": "630349078009381985"}
{"blockNumber":20597559,"chainId":1,"poolAddress":"0xc63dff67fe1b63004ab6c773022ba06847c11335","poolType":"CURVE"}	{"lastPrice": "649408998293617809"}
{"blockNumber":20377821,"chainId":1,"poolAddress":"0xc63dff67fe1b63004ab6c773022ba06847c11335","poolType":"CURVE"}	{"lastPrice": "623556958386229255"}
{"blockNumber":20528832,"chainId":1,"poolAddress":"0xc63dff67fe1b63004ab6c773022ba06847c11335","poolType":"CURVE"}	{"lastPrice": "651042369174430840"}
{"blockNumber":20383290,"chainId":1,"poolAddress":"0xc63dff67fe1b63004ab6c773022ba06847c11335","poolType":"CURVE"}	{"lastPrice": "623810238539008111"}
{"blockNumber":20373991,"chainId":1,"poolAddress":"0xc63dff67fe1b63004ab6c773022ba06847c11335","poolType":"CURVE"}	{"lastPrice": "542112260277982686"}
{"blockNumber":20374005,"chainId":1,"poolAddress":"0xc63dff67fe1b63004ab6c773022ba06847c11335","poolType":"CURVE"}	{"lastPrice": "572413355289806590"}
{"blockNumber":20374026,"chainId":1,"poolAddress":"0xc63dff67fe1b63004ab6c773022ba06847c11335","poolType":"CURVE"}	{"lastPrice": "595299899027159074"}
{"blockNumber":20374057,"chainId":1,"poolAddress":"0xc63dff67fe1b63004ab6c773022ba06847c11335","poolType":"CURVE"}	{"lastPrice": "610132370362593446"}
{"blockNumber":20374063,"chainId":1,"poolAddress":"0xc63dff67fe1b63004ab6c773022ba06847c11335","poolType":"CURVE"}	{"lastPrice": "618288292038078620"}
{"blockNumber":20374076,"chainId":1,"poolAddress":"0xc63dff67fe1b63004ab6c773022ba06847c11335","poolType":"CURVE"}	{"lastPrice": "621948156803972384"}
{"blockNumber":20374116,"chainId":1,"poolAddress":"0xc63dff67fe1b63004ab6c773022ba06847c11335","poolType":"CURVE"}	{"lastPrice": "623155204972229071"}
{"blockNumber":20375476,"chainId":1,"poolAddress":"0xc63dff67fe1b63004ab6c773022ba06847c11335","poolType":"CURVE"}	{"lastPrice": "623313203047797504"}
{"blockNumber":20401129,"chainId":1,"poolAddress":"0xc63dff67fe1b63004ab6c773022ba06847c11335","poolType":"CURVE"}	{"lastPrice": "633767060006934133"}
{"blockNumber":20461300,"chainId":1,"poolAddress":"0x4d4140c05dfa65e3e38a7bf1bda6e5b68fbe2b80","poolType":"CURVE"}	{"lastPrice": "983406508912717107"}
{"blockNumber":20257013,"chainId":1,"poolAddress":"0x4d4140c05dfa65e3e38a7bf1bda6e5b68fbe2b80","poolType":"CURVE"}	{"lastPrice": "972565204482686761"}
{"blockNumber":20174861,"chainId":1,"poolAddress":"0x4d4140c05dfa65e3e38a7bf1bda6e5b68fbe2b80","poolType":"CURVE"}	{"lastPrice": "949851074214496106"}
{"blockNumber":20179448,"chainId":1,"poolAddress":"0x4d4140c05dfa65e3e38a7bf1bda6e5b68fbe2b80","poolType":"CURVE"}	{"lastPrice": "952031403783032880"}
{"blockNumber":20182394,"chainId":1,"poolAddress":"0x4d4140c05dfa65e3e38a7bf1bda6e5b68fbe2b80","poolType":"CURVE"}	{"lastPrice": "956941210939515045"}
{"blockNumber":20182496,"chainId":1,"poolAddress":"0x4d4140c05dfa65e3e38a7bf1bda6e5b68fbe2b80","poolType":"CURVE"}	{"lastPrice": "957552893400326300"}
{"blockNumber":20212303,"chainId":1,"poolAddress":"0x4d4140c05dfa65e3e38a7bf1bda6e5b68fbe2b80","poolType":"CURVE"}	{"lastPrice": "963740114993633996"}
{"blockNumber":20395143,"chainId":1,"poolAddress":"0x4d4140c05dfa65e3e38a7bf1bda6e5b68fbe2b80","poolType":"CURVE"}	{"lastPrice": "970118961598162688"}
{"blockNumber":20332325,"chainId":1,"poolAddress":"0x4d4140c05dfa65e3e38a7bf1bda6e5b68fbe2b80","poolType":"CURVE"}	{"lastPrice": "972756881091377789"}
{"blockNumber":20152158,"chainId":1,"poolAddress":"0x4d4140c05dfa65e3e38a7bf1bda6e5b68fbe2b80","poolType":"CURVE"}	{"lastPrice": "949716169880279694"}
{"blockNumber":20156795,"chainId":1,"poolAddress":"0x4d4140c05dfa65e3e38a7bf1bda6e5b68fbe2b80","poolType":"CURVE"}	{"lastPrice": "949833456766879352"}
{"blockNumber":20176434,"chainId":1,"poolAddress":"0x4d4140c05dfa65e3e38a7bf1bda6e5b68fbe2b80","poolType":"CURVE"}	{"lastPrice": "950293410988864475"}
{"blockNumber":20191301,"chainId":1,"poolAddress":"0x4d4140c05dfa65e3e38a7bf1bda6e5b68fbe2b80","poolType":"CURVE"}	{"lastPrice": "959161085429575277"}
{"blockNumber":20180749,"chainId":1,"poolAddress":"0x4d4140c05dfa65e3e38a7bf1bda6e5b68fbe2b80","poolType":"CURVE"}	{"lastPrice": "955039763220468742"}
{"blockNumber":20186367,"chainId":1,"poolAddress":"0x4d4140c05dfa65e3e38a7bf1bda6e5b68fbe2b80","poolType":"CURVE"}	{"lastPrice": "958048048231378600"}
{"blockNumber":20339836,"chainId":1,"poolAddress":"0x4d4140c05dfa65e3e38a7bf1bda6e5b68fbe2b80","poolType":"CURVE"}	{"lastPrice": "984139174815989347"}
{"blockNumber":20394823,"chainId":1,"poolAddress":"0x4d4140c05dfa65e3e38a7bf1bda6e5b68fbe2b80","poolType":"CURVE"}	{"lastPrice": "966844721822781627"}
{"blockNumber":20394899,"chainId":1,"poolAddress":"0x4d4140c05dfa65e3e38a7bf1bda6e5b68fbe2b80","poolType":"CURVE"}	{"lastPrice": "967394596732874739"}
{"blockNumber":20394903,"chainId":1,"poolAddress":"0x4d4140c05dfa65e3e38a7bf1bda6e5b68fbe2b80","poolType":"CURVE"}	{"lastPrice": "967959650732786630"}
{"blockNumber":20411788,"chainId":1,"poolAddress":"0x4d4140c05dfa65e3e38a7bf1bda6e5b68fbe2b80","poolType":"CURVE"}	{"lastPrice": "977520700984683311"}
{"blockNumber":20413422,"chainId":1,"poolAddress":"0x4d4140c05dfa65e3e38a7bf1bda6e5b68fbe2b80","poolType":"CURVE"}	{"lastPrice": "984642388958660381"}
{"blockNumber":20526496,"chainId":1,"poolAddress":"0x4d4140c05dfa65e3e38a7bf1bda6e5b68fbe2b80","poolType":"CURVE"}	{"lastPrice": "984360366701921993"}
{"blockNumber":20367097,"chainId":1,"poolAddress":"0xb09fc8bbdcc8dc9d8b3775132c52fcebf1c7dbb3","poolType":"CURVE"}	{"lastPrice": "947981305420655620"}
{"blockNumber":20367633,"chainId":1,"poolAddress":"0xb09fc8bbdcc8dc9d8b3775132c52fcebf1c7dbb3","poolType":"CURVE"}	{"lastPrice": "948025626045006019"}
{"blockNumber":20393832,"chainId":1,"poolAddress":"0xb09fc8bbdcc8dc9d8b3775132c52fcebf1c7dbb3","poolType":"CURVE"}	{"lastPrice": "948270848867673459"}
{"blockNumber":20257051,"chainId":1,"poolAddress":"0xb09fc8bbdcc8dc9d8b3775132c52fcebf1c7dbb3","poolType":"CURVE"}	{"lastPrice": "947495284067271141"}
{"blockNumber":20597074,"chainId":1,"poolAddress":"0xb09fc8bbdcc8dc9d8b3775132c52fcebf1c7dbb3","poolType":"CURVE"}	{"lastPrice": "966104031929085762"}
{"blockNumber":20257499,"chainId":1,"poolAddress":"0xb09fc8bbdcc8dc9d8b3775132c52fcebf1c7dbb3","poolType":"CURVE"}	{"lastPrice": "947578115332415640"}
{"blockNumber":20358673,"chainId":1,"poolAddress":"0xb09fc8bbdcc8dc9d8b3775132c52fcebf1c7dbb3","poolType":"CURVE"}	{"lastPrice": "947923910041109361"}
{"blockNumber":20403203,"chainId":1,"poolAddress":"0xb09fc8bbdcc8dc9d8b3775132c52fcebf1c7dbb3","poolType":"CURVE"}	{"lastPrice": "948793743304986326"}
{"blockNumber":20456368,"chainId":1,"poolAddress":"0xb09fc8bbdcc8dc9d8b3775132c52fcebf1c7dbb3","poolType":"CURVE"}	{"lastPrice": "949559179975122203"}
{"blockNumber":20473780,"chainId":1,"poolAddress":"0xb09fc8bbdcc8dc9d8b3775132c52fcebf1c7dbb3","poolType":"CURVE"}	{"lastPrice": "986337631411167300"}
{"blockNumber":20530500,"chainId":1,"poolAddress":"0xb09fc8bbdcc8dc9d8b3775132c52fcebf1c7dbb3","poolType":"CURVE"}	{"lastPrice": "968031254515024926"}
{"blockNumber":20578452,"chainId":1,"poolAddress":"0xb09fc8bbdcc8dc9d8b3775132c52fcebf1c7dbb3","poolType":"CURVE"}	{"lastPrice": "973657034209734386"}
{"blockNumber":20381759,"chainId":1,"poolAddress":"0xb09fc8bbdcc8dc9d8b3775132c52fcebf1c7dbb3","poolType":"CURVE"}	{"lastPrice": "948076685302206523"}
{"blockNumber":20353044,"chainId":1,"poolAddress":"0xb09fc8bbdcc8dc9d8b3775132c52fcebf1c7dbb3","poolType":"CURVE"}	{"lastPrice": "947830762921618819"}
{"blockNumber":20246724,"chainId":1,"poolAddress":"0xb09fc8bbdcc8dc9d8b3775132c52fcebf1c7dbb3","poolType":"CURVE"}	{"lastPrice": "945799589118651721"}
{"blockNumber":20464634,"chainId":1,"poolAddress":"0xb09fc8bbdcc8dc9d8b3775132c52fcebf1c7dbb3","poolType":"CURVE"}	{"lastPrice": "982547050816202501"}
{"blockNumber":20161074,"chainId":1,"poolAddress":"0xb09fc8bbdcc8dc9d8b3775132c52fcebf1c7dbb3","poolType":"CURVE"}	{"lastPrice": "934402645169204374"}
{"blockNumber":20253666,"chainId":1,"poolAddress":"0xb09fc8bbdcc8dc9d8b3775132c52fcebf1c7dbb3","poolType":"CURVE"}	{"lastPrice": "946449528325070484"}
{"blockNumber":20164055,"chainId":1,"poolAddress":"0xb09fc8bbdcc8dc9d8b3775132c52fcebf1c7dbb3","poolType":"CURVE"}	{"lastPrice": "944023850238502385"}
{"blockNumber":20164064,"chainId":1,"poolAddress":"0xb09fc8bbdcc8dc9d8b3775132c52fcebf1c7dbb3","poolType":"CURVE"}	{"lastPrice": "945650436504365043"}
{"blockNumber":20164207,"chainId":1,"poolAddress":"0xb09fc8bbdcc8dc9d8b3775132c52fcebf1c7dbb3","poolType":"CURVE"}	{"lastPrice": "946349909455671121"}
{"blockNumber":20167939,"chainId":1,"poolAddress":"0xb09fc8bbdcc8dc9d8b3775132c52fcebf1c7dbb3","poolType":"CURVE"}	{"lastPrice": "946651704542794223"}
{"blockNumber":20312502,"chainId":1,"poolAddress":"0xb09fc8bbdcc8dc9d8b3775132c52fcebf1c7dbb3","poolType":"CURVE"}	{"lastPrice": "946664197303954185"}
{"blockNumber":20343549,"chainId":1,"poolAddress":"0xb09fc8bbdcc8dc9d8b3775132c52fcebf1c7dbb3","poolType":"CURVE"}	{"lastPrice": "947828997560468124"}
{"blockNumber":20380626,"chainId":1,"poolAddress":"0xb09fc8bbdcc8dc9d8b3775132c52fcebf1c7dbb3","poolType":"CURVE"}	{"lastPrice": "948036523909478437"}
{"blockNumber":20416040,"chainId":1,"poolAddress":"0xb09fc8bbdcc8dc9d8b3775132c52fcebf1c7dbb3","poolType":"CURVE"}	{"lastPrice": "948952434976417630"}
{"blockNumber":20382480,"chainId":1,"poolAddress":"0xb09fc8bbdcc8dc9d8b3775132c52fcebf1c7dbb3","poolType":"CURVE"}	{"lastPrice": "947535691922631448"}
{"blockNumber":20395603,"chainId":1,"poolAddress":"0xb09fc8bbdcc8dc9d8b3775132c52fcebf1c7dbb3","poolType":"CURVE"}	{"lastPrice": "947957433512873062"}
{"blockNumber":20395702,"chainId":1,"poolAddress":"0xb09fc8bbdcc8dc9d8b3775132c52fcebf1c7dbb3","poolType":"CURVE"}	{"lastPrice": "948449337429546899"}
{"blockNumber":20447183,"chainId":1,"poolAddress":"0xb09fc8bbdcc8dc9d8b3775132c52fcebf1c7dbb3","poolType":"CURVE"}	{"lastPrice": "949135980860005167"}
{"blockNumber":20399143,"chainId":1,"poolAddress":"0xb09fc8bbdcc8dc9d8b3775132c52fcebf1c7dbb3","poolType":"CURVE"}	{"lastPrice": "948677086604912182"}
{"blockNumber":20437467,"chainId":1,"poolAddress":"0xb09fc8bbdcc8dc9d8b3775132c52fcebf1c7dbb3","poolType":"CURVE"}	{"lastPrice": "948859957327382528"}
{"blockNumber":20447503,"chainId":1,"poolAddress":"0xb09fc8bbdcc8dc9d8b3775132c52fcebf1c7dbb3","poolType":"CURVE"}	{"lastPrice": "949393619970390892"}
{"blockNumber":20463786,"chainId":1,"poolAddress":"0xb09fc8bbdcc8dc9d8b3775132c52fcebf1c7dbb3","poolType":"CURVE"}	{"lastPrice": "958307790095525380"}
{"blockNumber":20601738,"chainId":1,"poolAddress":"0xb09fc8bbdcc8dc9d8b3775132c52fcebf1c7dbb3","poolType":"CURVE"}	{"lastPrice": "966703928253720629"}
{"blockNumber":20163967,"chainId":1,"poolAddress":"0xbce4e65b4a68ac2095c7747992250d2075d82edc","poolType":"CURVE"}	{"lastPrice": "902981277404501309"}
{"blockNumber":20146793,"chainId":1,"poolAddress":"0xbce4e65b4a68ac2095c7747992250d2075d82edc","poolType":"CURVE"}	{"lastPrice": "572643334328982174"}
{"blockNumber":20146916,"chainId":1,"poolAddress":"0xbce4e65b4a68ac2095c7747992250d2075d82edc","poolType":"CURVE"}	{"lastPrice": "865140482883616234"}
{"blockNumber":20163523,"chainId":1,"poolAddress":"0xbce4e65b4a68ac2095c7747992250d2075d82edc","poolType":"CURVE"}	{"lastPrice": "841275533481860685"}
{"blockNumber":20174253,"chainId":1,"poolAddress":"0xbce4e65b4a68ac2095c7747992250d2075d82edc","poolType":"CURVE"}	{"lastPrice": "898665575800437668"}
{"blockNumber":20568071,"chainId":1,"poolAddress":"0xbce4e65b4a68ac2095c7747992250d2075d82edc","poolType":"CURVE"}	{"lastPrice": "912294650212655584"}
{"blockNumber":20475036,"chainId":1,"poolAddress":"0xbce4e65b4a68ac2095c7747992250d2075d82edc","poolType":"CURVE"}	{"lastPrice": "912015349106883032"}
{"blockNumber":20166527,"chainId":1,"poolAddress":"0xbce4e65b4a68ac2095c7747992250d2075d82edc","poolType":"CURVE"}	{"lastPrice": "908104461268381665"}
{"blockNumber":20289087,"chainId":1,"poolAddress":"0xbce4e65b4a68ac2095c7747992250d2075d82edc","poolType":"CURVE"}	{"lastPrice": "913227262735426177"}
{"blockNumber":20288058,"chainId":1,"poolAddress":"0xbce4e65b4a68ac2095c7747992250d2075d82edc","poolType":"CURVE"}	{"lastPrice": "907534134779648539"}
{"blockNumber":20468359,"chainId":1,"poolAddress":"0xbce4e65b4a68ac2095c7747992250d2075d82edc","poolType":"CURVE"}	{"lastPrice": "911731148367801578"}
{"blockNumber":20288427,"chainId":1,"poolAddress":"0xbce4e65b4a68ac2095c7747992250d2075d82edc","poolType":"CURVE"}	{"lastPrice": "907942981693047104"}
{"blockNumber":20288447,"chainId":1,"poolAddress":"0xbce4e65b4a68ac2095c7747992250d2075d82edc","poolType":"CURVE"}	{"lastPrice": "907890717125125818"}
{"blockNumber":20288474,"chainId":1,"poolAddress":"0xbce4e65b4a68ac2095c7747992250d2075d82edc","poolType":"CURVE"}	{"lastPrice": "908872558166534514"}
{"blockNumber":20312356,"chainId":1,"poolAddress":"0xbce4e65b4a68ac2095c7747992250d2075d82edc","poolType":"CURVE"}	{"lastPrice": "926267729962766171"}
{"blockNumber":20312544,"chainId":1,"poolAddress":"0xbce4e65b4a68ac2095c7747992250d2075d82edc","poolType":"CURVE"}	{"lastPrice": "952810200196844703"}
{"blockNumber":20315306,"chainId":1,"poolAddress":"0xbce4e65b4a68ac2095c7747992250d2075d82edc","poolType":"CURVE"}	{"lastPrice": "940650585106160012"}
{"blockNumber":20318353,"chainId":1,"poolAddress":"0xbce4e65b4a68ac2095c7747992250d2075d82edc","poolType":"CURVE"}	{"lastPrice": "932710457520038254"}
{"blockNumber":20283577,"chainId":1,"poolAddress":"0xf3749a2bef435535200c378298b78f34dcac0fc9","poolType":"CURVE"}	{"lastPrice": "881370377634353688"}
{"blockNumber":20283641,"chainId":1,"poolAddress":"0xf3749a2bef435535200c378298b78f34dcac0fc9","poolType":"CURVE"}	{"lastPrice": "898099122153607544"}
{"blockNumber":20466769,"chainId":1,"poolAddress":"0xf3749a2bef435535200c378298b78f34dcac0fc9","poolType":"CURVE"}	{"lastPrice": "901454717042289458"}
{"blockNumber":20433429,"chainId":1,"poolAddress":"0xe7ad3016d46e538c9ca87e5071c561a73ed1c98c","poolType":"CURVE"}	{"lastPrice": "954117217989949949"}
{"blockNumber":20144882,"chainId":1,"poolAddress":"0xe7ad3016d46e538c9ca87e5071c561a73ed1c98c","poolType":"CURVE"}	{"lastPrice": "928413020785700385"}
{"blockNumber":20327148,"chainId":1,"poolAddress":"0xe7ad3016d46e538c9ca87e5071c561a73ed1c98c","poolType":"CURVE"}	{"lastPrice": "947087015841498686"}
{"blockNumber":20419839,"chainId":1,"poolAddress":"0xe7ad3016d46e538c9ca87e5071c561a73ed1c98c","poolType":"CURVE"}	{"lastPrice": "952436709821771021"}
{"blockNumber":20419875,"chainId":1,"poolAddress":"0xe7ad3016d46e538c9ca87e5071c561a73ed1c98c","poolType":"CURVE"}	{"lastPrice": "946639284077187766"}
{"blockNumber":20232593,"chainId":1,"poolAddress":"0xe7ad3016d46e538c9ca87e5071c561a73ed1c98c","poolType":"CURVE"}	{"lastPrice": "954071040940851743"}
{"blockNumber":20231349,"chainId":1,"poolAddress":"0xe7ad3016d46e538c9ca87e5071c561a73ed1c98c","poolType":"CURVE"}	{"lastPrice": "954071040940851743"}
{"blockNumber":20222168,"chainId":1,"poolAddress":"0xe7ad3016d46e538c9ca87e5071c561a73ed1c98c","poolType":"CURVE"}	{"lastPrice": "956626828207758753"}
{"blockNumber":20337620,"chainId":1,"poolAddress":"0xe7ad3016d46e538c9ca87e5071c561a73ed1c98c","poolType":"CURVE"}	{"lastPrice": "945031704276389575"}
{"blockNumber":20403769,"chainId":1,"poolAddress":"0xe7ad3016d46e538c9ca87e5071c561a73ed1c98c","poolType":"CURVE"}	{"lastPrice": "947342560784924937"}
{"blockNumber":20311444,"chainId":1,"poolAddress":"0xe7ad3016d46e538c9ca87e5071c561a73ed1c98c","poolType":"CURVE"}	{"lastPrice": "951024859654927169"}
{"blockNumber":20463282,"chainId":1,"poolAddress":"0xe7ad3016d46e538c9ca87e5071c561a73ed1c98c","poolType":"CURVE"}	{"lastPrice": "958108820544811926"}
{"blockNumber":20401197,"chainId":1,"poolAddress":"0xe7ad3016d46e538c9ca87e5071c561a73ed1c98c","poolType":"CURVE"}	{"lastPrice": "945746368818379863"}
{"blockNumber":20314309,"chainId":1,"poolAddress":"0xc6e949f57d365fb73015d21a2d1a9da93e938d52","poolType":"CURVE"}	{"lastPrice": "892330360548315561"}
{"blockNumber":20433424,"chainId":1,"poolAddress":"0xc6e949f57d365fb73015d21a2d1a9da93e938d52","poolType":"CURVE"}	{"lastPrice": "879948411655829441"}
{"blockNumber":20511977,"chainId":1,"poolAddress":"0xc6e949f57d365fb73015d21a2d1a9da93e938d52","poolType":"CURVE"}	{"lastPrice": "885594671318719967"}
{"blockNumber":20376078,"chainId":1,"poolAddress":"0xc6e949f57d365fb73015d21a2d1a9da93e938d52","poolType":"CURVE"}	{"lastPrice": "873041753357241136"}
{"blockNumber":20391063,"chainId":1,"poolAddress":"0xc6e949f57d365fb73015d21a2d1a9da93e938d52","poolType":"CURVE"}	{"lastPrice": "873041753357241136"}
{"blockNumber":20280905,"chainId":1,"poolAddress":"0xc6e949f57d365fb73015d21a2d1a9da93e938d52","poolType":"CURVE"}	{"lastPrice": "890659460879897278"}
{"blockNumber":20262594,"chainId":1,"poolAddress":"0xc6e949f57d365fb73015d21a2d1a9da93e938d52","poolType":"CURVE"}	{"lastPrice": "887479035145120237"}
{"blockNumber":20312914,"chainId":1,"poolAddress":"0xc6e949f57d365fb73015d21a2d1a9da93e938d52","poolType":"CURVE"}	{"lastPrice": "892330360548315561"}
{"blockNumber":20381579,"chainId":1,"poolAddress":"0xc6e949f57d365fb73015d21a2d1a9da93e938d52","poolType":"CURVE"}	{"lastPrice": "873041753357241136"}
{"blockNumber":20193553,"chainId":1,"poolAddress":"0xb09fc8bbdcc8dc9d8b3775132c52fcebf1c7dbb3","poolType":"CURVE"}	{"lastPrice": "944306012560233649"}
{"blockNumber":20445242,"chainId":1,"poolAddress":"0xb09fc8bbdcc8dc9d8b3775132c52fcebf1c7dbb3","poolType":"CURVE"}	{"lastPrice": "947987318324308919"}
{"blockNumber":20591341,"chainId":1,"poolAddress":"0xb09fc8bbdcc8dc9d8b3775132c52fcebf1c7dbb3","poolType":"CURVE"}	{"lastPrice": "965066432267698580"}
{"blockNumber":20604358,"chainId":1,"poolAddress":"0xb09fc8bbdcc8dc9d8b3775132c52fcebf1c7dbb3","poolType":"CURVE"}	{"lastPrice": "964460726448213129"}
{"blockNumber":20340189,"chainId":1,"poolAddress":"0xb09fc8bbdcc8dc9d8b3775132c52fcebf1c7dbb3","poolType":"CURVE"}	{"lastPrice": "945704057337727910"}
{"blockNumber":20346865,"chainId":1,"poolAddress":"0xb09fc8bbdcc8dc9d8b3775132c52fcebf1c7dbb3","poolType":"CURVE"}	{"lastPrice": "947828997560468124"}
{"blockNumber":20581397,"chainId":1,"poolAddress":"0xb09fc8bbdcc8dc9d8b3775132c52fcebf1c7dbb3","poolType":"CURVE"}	{"lastPrice": "973657034209734386"}
{"blockNumber":20405799,"chainId":1,"poolAddress":"0xb09fc8bbdcc8dc9d8b3775132c52fcebf1c7dbb3","poolType":"CURVE"}	{"lastPrice": "948793743304986326"}
{"blockNumber":20222106,"chainId":1,"poolAddress":"0xc9f39993cf05f7442dd56ac2b87484c051ffdb5a","poolType":"CURVE"}	{"lastPrice": "941072038396548598"}
{"blockNumber":20222130,"chainId":1,"poolAddress":"0xc9f39993cf05f7442dd56ac2b87484c051ffdb5a","poolType":"CURVE"}	{"lastPrice": "956682336555959625"}
{"blockNumber":20457647,"chainId":1,"poolAddress":"0xc9f39993cf05f7442dd56ac2b87484c051ffdb5a","poolType":"CURVE"}	{"lastPrice": "890760987987602856"}
{"blockNumber":20383829,"chainId":1,"poolAddress":"0x4d4140c05dfa65e3e38a7bf1bda6e5b68fbe2b80","poolType":"CURVE"}	{"lastPrice": "977345128455379719"}
{"blockNumber":20232016,"chainId":1,"poolAddress":"0x4d4140c05dfa65e3e38a7bf1bda6e5b68fbe2b80","poolType":"CURVE"}	{"lastPrice": "963740114993633996"}
{"blockNumber":20570898,"chainId":1,"poolAddress":"0x1c379572160a80975fa1dad8e491ff485611c8f6","poolType":"CURVE"}	{"lastPrice": "986119407314008531"}
{"blockNumber":20363435,"chainId":1,"poolAddress":"0x1c379572160a80975fa1dad8e491ff485611c8f6","poolType":"CURVE"}	{"lastPrice": "964221818797458295"}
{"blockNumber":20192491,"chainId":1,"poolAddress":"0x1c379572160a80975fa1dad8e491ff485611c8f6","poolType":"CURVE"}	{"lastPrice": "941904710981260413"}
{"blockNumber":20346810,"chainId":1,"poolAddress":"0x1c379572160a80975fa1dad8e491ff485611c8f6","poolType":"CURVE"}	{"lastPrice": "955530638472240886"}
{"blockNumber":20138892,"chainId":1,"poolAddress":"0x0b036d098cb2a2cce97cddc6187bcadaeb2f8075","poolType":"CURVE"}	{"lastPrice": "1095811574750877844"}
{"blockNumber":20521238,"chainId":1,"poolAddress":"0xf3749a2bef435535200c378298b78f34dcac0fc9","poolType":"CURVE"}	{"lastPrice": "899326338734878697"}
{"blockNumber":20282070,"chainId":1,"poolAddress":"0xe7ad3016d46e538c9ca87e5071c561a73ed1c98c","poolType":"CURVE"}	{"lastPrice": "946234339147416909"}
{"blockNumber":20255976,"chainId":1,"poolAddress":"0xe7ad3016d46e538c9ca87e5071c561a73ed1c98c","poolType":"CURVE"}	{"lastPrice": "941809283467303653"}
{"blockNumber":20320219,"chainId":1,"poolAddress":"0xe7ad3016d46e538c9ca87e5071c561a73ed1c98c","poolType":"CURVE"}	{"lastPrice": "950380053478742620"}
{"blockNumber":20139882,"chainId":1,"poolAddress":"0xe7ad3016d46e538c9ca87e5071c561a73ed1c98c","poolType":"CURVE"}	{"lastPrice": "930976678192238183"}
{"blockNumber":20141971,"chainId":1,"poolAddress":"0xe7ad3016d46e538c9ca87e5071c561a73ed1c98c","poolType":"CURVE"}	{"lastPrice": "928413020785700385"}
{"blockNumber":20150886,"chainId":1,"poolAddress":"0xe7ad3016d46e538c9ca87e5071c561a73ed1c98c","poolType":"CURVE"}	{"lastPrice": "930866617492921988"}
{"blockNumber":20166795,"chainId":1,"poolAddress":"0xe7ad3016d46e538c9ca87e5071c561a73ed1c98c","poolType":"CURVE"}	{"lastPrice": "945692947006271214"}
{"blockNumber":20211286,"chainId":1,"poolAddress":"0xe7ad3016d46e538c9ca87e5071c561a73ed1c98c","poolType":"CURVE"}	{"lastPrice": "955231278731050954"}
{"blockNumber":20285304,"chainId":1,"poolAddress":"0xe7ad3016d46e538c9ca87e5071c561a73ed1c98c","poolType":"CURVE"}	{"lastPrice": "951874438989580056"}
{"blockNumber":20169244,"chainId":1,"poolAddress":"0xe7ad3016d46e538c9ca87e5071c561a73ed1c98c","poolType":"CURVE"}	{"lastPrice": "950476094850459123"}
{"blockNumber":20175844,"chainId":1,"poolAddress":"0xe7ad3016d46e538c9ca87e5071c561a73ed1c98c","poolType":"CURVE"}	{"lastPrice": "949644073035074070"}
{"blockNumber":20205695,"chainId":1,"poolAddress":"0xe7ad3016d46e538c9ca87e5071c561a73ed1c98c","poolType":"CURVE"}	{"lastPrice": "950735425271270549"}
{"blockNumber":20176093,"chainId":1,"poolAddress":"0xe7ad3016d46e538c9ca87e5071c561a73ed1c98c","poolType":"CURVE"}	{"lastPrice": "953513262933898761"}
{"blockNumber":20222557,"chainId":1,"poolAddress":"0xe7ad3016d46e538c9ca87e5071c561a73ed1c98c","poolType":"CURVE"}	{"lastPrice": "952363835264038357"}
{"blockNumber":20222593,"chainId":1,"poolAddress":"0xe7ad3016d46e538c9ca87e5071c561a73ed1c98c","poolType":"CURVE"}	{"lastPrice": "953213709554655294"}
{"blockNumber":20450202,"chainId":1,"poolAddress":"0xe7ad3016d46e538c9ca87e5071c561a73ed1c98c","poolType":"CURVE"}	{"lastPrice": "957787794824023694"}
{"blockNumber":20176811,"chainId":1,"poolAddress":"0xe7ad3016d46e538c9ca87e5071c561a73ed1c98c","poolType":"CURVE"}	{"lastPrice": "950735425271330565"}
{"blockNumber":20196771,"chainId":1,"poolAddress":"0xe7ad3016d46e538c9ca87e5071c561a73ed1c98c","poolType":"CURVE"}	{"lastPrice": "950735425271230619"}
{"blockNumber":20201963,"chainId":1,"poolAddress":"0xe7ad3016d46e538c9ca87e5071c561a73ed1c98c","poolType":"CURVE"}	{"lastPrice": "950735425271372226"}
{"blockNumber":20213134,"chainId":1,"poolAddress":"0xe7ad3016d46e538c9ca87e5071c561a73ed1c98c","poolType":"CURVE"}	{"lastPrice": "953056438573647523"}
{"blockNumber":20248312,"chainId":1,"poolAddress":"0xe7ad3016d46e538c9ca87e5071c561a73ed1c98c","poolType":"CURVE"}	{"lastPrice": "941845788935363702"}
{"blockNumber":20324939,"chainId":1,"poolAddress":"0xe7ad3016d46e538c9ca87e5071c561a73ed1c98c","poolType":"CURVE"}	{"lastPrice": "950380053478796741"}
{"blockNumber":20327393,"chainId":1,"poolAddress":"0xe7ad3016d46e538c9ca87e5071c561a73ed1c98c","poolType":"CURVE"}	{"lastPrice": "954336199737851582"}
{"blockNumber":20216103,"chainId":1,"poolAddress":"0xe7ad3016d46e538c9ca87e5071c561a73ed1c98c","poolType":"CURVE"}	{"lastPrice": "956626828207758753"}
{"blockNumber":20433086,"chainId":1,"poolAddress":"0xe7ad3016d46e538c9ca87e5071c561a73ed1c98c","poolType":"CURVE"}	{"lastPrice": "954117217989949949"}
{"blockNumber":20225087,"chainId":1,"poolAddress":"0xe7ad3016d46e538c9ca87e5071c561a73ed1c98c","poolType":"CURVE"}	{"lastPrice": "961312086908049133"}
{"blockNumber":20225191,"chainId":1,"poolAddress":"0xe7ad3016d46e538c9ca87e5071c561a73ed1c98c","poolType":"CURVE"}	{"lastPrice": "961540085543314130"}
{"blockNumber":20235172,"chainId":1,"poolAddress":"0xe7ad3016d46e538c9ca87e5071c561a73ed1c98c","poolType":"CURVE"}	{"lastPrice": "954279400518203180"}
{"blockNumber":20288479,"chainId":1,"poolAddress":"0xe7ad3016d46e538c9ca87e5071c561a73ed1c98c","poolType":"CURVE"}	{"lastPrice": "951024859654945387"}
{"blockNumber":20294745,"chainId":1,"poolAddress":"0xe7ad3016d46e538c9ca87e5071c561a73ed1c98c","poolType":"CURVE"}	{"lastPrice": "951024859654927169"}
{"blockNumber":20316992,"chainId":1,"poolAddress":"0xe7ad3016d46e538c9ca87e5071c561a73ed1c98c","poolType":"CURVE"}	{"lastPrice": "950379472728794297"}
{"blockNumber":20317848,"chainId":1,"poolAddress":"0xe7ad3016d46e538c9ca87e5071c561a73ed1c98c","poolType":"CURVE"}	{"lastPrice": "953715572260017012"}
{"blockNumber":20328607,"chainId":1,"poolAddress":"0xe7ad3016d46e538c9ca87e5071c561a73ed1c98c","poolType":"CURVE"}	{"lastPrice": "951729958738699117"}
{"blockNumber":20405802,"chainId":1,"poolAddress":"0xe7ad3016d46e538c9ca87e5071c561a73ed1c98c","poolType":"CURVE"}	{"lastPrice": "963819902094378951"}
{"blockNumber":20423748,"chainId":1,"poolAddress":"0xe7ad3016d46e538c9ca87e5071c561a73ed1c98c","poolType":"CURVE"}	{"lastPrice": "947283230236936994"}
{"blockNumber":20495978,"chainId":1,"poolAddress":"0xe7ad3016d46e538c9ca87e5071c561a73ed1c98c","poolType":"CURVE"}	{"lastPrice": "946725173250250175"}
{"blockNumber":20588694,"chainId":1,"poolAddress":"0xe7ad3016d46e538c9ca87e5071c561a73ed1c98c","poolType":"CURVE"}	{"lastPrice": "952159601125429422"}
{"blockNumber":20431409,"chainId":1,"poolAddress":"0xe7ad3016d46e538c9ca87e5071c561a73ed1c98c","poolType":"CURVE"}	{"lastPrice": "950564718428617728"}
{"blockNumber":20456487,"chainId":1,"poolAddress":"0xe7ad3016d46e538c9ca87e5071c561a73ed1c98c","poolType":"CURVE"}	{"lastPrice": "958108820544811926"}
{"blockNumber":20476795,"chainId":1,"poolAddress":"0xe7ad3016d46e538c9ca87e5071c561a73ed1c98c","poolType":"CURVE"}	{"lastPrice": "952329734421879451"}
{"blockNumber":20533760,"chainId":1,"poolAddress":"0xe7ad3016d46e538c9ca87e5071c561a73ed1c98c","poolType":"CURVE"}	{"lastPrice": "949540611615760952"}
{"blockNumber":20570107,"chainId":1,"poolAddress":"0xe7ad3016d46e538c9ca87e5071c561a73ed1c98c","poolType":"CURVE"}	{"lastPrice": "954259030146911763"}
{"blockNumber":20145861,"chainId":1,"poolAddress":"0xbce4e65b4a68ac2095c7747992250d2075d82edc","poolType":"CURVE"}	{"lastPrice": "542366995473239310"}
{"blockNumber":20158755,"chainId":1,"poolAddress":"0xbce4e65b4a68ac2095c7747992250d2075d82edc","poolType":"CURVE"}	{"lastPrice": "905673973040251512"}
{"blockNumber":20147171,"chainId":1,"poolAddress":"0xbce4e65b4a68ac2095c7747992250d2075d82edc","poolType":"CURVE"}	{"lastPrice": "911921522249437584"}
{"blockNumber":20288360,"chainId":1,"poolAddress":"0xbce4e65b4a68ac2095c7747992250d2075d82edc","poolType":"CURVE"}	{"lastPrice": "906873531249797892"}
{"blockNumber":20274183,"chainId":1,"poolAddress":"0xbce4e65b4a68ac2095c7747992250d2075d82edc","poolType":"CURVE"}	{"lastPrice": "901622876201030719"}
{"blockNumber":20316392,"chainId":1,"poolAddress":"0xbce4e65b4a68ac2095c7747992250d2075d82edc","poolType":"CURVE"}	{"lastPrice": "931935674844987451"}
{"blockNumber":20366753,"chainId":1,"poolAddress":"0xbce4e65b4a68ac2095c7747992250d2075d82edc","poolType":"CURVE"}	{"lastPrice": "936857997780644436"}
{"blockNumber":20407619,"chainId":1,"poolAddress":"0xbce4e65b4a68ac2095c7747992250d2075d82edc","poolType":"CURVE"}	{"lastPrice": "933653658007791689"}
{"blockNumber":20475055,"chainId":1,"poolAddress":"0xbce4e65b4a68ac2095c7747992250d2075d82edc","poolType":"CURVE"}	{"lastPrice": "912201245381576771"}
{"blockNumber":20166634,"chainId":1,"poolAddress":"0xbce4e65b4a68ac2095c7747992250d2075d82edc","poolType":"CURVE"}	{"lastPrice": "908237013955421397"}
{"blockNumber":20286495,"chainId":1,"poolAddress":"0xbce4e65b4a68ac2095c7747992250d2075d82edc","poolType":"CURVE"}	{"lastPrice": "904001476759535511"}
{"blockNumber":20288355,"chainId":1,"poolAddress":"0xbce4e65b4a68ac2095c7747992250d2075d82edc","poolType":"CURVE"}	{"lastPrice": "906879476998901287"}
{"blockNumber":20288434,"chainId":1,"poolAddress":"0xbce4e65b4a68ac2095c7747992250d2075d82edc","poolType":"CURVE"}	{"lastPrice": "907951177334667259"}
{"blockNumber":20288424,"chainId":1,"poolAddress":"0xbce4e65b4a68ac2095c7747992250d2075d82edc","poolType":"CURVE"}	{"lastPrice": "906860789115951696"}
{"blockNumber":20288460,"chainId":1,"poolAddress":"0xbce4e65b4a68ac2095c7747992250d2075d82edc","poolType":"CURVE"}	{"lastPrice": "907308070488031932"}
{"blockNumber":20312219,"chainId":1,"poolAddress":"0xbce4e65b4a68ac2095c7747992250d2075d82edc","poolType":"CURVE"}	{"lastPrice": "913288030889323382"}
{"blockNumber":20312504,"chainId":1,"poolAddress":"0xbce4e65b4a68ac2095c7747992250d2075d82edc","poolType":"CURVE"}	{"lastPrice": "947530491250113072"}
{"blockNumber":20294915,"chainId":1,"poolAddress":"0xbce4e65b4a68ac2095c7747992250d2075d82edc","poolType":"CURVE"}	{"lastPrice": "913288030889616254"}
{"blockNumber":20545248,"chainId":1,"poolAddress":"0xbce4e65b4a68ac2095c7747992250d2075d82edc","poolType":"CURVE"}	{"lastPrice": "911746796524484126"}
{"blockNumber":20238840,"chainId":1,"poolAddress":"0xc6e949f57d365fb73015d21a2d1a9da93e938d52","poolType":"CURVE"}	{"lastPrice": "874319145343544484"}
{"blockNumber":20285291,"chainId":1,"poolAddress":"0xc6e949f57d365fb73015d21a2d1a9da93e938d52","poolType":"CURVE"}	{"lastPrice": "894731781017855588"}
{"blockNumber":20218925,"chainId":1,"poolAddress":"0xc6e949f57d365fb73015d21a2d1a9da93e938d52","poolType":"CURVE"}	{"lastPrice": "878145999404053506"}
{"blockNumber":20293902,"chainId":1,"poolAddress":"0xc6e949f57d365fb73015d21a2d1a9da93e938d52","poolType":"CURVE"}	{"lastPrice": "892330360548316556"}
{"blockNumber":20153028,"chainId":1,"poolAddress":"0xc6e949f57d365fb73015d21a2d1a9da93e938d52","poolType":"CURVE"}	{"lastPrice": "875368099853380621"}
{"blockNumber":20172783,"chainId":1,"poolAddress":"0xc6e949f57d365fb73015d21a2d1a9da93e938d52","poolType":"CURVE"}	{"lastPrice": "875368099853397000"}
{"blockNumber":20173135,"chainId":1,"poolAddress":"0xc6e949f57d365fb73015d21a2d1a9da93e938d52","poolType":"CURVE"}	{"lastPrice": "875368099853539402"}
{"blockNumber":20174828,"chainId":1,"poolAddress":"0xc6e949f57d365fb73015d21a2d1a9da93e938d52","poolType":"CURVE"}	{"lastPrice": "875368099853528123"}
{"blockNumber":20196120,"chainId":1,"poolAddress":"0xc6e949f57d365fb73015d21a2d1a9da93e938d52","poolType":"CURVE"}	{"lastPrice": "875368099853372506"}
{"blockNumber":20213157,"chainId":1,"poolAddress":"0xc6e949f57d365fb73015d21a2d1a9da93e938d52","poolType":"CURVE"}	{"lastPrice": "875368099853411067"}
{"blockNumber":20250195,"chainId":1,"poolAddress":"0xc6e949f57d365fb73015d21a2d1a9da93e938d52","poolType":"CURVE"}	{"lastPrice": "890668914103447822"}
{"blockNumber":20235050,"chainId":1,"poolAddress":"0xc6e949f57d365fb73015d21a2d1a9da93e938d52","poolType":"CURVE"}	{"lastPrice": "874319145343499667"}
{"blockNumber":20348181,"chainId":1,"poolAddress":"0xc6e949f57d365fb73015d21a2d1a9da93e938d52","poolType":"CURVE"}	{"lastPrice": "873041753357241136"}
{"blockNumber":20275408,"chainId":1,"poolAddress":"0xc6e949f57d365fb73015d21a2d1a9da93e938d52","poolType":"CURVE"}	{"lastPrice": "890659460879897278"}
{"blockNumber":20294717,"chainId":1,"poolAddress":"0xc6e949f57d365fb73015d21a2d1a9da93e938d52","poolType":"CURVE"}	{"lastPrice": "892330360548413626"}
{"blockNumber":20312003,"chainId":1,"poolAddress":"0xc6e949f57d365fb73015d21a2d1a9da93e938d52","poolType":"CURVE"}	{"lastPrice": "892330360548315561"}
{"blockNumber":20435613,"chainId":1,"poolAddress":"0xc6e949f57d365fb73015d21a2d1a9da93e938d52","poolType":"CURVE"}	{"lastPrice": "892940525046683310"}
{"blockNumber":20462067,"chainId":1,"poolAddress":"0xc6e949f57d365fb73015d21a2d1a9da93e938d52","poolType":"CURVE"}	{"lastPrice": "888895568587983159"}
{"blockNumber":20176804,"chainId":1,"poolAddress":"0xc9f39993cf05f7442dd56ac2b87484c051ffdb5a","poolType":"CURVE"}	{"lastPrice": "886734962130630956"}
{"blockNumber":20186364,"chainId":1,"poolAddress":"0xc9f39993cf05f7442dd56ac2b87484c051ffdb5a","poolType":"CURVE"}	{"lastPrice": "899884800605171569"}
{"blockNumber":20216005,"chainId":1,"poolAddress":"0xc9f39993cf05f7442dd56ac2b87484c051ffdb5a","poolType":"CURVE"}	{"lastPrice": "917943699139098424"}
{"blockNumber":20221510,"chainId":1,"poolAddress":"0xc9f39993cf05f7442dd56ac2b87484c051ffdb5a","poolType":"CURVE"}	{"lastPrice": "941072038396548598"}
{"blockNumber":20300270,"chainId":1,"poolAddress":"0xc9f39993cf05f7442dd56ac2b87484c051ffdb5a","poolType":"CURVE"}	{"lastPrice": "920897135278786859"}
{"blockNumber":20191560,"chainId":1,"poolAddress":"0xc9f39993cf05f7442dd56ac2b87484c051ffdb5a","poolType":"CURVE"}	{"lastPrice": "913753249918863077"}
{"blockNumber":20247128,"chainId":1,"poolAddress":"0xc9f39993cf05f7442dd56ac2b87484c051ffdb5a","poolType":"CURVE"}	{"lastPrice": "913936136505186730"}
{"blockNumber":20318403,"chainId":1,"poolAddress":"0xc9f39993cf05f7442dd56ac2b87484c051ffdb5a","poolType":"CURVE"}	{"lastPrice": "907800594127172547"}
{"blockNumber":20162476,"chainId":1,"poolAddress":"0xc9f39993cf05f7442dd56ac2b87484c051ffdb5a","poolType":"CURVE"}	{"lastPrice": "886734962130643231"}
{"blockNumber":20170115,"chainId":1,"poolAddress":"0xc9f39993cf05f7442dd56ac2b87484c051ffdb5a","poolType":"CURVE"}	{"lastPrice": "886734962130940650"}
{"blockNumber":20189893,"chainId":1,"poolAddress":"0xc9f39993cf05f7442dd56ac2b87484c051ffdb5a","poolType":"CURVE"}	{"lastPrice": "913753249918896219"}
{"blockNumber":20191258,"chainId":1,"poolAddress":"0xc9f39993cf05f7442dd56ac2b87484c051ffdb5a","poolType":"CURVE"}	{"lastPrice": "913753249918540836"}
{"blockNumber":20306805,"chainId":1,"poolAddress":"0xc9f39993cf05f7442dd56ac2b87484c051ffdb5a","poolType":"CURVE"}	{"lastPrice": "924097485181196016"}
{"blockNumber":20422964,"chainId":1,"poolAddress":"0xf3749a2bef435535200c378298b78f34dcac0fc9","poolType":"CURVE"}	{"lastPrice": "900231611205262619"}
{"blockNumber":20388490,"chainId":1,"poolAddress":"0xf3749a2bef435535200c378298b78f34dcac0fc9","poolType":"CURVE"}	{"lastPrice": "905246532274866529"}
{"blockNumber":20423848,"chainId":1,"poolAddress":"0xf3749a2bef435535200c378298b78f34dcac0fc9","poolType":"CURVE"}	{"lastPrice": "900231611205220760"}
{"blockNumber":20283545,"chainId":1,"poolAddress":"0xf3749a2bef435535200c378298b78f34dcac0fc9","poolType":"CURVE"}	{"lastPrice": "880380090346288391"}
{"blockNumber":20300282,"chainId":1,"poolAddress":"0xf3749a2bef435535200c378298b78f34dcac0fc9","poolType":"CURVE"}	{"lastPrice": "929827464686612977"}
{"blockNumber":20434972,"chainId":1,"poolAddress":"0xf3749a2bef435535200c378298b78f34dcac0fc9","poolType":"CURVE"}	{"lastPrice": "900231611205187853"}
{"blockNumber":20349350,"chainId":1,"poolAddress":"0xf3749a2bef435535200c378298b78f34dcac0fc9","poolType":"CURVE"}	{"lastPrice": "905246532274742224"}
{"blockNumber":20291660,"chainId":1,"poolAddress":"0xf3749a2bef435535200c378298b78f34dcac0fc9","poolType":"CURVE"}	{"lastPrice": "929827464686408013"}
{"blockNumber":20346971,"chainId":1,"poolAddress":"0xf3749a2bef435535200c378298b78f34dcac0fc9","poolType":"CURVE"}	{"lastPrice": "905246532274966592"}
{"blockNumber":20332021,"chainId":1,"poolAddress":"0xf3749a2bef435535200c378298b78f34dcac0fc9","poolType":"CURVE"}	{"lastPrice": "916198193380502153"}
{"blockNumber":20291584,"chainId":1,"poolAddress":"0xf3749a2bef435535200c378298b78f34dcac0fc9","poolType":"CURVE"}	{"lastPrice": "929827464686569222"}
{"blockNumber":20321758,"chainId":1,"poolAddress":"0xf3749a2bef435535200c378298b78f34dcac0fc9","poolType":"CURVE"}	{"lastPrice": "907450616117293336"}
{"blockNumber":20426394,"chainId":1,"poolAddress":"0xf3749a2bef435535200c378298b78f34dcac0fc9","poolType":"CURVE"}	{"lastPrice": "900231611205225147"}
{"blockNumber":20480913,"chainId":1,"poolAddress":"0xb09fc8bbdcc8dc9d8b3775132c52fcebf1c7dbb3","poolType":"CURVE"}	{"lastPrice": "968991997302693287"}
{"blockNumber":20585677,"chainId":1,"poolAddress":"0xb09fc8bbdcc8dc9d8b3775132c52fcebf1c7dbb3","poolType":"CURVE"}	{"lastPrice": "973725386907488720"}
{"blockNumber":20142862,"chainId":1,"poolAddress":"0xb09fc8bbdcc8dc9d8b3775132c52fcebf1c7dbb3","poolType":"CURVE"}	{"lastPrice": "948725971229397617"}
{"blockNumber":20278691,"chainId":1,"poolAddress":"0xb09fc8bbdcc8dc9d8b3775132c52fcebf1c7dbb3","poolType":"CURVE"}	{"lastPrice": "946002842521077802"}
{"blockNumber":20393813,"chainId":1,"poolAddress":"0xb09fc8bbdcc8dc9d8b3775132c52fcebf1c7dbb3","poolType":"CURVE"}	{"lastPrice": "947703426176932413"}
{"blockNumber":20393841,"chainId":1,"poolAddress":"0xb09fc8bbdcc8dc9d8b3775132c52fcebf1c7dbb3","poolType":"CURVE"}	{"lastPrice": "947899342901208971"}
{"blockNumber":20407467,"chainId":1,"poolAddress":"0xb09fc8bbdcc8dc9d8b3775132c52fcebf1c7dbb3","poolType":"CURVE"}	{"lastPrice": "948486208943630117"}
{"blockNumber":20429396,"chainId":1,"poolAddress":"0xb09fc8bbdcc8dc9d8b3775132c52fcebf1c7dbb3","poolType":"CURVE"}	{"lastPrice": "948434816153367620"}
{"blockNumber":20155239,"chainId":1,"poolAddress":"0xb09fc8bbdcc8dc9d8b3775132c52fcebf1c7dbb3","poolType":"CURVE"}	{"lastPrice": "948561252955513282"}
{"blockNumber":20187659,"chainId":1,"poolAddress":"0xb09fc8bbdcc8dc9d8b3775132c52fcebf1c7dbb3","poolType":"CURVE"}	{"lastPrice": "945025354016185764"}
{"blockNumber":20266200,"chainId":1,"poolAddress":"0xb09fc8bbdcc8dc9d8b3775132c52fcebf1c7dbb3","poolType":"CURVE"}	{"lastPrice": "947478709384015149"}
{"blockNumber":20578184,"chainId":1,"poolAddress":"0xb09fc8bbdcc8dc9d8b3775132c52fcebf1c7dbb3","poolType":"CURVE"}	{"lastPrice": "972544081362873164"}
{"blockNumber":20246678,"chainId":1,"poolAddress":"0xb09fc8bbdcc8dc9d8b3775132c52fcebf1c7dbb3","poolType":"CURVE"}	{"lastPrice": "945317268237240478"}
{"blockNumber":20559744,"chainId":1,"poolAddress":"0xb09fc8bbdcc8dc9d8b3775132c52fcebf1c7dbb3","poolType":"CURVE"}	{"lastPrice": "987854666319183574"}
{"blockNumber":20504318,"chainId":1,"poolAddress":"0xb09fc8bbdcc8dc9d8b3775132c52fcebf1c7dbb3","poolType":"CURVE"}	{"lastPrice": "971962284932619484"}
{"blockNumber":20383395,"chainId":1,"poolAddress":"0xb09fc8bbdcc8dc9d8b3775132c52fcebf1c7dbb3","poolType":"CURVE"}	{"lastPrice": "947439938804489910"}
{"blockNumber":20383490,"chainId":1,"poolAddress":"0xb09fc8bbdcc8dc9d8b3775132c52fcebf1c7dbb3","poolType":"CURVE"}	{"lastPrice": "947439938807040957"}
{"blockNumber":20383532,"chainId":1,"poolAddress":"0xb09fc8bbdcc8dc9d8b3775132c52fcebf1c7dbb3","poolType":"CURVE"}	{"lastPrice": "947439938808147853"}
{"blockNumber":20297673,"chainId":1,"poolAddress":"0xb09fc8bbdcc8dc9d8b3775132c52fcebf1c7dbb3","poolType":"CURVE"}	{"lastPrice": "946002842527927655"}
{"blockNumber":20140956,"chainId":1,"poolAddress":"0xb09fc8bbdcc8dc9d8b3775132c52fcebf1c7dbb3","poolType":"CURVE"}	{"lastPrice": "949137545396924854"}
{"blockNumber":20141953,"chainId":1,"poolAddress":"0xb09fc8bbdcc8dc9d8b3775132c52fcebf1c7dbb3","poolType":"CURVE"}	{"lastPrice": "948635856515975249"}
{"blockNumber":20149111,"chainId":1,"poolAddress":"0xb09fc8bbdcc8dc9d8b3775132c52fcebf1c7dbb3","poolType":"CURVE"}	{"lastPrice": "948764296606998781"}
{"blockNumber":20152667,"chainId":1,"poolAddress":"0xb09fc8bbdcc8dc9d8b3775132c52fcebf1c7dbb3","poolType":"CURVE"}	{"lastPrice": "948657228801263843"}
{"blockNumber":20207143,"chainId":1,"poolAddress":"0xb09fc8bbdcc8dc9d8b3775132c52fcebf1c7dbb3","poolType":"CURVE"}	{"lastPrice": "944039792963845168"}
{"blockNumber":20154931,"chainId":1,"poolAddress":"0xb09fc8bbdcc8dc9d8b3775132c52fcebf1c7dbb3","poolType":"CURVE"}	{"lastPrice": "948552533588583660"}
{"blockNumber":20197387,"chainId":1,"poolAddress":"0xb09fc8bbdcc8dc9d8b3775132c52fcebf1c7dbb3","poolType":"CURVE"}	{"lastPrice": "944633500953298949"}
{"blockNumber":20163523,"chainId":1,"poolAddress":"0xb09fc8bbdcc8dc9d8b3775132c52fcebf1c7dbb3","poolType":"CURVE"}	{"lastPrice": "942298942436510953"}
{"blockNumber":20196569,"chainId":1,"poolAddress":"0xb09fc8bbdcc8dc9d8b3775132c52fcebf1c7dbb3","poolType":"CURVE"}	{"lastPrice": "944850398578298066"}
{"blockNumber":20234210,"chainId":1,"poolAddress":"0xb09fc8bbdcc8dc9d8b3775132c52fcebf1c7dbb3","poolType":"CURVE"}	{"lastPrice": "945739428539161240"}
{"blockNumber":20169388,"chainId":1,"poolAddress":"0xb09fc8bbdcc8dc9d8b3775132c52fcebf1c7dbb3","poolType":"CURVE"}	{"lastPrice": "945767701868404969"}
{"blockNumber":20202959,"chainId":1,"poolAddress":"0xb09fc8bbdcc8dc9d8b3775132c52fcebf1c7dbb3","poolType":"CURVE"}	{"lastPrice": "944470577573753989"}
{"blockNumber":20224132,"chainId":1,"poolAddress":"0xb09fc8bbdcc8dc9d8b3775132c52fcebf1c7dbb3","poolType":"CURVE"}	{"lastPrice": "944555299591512236"}
{"blockNumber":20225628,"chainId":1,"poolAddress":"0xb09fc8bbdcc8dc9d8b3775132c52fcebf1c7dbb3","poolType":"CURVE"}	{"lastPrice": "945325506661818951"}
{"blockNumber":20268306,"chainId":1,"poolAddress":"0xb09fc8bbdcc8dc9d8b3775132c52fcebf1c7dbb3","poolType":"CURVE"}	{"lastPrice": "947403893966448190"}
{"blockNumber":20319537,"chainId":1,"poolAddress":"0xb09fc8bbdcc8dc9d8b3775132c52fcebf1c7dbb3","poolType":"CURVE"}	{"lastPrice": "946860700123000868"}
{"blockNumber":20529758,"chainId":1,"poolAddress":"0xb09fc8bbdcc8dc9d8b3775132c52fcebf1c7dbb3","poolType":"CURVE"}	{"lastPrice": "966193258376145346"}
{"blockNumber":20242992,"chainId":1,"poolAddress":"0xb09fc8bbdcc8dc9d8b3775132c52fcebf1c7dbb3","poolType":"CURVE"}	{"lastPrice": "945589087201147201"}
{"blockNumber":20265614,"chainId":1,"poolAddress":"0xb09fc8bbdcc8dc9d8b3775132c52fcebf1c7dbb3","poolType":"CURVE"}	{"lastPrice": "947119702791169992"}
{"blockNumber":20311386,"chainId":1,"poolAddress":"0xb09fc8bbdcc8dc9d8b3775132c52fcebf1c7dbb3","poolType":"CURVE"}	{"lastPrice": "946022483877780609"}
{"blockNumber":20491173,"chainId":1,"poolAddress":"0xb09fc8bbdcc8dc9d8b3775132c52fcebf1c7dbb3","poolType":"CURVE"}	{"lastPrice": "968991997306116782"}
{"blockNumber":20501089,"chainId":1,"poolAddress":"0xb09fc8bbdcc8dc9d8b3775132c52fcebf1c7dbb3","poolType":"CURVE"}	{"lastPrice": "970490910771018254"}
{"blockNumber":20582284,"chainId":1,"poolAddress":"0xb09fc8bbdcc8dc9d8b3775132c52fcebf1c7dbb3","poolType":"CURVE"}	{"lastPrice": "973812750705616056"}
{"blockNumber":20529971,"chainId":1,"poolAddress":"0xb09fc8bbdcc8dc9d8b3775132c52fcebf1c7dbb3","poolType":"CURVE"}	{"lastPrice": "965280129534923184"}
{"blockNumber":20603219,"chainId":1,"poolAddress":"0xb09fc8bbdcc8dc9d8b3775132c52fcebf1c7dbb3","poolType":"CURVE"}	{"lastPrice": "968103759078902430"}
{"blockNumber":20602610,"chainId":1,"poolAddress":"0xc63dff67fe1b63004ab6c773022ba06847c11335","poolType":"CURVE"}	{"lastPrice": "650658816021848820"}
{"blockNumber":20149559,"chainId":1,"poolAddress":"0xc63dff67fe1b63004ab6c773022ba06847c11335","poolType":"CURVE"}	{"lastPrice": "626149172100678539"}
{"blockNumber":20216142,"chainId":1,"poolAddress":"0xc63dff67fe1b63004ab6c773022ba06847c11335","poolType":"CURVE"}	{"lastPrice": "630805595138227170"}
{"blockNumber":20407610,"chainId":1,"poolAddress":"0xc63dff67fe1b63004ab6c773022ba06847c11335","poolType":"CURVE"}	{"lastPrice": "637512295703243504"}
{"blockNumber":20475062,"chainId":1,"poolAddress":"0xc63dff67fe1b63004ab6c773022ba06847c11335","poolType":"CURVE"}	{"lastPrice": "629642899955981170"}
{"blockNumber":20492701,"chainId":1,"poolAddress":"0xc63dff67fe1b63004ab6c773022ba06847c11335","poolType":"CURVE"}	{"lastPrice": "642238500549802889"}
{"blockNumber":20184099,"chainId":1,"poolAddress":"0xc63dff67fe1b63004ab6c773022ba06847c11335","poolType":"CURVE"}	{"lastPrice": "649096107443636347"}
{"blockNumber":20184143,"chainId":1,"poolAddress":"0xc63dff67fe1b63004ab6c773022ba06847c11335","poolType":"CURVE"}	{"lastPrice": "656065216790727959"}
{"blockNumber":20216026,"chainId":1,"poolAddress":"0xc63dff67fe1b63004ab6c773022ba06847c11335","poolType":"CURVE"}	{"lastPrice": "632098869240958576"}
{"blockNumber":20189298,"chainId":1,"poolAddress":"0xc63dff67fe1b63004ab6c773022ba06847c11335","poolType":"CURVE"}	{"lastPrice": "655090086537533925"}
{"blockNumber":20190117,"chainId":1,"poolAddress":"0xc63dff67fe1b63004ab6c773022ba06847c11335","poolType":"CURVE"}	{"lastPrice": "655090086537693674"}
{"blockNumber":20250349,"chainId":1,"poolAddress":"0xc63dff67fe1b63004ab6c773022ba06847c11335","poolType":"CURVE"}	{"lastPrice": "632163923265287734"}
{"blockNumber":20414667,"chainId":1,"poolAddress":"0xc63dff67fe1b63004ab6c773022ba06847c11335","poolType":"CURVE"}	{"lastPrice": "640336398328316634"}
{"blockNumber":20246251,"chainId":1,"poolAddress":"0xc63dff67fe1b63004ab6c773022ba06847c11335","poolType":"CURVE"}	{"lastPrice": "630824889293178565"}
{"blockNumber":20304115,"chainId":1,"poolAddress":"0xc63dff67fe1b63004ab6c773022ba06847c11335","poolType":"CURVE"}	{"lastPrice": "631498123922993426"}
{"blockNumber":20222249,"chainId":1,"poolAddress":"0xc63dff67fe1b63004ab6c773022ba06847c11335","poolType":"CURVE"}	{"lastPrice": "630805595137944632"}
{"blockNumber":20245322,"chainId":1,"poolAddress":"0xc63dff67fe1b63004ab6c773022ba06847c11335","poolType":"CURVE"}	{"lastPrice": "630824889293196614"}
{"blockNumber":20297524,"chainId":1,"poolAddress":"0xc63dff67fe1b63004ab6c773022ba06847c11335","poolType":"CURVE"}	{"lastPrice": "631498123923130470"}
{"blockNumber":20182397,"chainId":1,"poolAddress":"0xc63dff67fe1b63004ab6c773022ba06847c11335","poolType":"CURVE"}	{"lastPrice": "626905449243293338"}
{"blockNumber":20182724,"chainId":1,"poolAddress":"0xc63dff67fe1b63004ab6c773022ba06847c11335","poolType":"CURVE"}	{"lastPrice": "626905449243253214"}
{"blockNumber":20183001,"chainId":1,"poolAddress":"0xc63dff67fe1b63004ab6c773022ba06847c11335","poolType":"CURVE"}	{"lastPrice": "646428479189563822"}
{"blockNumber":20182904,"chainId":1,"poolAddress":"0xc63dff67fe1b63004ab6c773022ba06847c11335","poolType":"CURVE"}	{"lastPrice": "626905449243525636"}
{"blockNumber":20184670,"chainId":1,"poolAddress":"0xc63dff67fe1b63004ab6c773022ba06847c11335","poolType":"CURVE"}	{"lastPrice": "660093265018275129"}
{"blockNumber":20185882,"chainId":1,"poolAddress":"0xc63dff67fe1b63004ab6c773022ba06847c11335","poolType":"CURVE"}	{"lastPrice": "660093265018176684"}
{"blockNumber":20193230,"chainId":1,"poolAddress":"0xc63dff67fe1b63004ab6c773022ba06847c11335","poolType":"CURVE"}	{"lastPrice": "655090086537438488"}
{"blockNumber":20196546,"chainId":1,"poolAddress":"0xc63dff67fe1b63004ab6c773022ba06847c11335","poolType":"CURVE"}	{"lastPrice": "652698143362460161"}
{"blockNumber":20192153,"chainId":1,"poolAddress":"0xc63dff67fe1b63004ab6c773022ba06847c11335","poolType":"CURVE"}	{"lastPrice": "655090086537431607"}
{"blockNumber":20193220,"chainId":1,"poolAddress":"0xc63dff67fe1b63004ab6c773022ba06847c11335","poolType":"CURVE"}	{"lastPrice": "655090086537414240"}
{"blockNumber":20193625,"chainId":1,"poolAddress":"0xc63dff67fe1b63004ab6c773022ba06847c11335","poolType":"CURVE"}	{"lastPrice": "655090086537692096"}
{"blockNumber":20197356,"chainId":1,"poolAddress":"0xc63dff67fe1b63004ab6c773022ba06847c11335","poolType":"CURVE"}	{"lastPrice": "650218669126199657"}
{"blockNumber":20551008,"chainId":1,"poolAddress":"0xc63dff67fe1b63004ab6c773022ba06847c11335","poolType":"CURVE"}	{"lastPrice": "667470788209047805"}
{"blockNumber":20225947,"chainId":1,"poolAddress":"0xc63dff67fe1b63004ab6c773022ba06847c11335","poolType":"CURVE"}	{"lastPrice": "630805595138271604"}
{"blockNumber":20235470,"chainId":1,"poolAddress":"0xc63dff67fe1b63004ab6c773022ba06847c11335","poolType":"CURVE"}	{"lastPrice": "632172916655148989"}
{"blockNumber":20239485,"chainId":1,"poolAddress":"0xc63dff67fe1b63004ab6c773022ba06847c11335","poolType":"CURVE"}	{"lastPrice": "632172916655219355"}
{"blockNumber":20239880,"chainId":1,"poolAddress":"0xc63dff67fe1b63004ab6c773022ba06847c11335","poolType":"CURVE"}	{"lastPrice": "632172916655022534"}
{"blockNumber":20249875,"chainId":1,"poolAddress":"0xc63dff67fe1b63004ab6c773022ba06847c11335","poolType":"CURVE"}	{"lastPrice": "632163923265130996"}
{"blockNumber":20250299,"chainId":1,"poolAddress":"0xc63dff67fe1b63004ab6c773022ba06847c11335","poolType":"CURVE"}	{"lastPrice": "632163923264908013"}
{"blockNumber":20421155,"chainId":1,"poolAddress":"0xc63dff67fe1b63004ab6c773022ba06847c11335","poolType":"CURVE"}	{"lastPrice": "640336398328375480"}
{"blockNumber":20275222,"chainId":1,"poolAddress":"0xc63dff67fe1b63004ab6c773022ba06847c11335","poolType":"CURVE"}	{"lastPrice": "631498123923083941"}
{"blockNumber":20344856,"chainId":1,"poolAddress":"0xc63dff67fe1b63004ab6c773022ba06847c11335","poolType":"CURVE"}	{"lastPrice": "631804899971087795"}
{"blockNumber":20305121,"chainId":1,"poolAddress":"0xc63dff67fe1b63004ab6c773022ba06847c11335","poolType":"CURVE"}	{"lastPrice": "631498123922916506"}
{"blockNumber":20306688,"chainId":1,"poolAddress":"0xc63dff67fe1b63004ab6c773022ba06847c11335","poolType":"CURVE"}	{"lastPrice": "631498123922978291"}
{"blockNumber":20307522,"chainId":1,"poolAddress":"0xc63dff67fe1b63004ab6c773022ba06847c11335","poolType":"CURVE"}	{"lastPrice": "631804899971255708"}
{"blockNumber":20307591,"chainId":1,"poolAddress":"0xc63dff67fe1b63004ab6c773022ba06847c11335","poolType":"CURVE"}	{"lastPrice": "631804899971068256"}
{"blockNumber":20307735,"chainId":1,"poolAddress":"0xc63dff67fe1b63004ab6c773022ba06847c11335","poolType":"CURVE"}	{"lastPrice": "631804899970959895"}
{"blockNumber":20311214,"chainId":1,"poolAddress":"0xc63dff67fe1b63004ab6c773022ba06847c11335","poolType":"CURVE"}	{"lastPrice": "631804899971015558"}
{"blockNumber":20306992,"chainId":1,"poolAddress":"0xc63dff67fe1b63004ab6c773022ba06847c11335","poolType":"CURVE"}	{"lastPrice": "632966298568780267"}
{"blockNumber":20307796,"chainId":1,"poolAddress":"0xc63dff67fe1b63004ab6c773022ba06847c11335","poolType":"CURVE"}	{"lastPrice": "631804899971361412"}
{"blockNumber":20451059,"chainId":1,"poolAddress":"0xc63dff67fe1b63004ab6c773022ba06847c11335","poolType":"CURVE"}	{"lastPrice": "639906191548188512"}
{"blockNumber":20322959,"chainId":1,"poolAddress":"0xc63dff67fe1b63004ab6c773022ba06847c11335","poolType":"CURVE"}	{"lastPrice": "631804899971001903"}
{"blockNumber":20324704,"chainId":1,"poolAddress":"0xc63dff67fe1b63004ab6c773022ba06847c11335","poolType":"CURVE"}	{"lastPrice": "631804899971295340"}
{"blockNumber":20340774,"chainId":1,"poolAddress":"0xc63dff67fe1b63004ab6c773022ba06847c11335","poolType":"CURVE"}	{"lastPrice": "631804899971107072"}
{"blockNumber":20429878,"chainId":1,"poolAddress":"0xc63dff67fe1b63004ab6c773022ba06847c11335","poolType":"CURVE"}	{"lastPrice": "640336398328243606"}
{"blockNumber":20364046,"chainId":1,"poolAddress":"0xc63dff67fe1b63004ab6c773022ba06847c11335","poolType":"CURVE"}	{"lastPrice": "633882129260583757"}
{"blockNumber":20432312,"chainId":1,"poolAddress":"0xc63dff67fe1b63004ab6c773022ba06847c11335","poolType":"CURVE"}	{"lastPrice": "640336398328393225"}
{"blockNumber":20499127,"chainId":1,"poolAddress":"0xc63dff67fe1b63004ab6c773022ba06847c11335","poolType":"CURVE"}	{"lastPrice": "642238500549781448"}
{"blockNumber":20521715,"chainId":1,"poolAddress":"0xc63dff67fe1b63004ab6c773022ba06847c11335","poolType":"CURVE"}	{"lastPrice": "649868878615231375"}
{"blockNumber":20533424,"chainId":1,"poolAddress":"0xc63dff67fe1b63004ab6c773022ba06847c11335","poolType":"CURVE"}	{"lastPrice": "649942565906293028"}
{"blockNumber":20537278,"chainId":1,"poolAddress":"0xc63dff67fe1b63004ab6c773022ba06847c11335","poolType":"CURVE"}	{"lastPrice": "649942565906497081"}
{"blockNumber":20565071,"chainId":1,"poolAddress":"0xc63dff67fe1b63004ab6c773022ba06847c11335","poolType":"CURVE"}	{"lastPrice": "665959969023239776"}
{"blockNumber":20564695,"chainId":1,"poolAddress":"0xc63dff67fe1b63004ab6c773022ba06847c11335","poolType":"CURVE"}	{"lastPrice": "665959969023322214"}
{"blockNumber":20584390,"chainId":1,"poolAddress":"0xc63dff67fe1b63004ab6c773022ba06847c11335","poolType":"CURVE"}	{"lastPrice": "645938135699887425"}
{"blockNumber":20411892,"chainId":1,"poolAddress":"0x1c379572160a80975fa1dad8e491ff485611c8f6","poolType":"CURVE"}	{"lastPrice": "969577539299076680"}
{"blockNumber":20192308,"chainId":1,"poolAddress":"0x1c379572160a80975fa1dad8e491ff485611c8f6","poolType":"CURVE"}	{"lastPrice": "941904710981260413"}
{"blockNumber":20354069,"chainId":1,"poolAddress":"0x1c379572160a80975fa1dad8e491ff485611c8f6","poolType":"CURVE"}	{"lastPrice": "964221818797552325"}
{"blockNumber":20501423,"chainId":1,"poolAddress":"0x1c379572160a80975fa1dad8e491ff485611c8f6","poolType":"CURVE"}	{"lastPrice": "986119407314008531"}
{"blockNumber":20362063,"chainId":1,"poolAddress":"0x1c379572160a80975fa1dad8e491ff485611c8f6","poolType":"CURVE"}	{"lastPrice": "964221818797458295"}
{"blockNumber":20581647,"chainId":1,"poolAddress":"0x1c379572160a80975fa1dad8e491ff485611c8f6","poolType":"CURVE"}	{"lastPrice": "982921120811814091"}
{"blockNumber":20153212,"chainId":1,"poolAddress":"0x4d4140c05dfa65e3e38a7bf1bda6e5b68fbe2b80","poolType":"CURVE"}	{"lastPrice": "949430835488280781"}
{"blockNumber":20285934,"chainId":1,"poolAddress":"0x4d4140c05dfa65e3e38a7bf1bda6e5b68fbe2b80","poolType":"CURVE"}	{"lastPrice": "971478887763026246"}
{"blockNumber":20293003,"chainId":1,"poolAddress":"0x4d4140c05dfa65e3e38a7bf1bda6e5b68fbe2b80","poolType":"CURVE"}	{"lastPrice": "971478887762941544"}
{"blockNumber":20403725,"chainId":1,"poolAddress":"0x4d4140c05dfa65e3e38a7bf1bda6e5b68fbe2b80","poolType":"CURVE"}	{"lastPrice": "971879608824216125"}
{"blockNumber":20161295,"chainId":1,"poolAddress":"0xbfc3d05453dddb38289ea44386a9a4f8226ef2ca","poolType":"CURVE"}	{"lastPrice": "911219476554473662"}
{"blockNumber":20232136,"chainId":1,"poolAddress":"0xdce8dfa05f9af2c16793f6b8e77597b7b7bf0c50","poolType":"CURVE"}	{"lastPrice": "954311287401998665"}
{"blockNumber":20181228,"chainId":1,"poolAddress":"0xbfc3d05453dddb38289ea44386a9a4f8226ef2ca","poolType":"CURVE"}	{"lastPrice": "911219476561141857"}
{"blockNumber":20182219,"chainId":1,"poolAddress":"0x870754e9cb1555c427dd7b433a55aeaccd7e4e1f","poolType":"CURVE"}	{"lastPrice": "905424930831461658"}
{"blockNumber":20247138,"chainId":1,"poolAddress":"0x870754e9cb1555c427dd7b433a55aeaccd7e4e1f","poolType":"CURVE"}	{"lastPrice": "903243355865412930"}
{"blockNumber":20252546,"chainId":1,"poolAddress":"0x870754e9cb1555c427dd7b433a55aeaccd7e4e1f","poolType":"CURVE"}	{"lastPrice": "904268701196387831"}
{"blockNumber":20252552,"chainId":1,"poolAddress":"0x870754e9cb1555c427dd7b433a55aeaccd7e4e1f","poolType":"CURVE"}	{"lastPrice": "905365774712263520"}
{"blockNumber":20271230,"chainId":1,"poolAddress":"0x870754e9cb1555c427dd7b433a55aeaccd7e4e1f","poolType":"CURVE"}	{"lastPrice": "905252319422278280"}
{"blockNumber":20271854,"chainId":1,"poolAddress":"0xdce8dfa05f9af2c16793f6b8e77597b7b7bf0c50","poolType":"CURVE"}	{"lastPrice": "954311287410405323"}
{"blockNumber":20271923,"chainId":1,"poolAddress":"0xdce8dfa05f9af2c16793f6b8e77597b7b7bf0c50","poolType":"CURVE"}	{"lastPrice": "954311287409573291"}
{"blockNumber":20273972,"chainId":1,"poolAddress":"0xdce8dfa05f9af2c16793f6b8e77597b7b7bf0c50","poolType":"CURVE"}	{"lastPrice": "955466710802808730"}
{"blockNumber":20274005,"chainId":1,"poolAddress":"0xdce8dfa05f9af2c16793f6b8e77597b7b7bf0c50","poolType":"CURVE"}	{"lastPrice": "1346250418712062840"}
{"blockNumber":20274867,"chainId":1,"poolAddress":"0xdce8dfa05f9af2c16793f6b8e77597b7b7bf0c50","poolType":"CURVE"}	{"lastPrice": "3787699890254909319"}
{"blockNumber":20274878,"chainId":1,"poolAddress":"0xdce8dfa05f9af2c16793f6b8e77597b7b7bf0c50","poolType":"CURVE"}	{"lastPrice": "1680390392954355718"}
{"blockNumber":20274887,"chainId":1,"poolAddress":"0xdce8dfa05f9af2c16793f6b8e77597b7b7bf0c50","poolType":"CURVE"}	{"lastPrice": "1101905597514540554"}
{"blockNumber":20274903,"chainId":1,"poolAddress":"0xdce8dfa05f9af2c16793f6b8e77597b7b7bf0c50","poolType":"CURVE"}	{"lastPrice": "1000000103136743929"}
{"blockNumber":20274943,"chainId":1,"poolAddress":"0xdce8dfa05f9af2c16793f6b8e77597b7b7bf0c50","poolType":"CURVE"}	{"lastPrice": "990961236357581380"}
{"blockNumber":20274950,"chainId":1,"poolAddress":"0xdce8dfa05f9af2c16793f6b8e77597b7b7bf0c50","poolType":"CURVE"}	{"lastPrice": "985350849120171210"}
{"blockNumber":20274957,"chainId":1,"poolAddress":"0xdce8dfa05f9af2c16793f6b8e77597b7b7bf0c50","poolType":"CURVE"}	{"lastPrice": "975126419668509515"}
{"blockNumber":20274961,"chainId":1,"poolAddress":"0xdce8dfa05f9af2c16793f6b8e77597b7b7bf0c50","poolType":"CURVE"}	{"lastPrice": "966653856290118690"}
{"blockNumber":20274969,"chainId":1,"poolAddress":"0xdce8dfa05f9af2c16793f6b8e77597b7b7bf0c50","poolType":"CURVE"}	{"lastPrice": "963001086205641185"}
{"blockNumber":20286306,"chainId":1,"poolAddress":"0xdce8dfa05f9af2c16793f6b8e77597b7b7bf0c50","poolType":"CURVE"}	{"lastPrice": "962007612708101363"}
{"blockNumber":20289077,"chainId":1,"poolAddress":"0x870754e9cb1555c427dd7b433a55aeaccd7e4e1f","poolType":"CURVE"}	{"lastPrice": "905024020355421372"}
{"blockNumber":20295881,"chainId":1,"poolAddress":"0xdce8dfa05f9af2c16793f6b8e77597b7b7bf0c50","poolType":"CURVE"}	{"lastPrice": "962007612708166954"}
{"blockNumber":20313316,"chainId":1,"poolAddress":"0xdce8dfa05f9af2c16793f6b8e77597b7b7bf0c50","poolType":"CURVE"}	{"lastPrice": "962007612708205955"}
{"blockNumber":20344461,"chainId":1,"poolAddress":"0x870754e9cb1555c427dd7b433a55aeaccd7e4e1f","poolType":"CURVE"}	{"lastPrice": "905114203153963174"}
{"blockNumber":20347633,"chainId":1,"poolAddress":"0xdce8dfa05f9af2c16793f6b8e77597b7b7bf0c50","poolType":"CURVE"}	{"lastPrice": "966854350964118255"}
{"blockNumber":20353566,"chainId":1,"poolAddress":"0x870754e9cb1555c427dd7b433a55aeaccd7e4e1f","poolType":"CURVE"}	{"lastPrice": "904574865721543425"}
{"blockNumber":20355005,"chainId":1,"poolAddress":"0xdce8dfa05f9af2c16793f6b8e77597b7b7bf0c50","poolType":"CURVE"}	{"lastPrice": "972653031627131106"}
{"blockNumber":20355087,"chainId":1,"poolAddress":"0xbfc3d05453dddb38289ea44386a9a4f8226ef2ca","poolType":"CURVE"}	{"lastPrice": "911103432214923693"}
{"blockNumber":20370236,"chainId":1,"poolAddress":"0x870754e9cb1555c427dd7b433a55aeaccd7e4e1f","poolType":"CURVE"}	{"lastPrice": "907357974474228090"}
{"blockNumber":20370266,"chainId":1,"poolAddress":"0x870754e9cb1555c427dd7b433a55aeaccd7e4e1f","poolType":"CURVE"}	{"lastPrice": "905760732765114464"}
{"blockNumber":20421172,"chainId":1,"poolAddress":"0xdce8dfa05f9af2c16793f6b8e77597b7b7bf0c50","poolType":"CURVE"}	{"lastPrice": "974067135122948827"}
{"blockNumber":20428471,"chainId":1,"poolAddress":"0xdce8dfa05f9af2c16793f6b8e77597b7b7bf0c50","poolType":"CURVE"}	{"lastPrice": "973440135576941290"}
{"blockNumber":20437279,"chainId":1,"poolAddress":"0xdce8dfa05f9af2c16793f6b8e77597b7b7bf0c50","poolType":"CURVE"}	{"lastPrice": "973440135576961049"}
{"blockNumber":20437575,"chainId":1,"poolAddress":"0xdce8dfa05f9af2c16793f6b8e77597b7b7bf0c50","poolType":"CURVE"}	{"lastPrice": "967527617573822024"}
{"blockNumber":20437606,"chainId":1,"poolAddress":"0xdce8dfa05f9af2c16793f6b8e77597b7b7bf0c50","poolType":"CURVE"}	{"lastPrice": "963677628299053842"}
{"blockNumber":20438829,"chainId":1,"poolAddress":"0x870754e9cb1555c427dd7b433a55aeaccd7e4e1f","poolType":"CURVE"}	{"lastPrice": "904199762965115310"}
{"blockNumber":20438836,"chainId":1,"poolAddress":"0x870754e9cb1555c427dd7b433a55aeaccd7e4e1f","poolType":"CURVE"}	{"lastPrice": "905105949726516407"}
{"blockNumber":20440197,"chainId":1,"poolAddress":"0xdce8dfa05f9af2c16793f6b8e77597b7b7bf0c50","poolType":"CURVE"}	{"lastPrice": "965327193198144555"}
{"blockNumber":20440332,"chainId":1,"poolAddress":"0xdce8dfa05f9af2c16793f6b8e77597b7b7bf0c50","poolType":"CURVE"}	{"lastPrice": "970461416023076339"}
{"blockNumber":20446985,"chainId":1,"poolAddress":"0xdce8dfa05f9af2c16793f6b8e77597b7b7bf0c50","poolType":"CURVE"}	{"lastPrice": "976395962076504141"}
{"blockNumber":20451370,"chainId":1,"poolAddress":"0xbfc3d05453dddb38289ea44386a9a4f8226ef2ca","poolType":"CURVE"}	{"lastPrice": "911488776056248793"}
{"blockNumber":20492646,"chainId":1,"poolAddress":"0xf99514d6556dee14032ceb3f1cd59b32e61541cc","poolType":"CURVE"}	{"lastPrice": "872114404293017201"}
{"blockNumber":20523498,"chainId":1,"poolAddress":"0x4d8842511cadcc65125cb9353b9520cc7f424688","poolType":"CURVE"}	{"lastPrice": "975706136486563901"}
{"blockNumber":20524000,"chainId":1,"poolAddress":"0x870754e9cb1555c427dd7b433a55aeaccd7e4e1f","poolType":"CURVE"}	{"lastPrice": "905105949726516407"}
{"blockNumber":20524472,"chainId":1,"poolAddress":"0xbfc3d05453dddb38289ea44386a9a4f8226ef2ca","poolType":"CURVE"}	{"lastPrice": "911775282711824878"}
{"blockNumber":20524849,"chainId":1,"poolAddress":"0x4d8842511cadcc65125cb9353b9520cc7f424688","poolType":"CURVE"}	{"lastPrice": "975706069039884021"}
{"blockNumber":20524872,"chainId":1,"poolAddress":"0x4d8842511cadcc65125cb9353b9520cc7f424688","poolType":"CURVE"}	{"lastPrice": "975897074229818953"}
{"blockNumber":20524940,"chainId":1,"poolAddress":"0x4d8842511cadcc65125cb9353b9520cc7f424688","poolType":"CURVE"}	{"lastPrice": "975669950550446177"}
{"blockNumber":20524953,"chainId":1,"poolAddress":"0x4d8842511cadcc65125cb9353b9520cc7f424688","poolType":"CURVE"}	{"lastPrice": "975781192890650139"}
{"blockNumber":20532131,"chainId":1,"poolAddress":"0x1c4d2495f1b9f325cb72c1af0db29985239c68ad","poolType":"CURVE"}	{"lastPrice": "838445951960378941"}
{"blockNumber":20532229,"chainId":1,"poolAddress":"0x1c4d2495f1b9f325cb72c1af0db29985239c68ad","poolType":"CURVE"}	{"lastPrice": "838445951959913537"}
{"blockNumber":20537900,"chainId":1,"poolAddress":"0x4d8842511cadcc65125cb9353b9520cc7f424688","poolType":"CURVE"}	{"lastPrice": "975781192890650139"}
{"blockNumber":20537923,"chainId":1,"poolAddress":"0x4d8842511cadcc65125cb9353b9520cc7f424688","poolType":"CURVE"}	{"lastPrice": "975671113434405520"}
{"blockNumber":20537938,"chainId":1,"poolAddress":"0x4d8842511cadcc65125cb9353b9520cc7f424688","poolType":"CURVE"}	{"lastPrice": "975881935297022084"}
{"blockNumber":20561014,"chainId":1,"poolAddress":"0x7a5b529bf0106990494ab3d7696f14c69c000dd7","poolType":"CURVE"}	{"lastPrice": "975807201055214175"}
{"blockNumber":20573373,"chainId":1,"poolAddress":"0xdce8dfa05f9af2c16793f6b8e77597b7b7bf0c50","poolType":"CURVE"}	{"lastPrice": "975493899038197712"}
{"blockNumber":20578382,"chainId":1,"poolAddress":"0xbfc3d05453dddb38289ea44386a9a4f8226ef2ca","poolType":"CURVE"}	{"lastPrice": "911833580060022917"}
{"blockNumber":20582620,"chainId":1,"poolAddress":"0x0d89f4583a6b5eceb76551d573ad49cd435f6064","poolType":"CURVE"}	{"lastPrice": "841787512608765318"}
{"blockNumber":20582831,"chainId":1,"poolAddress":"0x1c4d2495f1b9f325cb72c1af0db29985239c68ad","poolType":"CURVE"}	{"lastPrice": "839388170118213107"}
{"blockNumber":20588432,"chainId":1,"poolAddress":"0x1c4d2495f1b9f325cb72c1af0db29985239c68ad","poolType":"CURVE"}	{"lastPrice": "839877502111440563"}
{"blockNumber":20588565,"chainId":1,"poolAddress":"0x1c4d2495f1b9f325cb72c1af0db29985239c68ad","poolType":"CURVE"}	{"lastPrice": "839049432457764494"}
{"blockNumber":20588878,"chainId":1,"poolAddress":"0xbfc3d05453dddb38289ea44386a9a4f8226ef2ca","poolType":"CURVE"}	{"lastPrice": "911937319298567065"}
{"blockNumber":20590090,"chainId":1,"poolAddress":"0xbfc3d05453dddb38289ea44386a9a4f8226ef2ca","poolType":"CURVE"}	{"lastPrice": "911937319298505634"}
{"blockNumber":20591733,"chainId":1,"poolAddress":"0x0d89f4583a6b5eceb76551d573ad49cd435f6064","poolType":"CURVE"}	{"lastPrice": "872473411615606050"}
{"blockNumber":20591874,"chainId":1,"poolAddress":"0x0d89f4583a6b5eceb76551d573ad49cd435f6064","poolType":"CURVE"}	{"lastPrice": "875374770751015655"}
{"blockNumber":20596734,"chainId":1,"poolAddress":"0x1c4d2495f1b9f325cb72c1af0db29985239c68ad","poolType":"CURVE"}	{"lastPrice": "839279451645465653"}
{"blockNumber":20598670,"chainId":1,"poolAddress":"0x1c4d2495f1b9f325cb72c1af0db29985239c68ad","poolType":"CURVE"}	{"lastPrice": "839315346892912547"}
{"blockNumber":20599699,"chainId":1,"poolAddress":"0x1c4d2495f1b9f325cb72c1af0db29985239c68ad","poolType":"CURVE"}	{"lastPrice": "839389455457552840"}
{"blockNumber":20603978,"chainId":1,"poolAddress":"0x870754e9cb1555c427dd7b433a55aeaccd7e4e1f","poolType":"CURVE"}	{"lastPrice": "905251132762771869"}
{"blockNumber":21135794,"chainId":1,"poolAddress":"0x952ac974ff2f3ee5c05534961b661fe70fd38b8a","poolType":"CURVE"}	{"lastPrice": "983693187691264915"}
{"blockNumber":20932475,"chainId":1,"poolAddress":"0x952ac974ff2f3ee5c05534961b661fe70fd38b8a","poolType":"CURVE"}	{"lastPrice": "983300123259913842"}
{"blockNumber":21220736,"chainId":1,"poolAddress":"0x952ac974ff2f3ee5c05534961b661fe70fd38b8a","poolType":"CURVE"}	{"lastPrice": "983368905184567021"}
{"blockNumber":20605411,"chainId":1,"poolAddress":"0xb09fc8bbdcc8dc9d8b3775132c52fcebf1c7dbb3","poolType":"CURVE"}	{"lastPrice": "963251599584114655"}
{"blockNumber":20675277,"chainId":1,"poolAddress":"0xb09fc8bbdcc8dc9d8b3775132c52fcebf1c7dbb3","poolType":"CURVE"}	{"lastPrice": "970257200358402313"}
{"blockNumber":20726891,"chainId":1,"poolAddress":"0xb09fc8bbdcc8dc9d8b3775132c52fcebf1c7dbb3","poolType":"CURVE"}	{"lastPrice": "977749772790598406"}
{"blockNumber":20741353,"chainId":1,"poolAddress":"0xb09fc8bbdcc8dc9d8b3775132c52fcebf1c7dbb3","poolType":"CURVE"}	{"lastPrice": "976322519162038002"}
{"blockNumber":21001562,"chainId":1,"poolAddress":"0xb09fc8bbdcc8dc9d8b3775132c52fcebf1c7dbb3","poolType":"CURVE"}	{"lastPrice": "990312089401410046"}
{"blockNumber":20644556,"chainId":1,"poolAddress":"0xb09fc8bbdcc8dc9d8b3775132c52fcebf1c7dbb3","poolType":"CURVE"}	{"lastPrice": "968553801219669922"}
{"blockNumber":20665156,"chainId":1,"poolAddress":"0xb09fc8bbdcc8dc9d8b3775132c52fcebf1c7dbb3","poolType":"CURVE"}	{"lastPrice": "966022746330855807"}
{"blockNumber":20754102,"chainId":1,"poolAddress":"0xb09fc8bbdcc8dc9d8b3775132c52fcebf1c7dbb3","poolType":"CURVE"}	{"lastPrice": "975717083385426195"}
{"blockNumber":21142358,"chainId":1,"poolAddress":"0xb09fc8bbdcc8dc9d8b3775132c52fcebf1c7dbb3","poolType":"CURVE"}	{"lastPrice": "997677632192273108"}
{"blockNumber":20611526,"chainId":1,"poolAddress":"0xb09fc8bbdcc8dc9d8b3775132c52fcebf1c7dbb3","poolType":"CURVE"}	{"lastPrice": "964517437366843202"}
{"blockNumber":21003822,"chainId":1,"poolAddress":"0xb09fc8bbdcc8dc9d8b3775132c52fcebf1c7dbb3","poolType":"CURVE"}	{"lastPrice": "986213392704230176"}
{"blockNumber":21258419,"chainId":1,"poolAddress":"0xb09fc8bbdcc8dc9d8b3775132c52fcebf1c7dbb3","poolType":"CURVE"}	{"lastPrice": "974333575869207965"}
{"blockNumber":21260684,"chainId":1,"poolAddress":"0xb09fc8bbdcc8dc9d8b3775132c52fcebf1c7dbb3","poolType":"CURVE"}	{"lastPrice": "984344271545080244"}
{"blockNumber":20609164,"chainId":1,"poolAddress":"0xe7ad3016d46e538c9ca87e5071c561a73ed1c98c","poolType":"CURVE"}	{"lastPrice": "970313058763292482"}
{"blockNumber":20611164,"chainId":1,"poolAddress":"0xe7ad3016d46e538c9ca87e5071c561a73ed1c98c","poolType":"CURVE"}	{"lastPrice": "983785788366742069"}
{"blockNumber":20624858,"chainId":1,"poolAddress":"0xe7ad3016d46e538c9ca87e5071c561a73ed1c98c","poolType":"CURVE"}	{"lastPrice": "976608057119829885"}
{"blockNumber":20634273,"chainId":1,"poolAddress":"0xe7ad3016d46e538c9ca87e5071c561a73ed1c98c","poolType":"CURVE"}	{"lastPrice": "977740490779104729"}
{"blockNumber":20640170,"chainId":1,"poolAddress":"0xe7ad3016d46e538c9ca87e5071c561a73ed1c98c","poolType":"CURVE"}	{"lastPrice": "978506482431002607"}
{"blockNumber":21089929,"chainId":1,"poolAddress":"0xe7ad3016d46e538c9ca87e5071c561a73ed1c98c","poolType":"CURVE"}	{"lastPrice": "985509483761838426"}
{"blockNumber":21109654,"chainId":1,"poolAddress":"0xe7ad3016d46e538c9ca87e5071c561a73ed1c98c","poolType":"CURVE"}	{"lastPrice": "991477523293598349"}
{"blockNumber":21117659,"chainId":1,"poolAddress":"0xe7ad3016d46e538c9ca87e5071c561a73ed1c98c","poolType":"CURVE"}	{"lastPrice": "993714396092117936"}
{"blockNumber":21106405,"chainId":1,"poolAddress":"0xe7ad3016d46e538c9ca87e5071c561a73ed1c98c","poolType":"CURVE"}	{"lastPrice": "989724133914110254"}
{"blockNumber":20670200,"chainId":1,"poolAddress":"0xe7ad3016d46e538c9ca87e5071c561a73ed1c98c","poolType":"CURVE"}	{"lastPrice": "983988288241920891"}
{"blockNumber":20700836,"chainId":1,"poolAddress":"0xe7ad3016d46e538c9ca87e5071c561a73ed1c98c","poolType":"CURVE"}	{"lastPrice": "984221450652035224"}
{"blockNumber":20734240,"chainId":1,"poolAddress":"0xe7ad3016d46e538c9ca87e5071c561a73ed1c98c","poolType":"CURVE"}	{"lastPrice": "978910825102114765"}
{"blockNumber":20654859,"chainId":1,"poolAddress":"0x1c379572160a80975fa1dad8e491ff485611c8f6","poolType":"CURVE"}	{"lastPrice": "990803460248846640"}
{"blockNumber":20637618,"chainId":1,"poolAddress":"0x1c379572160a80975fa1dad8e491ff485611c8f6","poolType":"CURVE"}	{"lastPrice": "985248203676579871"}
{"blockNumber":20759776,"chainId":1,"poolAddress":"0xdce8dfa05f9af2c16793f6b8e77597b7b7bf0c50","poolType":"CURVE"}	{"lastPrice": "991519946883308838"}
{"blockNumber":20643716,"chainId":1,"poolAddress":"0xdce8dfa05f9af2c16793f6b8e77597b7b7bf0c50","poolType":"CURVE"}	{"lastPrice": "976537555305082337"}
{"blockNumber":20700552,"chainId":1,"poolAddress":"0xdce8dfa05f9af2c16793f6b8e77597b7b7bf0c50","poolType":"CURVE"}	{"lastPrice": "980565424484379293"}
{"blockNumber":20884996,"chainId":1,"poolAddress":"0xdce8dfa05f9af2c16793f6b8e77597b7b7bf0c50","poolType":"CURVE"}	{"lastPrice": "990682351518427373"}
{"blockNumber":20895258,"chainId":1,"poolAddress":"0xdce8dfa05f9af2c16793f6b8e77597b7b7bf0c50","poolType":"CURVE"}	{"lastPrice": "993583093671820845"}
{"blockNumber":20902633,"chainId":1,"poolAddress":"0xdce8dfa05f9af2c16793f6b8e77597b7b7bf0c50","poolType":"CURVE"}	{"lastPrice": "991611747591902983"}
{"blockNumber":20643369,"chainId":1,"poolAddress":"0xc63dff67fe1b63004ab6c773022ba06847c11335","poolType":"CURVE"}	{"lastPrice": "659510517631908889"}
{"blockNumber":20649318,"chainId":1,"poolAddress":"0xc63dff67fe1b63004ab6c773022ba06847c11335","poolType":"CURVE"}	{"lastPrice": "672558121668894302"}
{"blockNumber":20649422,"chainId":1,"poolAddress":"0xc63dff67fe1b63004ab6c773022ba06847c11335","poolType":"CURVE"}	{"lastPrice": "677331337307840278"}
{"blockNumber":20844296,"chainId":1,"poolAddress":"0xc63dff67fe1b63004ab6c773022ba06847c11335","poolType":"CURVE"}	{"lastPrice": "661795473171389958"}
{"blockNumber":20740339,"chainId":1,"poolAddress":"0xc63dff67fe1b63004ab6c773022ba06847c11335","poolType":"CURVE"}	{"lastPrice": "654096184937396081"}
{"blockNumber":20854424,"chainId":1,"poolAddress":"0xc63dff67fe1b63004ab6c773022ba06847c11335","poolType":"CURVE"}	{"lastPrice": "669248002294813905"}
{"blockNumber":21020308,"chainId":1,"poolAddress":"0xc63dff67fe1b63004ab6c773022ba06847c11335","poolType":"CURVE"}	{"lastPrice": "668801261944404139"}
{"blockNumber":20639881,"chainId":1,"poolAddress":"0xc6e949f57d365fb73015d21a2d1a9da93e938d52","poolType":"CURVE"}	{"lastPrice": "887549489180368231"}
{"blockNumber":20741068,"chainId":1,"poolAddress":"0xc6e949f57d365fb73015d21a2d1a9da93e938d52","poolType":"CURVE"}	{"lastPrice": "873496881616241434"}
{"blockNumber":21012716,"chainId":1,"poolAddress":"0xc6e949f57d365fb73015d21a2d1a9da93e938d52","poolType":"CURVE"}	{"lastPrice": "870705569545544937"}
{"blockNumber":21039667,"chainId":1,"poolAddress":"0xc6e949f57d365fb73015d21a2d1a9da93e938d52","poolType":"CURVE"}	{"lastPrice": "890044806768206757"}
{"blockNumber":20713271,"chainId":1,"poolAddress":"0xc6e949f57d365fb73015d21a2d1a9da93e938d52","poolType":"CURVE"}	{"lastPrice": "867628896214255975"}
{"blockNumber":20809597,"chainId":1,"poolAddress":"0xc6e949f57d365fb73015d21a2d1a9da93e938d52","poolType":"CURVE"}	{"lastPrice": "872788808732443264"}
{"blockNumber":20964225,"chainId":1,"poolAddress":"0xc6e949f57d365fb73015d21a2d1a9da93e938d52","poolType":"CURVE"}	{"lastPrice": "869899740514368104"}
{"blockNumber":20614247,"chainId":1,"poolAddress":"0x4d4140c05dfa65e3e38a7bf1bda6e5b68fbe2b80","poolType":"CURVE"}	{"lastPrice": "986853555745376682"}
{"blockNumber":20615313,"chainId":1,"poolAddress":"0x4d4140c05dfa65e3e38a7bf1bda6e5b68fbe2b80","poolType":"CURVE"}	{"lastPrice": "988445496487476924"}
{"blockNumber":20629535,"chainId":1,"poolAddress":"0xbce4e65b4a68ac2095c7747992250d2075d82edc","poolType":"CURVE"}	{"lastPrice": "912364072452233176"}
{"blockNumber":20798281,"chainId":1,"poolAddress":"0xbce4e65b4a68ac2095c7747992250d2075d82edc","poolType":"CURVE"}	{"lastPrice": "914792040948062296"}
{"blockNumber":20662393,"chainId":1,"poolAddress":"0xbce4e65b4a68ac2095c7747992250d2075d82edc","poolType":"CURVE"}	{"lastPrice": "912864609238901600"}
{"blockNumber":20670316,"chainId":1,"poolAddress":"0xbce4e65b4a68ac2095c7747992250d2075d82edc","poolType":"CURVE"}	{"lastPrice": "913051815542534407"}
{"blockNumber":20699426,"chainId":1,"poolAddress":"0xbce4e65b4a68ac2095c7747992250d2075d82edc","poolType":"CURVE"}	{"lastPrice": "913078228796581201"}
{"blockNumber":20727644,"chainId":1,"poolAddress":"0xbce4e65b4a68ac2095c7747992250d2075d82edc","poolType":"CURVE"}	{"lastPrice": "913654610042556949"}
{"blockNumber":21103155,"chainId":1,"poolAddress":"0xbce4e65b4a68ac2095c7747992250d2075d82edc","poolType":"CURVE"}	{"lastPrice": "936327152948245167"}
{"blockNumber":21198423,"chainId":1,"poolAddress":"0xbce4e65b4a68ac2095c7747992250d2075d82edc","poolType":"CURVE"}	{"lastPrice": "925898618311921167"}
{"blockNumber":20620523,"chainId":1,"poolAddress":"0x0d89f4583a6b5eceb76551d573ad49cd435f6064","poolType":"CURVE"}	{"lastPrice": "875149333252401661"}
{"blockNumber":21013293,"chainId":1,"poolAddress":"0x0d89f4583a6b5eceb76551d573ad49cd435f6064","poolType":"CURVE"}	{"lastPrice": "910577866810941624"}
{"blockNumber":20624401,"chainId":1,"poolAddress":"0xc9f39993cf05f7442dd56ac2b87484c051ffdb5a","poolType":"CURVE"}	{"lastPrice": "834040787775390541"}
{"blockNumber":20681724,"chainId":1,"poolAddress":"0xc9f39993cf05f7442dd56ac2b87484c051ffdb5a","poolType":"CURVE"}	{"lastPrice": "871739488776433840"}
{"blockNumber":20976483,"chainId":1,"poolAddress":"0xf3749a2bef435535200c378298b78f34dcac0fc9","poolType":"CURVE"}	{"lastPrice": "884680845627309790"}
{"blockNumber":20637403,"chainId":1,"poolAddress":"0xb09fc8bbdcc8dc9d8b3775132c52fcebf1c7dbb3","poolType":"CURVE"}	{"lastPrice": "968159194605970305"}
{"blockNumber":21203912,"chainId":1,"poolAddress":"0xb09fc8bbdcc8dc9d8b3775132c52fcebf1c7dbb3","poolType":"CURVE"}	{"lastPrice": "993149331493314933"}
{"blockNumber":20649635,"chainId":1,"poolAddress":"0xb09fc8bbdcc8dc9d8b3775132c52fcebf1c7dbb3","poolType":"CURVE"}	{"lastPrice": "968587716186857638"}
{"blockNumber":21038317,"chainId":1,"poolAddress":"0xb09fc8bbdcc8dc9d8b3775132c52fcebf1c7dbb3","poolType":"CURVE"}	{"lastPrice": "995609445722677393"}
{"blockNumber":21009939,"chainId":1,"poolAddress":"0xb09fc8bbdcc8dc9d8b3775132c52fcebf1c7dbb3","poolType":"CURVE"}	{"lastPrice": "986213392704230176"}
{"blockNumber":20874386,"chainId":1,"poolAddress":"0xb09fc8bbdcc8dc9d8b3775132c52fcebf1c7dbb3","poolType":"CURVE"}	{"lastPrice": "976399385220320680"}
{"blockNumber":20815665,"chainId":1,"poolAddress":"0xb09fc8bbdcc8dc9d8b3775132c52fcebf1c7dbb3","poolType":"CURVE"}	{"lastPrice": "976895020557644687"}
{"blockNumber":20836916,"chainId":1,"poolAddress":"0xb09fc8bbdcc8dc9d8b3775132c52fcebf1c7dbb3","poolType":"CURVE"}	{"lastPrice": "976399385220320680"}
{"blockNumber":21256888,"chainId":1,"poolAddress":"0xb09fc8bbdcc8dc9d8b3775132c52fcebf1c7dbb3","poolType":"CURVE"}	{"lastPrice": "993102805643864768"}
{"blockNumber":21257126,"chainId":1,"poolAddress":"0xb09fc8bbdcc8dc9d8b3775132c52fcebf1c7dbb3","poolType":"CURVE"}	{"lastPrice": "973858331171542533"}
{"blockNumber":20948555,"chainId":1,"poolAddress":"0x1c4d2495f1b9f325cb72c1af0db29985239c68ad","poolType":"CURVE"}	{"lastPrice": "922866115300588492"}
{"blockNumber":20742472,"chainId":1,"poolAddress":"0x1c4d2495f1b9f325cb72c1af0db29985239c68ad","poolType":"CURVE"}	{"lastPrice": "861154005657961791"}
{"blockNumber":20836306,"chainId":1,"poolAddress":"0x1c4d2495f1b9f325cb72c1af0db29985239c68ad","poolType":"CURVE"}	{"lastPrice": "889829799963203798"}
{"blockNumber":21149311,"chainId":1,"poolAddress":"0x1c4d2495f1b9f325cb72c1af0db29985239c68ad","poolType":"CURVE"}	{"lastPrice": "912006437206104558"}
{"blockNumber":20741938,"chainId":1,"poolAddress":"0x1c4d2495f1b9f325cb72c1af0db29985239c68ad","poolType":"CURVE"}	{"lastPrice": "857082699056229825"}
{"blockNumber":21192484,"chainId":1,"poolAddress":"0x1c4d2495f1b9f325cb72c1af0db29985239c68ad","poolType":"CURVE"}	{"lastPrice": "909264461972187181"}
{"blockNumber":21260610,"chainId":1,"poolAddress":"0xe7ad3016d46e538c9ca87e5071c561a73ed1c98c","poolType":"CURVE"}	{"lastPrice": "988843651259417269"}
{"blockNumber":20614209,"chainId":1,"poolAddress":"0xc6e949f57d365fb73015d21a2d1a9da93e938d52","poolType":"CURVE"}	{"lastPrice": "883162966783600591"}
{"blockNumber":20982683,"chainId":1,"poolAddress":"0xe7ad3016d46e538c9ca87e5071c561a73ed1c98c","poolType":"CURVE"}	{"lastPrice": "977755865414393928"}
{"blockNumber":20770497,"chainId":1,"poolAddress":"0xe7ad3016d46e538c9ca87e5071c561a73ed1c98c","poolType":"CURVE"}	{"lastPrice": "978526029059450852"}
{"blockNumber":21263859,"chainId":1,"poolAddress":"0xe7ad3016d46e538c9ca87e5071c561a73ed1c98c","poolType":"CURVE"}	{"lastPrice": "988843651259417269"}
{"blockNumber":20655208,"chainId":1,"poolAddress":"0xe7ad3016d46e538c9ca87e5071c561a73ed1c98c","poolType":"CURVE"}	{"lastPrice": "974246870923864279"}
{"blockNumber":20819526,"chainId":1,"poolAddress":"0xbfc3d05453dddb38289ea44386a9a4f8226ef2ca","poolType":"CURVE"}	{"lastPrice": "930070391086144435"}
{"blockNumber":20818825,"chainId":1,"poolAddress":"0xbfc3d05453dddb38289ea44386a9a4f8226ef2ca","poolType":"CURVE"}	{"lastPrice": "930070391086144435"}
{"blockNumber":21241926,"chainId":1,"poolAddress":"0xdce8dfa05f9af2c16793f6b8e77597b7b7bf0c50","poolType":"CURVE"}	{"lastPrice": "991611747591902983"}
{"blockNumber":21004894,"chainId":1,"poolAddress":"0x4d4140c05dfa65e3e38a7bf1bda6e5b68fbe2b80","poolType":"CURVE"}	{"lastPrice": "994395275628113115"}
{"blockNumber":20710278,"chainId":1,"poolAddress":"0x0d89f4583a6b5eceb76551d573ad49cd435f6064","poolType":"CURVE"}	{"lastPrice": "868368760445476249"}
{"blockNumber":20710432,"chainId":1,"poolAddress":"0x0d89f4583a6b5eceb76551d573ad49cd435f6064","poolType":"CURVE"}	{"lastPrice": "874765308540377133"}
{"blockNumber":20810227,"chainId":1,"poolAddress":"0x0d89f4583a6b5eceb76551d573ad49cd435f6064","poolType":"CURVE"}	{"lastPrice": "849536815487222604"}
{"blockNumber":20845927,"chainId":1,"poolAddress":"0x0d89f4583a6b5eceb76551d573ad49cd435f6064","poolType":"CURVE"}	{"lastPrice": "852251259810978353"}
{"blockNumber":20921776,"chainId":1,"poolAddress":"0x0d89f4583a6b5eceb76551d573ad49cd435f6064","poolType":"CURVE"}	{"lastPrice": "881846660793488834"}
{"blockNumber":21245068,"chainId":1,"poolAddress":"0x0d89f4583a6b5eceb76551d573ad49cd435f6064","poolType":"CURVE"}	{"lastPrice": "902638343203882653"}
{"blockNumber":21260157,"chainId":1,"poolAddress":"0x0d89f4583a6b5eceb76551d573ad49cd435f6064","poolType":"CURVE"}	{"lastPrice": "904829502050989302"}
{"blockNumber":21143287,"chainId":1,"poolAddress":"0xf3749a2bef435535200c378298b78f34dcac0fc9","poolType":"CURVE"}	{"lastPrice": "884680845627309790"}
{"blockNumber":20688441,"chainId":1,"poolAddress":"0xb09fc8bbdcc8dc9d8b3775132c52fcebf1c7dbb3","poolType":"CURVE"}	{"lastPrice": "975683805099638198"}
{"blockNumber":20643965,"chainId":1,"poolAddress":"0xb09fc8bbdcc8dc9d8b3775132c52fcebf1c7dbb3","poolType":"CURVE"}	{"lastPrice": "966293297309939869"}
{"blockNumber":20675273,"chainId":1,"poolAddress":"0xb09fc8bbdcc8dc9d8b3775132c52fcebf1c7dbb3","poolType":"CURVE"}	{"lastPrice": "967651370480851931"}
{"blockNumber":20726952,"chainId":1,"poolAddress":"0xb09fc8bbdcc8dc9d8b3775132c52fcebf1c7dbb3","poolType":"CURVE"}	{"lastPrice": "977749772790598406"}
{"blockNumber":20731753,"chainId":1,"poolAddress":"0xb09fc8bbdcc8dc9d8b3775132c52fcebf1c7dbb3","poolType":"CURVE"}	{"lastPrice": "977262848429242496"}
{"blockNumber":20754155,"chainId":1,"poolAddress":"0xb09fc8bbdcc8dc9d8b3775132c52fcebf1c7dbb3","poolType":"CURVE"}	{"lastPrice": "975717083385426195"}
{"blockNumber":20953772,"chainId":1,"poolAddress":"0xb09fc8bbdcc8dc9d8b3775132c52fcebf1c7dbb3","poolType":"CURVE"}	{"lastPrice": "987573603385318599"}
{"blockNumber":20877340,"chainId":1,"poolAddress":"0xb09fc8bbdcc8dc9d8b3775132c52fcebf1c7dbb3","poolType":"CURVE"}	{"lastPrice": "978821575452771965"}
{"blockNumber":20905655,"chainId":1,"poolAddress":"0xb09fc8bbdcc8dc9d8b3775132c52fcebf1c7dbb3","poolType":"CURVE"}	{"lastPrice": "980320366493758306"}
{"blockNumber":20989903,"chainId":1,"poolAddress":"0xb09fc8bbdcc8dc9d8b3775132c52fcebf1c7dbb3","poolType":"CURVE"}	{"lastPrice": "989222146532943945"}
{"blockNumber":20955719,"chainId":1,"poolAddress":"0xb09fc8bbdcc8dc9d8b3775132c52fcebf1c7dbb3","poolType":"CURVE"}	{"lastPrice": "987573603385318599"}
{"blockNumber":21019820,"chainId":1,"poolAddress":"0xb09fc8bbdcc8dc9d8b3775132c52fcebf1c7dbb3","poolType":"CURVE"}	{"lastPrice": "986213392704230176"}
{"blockNumber":21047431,"chainId":1,"poolAddress":"0xb09fc8bbdcc8dc9d8b3775132c52fcebf1c7dbb3","poolType":"CURVE"}	{"lastPrice": "992942149725167521"}
{"blockNumber":20625266,"chainId":1,"poolAddress":"0xb09fc8bbdcc8dc9d8b3775132c52fcebf1c7dbb3","poolType":"CURVE"}	{"lastPrice": "966585822885151540"}
{"blockNumber":20641456,"chainId":1,"poolAddress":"0xb09fc8bbdcc8dc9d8b3775132c52fcebf1c7dbb3","poolType":"CURVE"}	{"lastPrice": "966293297309939869"}
{"blockNumber":20720027,"chainId":1,"poolAddress":"0xb09fc8bbdcc8dc9d8b3775132c52fcebf1c7dbb3","poolType":"CURVE"}	{"lastPrice": "975432226321056576"}
{"blockNumber":20782574,"chainId":1,"poolAddress":"0xb09fc8bbdcc8dc9d8b3775132c52fcebf1c7dbb3","poolType":"CURVE"}	{"lastPrice": "974709003647279527"}
{"blockNumber":20783790,"chainId":1,"poolAddress":"0xb09fc8bbdcc8dc9d8b3775132c52fcebf1c7dbb3","poolType":"CURVE"}	{"lastPrice": "974517411022436489"}
{"blockNumber":21120301,"chainId":1,"poolAddress":"0xb09fc8bbdcc8dc9d8b3775132c52fcebf1c7dbb3","poolType":"CURVE"}	{"lastPrice": "996422794135991212"}
{"blockNumber":21148046,"chainId":1,"poolAddress":"0xb09fc8bbdcc8dc9d8b3775132c52fcebf1c7dbb3","poolType":"CURVE"}	{"lastPrice": "995388866966968746"}
{"blockNumber":20937961,"chainId":1,"poolAddress":"0xb09fc8bbdcc8dc9d8b3775132c52fcebf1c7dbb3","poolType":"CURVE"}	{"lastPrice": "983791290767677374"}
{"blockNumber":21001530,"chainId":1,"poolAddress":"0xb09fc8bbdcc8dc9d8b3775132c52fcebf1c7dbb3","poolType":"CURVE"}	{"lastPrice": "989222146532943945"}
{"blockNumber":20828758,"chainId":1,"poolAddress":"0x1c4d2495f1b9f325cb72c1af0db29985239c68ad","poolType":"CURVE"}	{"lastPrice": "889829799963203798"}
{"blockNumber":21179529,"chainId":1,"poolAddress":"0x1c4d2495f1b9f325cb72c1af0db29985239c68ad","poolType":"CURVE"}	{"lastPrice": "912006437206104558"}
{"blockNumber":21204370,"chainId":1,"poolAddress":"0xc63dff67fe1b63004ab6c773022ba06847c11335","poolType":"CURVE"}	{"lastPrice": "668801261944404139"}
{"blockNumber":21017108,"chainId":1,"poolAddress":"0xc63dff67fe1b63004ab6c773022ba06847c11335","poolType":"CURVE"}	{"lastPrice": "659568766866875331"}
{"blockNumber":20750227,"chainId":1,"poolAddress":"0xc63dff67fe1b63004ab6c773022ba06847c11335","poolType":"CURVE"}	{"lastPrice": "654096184937396081"}
{"blockNumber":21213357,"chainId":1,"poolAddress":"0xc63dff67fe1b63004ab6c773022ba06847c11335","poolType":"CURVE"}	{"lastPrice": "668801261944404139"}
{"blockNumber":20994955,"chainId":1,"poolAddress":"0xc63dff67fe1b63004ab6c773022ba06847c11335","poolType":"CURVE"}	{"lastPrice": "670952241024546007"}
{"blockNumber":21252254,"chainId":1,"poolAddress":"0xc63dff67fe1b63004ab6c773022ba06847c11335","poolType":"CURVE"}	{"lastPrice": "668801261944404139"}
{"blockNumber":21254103,"chainId":1,"poolAddress":"0xc63dff67fe1b63004ab6c773022ba06847c11335","poolType":"CURVE"}	{"lastPrice": "668801261944404139"}
{"blockNumber":21254231,"chainId":1,"poolAddress":"0xc63dff67fe1b63004ab6c773022ba06847c11335","poolType":"CURVE"}	{"lastPrice": "668801261944404139"}
{"blockNumber":21260692,"chainId":1,"poolAddress":"0xc63dff67fe1b63004ab6c773022ba06847c11335","poolType":"CURVE"}	{"lastPrice": "668801261944404139"}
{"blockNumber":20665891,"chainId":1,"poolAddress":"0xc63dff67fe1b63004ab6c773022ba06847c11335","poolType":"CURVE"}	{"lastPrice": "674121230193797956"}
{"blockNumber":20675366,"chainId":1,"poolAddress":"0xc63dff67fe1b63004ab6c773022ba06847c11335","poolType":"CURVE"}	{"lastPrice": "673398279598431368"}
{"blockNumber":20898251,"chainId":1,"poolAddress":"0xc63dff67fe1b63004ab6c773022ba06847c11335","poolType":"CURVE"}	{"lastPrice": "670952241024546007"}
{"blockNumber":21007612,"chainId":1,"poolAddress":"0xc63dff67fe1b63004ab6c773022ba06847c11335","poolType":"CURVE"}	{"lastPrice": "662438290312395332"}
{"blockNumber":20624837,"chainId":1,"poolAddress":"0xe7ad3016d46e538c9ca87e5071c561a73ed1c98c","poolType":"CURVE"}	{"lastPrice": "979533983660776267"}
{"blockNumber":20682518,"chainId":1,"poolAddress":"0xe7ad3016d46e538c9ca87e5071c561a73ed1c98c","poolType":"CURVE"}	{"lastPrice": "983988288241920891"}
{"blockNumber":20971552,"chainId":1,"poolAddress":"0xe7ad3016d46e538c9ca87e5071c561a73ed1c98c","poolType":"CURVE"}	{"lastPrice": "979666042454443868"}
{"blockNumber":21199442,"chainId":1,"poolAddress":"0xe7ad3016d46e538c9ca87e5071c561a73ed1c98c","poolType":"CURVE"}	{"lastPrice": "988843651259417269"}
{"blockNumber":20840397,"chainId":1,"poolAddress":"0xe7ad3016d46e538c9ca87e5071c561a73ed1c98c","poolType":"CURVE"}	{"lastPrice": "977949392551856016"}
{"blockNumber":20884645,"chainId":1,"poolAddress":"0xe7ad3016d46e538c9ca87e5071c561a73ed1c98c","poolType":"CURVE"}	{"lastPrice": "970919120749952529"}
{"blockNumber":21127843,"chainId":1,"poolAddress":"0xe7ad3016d46e538c9ca87e5071c561a73ed1c98c","poolType":"CURVE"}	{"lastPrice": "993714396092117936"}
{"blockNumber":21005832,"chainId":1,"poolAddress":"0xe7ad3016d46e538c9ca87e5071c561a73ed1c98c","poolType":"CURVE"}	{"lastPrice": "990289832750852919"}
{"blockNumber":21092423,"chainId":1,"poolAddress":"0xe7ad3016d46e538c9ca87e5071c561a73ed1c98c","poolType":"CURVE"}	{"lastPrice": "985509483761838426"}
{"blockNumber":21108700,"chainId":1,"poolAddress":"0xe7ad3016d46e538c9ca87e5071c561a73ed1c98c","poolType":"CURVE"}	{"lastPrice": "989724133914110254"}
{"blockNumber":21109598,"chainId":1,"poolAddress":"0xe7ad3016d46e538c9ca87e5071c561a73ed1c98c","poolType":"CURVE"}	{"lastPrice": "989724133914110254"}
{"blockNumber":21263135,"chainId":1,"poolAddress":"0xe7ad3016d46e538c9ca87e5071c561a73ed1c98c","poolType":"CURVE"}	{"lastPrice": "988843651259417269"}
{"blockNumber":21263416,"chainId":1,"poolAddress":"0xe7ad3016d46e538c9ca87e5071c561a73ed1c98c","poolType":"CURVE"}	{"lastPrice": "988843651259417269"}
{"blockNumber":21263723,"chainId":1,"poolAddress":"0xe7ad3016d46e538c9ca87e5071c561a73ed1c98c","poolType":"CURVE"}	{"lastPrice": "988843651259417269"}
{"blockNumber":21264380,"chainId":1,"poolAddress":"0xe7ad3016d46e538c9ca87e5071c561a73ed1c98c","poolType":"CURVE"}	{"lastPrice": "988843651259417269"}
{"blockNumber":20837675,"chainId":1,"poolAddress":"0xe7ad3016d46e538c9ca87e5071c561a73ed1c98c","poolType":"CURVE"}	{"lastPrice": "977949392551856016"}
{"blockNumber":20848972,"chainId":1,"poolAddress":"0xe7ad3016d46e538c9ca87e5071c561a73ed1c98c","poolType":"CURVE"}	{"lastPrice": "969760291447734582"}
{"blockNumber":20917441,"chainId":1,"poolAddress":"0xe7ad3016d46e538c9ca87e5071c561a73ed1c98c","poolType":"CURVE"}	{"lastPrice": "975270378001932534"}
{"blockNumber":21077939,"chainId":1,"poolAddress":"0xe7ad3016d46e538c9ca87e5071c561a73ed1c98c","poolType":"CURVE"}	{"lastPrice": "984397354350699843"}
{"blockNumber":21089908,"chainId":1,"poolAddress":"0xe7ad3016d46e538c9ca87e5071c561a73ed1c98c","poolType":"CURVE"}	{"lastPrice": "980111783405271347"}
{"blockNumber":21099138,"chainId":1,"poolAddress":"0xe7ad3016d46e538c9ca87e5071c561a73ed1c98c","poolType":"CURVE"}	{"lastPrice": "985645086316993097"}
{"blockNumber":21099825,"chainId":1,"poolAddress":"0xe7ad3016d46e538c9ca87e5071c561a73ed1c98c","poolType":"CURVE"}	{"lastPrice": "983628067393865210"}
{"blockNumber":21110136,"chainId":1,"poolAddress":"0xe7ad3016d46e538c9ca87e5071c561a73ed1c98c","poolType":"CURVE"}	{"lastPrice": "986585980810740986"}
{"blockNumber":20637335,"chainId":1,"poolAddress":"0x1c379572160a80975fa1dad8e491ff485611c8f6","poolType":"CURVE"}	{"lastPrice": "982921120811814091"}
{"blockNumber":20791731,"chainId":1,"poolAddress":"0x1c379572160a80975fa1dad8e491ff485611c8f6","poolType":"CURVE"}	{"lastPrice": "977955754121185656"}
{"blockNumber":20876677,"chainId":1,"poolAddress":"0x1c379572160a80975fa1dad8e491ff485611c8f6","poolType":"CURVE"}	{"lastPrice": "977955754121185656"}
{"blockNumber":20912781,"chainId":1,"poolAddress":"0x1c379572160a80975fa1dad8e491ff485611c8f6","poolType":"CURVE"}	{"lastPrice": "977955754121185656"}
{"blockNumber":20934078,"chainId":1,"poolAddress":"0x1c379572160a80975fa1dad8e491ff485611c8f6","poolType":"CURVE"}	{"lastPrice": "977955754121185656"}
{"blockNumber":21039728,"chainId":1,"poolAddress":"0xc6e949f57d365fb73015d21a2d1a9da93e938d52","poolType":"CURVE"}	{"lastPrice": "890044806768206757"}
{"blockNumber":20690763,"chainId":1,"poolAddress":"0xc6e949f57d365fb73015d21a2d1a9da93e938d52","poolType":"CURVE"}	{"lastPrice": "889391118391606100"}
{"blockNumber":20691396,"chainId":1,"poolAddress":"0xc6e949f57d365fb73015d21a2d1a9da93e938d52","poolType":"CURVE"}	{"lastPrice": "886489777791651207"}
{"blockNumber":20711882,"chainId":1,"poolAddress":"0xc6e949f57d365fb73015d21a2d1a9da93e938d52","poolType":"CURVE"}	{"lastPrice": "871382814981173222"}
{"blockNumber":21083950,"chainId":1,"poolAddress":"0xc6e949f57d365fb73015d21a2d1a9da93e938d52","poolType":"CURVE"}	{"lastPrice": "890044806768206757"}
{"blockNumber":20964211,"chainId":1,"poolAddress":"0xc6e949f57d365fb73015d21a2d1a9da93e938d52","poolType":"CURVE"}	{"lastPrice": "868918530370401559"}
{"blockNumber":20743413,"chainId":1,"poolAddress":"0xc6e949f57d365fb73015d21a2d1a9da93e938d52","poolType":"CURVE"}	{"lastPrice": "870158471866363149"}
{"blockNumber":20886473,"chainId":1,"poolAddress":"0xc6e949f57d365fb73015d21a2d1a9da93e938d52","poolType":"CURVE"}	{"lastPrice": "867925882225091020"}
{"blockNumber":20831247,"chainId":1,"poolAddress":"0xbfc3d05453dddb38289ea44386a9a4f8226ef2ca","poolType":"CURVE"}	{"lastPrice": "930070391086144435"}
{"blockNumber":20774014,"chainId":1,"poolAddress":"0xbfc3d05453dddb38289ea44386a9a4f8226ef2ca","poolType":"CURVE"}	{"lastPrice": "930070391086144435"}
{"blockNumber":20815668,"chainId":1,"poolAddress":"0xbfc3d05453dddb38289ea44386a9a4f8226ef2ca","poolType":"CURVE"}	{"lastPrice": "930070391086144435"}
{"blockNumber":20841588,"chainId":1,"poolAddress":"0xbfc3d05453dddb38289ea44386a9a4f8226ef2ca","poolType":"CURVE"}	{"lastPrice": "930070391086144435"}
{"blockNumber":20999488,"chainId":1,"poolAddress":"0xbfc3d05453dddb38289ea44386a9a4f8226ef2ca","poolType":"CURVE"}	{"lastPrice": "930070391086144435"}
{"blockNumber":20902750,"chainId":1,"poolAddress":"0xbfc3d05453dddb38289ea44386a9a4f8226ef2ca","poolType":"CURVE"}	{"lastPrice": "930070391086144435"}
{"blockNumber":20613176,"chainId":1,"poolAddress":"0xdce8dfa05f9af2c16793f6b8e77597b7b7bf0c50","poolType":"CURVE"}	{"lastPrice": "975493899038197712"}
{"blockNumber":20907950,"chainId":1,"poolAddress":"0xdce8dfa05f9af2c16793f6b8e77597b7b7bf0c50","poolType":"CURVE"}	{"lastPrice": "991611747591902983"}
{"blockNumber":20713282,"chainId":1,"poolAddress":"0xdce8dfa05f9af2c16793f6b8e77597b7b7bf0c50","poolType":"CURVE"}	{"lastPrice": "980565424484379293"}
{"blockNumber":20921062,"chainId":1,"poolAddress":"0xdce8dfa05f9af2c16793f6b8e77597b7b7bf0c50","poolType":"CURVE"}	{"lastPrice": "991611747591902983"}
{"blockNumber":20955128,"chainId":1,"poolAddress":"0xdce8dfa05f9af2c16793f6b8e77597b7b7bf0c50","poolType":"CURVE"}	{"lastPrice": "991611747591902983"}
{"blockNumber":21007475,"chainId":1,"poolAddress":"0xdce8dfa05f9af2c16793f6b8e77597b7b7bf0c50","poolType":"CURVE"}	{"lastPrice": "991611747591902983"}
{"blockNumber":20843825,"chainId":1,"poolAddress":"0x4d4140c05dfa65e3e38a7bf1bda6e5b68fbe2b80","poolType":"CURVE"}	{"lastPrice": "994395275628113115"}
{"blockNumber":20848362,"chainId":1,"poolAddress":"0x4d4140c05dfa65e3e38a7bf1bda6e5b68fbe2b80","poolType":"CURVE"}	{"lastPrice": "994395275628113115"}
{"blockNumber":20894231,"chainId":1,"poolAddress":"0x4d4140c05dfa65e3e38a7bf1bda6e5b68fbe2b80","poolType":"CURVE"}	{"lastPrice": "994395275628113115"}
{"blockNumber":20905958,"chainId":1,"poolAddress":"0x4d4140c05dfa65e3e38a7bf1bda6e5b68fbe2b80","poolType":"CURVE"}	{"lastPrice": "994395275628113115"}
{"blockNumber":20921018,"chainId":1,"poolAddress":"0x4d4140c05dfa65e3e38a7bf1bda6e5b68fbe2b80","poolType":"CURVE"}	{"lastPrice": "994395275628113115"}
{"blockNumber":20647994,"chainId":1,"poolAddress":"0xbce4e65b4a68ac2095c7747992250d2075d82edc","poolType":"CURVE"}	{"lastPrice": "912510317986529024"}
{"blockNumber":20670306,"chainId":1,"poolAddress":"0xbce4e65b4a68ac2095c7747992250d2075d82edc","poolType":"CURVE"}	{"lastPrice": "911206879342050963"}
{"blockNumber":20708298,"chainId":1,"poolAddress":"0xbce4e65b4a68ac2095c7747992250d2075d82edc","poolType":"CURVE"}	{"lastPrice": "913078228796581201"}
{"blockNumber":20620557,"chainId":1,"poolAddress":"0x0d89f4583a6b5eceb76551d573ad49cd435f6064","poolType":"CURVE"}	{"lastPrice": "873484767727980693"}
{"blockNumber":20681780,"chainId":1,"poolAddress":"0xc9f39993cf05f7442dd56ac2b87484c051ffdb5a","poolType":"CURVE"}	{"lastPrice": "871739488776433840"}
{"blockNumber":20881646,"chainId":1,"poolAddress":"0xc9f39993cf05f7442dd56ac2b87484c051ffdb5a","poolType":"CURVE"}	{"lastPrice": "871739488776433840"}
{"blockNumber":20624383,"chainId":1,"poolAddress":"0xc9f39993cf05f7442dd56ac2b87484c051ffdb5a","poolType":"CURVE"}	{"lastPrice": "880221485396423417"}
{"blockNumber":20688217,"chainId":1,"poolAddress":"0xc9f39993cf05f7442dd56ac2b87484c051ffdb5a","poolType":"CURVE"}	{"lastPrice": "871739488776433840"}
{"blockNumber":20688898,"chainId":1,"poolAddress":"0xc9f39993cf05f7442dd56ac2b87484c051ffdb5a","poolType":"CURVE"}	{"lastPrice": "871739488776433840"}
{"blockNumber":20690187,"chainId":1,"poolAddress":"0xc9f39993cf05f7442dd56ac2b87484c051ffdb5a","poolType":"CURVE"}	{"lastPrice": "871739488776433840"}
{"blockNumber":20690438,"chainId":1,"poolAddress":"0xc9f39993cf05f7442dd56ac2b87484c051ffdb5a","poolType":"CURVE"}	{"lastPrice": "871739488776433840"}
{"blockNumber":20690704,"chainId":1,"poolAddress":"0xc9f39993cf05f7442dd56ac2b87484c051ffdb5a","poolType":"CURVE"}	{"lastPrice": "871739488776433840"}
{"blockNumber":20692243,"chainId":1,"poolAddress":"0xc9f39993cf05f7442dd56ac2b87484c051ffdb5a","poolType":"CURVE"}	{"lastPrice": "871739488776433840"}
{"blockNumber":20696941,"chainId":1,"poolAddress":"0xc9f39993cf05f7442dd56ac2b87484c051ffdb5a","poolType":"CURVE"}	{"lastPrice": "871739488776433840"}
{"blockNumber":20698828,"chainId":1,"poolAddress":"0xc9f39993cf05f7442dd56ac2b87484c051ffdb5a","poolType":"CURVE"}	{"lastPrice": "871739488776433840"}
{"blockNumber":20698857,"chainId":1,"poolAddress":"0xc9f39993cf05f7442dd56ac2b87484c051ffdb5a","poolType":"CURVE"}	{"lastPrice": "871739488776433840"}
{"blockNumber":20705777,"chainId":1,"poolAddress":"0xc9f39993cf05f7442dd56ac2b87484c051ffdb5a","poolType":"CURVE"}	{"lastPrice": "871739488776433840"}
{"blockNumber":20708489,"chainId":1,"poolAddress":"0xc9f39993cf05f7442dd56ac2b87484c051ffdb5a","poolType":"CURVE"}	{"lastPrice": "871739488776433840"}
{"blockNumber":20711751,"chainId":1,"poolAddress":"0xc9f39993cf05f7442dd56ac2b87484c051ffdb5a","poolType":"CURVE"}	{"lastPrice": "871739488776433840"}
{"blockNumber":20713099,"chainId":1,"poolAddress":"0xc9f39993cf05f7442dd56ac2b87484c051ffdb5a","poolType":"CURVE"}	{"lastPrice": "871739488776433840"}
{"blockNumber":20721443,"chainId":1,"poolAddress":"0xc9f39993cf05f7442dd56ac2b87484c051ffdb5a","poolType":"CURVE"}	{"lastPrice": "871739488776433840"}
{"blockNumber":20726795,"chainId":1,"poolAddress":"0xc9f39993cf05f7442dd56ac2b87484c051ffdb5a","poolType":"CURVE"}	{"lastPrice": "871739488776433840"}
{"blockNumber":20729004,"chainId":1,"poolAddress":"0xc9f39993cf05f7442dd56ac2b87484c051ffdb5a","poolType":"CURVE"}	{"lastPrice": "871739488776433840"}
{"blockNumber":20730375,"chainId":1,"poolAddress":"0xc9f39993cf05f7442dd56ac2b87484c051ffdb5a","poolType":"CURVE"}	{"lastPrice": "871739488776433840"}
{"blockNumber":20731104,"chainId":1,"poolAddress":"0xc9f39993cf05f7442dd56ac2b87484c051ffdb5a","poolType":"CURVE"}	{"lastPrice": "871739488776433840"}
{"blockNumber":20735088,"chainId":1,"poolAddress":"0xc9f39993cf05f7442dd56ac2b87484c051ffdb5a","poolType":"CURVE"}	{"lastPrice": "871739488776433840"}
{"blockNumber":20740857,"chainId":1,"poolAddress":"0xc9f39993cf05f7442dd56ac2b87484c051ffdb5a","poolType":"CURVE"}	{"lastPrice": "871739488776433840"}
{"blockNumber":20741155,"chainId":1,"poolAddress":"0xc9f39993cf05f7442dd56ac2b87484c051ffdb5a","poolType":"CURVE"}	{"lastPrice": "871739488776433840"}
{"blockNumber":20802031,"chainId":1,"poolAddress":"0xc9f39993cf05f7442dd56ac2b87484c051ffdb5a","poolType":"CURVE"}	{"lastPrice": "871739488776433840"}
{"blockNumber":20807463,"chainId":1,"poolAddress":"0xc9f39993cf05f7442dd56ac2b87484c051ffdb5a","poolType":"CURVE"}	{"lastPrice": "871739488776433840"}
{"blockNumber":20815030,"chainId":1,"poolAddress":"0xc9f39993cf05f7442dd56ac2b87484c051ffdb5a","poolType":"CURVE"}	{"lastPrice": "871739488776433840"}
{"blockNumber":20828002,"chainId":1,"poolAddress":"0xc9f39993cf05f7442dd56ac2b87484c051ffdb5a","poolType":"CURVE"}	{"lastPrice": "871739488776433840"}
{"blockNumber":20894583,"chainId":1,"poolAddress":"0xc9f39993cf05f7442dd56ac2b87484c051ffdb5a","poolType":"CURVE"}	{"lastPrice": "871739488776433840"}
{"blockNumber":21007559,"chainId":1,"poolAddress":"0xc9f39993cf05f7442dd56ac2b87484c051ffdb5a","poolType":"CURVE"}	{"lastPrice": "871739488776433840"}
{"blockNumber":20951613,"chainId":1,"poolAddress":"0xfd268d70c4446862a0fc024fb731d71f3fc5b6c4","poolType":"CURVE"}	{"lastPrice": "888496320266090922"}
{"blockNumber":21201782,"chainId":1,"poolAddress":"0x7a5b529bf0106990494ab3d7696f14c69c000dd7","poolType":"CURVE"}	{"lastPrice": "975806822682259378"}
{"blockNumber":21138523,"chainId":1,"poolAddress":"0x7a5b529bf0106990494ab3d7696f14c69c000dd7","poolType":"CURVE"}	{"lastPrice": "975806822682259378"}
{"blockNumber":20889096,"chainId":1,"poolAddress":"0x870754e9cb1555c427dd7b433a55aeaccd7e4e1f","poolType":"CURVE"}	{"lastPrice": "907848445019981520"}
{"blockNumber":20947070,"chainId":1,"poolAddress":"0x870754e9cb1555c427dd7b433a55aeaccd7e4e1f","poolType":"CURVE"}	{"lastPrice": "907848445019981520"}
{"blockNumber":21083960,"chainId":1,"poolAddress":"0xf3749a2bef435535200c378298b78f34dcac0fc9","poolType":"CURVE"}	{"lastPrice": "884680845627309790"}
{"blockNumber":20976455,"chainId":1,"poolAddress":"0xf3749a2bef435535200c378298b78f34dcac0fc9","poolType":"CURVE"}	{"lastPrice": "889527419356963689"}
{"blockNumber":20917429,"chainId":1,"poolAddress":"0xf3749a2bef435535200c378298b78f34dcac0fc9","poolType":"CURVE"}	{"lastPrice": "897803752182573553"}
{"blockNumber":21138523,"chainId":1,"poolAddress":"0x4d8842511cadcc65125cb9353b9520cc7f424688","poolType":"CURVE"}	{"lastPrice": "975881935297022084"}
{"blockNumber":21138523,"chainId":1,"poolAddress":"0xa3f78ffb9de17d7a530ee08b4aa13362edd7c76b","poolType":"CURVE"}	{"lastPrice": "975807163307188752"}
{"blockNumber":20616839,"chainId":1,"poolAddress":"0xb09fc8bbdcc8dc9d8b3775132c52fcebf1c7dbb3","poolType":"CURVE"}	{"lastPrice": "969603588447431935"}
{"blockNumber":20926080,"chainId":1,"poolAddress":"0xb09fc8bbdcc8dc9d8b3775132c52fcebf1c7dbb3","poolType":"CURVE"}	{"lastPrice": "983791290767677374"}
{"blockNumber":20609176,"chainId":1,"poolAddress":"0xe7ad3016d46e538c9ca87e5071c561a73ed1c98c","poolType":"CURVE"}	{"lastPrice": "984329693526269318"}
{"blockNumber":20611168,"chainId":1,"poolAddress":"0xe7ad3016d46e538c9ca87e5071c561a73ed1c98c","poolType":"CURVE"}	{"lastPrice": "987832844089150558"}
{"blockNumber":20611119,"chainId":1,"poolAddress":"0xe7ad3016d46e538c9ca87e5071c561a73ed1c98c","poolType":"CURVE"}	{"lastPrice": "984867835227028668"}
{"blockNumber":20611985,"chainId":1,"poolAddress":"0xe7ad3016d46e538c9ca87e5071c561a73ed1c98c","poolType":"CURVE"}	{"lastPrice": "987837402717046250"}
{"blockNumber":20619123,"chainId":1,"poolAddress":"0xe7ad3016d46e538c9ca87e5071c561a73ed1c98c","poolType":"CURVE"}	{"lastPrice": "979533983660776267"}
{"blockNumber":20668210,"chainId":1,"poolAddress":"0xe7ad3016d46e538c9ca87e5071c561a73ed1c98c","poolType":"CURVE"}	{"lastPrice": "986405934850172428"}
{"blockNumber":20666802,"chainId":1,"poolAddress":"0xe7ad3016d46e538c9ca87e5071c561a73ed1c98c","poolType":"CURVE"}	{"lastPrice": "986381606288564464"}
{"blockNumber":20885151,"chainId":1,"poolAddress":"0xe7ad3016d46e538c9ca87e5071c561a73ed1c98c","poolType":"CURVE"}	{"lastPrice": "976849534420472998"}
{"blockNumber":20713539,"chainId":1,"poolAddress":"0xe7ad3016d46e538c9ca87e5071c561a73ed1c98c","poolType":"CURVE"}	{"lastPrice": "971913779727392050"}
{"blockNumber":20850203,"chainId":1,"poolAddress":"0xe7ad3016d46e538c9ca87e5071c561a73ed1c98c","poolType":"CURVE"}	{"lastPrice": "972720318333282280"}
{"blockNumber":20856369,"chainId":1,"poolAddress":"0xe7ad3016d46e538c9ca87e5071c561a73ed1c98c","poolType":"CURVE"}	{"lastPrice": "971821843292911261"}
{"blockNumber":20620107,"chainId":1,"poolAddress":"0x0d89f4583a6b5eceb76551d573ad49cd435f6064","poolType":"CURVE"}	{"lastPrice": "873484521585915591"}
{"blockNumber":20620547,"chainId":1,"poolAddress":"0x0d89f4583a6b5eceb76551d573ad49cd435f6064","poolType":"CURVE"}	{"lastPrice": "873484767727980693"}
{"blockNumber":20616875,"chainId":1,"poolAddress":"0xbfc3d05453dddb38289ea44386a9a4f8226ef2ca","poolType":"CURVE"}	{"lastPrice": "912477966259468337"}
{"blockNumber":20649792,"chainId":1,"poolAddress":"0x1c4d2495f1b9f325cb72c1af0db29985239c68ad","poolType":"CURVE"}	{"lastPrice": "870380625527351061"}
{"blockNumber":20716644,"chainId":1,"poolAddress":"0x1c4d2495f1b9f325cb72c1af0db29985239c68ad","poolType":"CURVE"}	{"lastPrice": "867403531430254780"}
{"blockNumber":20716647,"chainId":1,"poolAddress":"0x1c4d2495f1b9f325cb72c1af0db29985239c68ad","poolType":"CURVE"}	{"lastPrice": "867372638832250487"}
{"blockNumber":20747008,"chainId":1,"poolAddress":"0x1c4d2495f1b9f325cb72c1af0db29985239c68ad","poolType":"CURVE"}	{"lastPrice": "893003682495694488"}
{"blockNumber":20976508,"chainId":1,"poolAddress":"0x1c4d2495f1b9f325cb72c1af0db29985239c68ad","poolType":"CURVE"}	{"lastPrice": "915285493512074135"}
{"blockNumber":20606619,"chainId":1,"poolAddress":"0xc63dff67fe1b63004ab6c773022ba06847c11335","poolType":"CURVE"}	{"lastPrice": "650658816021778950"}
{"blockNumber":20817731,"chainId":1,"poolAddress":"0xc63dff67fe1b63004ab6c773022ba06847c11335","poolType":"CURVE"}	{"lastPrice": "659878113311967842"}
{"blockNumber":20700457,"chainId":1,"poolAddress":"0xc63dff67fe1b63004ab6c773022ba06847c11335","poolType":"CURVE"}	{"lastPrice": "677172499177557017"}
{"blockNumber":20730809,"chainId":1,"poolAddress":"0xc63dff67fe1b63004ab6c773022ba06847c11335","poolType":"CURVE"}	{"lastPrice": "650016383682692925"}
{"blockNumber":20683920,"chainId":1,"poolAddress":"0x9ed7a47cdee1a197b338706145735b62778979cf","poolType":"CURVE"}	{"lastPrice": "692184596470615698"}
{"blockNumber":20827940,"chainId":1,"poolAddress":"0x9429e06ffd09cf97007791b8bf3845171f1425e8","poolType":"CURVE"}	{"lastPrice": "953975580198727413"}
{"blockNumber":21071577,"chainId":1,"poolAddress":"0xd527aed4030c5034825a69a7aebf7ec241aac024","poolType":"CURVE"}	{"lastPrice": "941047534115480144"}
{"blockNumber":20828021,"chainId":1,"poolAddress":"0x588eab5777e51ece898bb71976715072e6f7843f","poolType":"CURVE"}	{"lastPrice": "962671601623908524"}
{"blockNumber":20861112,"chainId":1,"poolAddress":"0x08da2b1ea8f2098d44c8690ddadca3d816c7c0d5","poolType":"CURVE"}	{"lastPrice": "991220251053397727"}
{"blockNumber":20725682,"chainId":1,"poolAddress":"0x7a2517768a221b43a639f7f03a88074d9884b398","poolType":"CURVE"}	{"lastPrice": "964378710251581163"}
{"blockNumber":21143811,"chainId":1,"poolAddress":"0xa2e24d08c2eccdd402db37c70d7b6e09c4b794b2","poolType":"CURVE"}	{"lastPrice": "976171709864645631"}
{"blockNumber":21182684,"chainId":1,"poolAddress":"0x44015b17ba889ac3c08757ddd89552b5d03b73c6","poolType":"CURVE"}	{"lastPrice": "916724039672008884"}
{"blockNumber":20610564,"chainId":1,"poolAddress":"0xb09fc8bbdcc8dc9d8b3775132c52fcebf1c7dbb3","poolType":"CURVE"}	{"lastPrice": "960142328122848591"}
{"blockNumber":20663034,"chainId":1,"poolAddress":"0xb09fc8bbdcc8dc9d8b3775132c52fcebf1c7dbb3","poolType":"CURVE"}	{"lastPrice": "965296951672675621"}
{"blockNumber":20745963,"chainId":1,"poolAddress":"0xb09fc8bbdcc8dc9d8b3775132c52fcebf1c7dbb3","poolType":"CURVE"}	{"lastPrice": "977123855543308430"}
{"blockNumber":20927235,"chainId":1,"poolAddress":"0xf3749a2bef435535200c378298b78f34dcac0fc9","poolType":"CURVE"}	{"lastPrice": "889527419356963689"}
{"blockNumber":20955598,"chainId":1,"poolAddress":"0x1c4d2495f1b9f325cb72c1af0db29985239c68ad","poolType":"CURVE"}	{"lastPrice": "917024682544219831"}
{"blockNumber":20701594,"chainId":1,"poolAddress":"0xe7ad3016d46e538c9ca87e5071c561a73ed1c98c","poolType":"CURVE"}	{"lastPrice": "972276521637425062"}
{"blockNumber":20614239,"chainId":1,"poolAddress":"0xc6e949f57d365fb73015d21a2d1a9da93e938d52","poolType":"CURVE"}	{"lastPrice": "886166372423421079"}
{"blockNumber":20636481,"chainId":1,"poolAddress":"0xc6e949f57d365fb73015d21a2d1a9da93e938d52","poolType":"CURVE"}	{"lastPrice": "885600994785052311"}
{"blockNumber":20892762,"chainId":1,"poolAddress":"0xc6e949f57d365fb73015d21a2d1a9da93e938d52","poolType":"CURVE"}	{"lastPrice": "868028609912459451"}
{"blockNumber":20894820,"chainId":1,"poolAddress":"0xdce8dfa05f9af2c16793f6b8e77597b7b7bf0c50","poolType":"CURVE"}	{"lastPrice": "991062425309786515"}
{"blockNumber":20902467,"chainId":1,"poolAddress":"0xdce8dfa05f9af2c16793f6b8e77597b7b7bf0c50","poolType":"CURVE"}	{"lastPrice": "991329492510625725"}
{"blockNumber":21141907,"chainId":1,"poolAddress":"0xbce4e65b4a68ac2095c7747992250d2075d82edc","poolType":"CURVE"}	{"lastPrice": "931510238953390837"}
{"blockNumber":21120319,"chainId":1,"poolAddress":"0x0d89f4583a6b5eceb76551d573ad49cd435f6064","poolType":"CURVE"}	{"lastPrice": "946669018152470376"}
{"blockNumber":20710312,"chainId":1,"poolAddress":"0x0d89f4583a6b5eceb76551d573ad49cd435f6064","poolType":"CURVE"}	{"lastPrice": "865533299155566404"}
{"blockNumber":20710457,"chainId":1,"poolAddress":"0x0d89f4583a6b5eceb76551d573ad49cd435f6064","poolType":"CURVE"}	{"lastPrice": "880420829273013528"}
{"blockNumber":20810240,"chainId":1,"poolAddress":"0x0d89f4583a6b5eceb76551d573ad49cd435f6064","poolType":"CURVE"}	{"lastPrice": "852564592260126863"}
{"blockNumber":20784379,"chainId":1,"poolAddress":"0x0d89f4583a6b5eceb76551d573ad49cd435f6064","poolType":"CURVE"}	{"lastPrice": "872328786912080395"}
{"blockNumber":20784861,"chainId":1,"poolAddress":"0x0d89f4583a6b5eceb76551d573ad49cd435f6064","poolType":"CURVE"}	{"lastPrice": "835703346330508652"}
{"blockNumber":20790570,"chainId":1,"poolAddress":"0x0d89f4583a6b5eceb76551d573ad49cd435f6064","poolType":"CURVE"}	{"lastPrice": "855060893763954258"}
{"blockNumber":21020087,"chainId":1,"poolAddress":"0x0d89f4583a6b5eceb76551d573ad49cd435f6064","poolType":"CURVE"}	{"lastPrice": "863552821982569600"}
{"blockNumber":20921839,"chainId":1,"poolAddress":"0x0d89f4583a6b5eceb76551d573ad49cd435f6064","poolType":"CURVE"}	{"lastPrice": "896459474352201160"}
{"blockNumber":20899335,"chainId":1,"poolAddress":"0x0d89f4583a6b5eceb76551d573ad49cd435f6064","poolType":"CURVE"}	{"lastPrice": "864985872773960077"}
{"blockNumber":20900421,"chainId":1,"poolAddress":"0x0d89f4583a6b5eceb76551d573ad49cd435f6064","poolType":"CURVE"}	{"lastPrice": "883320203221328392"}
{"blockNumber":21135583,"chainId":1,"poolAddress":"0x0d89f4583a6b5eceb76551d573ad49cd435f6064","poolType":"CURVE"}	{"lastPrice": "906479168270841144"}
{"blockNumber":21233802,"chainId":1,"poolAddress":"0x0d89f4583a6b5eceb76551d573ad49cd435f6064","poolType":"CURVE"}	{"lastPrice": "896319249849619281"}
{"blockNumber":20927666,"chainId":1,"poolAddress":"0x0d89f4583a6b5eceb76551d573ad49cd435f6064","poolType":"CURVE"}	{"lastPrice": "874442788237659460"}
{"blockNumber":21042392,"chainId":1,"poolAddress":"0x0d89f4583a6b5eceb76551d573ad49cd435f6064","poolType":"CURVE"}	{"lastPrice": "866959345453784462"}
{"blockNumber":21062845,"chainId":1,"poolAddress":"0x0d89f4583a6b5eceb76551d573ad49cd435f6064","poolType":"CURVE"}	{"lastPrice": "875822087163536153"}
{"blockNumber":21048723,"chainId":1,"poolAddress":"0x0d89f4583a6b5eceb76551d573ad49cd435f6064","poolType":"CURVE"}	{"lastPrice": "900871990988740618"}
{"blockNumber":21069831,"chainId":1,"poolAddress":"0x0d89f4583a6b5eceb76551d573ad49cd435f6064","poolType":"CURVE"}	{"lastPrice": "875305636510272877"}
{"blockNumber":21113506,"chainId":1,"poolAddress":"0x0d89f4583a6b5eceb76551d573ad49cd435f6064","poolType":"CURVE"}	{"lastPrice": "899616522924963867"}
{"blockNumber":21098753,"chainId":1,"poolAddress":"0x0d89f4583a6b5eceb76551d573ad49cd435f6064","poolType":"CURVE"}	{"lastPrice": "884898749635661861"}
{"blockNumber":21249430,"chainId":1,"poolAddress":"0x0d89f4583a6b5eceb76551d573ad49cd435f6064","poolType":"CURVE"}	{"lastPrice": "901689778506769792"}
{"blockNumber":21121874,"chainId":1,"poolAddress":"0x0d89f4583a6b5eceb76551d573ad49cd435f6064","poolType":"CURVE"}	{"lastPrice": "922816130892230098"}
{"blockNumber":21170002,"chainId":1,"poolAddress":"0x0d89f4583a6b5eceb76551d573ad49cd435f6064","poolType":"CURVE"}	{"lastPrice": "904971242716399844"}
{"blockNumber":21170027,"chainId":1,"poolAddress":"0x0d89f4583a6b5eceb76551d573ad49cd435f6064","poolType":"CURVE"}	{"lastPrice": "897210397818320736"}
{"blockNumber":21164176,"chainId":1,"poolAddress":"0x0d89f4583a6b5eceb76551d573ad49cd435f6064","poolType":"CURVE"}	{"lastPrice": "901893171601383573"}
{"blockNumber":21242248,"chainId":1,"poolAddress":"0x0d89f4583a6b5eceb76551d573ad49cd435f6064","poolType":"CURVE"}	{"lastPrice": "904322305494176994"}
{"blockNumber":21242360,"chainId":1,"poolAddress":"0x0d89f4583a6b5eceb76551d573ad49cd435f6064","poolType":"CURVE"}	{"lastPrice": "902638343203882653"}
{"blockNumber":20658524,"chainId":1,"poolAddress":"0x7a5b529bf0106990494ab3d7696f14c69c000dd7","poolType":"CURVE"}	{"lastPrice": "975692281206348413"}
{"blockNumber":20609082,"chainId":1,"poolAddress":"0xb09fc8bbdcc8dc9d8b3775132c52fcebf1c7dbb3","poolType":"CURVE"}	{"lastPrice": "960659848625667080"}
{"blockNumber":20628608,"chainId":1,"poolAddress":"0xb09fc8bbdcc8dc9d8b3775132c52fcebf1c7dbb3","poolType":"CURVE"}	{"lastPrice": "967608958271656900"}
{"blockNumber":20707489,"chainId":1,"poolAddress":"0xb09fc8bbdcc8dc9d8b3775132c52fcebf1c7dbb3","poolType":"CURVE"}	{"lastPrice": "984612828438948995"}
{"blockNumber":20707561,"chainId":1,"poolAddress":"0xb09fc8bbdcc8dc9d8b3775132c52fcebf1c7dbb3","poolType":"CURVE"}	{"lastPrice": "980646847479912440"}
{"blockNumber":20912239,"chainId":1,"poolAddress":"0xb09fc8bbdcc8dc9d8b3775132c52fcebf1c7dbb3","poolType":"CURVE"}	{"lastPrice": "984255216535433070"}
{"blockNumber":21001912,"chainId":1,"poolAddress":"0xb09fc8bbdcc8dc9d8b3775132c52fcebf1c7dbb3","poolType":"CURVE"}	{"lastPrice": "982439440428455674"}
{"blockNumber":20688763,"chainId":1,"poolAddress":"0xb09fc8bbdcc8dc9d8b3775132c52fcebf1c7dbb3","poolType":"CURVE"}	{"lastPrice": "974920673880930231"}
{"blockNumber":21195128,"chainId":1,"poolAddress":"0xb09fc8bbdcc8dc9d8b3775132c52fcebf1c7dbb3","poolType":"CURVE"}	{"lastPrice": "996134129416312788"}
{"blockNumber":20955736,"chainId":1,"poolAddress":"0xb09fc8bbdcc8dc9d8b3775132c52fcebf1c7dbb3","poolType":"CURVE"}	{"lastPrice": "989666701157629330"}
{"blockNumber":21037269,"chainId":1,"poolAddress":"0xb09fc8bbdcc8dc9d8b3775132c52fcebf1c7dbb3","poolType":"CURVE"}	{"lastPrice": "995609445722677393"}
{"blockNumber":21047435,"chainId":1,"poolAddress":"0xb09fc8bbdcc8dc9d8b3775132c52fcebf1c7dbb3","poolType":"CURVE"}	{"lastPrice": "990441162858147844"}
{"blockNumber":21142338,"chainId":1,"poolAddress":"0xb09fc8bbdcc8dc9d8b3775132c52fcebf1c7dbb3","poolType":"CURVE"}	{"lastPrice": "996986959523361598"}
{"blockNumber":20751192,"chainId":1,"poolAddress":"0xb09fc8bbdcc8dc9d8b3775132c52fcebf1c7dbb3","poolType":"CURVE"}	{"lastPrice": "975848072033748889"}
{"blockNumber":20964309,"chainId":1,"poolAddress":"0xb09fc8bbdcc8dc9d8b3775132c52fcebf1c7dbb3","poolType":"CURVE"}	{"lastPrice": "989222146532943945"}
{"blockNumber":20638694,"chainId":1,"poolAddress":"0xb09fc8bbdcc8dc9d8b3775132c52fcebf1c7dbb3","poolType":"CURVE"}	{"lastPrice": "967740555505242544"}
{"blockNumber":20649643,"chainId":1,"poolAddress":"0xb09fc8bbdcc8dc9d8b3775132c52fcebf1c7dbb3","poolType":"CURVE"}	{"lastPrice": "968579174355442837"}
{"blockNumber":20663025,"chainId":1,"poolAddress":"0xb09fc8bbdcc8dc9d8b3775132c52fcebf1c7dbb3","poolType":"CURVE"}	{"lastPrice": "965843235520291185"}
{"blockNumber":20836528,"chainId":1,"poolAddress":"0xb09fc8bbdcc8dc9d8b3775132c52fcebf1c7dbb3","poolType":"CURVE"}	{"lastPrice": "978987370516273658"}
{"blockNumber":21045680,"chainId":1,"poolAddress":"0xb09fc8bbdcc8dc9d8b3775132c52fcebf1c7dbb3","poolType":"CURVE"}	{"lastPrice": "992942149725167521"}
{"blockNumber":20741152,"chainId":1,"poolAddress":"0xb09fc8bbdcc8dc9d8b3775132c52fcebf1c7dbb3","poolType":"CURVE"}	{"lastPrice": "975430781693290032"}
{"blockNumber":21081318,"chainId":1,"poolAddress":"0xb09fc8bbdcc8dc9d8b3775132c52fcebf1c7dbb3","poolType":"CURVE"}	{"lastPrice": "988770039215543670"}
{"blockNumber":21198454,"chainId":1,"poolAddress":"0xb09fc8bbdcc8dc9d8b3775132c52fcebf1c7dbb3","poolType":"CURVE"}	{"lastPrice": "993149331493314933"}
{"blockNumber":20624855,"chainId":1,"poolAddress":"0xe7ad3016d46e538c9ca87e5071c561a73ed1c98c","poolType":"CURVE"}	{"lastPrice": "973980260537787360"}
{"blockNumber":20971603,"chainId":1,"poolAddress":"0xe7ad3016d46e538c9ca87e5071c561a73ed1c98c","poolType":"CURVE"}	{"lastPrice": "973897907836898782"}
{"blockNumber":20840419,"chainId":1,"poolAddress":"0xe7ad3016d46e538c9ca87e5071c561a73ed1c98c","poolType":"CURVE"}	{"lastPrice": "975756464317576293"}
{"blockNumber":21005857,"chainId":1,"poolAddress":"0xe7ad3016d46e538c9ca87e5071c561a73ed1c98c","poolType":"CURVE"}	{"lastPrice": "986802109913247682"}
{"blockNumber":21109644,"chainId":1,"poolAddress":"0xe7ad3016d46e538c9ca87e5071c561a73ed1c98c","poolType":"CURVE"}	{"lastPrice": "988542214642193611"}
{"blockNumber":21127865,"chainId":1,"poolAddress":"0xe7ad3016d46e538c9ca87e5071c561a73ed1c98c","poolType":"CURVE"}	{"lastPrice": "992192391085261533"}
{"blockNumber":20827273,"chainId":1,"poolAddress":"0xe7ad3016d46e538c9ca87e5071c561a73ed1c98c","poolType":"CURVE"}	{"lastPrice": "987346444553593910"}
{"blockNumber":20982693,"chainId":1,"poolAddress":"0xe7ad3016d46e538c9ca87e5071c561a73ed1c98c","poolType":"CURVE"}	{"lastPrice": "979360984891901673"}
{"blockNumber":21004070,"chainId":1,"poolAddress":"0xe7ad3016d46e538c9ca87e5071c561a73ed1c98c","poolType":"CURVE"}	{"lastPrice": "990289832750852919"}
{"blockNumber":20831998,"chainId":1,"poolAddress":"0xb09fc8bbdcc8dc9d8b3775132c52fcebf1c7dbb3","poolType":"CURVE"}	{"lastPrice": "979979157079428545"}
{"blockNumber":20631272,"chainId":1,"poolAddress":"0xb09fc8bbdcc8dc9d8b3775132c52fcebf1c7dbb3","poolType":"CURVE"}	{"lastPrice": "968159194605970305"}
{"blockNumber":20663004,"chainId":1,"poolAddress":"0xb09fc8bbdcc8dc9d8b3775132c52fcebf1c7dbb3","poolType":"CURVE"}	{"lastPrice": "965847982722393551"}
{"blockNumber":21206131,"chainId":1,"poolAddress":"0xb09fc8bbdcc8dc9d8b3775132c52fcebf1c7dbb3","poolType":"CURVE"}	{"lastPrice": "991594212462673023"}
{"blockNumber":20685068,"chainId":1,"poolAddress":"0xb09fc8bbdcc8dc9d8b3775132c52fcebf1c7dbb3","poolType":"CURVE"}	{"lastPrice": "973082627287284234"}
{"blockNumber":20810416,"chainId":1,"poolAddress":"0xb09fc8bbdcc8dc9d8b3775132c52fcebf1c7dbb3","poolType":"CURVE"}	{"lastPrice": "976895020557644687"}
{"blockNumber":20877297,"chainId":1,"poolAddress":"0xb09fc8bbdcc8dc9d8b3775132c52fcebf1c7dbb3","poolType":"CURVE"}	{"lastPrice": "978821575452771965"}
{"blockNumber":21083935,"chainId":1,"poolAddress":"0xb09fc8bbdcc8dc9d8b3775132c52fcebf1c7dbb3","poolType":"CURVE"}	{"lastPrice": "993257932916432518"}
{"blockNumber":20908525,"chainId":1,"poolAddress":"0xb09fc8bbdcc8dc9d8b3775132c52fcebf1c7dbb3","poolType":"CURVE"}	{"lastPrice": "983985082760370550"}
{"blockNumber":20944843,"chainId":1,"poolAddress":"0xb09fc8bbdcc8dc9d8b3775132c52fcebf1c7dbb3","poolType":"CURVE"}	{"lastPrice": "987573603385318599"}
{"blockNumber":20759714,"chainId":1,"poolAddress":"0xb09fc8bbdcc8dc9d8b3775132c52fcebf1c7dbb3","poolType":"CURVE"}	{"lastPrice": "976275235542378458"}
{"blockNumber":21257646,"chainId":1,"poolAddress":"0xb09fc8bbdcc8dc9d8b3775132c52fcebf1c7dbb3","poolType":"CURVE"}	{"lastPrice": "968557158318939436"}
{"blockNumber":20743829,"chainId":1,"poolAddress":"0xb09fc8bbdcc8dc9d8b3775132c52fcebf1c7dbb3","poolType":"CURVE"}	{"lastPrice": "977828945624743859"}
{"blockNumber":21241569,"chainId":1,"poolAddress":"0xb09fc8bbdcc8dc9d8b3775132c52fcebf1c7dbb3","poolType":"CURVE"}	{"lastPrice": "995845025116917835"}
{"blockNumber":20832122,"chainId":1,"poolAddress":"0x0d89f4583a6b5eceb76551d573ad49cd435f6064","poolType":"CURVE"}	{"lastPrice": "887564434977994947"}
{"blockNumber":20837678,"chainId":1,"poolAddress":"0x0d89f4583a6b5eceb76551d573ad49cd435f6064","poolType":"CURVE"}	{"lastPrice": "864402638331612175"}
{"blockNumber":20845995,"chainId":1,"poolAddress":"0x0d89f4583a6b5eceb76551d573ad49cd435f6064","poolType":"CURVE"}	{"lastPrice": "860550481208367234"}
{"blockNumber":20899503,"chainId":1,"poolAddress":"0x0d89f4583a6b5eceb76551d573ad49cd435f6064","poolType":"CURVE"}	{"lastPrice": "865159449965110098"}
{"blockNumber":21034121,"chainId":1,"poolAddress":"0x0d89f4583a6b5eceb76551d573ad49cd435f6064","poolType":"CURVE"}	{"lastPrice": "870058464446631660"}
{"blockNumber":21002038,"chainId":1,"poolAddress":"0x0d89f4583a6b5eceb76551d573ad49cd435f6064","poolType":"CURVE"}	{"lastPrice": "868579486190824416"}
{"blockNumber":21023116,"chainId":1,"poolAddress":"0x0d89f4583a6b5eceb76551d573ad49cd435f6064","poolType":"CURVE"}	{"lastPrice": "871200249200077522"}
{"blockNumber":21141780,"chainId":1,"poolAddress":"0x0d89f4583a6b5eceb76551d573ad49cd435f6064","poolType":"CURVE"}	{"lastPrice": "889568559124302501"}
{"blockNumber":20710314,"chainId":1,"poolAddress":"0x0d89f4583a6b5eceb76551d573ad49cd435f6064","poolType":"CURVE"}	{"lastPrice": "872936065013146307"}
{"blockNumber":20710443,"chainId":1,"poolAddress":"0x0d89f4583a6b5eceb76551d573ad49cd435f6064","poolType":"CURVE"}	{"lastPrice": "879329290329132165"}
{"blockNumber":20710448,"chainId":1,"poolAddress":"0x0d89f4583a6b5eceb76551d573ad49cd435f6064","poolType":"CURVE"}	{"lastPrice": "885320366080443904"}
{"blockNumber":20810235,"chainId":1,"poolAddress":"0x0d89f4583a6b5eceb76551d573ad49cd435f6064","poolType":"CURVE"}	{"lastPrice": "851216628412615151"}
{"blockNumber":20916561,"chainId":1,"poolAddress":"0x0d89f4583a6b5eceb76551d573ad49cd435f6064","poolType":"CURVE"}	{"lastPrice": "881846660793488834"}
{"blockNumber":21091523,"chainId":1,"poolAddress":"0x0d89f4583a6b5eceb76551d573ad49cd435f6064","poolType":"CURVE"}	{"lastPrice": "887726008448060312"}
{"blockNumber":21085853,"chainId":1,"poolAddress":"0x0d89f4583a6b5eceb76551d573ad49cd435f6064","poolType":"CURVE"}	{"lastPrice": "880234475926707790"}
{"blockNumber":21141267,"chainId":1,"poolAddress":"0x0d89f4583a6b5eceb76551d573ad49cd435f6064","poolType":"CURVE"}	{"lastPrice": "887013151264427590"}
{"blockNumber":20851103,"chainId":1,"poolAddress":"0x0d89f4583a6b5eceb76551d573ad49cd435f6064","poolType":"CURVE"}	{"lastPrice": "876601794211168580"}
{"blockNumber":20962631,"chainId":1,"poolAddress":"0x0d89f4583a6b5eceb76551d573ad49cd435f6064","poolType":"CURVE"}	{"lastPrice": "882962189163160293"}
{"blockNumber":20766165,"chainId":1,"poolAddress":"0x0d89f4583a6b5eceb76551d573ad49cd435f6064","poolType":"CURVE"}	{"lastPrice": "882875517267119282"}
{"blockNumber":20899309,"chainId":1,"poolAddress":"0x0d89f4583a6b5eceb76551d573ad49cd435f6064","poolType":"CURVE"}	{"lastPrice": "866521720145925657"}
{"blockNumber":20899555,"chainId":1,"poolAddress":"0x0d89f4583a6b5eceb76551d573ad49cd435f6064","poolType":"CURVE"}	{"lastPrice": "888993803995451846"}
{"blockNumber":21047308,"chainId":1,"poolAddress":"0x0d89f4583a6b5eceb76551d573ad49cd435f6064","poolType":"CURVE"}	{"lastPrice": "879172792610118794"}
{"blockNumber":20785178,"chainId":1,"poolAddress":"0x0d89f4583a6b5eceb76551d573ad49cd435f6064","poolType":"CURVE"}	{"lastPrice": "861194178961343406"}
{"blockNumber":20795251,"chainId":1,"poolAddress":"0x0d89f4583a6b5eceb76551d573ad49cd435f6064","poolType":"CURVE"}	{"lastPrice": "854172189761534642"}
{"blockNumber":20801805,"chainId":1,"poolAddress":"0x0d89f4583a6b5eceb76551d573ad49cd435f6064","poolType":"CURVE"}	{"lastPrice": "870244102385385935"}
{"blockNumber":20821819,"chainId":1,"poolAddress":"0x0d89f4583a6b5eceb76551d573ad49cd435f6064","poolType":"CURVE"}	{"lastPrice": "863759478978102174"}
{"blockNumber":20856306,"chainId":1,"poolAddress":"0x0d89f4583a6b5eceb76551d573ad49cd435f6064","poolType":"CURVE"}	{"lastPrice": "860680212788388602"}
{"blockNumber":20863560,"chainId":1,"poolAddress":"0x0d89f4583a6b5eceb76551d573ad49cd435f6064","poolType":"CURVE"}	{"lastPrice": "869001931612269829"}
{"blockNumber":20991960,"chainId":1,"poolAddress":"0x0d89f4583a6b5eceb76551d573ad49cd435f6064","poolType":"CURVE"}	{"lastPrice": "879965961014916710"}
{"blockNumber":20817020,"chainId":1,"poolAddress":"0x0d89f4583a6b5eceb76551d573ad49cd435f6064","poolType":"CURVE"}	{"lastPrice": "857937315695764395"}
{"blockNumber":20878841,"chainId":1,"poolAddress":"0x0d89f4583a6b5eceb76551d573ad49cd435f6064","poolType":"CURVE"}	{"lastPrice": "865790906846556457"}
{"blockNumber":20896486,"chainId":1,"poolAddress":"0x0d89f4583a6b5eceb76551d573ad49cd435f6064","poolType":"CURVE"}	{"lastPrice": "903539754843437443"}
{"blockNumber":20965920,"chainId":1,"poolAddress":"0x0d89f4583a6b5eceb76551d573ad49cd435f6064","poolType":"CURVE"}	{"lastPrice": "870453347619084279"}
{"blockNumber":20973418,"chainId":1,"poolAddress":"0x0d89f4583a6b5eceb76551d573ad49cd435f6064","poolType":"CURVE"}	{"lastPrice": "866844830030898498"}
{"blockNumber":21022995,"chainId":1,"poolAddress":"0x0d89f4583a6b5eceb76551d573ad49cd435f6064","poolType":"CURVE"}	{"lastPrice": "869960596881142256"}
{"blockNumber":21003282,"chainId":1,"poolAddress":"0x0d89f4583a6b5eceb76551d573ad49cd435f6064","poolType":"CURVE"}	{"lastPrice": "895210281441274233"}
{"blockNumber":21069962,"chainId":1,"poolAddress":"0x0d89f4583a6b5eceb76551d573ad49cd435f6064","poolType":"CURVE"}	{"lastPrice": "877715414195041783"}
{"blockNumber":21100606,"chainId":1,"poolAddress":"0x0d89f4583a6b5eceb76551d573ad49cd435f6064","poolType":"CURVE"}	{"lastPrice": "899202131977550640"}
{"blockNumber":21143660,"chainId":1,"poolAddress":"0x0d89f4583a6b5eceb76551d573ad49cd435f6064","poolType":"CURVE"}	{"lastPrice": "894328105899348102"}
{"blockNumber":21143839,"chainId":1,"poolAddress":"0x0d89f4583a6b5eceb76551d573ad49cd435f6064","poolType":"CURVE"}	{"lastPrice": "902322289271388303"}
{"blockNumber":21166314,"chainId":1,"poolAddress":"0x0d89f4583a6b5eceb76551d573ad49cd435f6064","poolType":"CURVE"}	{"lastPrice": "907544637679567112"}
{"blockNumber":21171193,"chainId":1,"poolAddress":"0x0d89f4583a6b5eceb76551d573ad49cd435f6064","poolType":"CURVE"}	{"lastPrice": "901878985242409827"}
{"blockNumber":21200497,"chainId":1,"poolAddress":"0x0d89f4583a6b5eceb76551d573ad49cd435f6064","poolType":"CURVE"}	{"lastPrice": "889773372702951714"}
{"blockNumber":21236213,"chainId":1,"poolAddress":"0x0d89f4583a6b5eceb76551d573ad49cd435f6064","poolType":"CURVE"}	{"lastPrice": "895836487409337485"}
{"blockNumber":21119409,"chainId":1,"poolAddress":"0x0d89f4583a6b5eceb76551d573ad49cd435f6064","poolType":"CURVE"}	{"lastPrice": "920533387558079524"}
{"blockNumber":21260181,"chainId":1,"poolAddress":"0x0d89f4583a6b5eceb76551d573ad49cd435f6064","poolType":"CURVE"}	{"lastPrice": "906874344025321566"}
{"blockNumber":21205991,"chainId":1,"poolAddress":"0x0d89f4583a6b5eceb76551d573ad49cd435f6064","poolType":"CURVE"}	{"lastPrice": "890244957596242255"}
{"blockNumber":21216736,"chainId":1,"poolAddress":"0x0d89f4583a6b5eceb76551d573ad49cd435f6064","poolType":"CURVE"}	{"lastPrice": "893499148233950953"}
{"blockNumber":21217553,"chainId":1,"poolAddress":"0x0d89f4583a6b5eceb76551d573ad49cd435f6064","poolType":"CURVE"}	{"lastPrice": "901150737994631977"}
{"blockNumber":21229565,"chainId":1,"poolAddress":"0x0d89f4583a6b5eceb76551d573ad49cd435f6064","poolType":"CURVE"}	{"lastPrice": "905499948581986933"}
{"blockNumber":21234404,"chainId":1,"poolAddress":"0x0d89f4583a6b5eceb76551d573ad49cd435f6064","poolType":"CURVE"}	{"lastPrice": "894211503815638240"}
{"blockNumber":21240552,"chainId":1,"poolAddress":"0x0d89f4583a6b5eceb76551d573ad49cd435f6064","poolType":"CURVE"}	{"lastPrice": "902114262617226834"}
{"blockNumber":21249976,"chainId":1,"poolAddress":"0x0d89f4583a6b5eceb76551d573ad49cd435f6064","poolType":"CURVE"}	{"lastPrice": "906248930400031707"}
{"blockNumber":20818977,"chainId":1,"poolAddress":"0xe7ad3016d46e538c9ca87e5071c561a73ed1c98c","poolType":"CURVE"}	{"lastPrice": "985564263380482066"}
{"blockNumber":20663247,"chainId":1,"poolAddress":"0xe7ad3016d46e538c9ca87e5071c561a73ed1c98c","poolType":"CURVE"}	{"lastPrice": "978861215096462459"}
{"blockNumber":21170998,"chainId":1,"poolAddress":"0xe7ad3016d46e538c9ca87e5071c561a73ed1c98c","poolType":"CURVE"}	{"lastPrice": "988843651259417269"}
{"blockNumber":20999522,"chainId":1,"poolAddress":"0xe7ad3016d46e538c9ca87e5071c561a73ed1c98c","poolType":"CURVE"}	{"lastPrice": "981803998815660631"}
{"blockNumber":20972002,"chainId":1,"poolAddress":"0xe7ad3016d46e538c9ca87e5071c561a73ed1c98c","poolType":"CURVE"}	{"lastPrice": "977755865414393928"}
{"blockNumber":20614235,"chainId":1,"poolAddress":"0xe7ad3016d46e538c9ca87e5071c561a73ed1c98c","poolType":"CURVE"}	{"lastPrice": "971785794592157238"}
{"blockNumber":20636276,"chainId":1,"poolAddress":"0xe7ad3016d46e538c9ca87e5071c561a73ed1c98c","poolType":"CURVE"}	{"lastPrice": "977774233005707769"}
{"blockNumber":21039607,"chainId":1,"poolAddress":"0xe7ad3016d46e538c9ca87e5071c561a73ed1c98c","poolType":"CURVE"}	{"lastPrice": "989191542550252912"}
{"blockNumber":20726531,"chainId":1,"poolAddress":"0xe7ad3016d46e538c9ca87e5071c561a73ed1c98c","poolType":"CURVE"}	{"lastPrice": "973362446884804448"}
{"blockNumber":21003818,"chainId":1,"poolAddress":"0xe7ad3016d46e538c9ca87e5071c561a73ed1c98c","poolType":"CURVE"}	{"lastPrice": "990072597120516241"}
{"blockNumber":20885519,"chainId":1,"poolAddress":"0xe7ad3016d46e538c9ca87e5071c561a73ed1c98c","poolType":"CURVE"}	{"lastPrice": "977214817872126096"}
{"blockNumber":20960340,"chainId":1,"poolAddress":"0xe7ad3016d46e538c9ca87e5071c561a73ed1c98c","poolType":"CURVE"}	{"lastPrice": "979666042454443868"}
{"blockNumber":20986654,"chainId":1,"poolAddress":"0xe7ad3016d46e538c9ca87e5071c561a73ed1c98c","poolType":"CURVE"}	{"lastPrice": "978900662055596928"}
{"blockNumber":20614221,"chainId":1,"poolAddress":"0xc6e949f57d365fb73015d21a2d1a9da93e938d52","poolType":"CURVE"}	{"lastPrice": "887914415660653784"}
{"blockNumber":20636453,"chainId":1,"poolAddress":"0xc6e949f57d365fb73015d21a2d1a9da93e938d52","poolType":"CURVE"}	{"lastPrice": "887542556545455009"}
{"blockNumber":20735317,"chainId":1,"poolAddress":"0xc6e949f57d365fb73015d21a2d1a9da93e938d52","poolType":"CURVE"}	{"lastPrice": "870323055047121089"}
{"blockNumber":20639814,"chainId":1,"poolAddress":"0xc6e949f57d365fb73015d21a2d1a9da93e938d52","poolType":"CURVE"}	{"lastPrice": "887544853356896034"}
{"blockNumber":20687082,"chainId":1,"poolAddress":"0xc6e949f57d365fb73015d21a2d1a9da93e938d52","poolType":"CURVE"}	{"lastPrice": "889391118391606100"}
{"blockNumber":20645452,"chainId":1,"poolAddress":"0xbfc3d05453dddb38289ea44386a9a4f8226ef2ca","poolType":"CURVE"}	{"lastPrice": "915454311612669820"}
{"blockNumber":20742514,"chainId":1,"poolAddress":"0x1c4d2495f1b9f325cb72c1af0db29985239c68ad","poolType":"CURVE"}	{"lastPrice": "890211507704830336"}
{"blockNumber":20836358,"chainId":1,"poolAddress":"0x1c4d2495f1b9f325cb72c1af0db29985239c68ad","poolType":"CURVE"}	{"lastPrice": "892412868096229563"}
{"blockNumber":20741950,"chainId":1,"poolAddress":"0x1c4d2495f1b9f325cb72c1af0db29985239c68ad","poolType":"CURVE"}	{"lastPrice": "861154005657961791"}
{"blockNumber":20711845,"chainId":1,"poolAddress":"0x4d4140c05dfa65e3e38a7bf1bda6e5b68fbe2b80","poolType":"CURVE"}	{"lastPrice": "989147623669425487"}
{"blockNumber":20754299,"chainId":1,"poolAddress":"0x4d4140c05dfa65e3e38a7bf1bda6e5b68fbe2b80","poolType":"CURVE"}	{"lastPrice": "990608225051200088"}
{"blockNumber":20804032,"chainId":1,"poolAddress":"0x4d4140c05dfa65e3e38a7bf1bda6e5b68fbe2b80","poolType":"CURVE"}	{"lastPrice": "992125202341359342"}
{"blockNumber":20825905,"chainId":1,"poolAddress":"0x4d4140c05dfa65e3e38a7bf1bda6e5b68fbe2b80","poolType":"CURVE"}	{"lastPrice": "994395275628113115"}
{"blockNumber":20641295,"chainId":1,"poolAddress":"0xbce4e65b4a68ac2095c7747992250d2075d82edc","poolType":"CURVE"}	{"lastPrice": "912510317986529024"}
{"blockNumber":20854642,"chainId":1,"poolAddress":"0xbce4e65b4a68ac2095c7747992250d2075d82edc","poolType":"CURVE"}	{"lastPrice": "917581378483338424"}
{"blockNumber":20888245,"chainId":1,"poolAddress":"0xbce4e65b4a68ac2095c7747992250d2075d82edc","poolType":"CURVE"}	{"lastPrice": "921864000587403361"}
{"blockNumber":20891970,"chainId":1,"poolAddress":"0xbce4e65b4a68ac2095c7747992250d2075d82edc","poolType":"CURVE"}	{"lastPrice": "924268442013597786"}
{"blockNumber":21092239,"chainId":1,"poolAddress":"0xbce4e65b4a68ac2095c7747992250d2075d82edc","poolType":"CURVE"}	{"lastPrice": "928834426758752969"}
{"blockNumber":20661388,"chainId":1,"poolAddress":"0x870754e9cb1555c427dd7b433a55aeaccd7e4e1f","poolType":"CURVE"}	{"lastPrice": "907848445019981520"}
{"blockNumber":20605715,"chainId":1,"poolAddress":"0xb09fc8bbdcc8dc9d8b3775132c52fcebf1c7dbb3","poolType":"CURVE"}	{"lastPrice": "961437924362121652"}
{"blockNumber":20651420,"chainId":1,"poolAddress":"0xb09fc8bbdcc8dc9d8b3775132c52fcebf1c7dbb3","poolType":"CURVE"}	{"lastPrice": "966696044425051675"}
{"blockNumber":20663747,"chainId":1,"poolAddress":"0xb09fc8bbdcc8dc9d8b3775132c52fcebf1c7dbb3","poolType":"CURVE"}	{"lastPrice": "964133475285659580"}
{"blockNumber":20679779,"chainId":1,"poolAddress":"0xb09fc8bbdcc8dc9d8b3775132c52fcebf1c7dbb3","poolType":"CURVE"}	{"lastPrice": "970084714925140640"}
{"blockNumber":20689486,"chainId":1,"poolAddress":"0xb09fc8bbdcc8dc9d8b3775132c52fcebf1c7dbb3","poolType":"CURVE"}	{"lastPrice": "974615285486386683"}
{"blockNumber":20704013,"chainId":1,"poolAddress":"0xc63dff67fe1b63004ab6c773022ba06847c11335","poolType":"CURVE"}	{"lastPrice": "659075101787153893"}
{"blockNumber":20994998,"chainId":1,"poolAddress":"0xc63dff67fe1b63004ab6c773022ba06847c11335","poolType":"CURVE"}	{"lastPrice": "667709793969381206"}
{"blockNumber":20612600,"chainId":1,"poolAddress":"0xe7ad3016d46e538c9ca87e5071c561a73ed1c98c","poolType":"CURVE"}	{"lastPrice": "973725503102462272"}
{"blockNumber":20637448,"chainId":1,"poolAddress":"0x1c379572160a80975fa1dad8e491ff485611c8f6","poolType":"CURVE"}	{"lastPrice": "982121103567057109"}
{"blockNumber":20645037,"chainId":1,"poolAddress":"0x1c379572160a80975fa1dad8e491ff485611c8f6","poolType":"CURVE"}	{"lastPrice": "985353536610662453"}
{"blockNumber":20654875,"chainId":1,"poolAddress":"0x1c379572160a80975fa1dad8e491ff485611c8f6","poolType":"CURVE"}	{"lastPrice": "989715039131148582"}
{"blockNumber":20787000,"chainId":1,"poolAddress":"0x1c379572160a80975fa1dad8e491ff485611c8f6","poolType":"CURVE"}	{"lastPrice": "977955754121185656"}
{"blockNumber":20690776,"chainId":1,"poolAddress":"0xc6e949f57d365fb73015d21a2d1a9da93e938d52","poolType":"CURVE"}	{"lastPrice": "886489777791651207"}
{"blockNumber":20691406,"chainId":1,"poolAddress":"0xc6e949f57d365fb73015d21a2d1a9da93e938d52","poolType":"CURVE"}	{"lastPrice": "871382814981173222"}
{"blockNumber":20809607,"chainId":1,"poolAddress":"0xc6e949f57d365fb73015d21a2d1a9da93e938d52","poolType":"CURVE"}	{"lastPrice": "870876160968344501"}
{"blockNumber":20964252,"chainId":1,"poolAddress":"0xc6e949f57d365fb73015d21a2d1a9da93e938d52","poolType":"CURVE"}	{"lastPrice": "868008364977960357"}
{"blockNumber":20815454,"chainId":1,"poolAddress":"0xdce8dfa05f9af2c16793f6b8e77597b7b7bf0c50","poolType":"CURVE"}	{"lastPrice": "991302221496945594"}
{"blockNumber":20648280,"chainId":1,"poolAddress":"0xbce4e65b4a68ac2095c7747992250d2075d82edc","poolType":"CURVE"}	{"lastPrice": "911404878368942979"}
{"blockNumber":20667867,"chainId":1,"poolAddress":"0xbce4e65b4a68ac2095c7747992250d2075d82edc","poolType":"CURVE"}	{"lastPrice": "911206879342050963"}
{"blockNumber":20747931,"chainId":1,"poolAddress":"0xbce4e65b4a68ac2095c7747992250d2075d82edc","poolType":"CURVE"}	{"lastPrice": "912260838979082331"}
{"blockNumber":20971036,"chainId":1,"poolAddress":"0xbce4e65b4a68ac2095c7747992250d2075d82edc","poolType":"CURVE"}	{"lastPrice": "923684754798376439"}
{"blockNumber":21161495,"chainId":1,"poolAddress":"0xbce4e65b4a68ac2095c7747992250d2075d82edc","poolType":"CURVE"}	{"lastPrice": "921533524762188510"}
{"blockNumber":20618312,"chainId":1,"poolAddress":"0x0d89f4583a6b5eceb76551d573ad49cd435f6064","poolType":"CURVE"}	{"lastPrice": "872229333904195864"}
{"blockNumber":20834678,"chainId":1,"poolAddress":"0x0d89f4583a6b5eceb76551d573ad49cd435f6064","poolType":"CURVE"}	{"lastPrice": "875104422012315762"}
{"blockNumber":20855433,"chainId":1,"poolAddress":"0x0d89f4583a6b5eceb76551d573ad49cd435f6064","poolType":"CURVE"}	{"lastPrice": "868694909140353559"}
{"blockNumber":20872999,"chainId":1,"poolAddress":"0x0d89f4583a6b5eceb76551d573ad49cd435f6064","poolType":"CURVE"}	{"lastPrice": "863300460089477802"}
{"blockNumber":20897620,"chainId":1,"poolAddress":"0x0d89f4583a6b5eceb76551d573ad49cd435f6064","poolType":"CURVE"}	{"lastPrice": "882482871783986995"}
{"blockNumber":20962997,"chainId":1,"poolAddress":"0x0d89f4583a6b5eceb76551d573ad49cd435f6064","poolType":"CURVE"}	{"lastPrice": "865088692845439662"}
{"blockNumber":21136372,"chainId":1,"poolAddress":"0x0d89f4583a6b5eceb76551d573ad49cd435f6064","poolType":"CURVE"}	{"lastPrice": "887350537855207790"}
{"blockNumber":21199640,"chainId":1,"poolAddress":"0x0d89f4583a6b5eceb76551d573ad49cd435f6064","poolType":"CURVE"}	{"lastPrice": "887198227554403884"}
{"blockNumber":20620538,"chainId":1,"poolAddress":"0x0d89f4583a6b5eceb76551d573ad49cd435f6064","poolType":"CURVE"}	{"lastPrice": "871990645497352666"}
{"blockNumber":20625413,"chainId":1,"poolAddress":"0x0d89f4583a6b5eceb76551d573ad49cd435f6064","poolType":"CURVE"}	{"lastPrice": "871877168274295275"}
{"blockNumber":20625418,"chainId":1,"poolAddress":"0x0d89f4583a6b5eceb76551d573ad49cd435f6064","poolType":"CURVE"}	{"lastPrice": "871255059119596203"}
{"blockNumber":20742112,"chainId":1,"poolAddress":"0x0d89f4583a6b5eceb76551d573ad49cd435f6064","poolType":"CURVE"}	{"lastPrice": "891829354504505153"}
{"blockNumber":20843080,"chainId":1,"poolAddress":"0x0d89f4583a6b5eceb76551d573ad49cd435f6064","poolType":"CURVE"}	{"lastPrice": "861478336242056578"}
{"blockNumber":20972133,"chainId":1,"poolAddress":"0x0d89f4583a6b5eceb76551d573ad49cd435f6064","poolType":"CURVE"}	{"lastPrice": "869861138513807784"}
{"blockNumber":21000674,"chainId":1,"poolAddress":"0x0d89f4583a6b5eceb76551d573ad49cd435f6064","poolType":"CURVE"}	{"lastPrice": "867448288629317203"}
{"blockNumber":21000734,"chainId":1,"poolAddress":"0x0d89f4583a6b5eceb76551d573ad49cd435f6064","poolType":"CURVE"}	{"lastPrice": "860362767918446733"}
{"blockNumber":21013313,"chainId":1,"poolAddress":"0x0d89f4583a6b5eceb76551d573ad49cd435f6064","poolType":"CURVE"}	{"lastPrice": "885966956437739296"}
{"blockNumber":21030024,"chainId":1,"poolAddress":"0x0d89f4583a6b5eceb76551d573ad49cd435f6064","poolType":"CURVE"}	{"lastPrice": "867420587170947934"}
{"blockNumber":21059228,"chainId":1,"poolAddress":"0x0d89f4583a6b5eceb76551d573ad49cd435f6064","poolType":"CURVE"}	{"lastPrice": "874328366086977394"}
{"blockNumber":21233874,"chainId":1,"poolAddress":"0x0d89f4583a6b5eceb76551d573ad49cd435f6064","poolType":"CURVE"}	{"lastPrice": "888941390429675556"}
{"blockNumber":20624392,"chainId":1,"poolAddress":"0xc9f39993cf05f7442dd56ac2b87484c051ffdb5a","poolType":"CURVE"}	{"lastPrice": "848190130293687785"}
{"blockNumber":20976460,"chainId":1,"poolAddress":"0xf3749a2bef435535200c378298b78f34dcac0fc9","poolType":"CURVE"}	{"lastPrice": "883878313518425353"}
{"blockNumber":20926898,"chainId":1,"poolAddress":"0xc6e949f57d365fb73015d21a2d1a9da93e938d52","poolType":"CURVE"}	{"lastPrice": "868918530370401559"}
{"blockNumber":20618056,"chainId":1,"poolAddress":"0xbce4e65b4a68ac2095c7747992250d2075d82edc","poolType":"CURVE"}	{"lastPrice": "911819578470334070"}
{"blockNumber":20620572,"chainId":1,"poolAddress":"0xbce4e65b4a68ac2095c7747992250d2075d82edc","poolType":"CURVE"}	{"lastPrice": "911914601433687262"}
{"blockNumber":20624418,"chainId":1,"poolAddress":"0xc9f39993cf05f7442dd56ac2b87484c051ffdb5a","poolType":"CURVE"}	{"lastPrice": "868406027991099109"}
{"blockNumber":20912283,"chainId":1,"poolAddress":"0x7a5b529bf0106990494ab3d7696f14c69c000dd7","poolType":"CURVE"}	{"lastPrice": "975806822682259378"}
{"blockNumber":20904287,"chainId":1,"poolAddress":"0xb09fc8bbdcc8dc9d8b3775132c52fcebf1c7dbb3","poolType":"CURVE"}	{"lastPrice": "980320366493758306"}
{"blockNumber":20687552,"chainId":1,"poolAddress":"0xb09fc8bbdcc8dc9d8b3775132c52fcebf1c7dbb3","poolType":"CURVE"}	{"lastPrice": "975683805099638198"}
{"blockNumber":20610286,"chainId":1,"poolAddress":"0xb09fc8bbdcc8dc9d8b3775132c52fcebf1c7dbb3","poolType":"CURVE"}	{"lastPrice": "960659848657040484"}
{"blockNumber":20625499,"chainId":1,"poolAddress":"0xb09fc8bbdcc8dc9d8b3775132c52fcebf1c7dbb3","poolType":"CURVE"}	{"lastPrice": "967614438899495339"}
{"blockNumber":20629957,"chainId":1,"poolAddress":"0xb09fc8bbdcc8dc9d8b3775132c52fcebf1c7dbb3","poolType":"CURVE"}	{"lastPrice": "967614960187107410"}
{"blockNumber":20648450,"chainId":1,"poolAddress":"0xb09fc8bbdcc8dc9d8b3775132c52fcebf1c7dbb3","poolType":"CURVE"}	{"lastPrice": "968587716186857638"}
{"blockNumber":20707665,"chainId":1,"poolAddress":"0xb09fc8bbdcc8dc9d8b3775132c52fcebf1c7dbb3","poolType":"CURVE"}	{"lastPrice": "979317367338255069"}
{"blockNumber":20681780,"chainId":1,"poolAddress":"0xb09fc8bbdcc8dc9d8b3775132c52fcebf1c7dbb3","poolType":"CURVE"}	{"lastPrice": "969731259282167674"}
{"blockNumber":20691063,"chainId":1,"poolAddress":"0xb09fc8bbdcc8dc9d8b3775132c52fcebf1c7dbb3","poolType":"CURVE"}	{"lastPrice": "977861469723789108"}
{"blockNumber":20691515,"chainId":1,"poolAddress":"0xb09fc8bbdcc8dc9d8b3775132c52fcebf1c7dbb3","poolType":"CURVE"}	{"lastPrice": "983767667859246329"}
{"blockNumber":20836902,"chainId":1,"poolAddress":"0xb09fc8bbdcc8dc9d8b3775132c52fcebf1c7dbb3","poolType":"CURVE"}	{"lastPrice": "976399385220320680"}
{"blockNumber":20655716,"chainId":1,"poolAddress":"0xb09fc8bbdcc8dc9d8b3775132c52fcebf1c7dbb3","poolType":"CURVE"}	{"lastPrice": "965843234664453141"}
{"blockNumber":20668442,"chainId":1,"poolAddress":"0xb09fc8bbdcc8dc9d8b3775132c52fcebf1c7dbb3","poolType":"CURVE"}	{"lastPrice": "967651370480851931"}
{"blockNumber":20675285,"chainId":1,"poolAddress":"0xb09fc8bbdcc8dc9d8b3775132c52fcebf1c7dbb3","poolType":"CURVE"}	{"lastPrice": "971427340809224645"}
{"blockNumber":20709116,"chainId":1,"poolAddress":"0xb09fc8bbdcc8dc9d8b3775132c52fcebf1c7dbb3","poolType":"CURVE"}	{"lastPrice": "978845872797773453"}
{"blockNumber":20727814,"chainId":1,"poolAddress":"0xb09fc8bbdcc8dc9d8b3775132c52fcebf1c7dbb3","poolType":"CURVE"}	{"lastPrice": "977262848429242496"}
{"blockNumber":20734981,"chainId":1,"poolAddress":"0xb09fc8bbdcc8dc9d8b3775132c52fcebf1c7dbb3","poolType":"CURVE"}	{"lastPrice": "977224654272457242"}
{"blockNumber":20818741,"chainId":1,"poolAddress":"0xb09fc8bbdcc8dc9d8b3775132c52fcebf1c7dbb3","poolType":"CURVE"}	{"lastPrice": "976411252383305561"}
{"blockNumber":21022980,"chainId":1,"poolAddress":"0xb09fc8bbdcc8dc9d8b3775132c52fcebf1c7dbb3","poolType":"CURVE"}	{"lastPrice": "996201708530139911"}
{"blockNumber":20702598,"chainId":1,"poolAddress":"0xb09fc8bbdcc8dc9d8b3775132c52fcebf1c7dbb3","poolType":"CURVE"}	{"lastPrice": "988998110827033917"}
{"blockNumber":20619260,"chainId":1,"poolAddress":"0xb09fc8bbdcc8dc9d8b3775132c52fcebf1c7dbb3","poolType":"CURVE"}	{"lastPrice": "968263846553717297"}
{"blockNumber":20613158,"chainId":1,"poolAddress":"0xe7ad3016d46e538c9ca87e5071c561a73ed1c98c","poolType":"CURVE"}	{"lastPrice": "965985367047745180"}
{"blockNumber":20819035,"chainId":1,"poolAddress":"0xe7ad3016d46e538c9ca87e5071c561a73ed1c98c","poolType":"CURVE"}	{"lastPrice": "995982385260092483"}
{"blockNumber":21039717,"chainId":1,"poolAddress":"0xe7ad3016d46e538c9ca87e5071c561a73ed1c98c","poolType":"CURVE"}	{"lastPrice": "988222667939197952"}
{"blockNumber":20663238,"chainId":1,"poolAddress":"0xe7ad3016d46e538c9ca87e5071c561a73ed1c98c","poolType":"CURVE"}	{"lastPrice": "973352577407697469"}
{"blockNumber":20770479,"chainId":1,"poolAddress":"0xe7ad3016d46e538c9ca87e5071c561a73ed1c98c","poolType":"CURVE"}	{"lastPrice": "978526029059450852"}
{"blockNumber":21015884,"chainId":1,"poolAddress":"0xe7ad3016d46e538c9ca87e5071c561a73ed1c98c","poolType":"CURVE"}	{"lastPrice": "985893509218452687"}
{"blockNumber":20629517,"chainId":1,"poolAddress":"0xe7ad3016d46e538c9ca87e5071c561a73ed1c98c","poolType":"CURVE"}	{"lastPrice": "976734095528877543"}
{"blockNumber":20688254,"chainId":1,"poolAddress":"0xe7ad3016d46e538c9ca87e5071c561a73ed1c98c","poolType":"CURVE"}	{"lastPrice": "983072541895104083"}
{"blockNumber":20725686,"chainId":1,"poolAddress":"0xe7ad3016d46e538c9ca87e5071c561a73ed1c98c","poolType":"CURVE"}	{"lastPrice": "971022230006754591"}
{"blockNumber":20732916,"chainId":1,"poolAddress":"0xe7ad3016d46e538c9ca87e5071c561a73ed1c98c","poolType":"CURVE"}	{"lastPrice": "977239494830023378"}
{"blockNumber":20726799,"chainId":1,"poolAddress":"0xe7ad3016d46e538c9ca87e5071c561a73ed1c98c","poolType":"CURVE"}	{"lastPrice": "978136881606615974"}
{"blockNumber":20780129,"chainId":1,"poolAddress":"0xe7ad3016d46e538c9ca87e5071c561a73ed1c98c","poolType":"CURVE"}	{"lastPrice": "978456368192352679"}
{"blockNumber":20878404,"chainId":1,"poolAddress":"0xe7ad3016d46e538c9ca87e5071c561a73ed1c98c","poolType":"CURVE"}	{"lastPrice": "970919120749952529"}
{"blockNumber":21021384,"chainId":1,"poolAddress":"0xe7ad3016d46e538c9ca87e5071c561a73ed1c98c","poolType":"CURVE"}	{"lastPrice": "984989903755416496"}
{"blockNumber":20884804,"chainId":1,"poolAddress":"0xe7ad3016d46e538c9ca87e5071c561a73ed1c98c","poolType":"CURVE"}	{"lastPrice": "975673921415931120"}
{"blockNumber":20891516,"chainId":1,"poolAddress":"0xe7ad3016d46e538c9ca87e5071c561a73ed1c98c","poolType":"CURVE"}	{"lastPrice": "979332202573471412"}
{"blockNumber":20884609,"chainId":1,"poolAddress":"0x952ac974ff2f3ee5c05534961b661fe70fd38b8a","poolType":"CURVE"}	{"lastPrice": "983123662336456940"}
{"blockNumber":20873826,"chainId":1,"poolAddress":"0x952ac974ff2f3ee5c05534961b661fe70fd38b8a","poolType":"CURVE"}	{"lastPrice": "983315216810651100"}
{"blockNumber":20909650,"chainId":1,"poolAddress":"0x952ac974ff2f3ee5c05534961b661fe70fd38b8a","poolType":"CURVE"}	{"lastPrice": "983930229128809143"}
{"blockNumber":20911710,"chainId":1,"poolAddress":"0x952ac974ff2f3ee5c05534961b661fe70fd38b8a","poolType":"CURVE"}	{"lastPrice": "983734034900220876"}
{"blockNumber":20865853,"chainId":1,"poolAddress":"0x952ac974ff2f3ee5c05534961b661fe70fd38b8a","poolType":"CURVE"}	{"lastPrice": "982604058786619271"}
{"blockNumber":21057239,"chainId":1,"poolAddress":"0x952ac974ff2f3ee5c05534961b661fe70fd38b8a","poolType":"CURVE"}	{"lastPrice": "983527468770617869"}
{"blockNumber":21083316,"chainId":1,"poolAddress":"0x952ac974ff2f3ee5c05534961b661fe70fd38b8a","poolType":"CURVE"}	{"lastPrice": "983696230844091446"}
{"blockNumber":21089272,"chainId":1,"poolAddress":"0x952ac974ff2f3ee5c05534961b661fe70fd38b8a","poolType":"CURVE"}	{"lastPrice": "983693187691264915"}
{"blockNumber":21259249,"chainId":1,"poolAddress":"0x952ac974ff2f3ee5c05534961b661fe70fd38b8a","poolType":"CURVE"}	{"lastPrice": "983656990880291704"}
{"blockNumber":21127879,"chainId":1,"poolAddress":"0x0d89f4583a6b5eceb76551d573ad49cd435f6064","poolType":"CURVE"}	{"lastPrice": "917575603768858220"}
{"blockNumber":20703066,"chainId":1,"poolAddress":"0x0d89f4583a6b5eceb76551d573ad49cd435f6064","poolType":"CURVE"}	{"lastPrice": "869827414234562619"}
{"blockNumber":20710406,"chainId":1,"poolAddress":"0x0d89f4583a6b5eceb76551d573ad49cd435f6064","poolType":"CURVE"}	{"lastPrice": "874765308540377133"}
{"blockNumber":20710464,"chainId":1,"poolAddress":"0x0d89f4583a6b5eceb76551d573ad49cd435f6064","poolType":"CURVE"}	{"lastPrice": "878828121719001423"}
{"blockNumber":20810220,"chainId":1,"poolAddress":"0x0d89f4583a6b5eceb76551d573ad49cd435f6064","poolType":"CURVE"}	{"lastPrice": "849536815487222604"}
{"blockNumber":20877567,"chainId":1,"poolAddress":"0x0d89f4583a6b5eceb76551d573ad49cd435f6064","poolType":"CURVE"}	{"lastPrice": "859491391350000568"}
{"blockNumber":21113602,"chainId":1,"poolAddress":"0x0d89f4583a6b5eceb76551d573ad49cd435f6064","poolType":"CURVE"}	{"lastPrice": "893347820544794825"}
{"blockNumber":21100471,"chainId":1,"poolAddress":"0x0d89f4583a6b5eceb76551d573ad49cd435f6064","poolType":"CURVE"}	{"lastPrice": "884675586807058047"}
{"blockNumber":20705926,"chainId":1,"poolAddress":"0x0d89f4583a6b5eceb76551d573ad49cd435f6064","poolType":"CURVE"}	{"lastPrice": "868368760445476249"}
{"blockNumber":21053443,"chainId":1,"poolAddress":"0x0d89f4583a6b5eceb76551d573ad49cd435f6064","poolType":"CURVE"}	{"lastPrice": "904908484865919902"}
{"blockNumber":20741980,"chainId":1,"poolAddress":"0x0d89f4583a6b5eceb76551d573ad49cd435f6064","poolType":"CURVE"}	{"lastPrice": "924508429475731121"}
{"blockNumber":20954170,"chainId":1,"poolAddress":"0x0d89f4583a6b5eceb76551d573ad49cd435f6064","poolType":"CURVE"}	{"lastPrice": "867618760842000533"}
{"blockNumber":21055135,"chainId":1,"poolAddress":"0x0d89f4583a6b5eceb76551d573ad49cd435f6064","poolType":"CURVE"}	{"lastPrice": "901545784560120643"}
{"blockNumber":21099705,"chainId":1,"poolAddress":"0x0d89f4583a6b5eceb76551d573ad49cd435f6064","poolType":"CURVE"}	{"lastPrice": "883297707060481860"}
{"blockNumber":21134043,"chainId":1,"poolAddress":"0x0d89f4583a6b5eceb76551d573ad49cd435f6064","poolType":"CURVE"}	{"lastPrice": "915884268109503148"}
{"blockNumber":21135232,"chainId":1,"poolAddress":"0x0d89f4583a6b5eceb76551d573ad49cd435f6064","poolType":"CURVE"}	{"lastPrice": "928318891399329767"}
{"blockNumber":21135317,"chainId":1,"poolAddress":"0x0d89f4583a6b5eceb76551d573ad49cd435f6064","poolType":"CURVE"}	{"lastPrice": "926695196883781541"}
{"blockNumber":21164962,"chainId":1,"poolAddress":"0x0d89f4583a6b5eceb76551d573ad49cd435f6064","poolType":"CURVE"}	{"lastPrice": "900591299153496392"}
{"blockNumber":21200313,"chainId":1,"poolAddress":"0x0d89f4583a6b5eceb76551d573ad49cd435f6064","poolType":"CURVE"}	{"lastPrice": "888242963436101878"}
{"blockNumber":21200518,"chainId":1,"poolAddress":"0x0d89f4583a6b5eceb76551d573ad49cd435f6064","poolType":"CURVE"}	{"lastPrice": "888394506220094340"}
{"blockNumber":21205351,"chainId":1,"poolAddress":"0x0d89f4583a6b5eceb76551d573ad49cd435f6064","poolType":"CURVE"}	{"lastPrice": "888495057044227619"}
{"blockNumber":21206579,"chainId":1,"poolAddress":"0x0d89f4583a6b5eceb76551d573ad49cd435f6064","poolType":"CURVE"}	{"lastPrice": "888737438178811604"}
{"blockNumber":21218587,"chainId":1,"poolAddress":"0x0d89f4583a6b5eceb76551d573ad49cd435f6064","poolType":"CURVE"}	{"lastPrice": "901570693510992599"}
{"blockNumber":21235336,"chainId":1,"poolAddress":"0x0d89f4583a6b5eceb76551d573ad49cd435f6064","poolType":"CURVE"}	{"lastPrice": "892578123107446765"}
{"blockNumber":21239923,"chainId":1,"poolAddress":"0x0d89f4583a6b5eceb76551d573ad49cd435f6064","poolType":"CURVE"}	{"lastPrice": "895577818600020900"}
{"blockNumber":21256411,"chainId":1,"poolAddress":"0x0d89f4583a6b5eceb76551d573ad49cd435f6064","poolType":"CURVE"}	{"lastPrice": "904829502050989302"}
{"blockNumber":20612367,"chainId":1,"poolAddress":"0xbfc3d05453dddb38289ea44386a9a4f8226ef2ca","poolType":"CURVE"}	{"lastPrice": "911937319298439069"}
{"blockNumber":20671152,"chainId":1,"poolAddress":"0xbfc3d05453dddb38289ea44386a9a4f8226ef2ca","poolType":"CURVE"}	{"lastPrice": "930070391086144435"}
{"blockNumber":20900946,"chainId":1,"poolAddress":"0xdce8dfa05f9af2c16793f6b8e77597b7b7bf0c50","poolType":"CURVE"}	{"lastPrice": "997840598490826688"}
{"blockNumber":20606553,"chainId":1,"poolAddress":"0x1c4d2495f1b9f325cb72c1af0db29985239c68ad","poolType":"CURVE"}	{"lastPrice": "841380131607334591"}
{"blockNumber":21080562,"chainId":1,"poolAddress":"0x1c4d2495f1b9f325cb72c1af0db29985239c68ad","poolType":"CURVE"}	{"lastPrice": "913646184842330599"}
{"blockNumber":20615222,"chainId":1,"poolAddress":"0x1c4d2495f1b9f325cb72c1af0db29985239c68ad","poolType":"CURVE"}	{"lastPrice": "867288971977005706"}
{"blockNumber":20634266,"chainId":1,"poolAddress":"0x1c4d2495f1b9f325cb72c1af0db29985239c68ad","poolType":"CURVE"}	{"lastPrice": "871853564901736072"}
{"blockNumber":20671025,"chainId":1,"poolAddress":"0x1c4d2495f1b9f325cb72c1af0db29985239c68ad","poolType":"CURVE"}	{"lastPrice": "868909062717663687"}
{"blockNumber":20700904,"chainId":1,"poolAddress":"0x1c4d2495f1b9f325cb72c1af0db29985239c68ad","poolType":"CURVE"}	{"lastPrice": "868877796776194157"}
{"blockNumber":20732095,"chainId":1,"poolAddress":"0x1c4d2495f1b9f325cb72c1af0db29985239c68ad","poolType":"CURVE"}	{"lastPrice": "868140302473132600"}
{"blockNumber":20739385,"chainId":1,"poolAddress":"0x1c4d2495f1b9f325cb72c1af0db29985239c68ad","poolType":"CURVE"}	{"lastPrice": "866645654877341019"}
{"blockNumber":20772998,"chainId":1,"poolAddress":"0x1c4d2495f1b9f325cb72c1af0db29985239c68ad","poolType":"CURVE"}	{"lastPrice": "889829799963203798"}
{"blockNumber":20720475,"chainId":1,"poolAddress":"0x1c4d2495f1b9f325cb72c1af0db29985239c68ad","poolType":"CURVE"}	{"lastPrice": "866956449800394768"}
{"blockNumber":20722525,"chainId":1,"poolAddress":"0x1c4d2495f1b9f325cb72c1af0db29985239c68ad","poolType":"CURVE"}	{"lastPrice": "869668236248875825"}
{"blockNumber":20734025,"chainId":1,"poolAddress":"0x1c4d2495f1b9f325cb72c1af0db29985239c68ad","poolType":"CURVE"}	{"lastPrice": "866685134856574581"}
{"blockNumber":20772305,"chainId":1,"poolAddress":"0x1c4d2495f1b9f325cb72c1af0db29985239c68ad","poolType":"CURVE"}	{"lastPrice": "891359280738001048"}
{"blockNumber":20886578,"chainId":1,"poolAddress":"0x1c4d2495f1b9f325cb72c1af0db29985239c68ad","poolType":"CURVE"}	{"lastPrice": "923772216701008140"}
{"blockNumber":20934909,"chainId":1,"poolAddress":"0x1c4d2495f1b9f325cb72c1af0db29985239c68ad","poolType":"CURVE"}	{"lastPrice": "922866115300588492"}
{"blockNumber":21114392,"chainId":1,"poolAddress":"0x1c4d2495f1b9f325cb72c1af0db29985239c68ad","poolType":"CURVE"}	{"lastPrice": "912006437206104558"}
{"blockNumber":20827760,"chainId":1,"poolAddress":"0xc63dff67fe1b63004ab6c773022ba06847c11335","poolType":"CURVE"}	{"lastPrice": "660567223497563559"}
{"blockNumber":21010791,"chainId":1,"poolAddress":"0xc63dff67fe1b63004ab6c773022ba06847c11335","poolType":"CURVE"}	{"lastPrice": "659568766866875331"}
{"blockNumber":21010542,"chainId":1,"poolAddress":"0x20f3424fec5194522a2621120d1ea7279161e216","poolType":"CURVE"}	{"lastPrice": "530799605166236441"}
{"blockNumber":21055250,"chainId":1,"poolAddress":"0x20f3424fec5194522a2621120d1ea7279161e216","poolType":"CURVE"}	{"lastPrice": "530799605154526857"}
{"blockNumber":20696763,"chainId":1,"poolAddress":"0x4d4140c05dfa65e3e38a7bf1bda6e5b68fbe2b80","poolType":"CURVE"}	{"lastPrice": "987977427653341845"}
{"blockNumber":20658997,"chainId":1,"poolAddress":"0xfd268d70c4446862a0fc024fb731d71f3fc5b6c4","poolType":"CURVE"}	{"lastPrice": "888496320266090922"}
{"blockNumber":20764430,"chainId":1,"poolAddress":"0x8561d7a37a998196cafab7432e3243b413dc187e","poolType":"CURVE"}	{"lastPrice": "871515512626281907"}
{"blockNumber":20764439,"chainId":1,"poolAddress":"0x6962e20fb648611801adee8c24af9f7fce2034a8","poolType":"CURVE"}	{"lastPrice": "915812455760332211"}
{"blockNumber":21070385,"chainId":1,"poolAddress":"0x70b2e1855b00c4bb9dd81a029eb319ed864079a7","poolType":"CURVE"}	{"lastPrice": "877619694619736324"}
{"blockNumber":21116010,"chainId":1,"poolAddress":"0x92261c50c2ae3158368baeb3571fe66e24c8bf2c","poolType":"CURVE"}	{"lastPrice": "961986893187918635"}
{"blockNumber":21121454,"chainId":1,"poolAddress":"0xc436c88130fc594ea993a32939e73e4fe9b0c610","poolType":"CURVE"}	{"lastPrice": "967098522617530487"}
{"blockNumber":20690567,"chainId":1,"poolAddress":"0x9ed7a47cdee1a197b338706145735b62778979cf","poolType":"CURVE"}	{"lastPrice": "692184414496964786"}
{"blockNumber":20693922,"chainId":1,"poolAddress":"0x9ed7a47cdee1a197b338706145735b62778979cf","poolType":"CURVE"}	{"lastPrice": "822546274728765213"}
{"blockNumber":20710811,"chainId":1,"poolAddress":"0x9ed7a47cdee1a197b338706145735b62778979cf","poolType":"CURVE"}	{"lastPrice": "820714704198838137"}
{"blockNumber":20716354,"chainId":1,"poolAddress":"0x9ed7a47cdee1a197b338706145735b62778979cf","poolType":"CURVE"}	{"lastPrice": "819326237553216443"}
{"blockNumber":20718294,"chainId":1,"poolAddress":"0x9ed7a47cdee1a197b338706145735b62778979cf","poolType":"CURVE"}	{"lastPrice": "817887055044551452"}
{"blockNumber":20721511,"chainId":1,"poolAddress":"0x9ed7a47cdee1a197b338706145735b62778979cf","poolType":"CURVE"}	{"lastPrice": "816470842743912274"}
{"blockNumber":20726053,"chainId":1,"poolAddress":"0x7a2517768a221b43a639f7f03a88074d9884b398","poolType":"CURVE"}	{"lastPrice": "964378710251581163"}
{"blockNumber":20730394,"chainId":1,"poolAddress":"0x9ed7a47cdee1a197b338706145735b62778979cf","poolType":"CURVE"}	{"lastPrice": "815240498008064712"}
{"blockNumber":20731134,"chainId":1,"poolAddress":"0x9ed7a47cdee1a197b338706145735b62778979cf","poolType":"CURVE"}	{"lastPrice": "820026322607490611"}
{"blockNumber":20735382,"chainId":1,"poolAddress":"0x7a2517768a221b43a639f7f03a88074d9884b398","poolType":"CURVE"}	{"lastPrice": "964378729301376866"}
{"blockNumber":20735936,"chainId":1,"poolAddress":"0x7a2517768a221b43a639f7f03a88074d9884b398","poolType":"CURVE"}	{"lastPrice": "963846033000450327"}
{"blockNumber":20738411,"chainId":1,"poolAddress":"0x7a2517768a221b43a639f7f03a88074d9884b398","poolType":"CURVE"}	{"lastPrice": "963934034835375698"}
{"blockNumber":20739331,"chainId":1,"poolAddress":"0x7a2517768a221b43a639f7f03a88074d9884b398","poolType":"CURVE"}	{"lastPrice": "964023338295950377"}
{"blockNumber":20740399,"chainId":1,"poolAddress":"0x9ed7a47cdee1a197b338706145735b62778979cf","poolType":"CURVE"}	{"lastPrice": "820026322607490611"}
{"blockNumber":20740867,"chainId":1,"poolAddress":"0x9ed7a47cdee1a197b338706145735b62778979cf","poolType":"CURVE"}	{"lastPrice": "712128308848542402"}
{"blockNumber":20741027,"chainId":1,"poolAddress":"0x7a2517768a221b43a639f7f03a88074d9884b398","poolType":"CURVE"}	{"lastPrice": "963283892596683558"}
{"blockNumber":20743205,"chainId":1,"poolAddress":"0x7a2517768a221b43a639f7f03a88074d9884b398","poolType":"CURVE"}	{"lastPrice": "963372056150371147"}
{"blockNumber":20746333,"chainId":1,"poolAddress":"0x7a2517768a221b43a639f7f03a88074d9884b398","poolType":"CURVE"}	{"lastPrice": "963463669065197505"}
{"blockNumber":20746726,"chainId":1,"poolAddress":"0x7a2517768a221b43a639f7f03a88074d9884b398","poolType":"CURVE"}	{"lastPrice": "963597550775162828"}
{"blockNumber":20746766,"chainId":1,"poolAddress":"0x7a2517768a221b43a639f7f03a88074d9884b398","poolType":"CURVE"}	{"lastPrice": "963803611226262528"}
{"blockNumber":20747348,"chainId":1,"poolAddress":"0x7a2517768a221b43a639f7f03a88074d9884b398","poolType":"CURVE"}	{"lastPrice": "963897141100566083"}
{"blockNumber":20747916,"chainId":1,"poolAddress":"0x7a2517768a221b43a639f7f03a88074d9884b398","poolType":"CURVE"}	{"lastPrice": "963807735125456209"}
{"blockNumber":20748856,"chainId":1,"poolAddress":"0x7a2517768a221b43a639f7f03a88074d9884b398","poolType":"CURVE"}	{"lastPrice": "963809707134687869"}
{"blockNumber":20752756,"chainId":1,"poolAddress":"0x7a2517768a221b43a639f7f03a88074d9884b398","poolType":"CURVE"}	{"lastPrice": "960442817498356566"}
{"blockNumber":20752955,"chainId":1,"poolAddress":"0x7a2517768a221b43a639f7f03a88074d9884b398","poolType":"CURVE"}	{"lastPrice": "945357915260710293"}
{"blockNumber":20752969,"chainId":1,"poolAddress":"0x7a2517768a221b43a639f7f03a88074d9884b398","poolType":"CURVE"}	{"lastPrice": "936608539740720070"}
{"blockNumber":20753410,"chainId":1,"poolAddress":"0x7a2517768a221b43a639f7f03a88074d9884b398","poolType":"CURVE"}	{"lastPrice": "949119429662380948"}
{"blockNumber":20754610,"chainId":1,"poolAddress":"0x7a2517768a221b43a639f7f03a88074d9884b398","poolType":"CURVE"}	{"lastPrice": "957139948839521131"}
{"blockNumber":20754704,"chainId":1,"poolAddress":"0x7a2517768a221b43a639f7f03a88074d9884b398","poolType":"CURVE"}	{"lastPrice": "957547463168093942"}
{"blockNumber":20754736,"chainId":1,"poolAddress":"0x7a2517768a221b43a639f7f03a88074d9884b398","poolType":"CURVE"}	{"lastPrice": "957619738961385287"}
{"blockNumber":20756258,"chainId":1,"poolAddress":"0x7a2517768a221b43a639f7f03a88074d9884b398","poolType":"CURVE"}	{"lastPrice": "958461989329559712"}
{"blockNumber":20765948,"chainId":1,"poolAddress":"0x7a2517768a221b43a639f7f03a88074d9884b398","poolType":"CURVE"}	{"lastPrice": "958550577704883059"}
{"blockNumber":20768697,"chainId":1,"poolAddress":"0x7a2517768a221b43a639f7f03a88074d9884b398","poolType":"CURVE"}	{"lastPrice": "958643565726082693"}
{"blockNumber":20776946,"chainId":1,"poolAddress":"0x7a2517768a221b43a639f7f03a88074d9884b398","poolType":"CURVE"}	{"lastPrice": "958643565726082693"}
{"blockNumber":20777006,"chainId":1,"poolAddress":"0x7a2517768a221b43a639f7f03a88074d9884b398","poolType":"CURVE"}	{"lastPrice": "960051658563126961"}
{"blockNumber":20777068,"chainId":1,"poolAddress":"0x7a2517768a221b43a639f7f03a88074d9884b398","poolType":"CURVE"}	{"lastPrice": "964425838296057883"}
{"blockNumber":20778878,"chainId":1,"poolAddress":"0x7a2517768a221b43a639f7f03a88074d9884b398","poolType":"CURVE"}	{"lastPrice": "963298979569994544"}
{"blockNumber":20778895,"chainId":1,"poolAddress":"0x7a2517768a221b43a639f7f03a88074d9884b398","poolType":"CURVE"}	{"lastPrice": "963205076376445491"}
{"blockNumber":20779621,"chainId":1,"poolAddress":"0x7a2517768a221b43a639f7f03a88074d9884b398","poolType":"CURVE"}	{"lastPrice": "963306951818641891"}
{"blockNumber":20782133,"chainId":1,"poolAddress":"0x9ed7a47cdee1a197b338706145735b62778979cf","poolType":"CURVE"}	{"lastPrice": "719109890416005164"}
{"blockNumber":20782147,"chainId":1,"poolAddress":"0x9ed7a47cdee1a197b338706145735b62778979cf","poolType":"CURVE"}	{"lastPrice": "723611658513814326"}
{"blockNumber":20782995,"chainId":1,"poolAddress":"0x7a2517768a221b43a639f7f03a88074d9884b398","poolType":"CURVE"}	{"lastPrice": "963517023277505452"}
{"blockNumber":20805699,"chainId":1,"poolAddress":"0x7a2517768a221b43a639f7f03a88074d9884b398","poolType":"CURVE"}	{"lastPrice": "963400133606067981"}
{"blockNumber":20809194,"chainId":1,"poolAddress":"0x7a2517768a221b43a639f7f03a88074d9884b398","poolType":"CURVE"}	{"lastPrice": "963391609102286056"}
{"blockNumber":20828847,"chainId":1,"poolAddress":"0x9429e06ffd09cf97007791b8bf3845171f1425e8","poolType":"CURVE"}	{"lastPrice": "953975588282011078"}
{"blockNumber":20833058,"chainId":1,"poolAddress":"0x9ed7a47cdee1a197b338706145735b62778979cf","poolType":"CURVE"}	{"lastPrice": "723611658513814326"}
{"blockNumber":20835886,"chainId":1,"poolAddress":"0x588eab5777e51ece898bb71976715072e6f7843f","poolType":"CURVE"}	{"lastPrice": "962671599733044841"}
{"blockNumber":20836979,"chainId":1,"poolAddress":"0x588eab5777e51ece898bb71976715072e6f7843f","poolType":"CURVE"}	{"lastPrice": "962671599589294436"}
{"blockNumber":20837684,"chainId":1,"poolAddress":"0x9429e06ffd09cf97007791b8bf3845171f1425e8","poolType":"CURVE"}	{"lastPrice": "955035968578757792"}
{"blockNumber":20839946,"chainId":1,"poolAddress":"0x9ed7a47cdee1a197b338706145735b62778979cf","poolType":"CURVE"}	{"lastPrice": "715080500923492878"}
{"blockNumber":20839973,"chainId":1,"poolAddress":"0x9ed7a47cdee1a197b338706145735b62778979cf","poolType":"CURVE"}	{"lastPrice": "718308426020829910"}
{"blockNumber":20841693,"chainId":1,"poolAddress":"0x588eab5777e51ece898bb71976715072e6f7843f","poolType":"CURVE"}	{"lastPrice": "962671599402687534"}
{"blockNumber":20845926,"chainId":1,"poolAddress":"0x7a2517768a221b43a639f7f03a88074d9884b398","poolType":"CURVE"}	{"lastPrice": "963321247702354544"}
{"blockNumber":20846721,"chainId":1,"poolAddress":"0x9429e06ffd09cf97007791b8bf3845171f1425e8","poolType":"CURVE"}	{"lastPrice": "954886272537068563"}
{"blockNumber":20849053,"chainId":1,"poolAddress":"0x9429e06ffd09cf97007791b8bf3845171f1425e8","poolType":"CURVE"}	{"lastPrice": "954793802034864487"}
{"blockNumber":20850286,"chainId":1,"poolAddress":"0x7a2517768a221b43a639f7f03a88074d9884b398","poolType":"CURVE"}	{"lastPrice": "963484471687579232"}
{"blockNumber":20851799,"chainId":1,"poolAddress":"0x9ed7a47cdee1a197b338706145735b62778979cf","poolType":"CURVE"}	{"lastPrice": "723105719099197013"}
{"blockNumber":20877919,"chainId":1,"poolAddress":"0x7a2517768a221b43a639f7f03a88074d9884b398","poolType":"CURVE"}	{"lastPrice": "963556470910782379"}
{"blockNumber":20878482,"chainId":1,"poolAddress":"0x7a2517768a221b43a639f7f03a88074d9884b398","poolType":"CURVE"}	{"lastPrice": "963917456625510947"}
{"blockNumber":20881668,"chainId":1,"poolAddress":"0x9ed7a47cdee1a197b338706145735b62778979cf","poolType":"CURVE"}	{"lastPrice": "635462277438091189"}
{"blockNumber":20881689,"chainId":1,"poolAddress":"0x9ed7a47cdee1a197b338706145735b62778979cf","poolType":"CURVE"}	{"lastPrice": "496147362574211042"}
{"blockNumber":20881756,"chainId":1,"poolAddress":"0x9ed7a47cdee1a197b338706145735b62778979cf","poolType":"CURVE"}	{"lastPrice": "651878504051956101"}
{"blockNumber":20883782,"chainId":1,"poolAddress":"0x7a2517768a221b43a639f7f03a88074d9884b398","poolType":"CURVE"}	{"lastPrice": "964251358271979776"}
{"blockNumber":20883789,"chainId":1,"poolAddress":"0x7a2517768a221b43a639f7f03a88074d9884b398","poolType":"CURVE"}	{"lastPrice": "964251358271979776"}
{"blockNumber":20883799,"chainId":1,"poolAddress":"0x7a2517768a221b43a639f7f03a88074d9884b398","poolType":"CURVE"}	{"lastPrice": "964156730221839079"}
{"blockNumber":20883828,"chainId":1,"poolAddress":"0x7a2517768a221b43a639f7f03a88074d9884b398","poolType":"CURVE"}	{"lastPrice": "963973554704405175"}
{"blockNumber":20883854,"chainId":1,"poolAddress":"0x7a2517768a221b43a639f7f03a88074d9884b398","poolType":"CURVE"}	{"lastPrice": "964237423096097787"}
{"blockNumber":20903695,"chainId":1,"poolAddress":"0x9429e06ffd09cf97007791b8bf3845171f1425e8","poolType":"CURVE"}	{"lastPrice": "954906556959966925"}
{"blockNumber":20905441,"chainId":1,"poolAddress":"0x9429e06ffd09cf97007791b8bf3845171f1425e8","poolType":"CURVE"}	{"lastPrice": "956223628044645401"}
{"blockNumber":20920846,"chainId":1,"poolAddress":"0x588eab5777e51ece898bb71976715072e6f7843f","poolType":"CURVE"}	{"lastPrice": "962671599402687534"}
{"blockNumber":20920871,"chainId":1,"poolAddress":"0x588eab5777e51ece898bb71976715072e6f7843f","poolType":"CURVE"}	{"lastPrice": "962671599402687534"}
{"blockNumber":20933984,"chainId":1,"poolAddress":"0x9429e06ffd09cf97007791b8bf3845171f1425e8","poolType":"CURVE"}	{"lastPrice": "956223628044645401"}
{"blockNumber":20939936,"chainId":1,"poolAddress":"0x08da2b1ea8f2098d44c8690ddadca3d816c7c0d5","poolType":"CURVE"}	{"lastPrice": "991220251045351823"}
{"blockNumber":20970655,"chainId":1,"poolAddress":"0x08da2b1ea8f2098d44c8690ddadca3d816c7c0d5","poolType":"CURVE"}	{"lastPrice": "989481120630352049"}
{"blockNumber":20971324,"chainId":1,"poolAddress":"0x08da2b1ea8f2098d44c8690ddadca3d816c7c0d5","poolType":"CURVE"}	{"lastPrice": "979904134627372173"}
{"blockNumber":20994579,"chainId":1,"poolAddress":"0x7a2517768a221b43a639f7f03a88074d9884b398","poolType":"CURVE"}	{"lastPrice": "964360173521285015"}
{"blockNumber":20994653,"chainId":1,"poolAddress":"0x7a2517768a221b43a639f7f03a88074d9884b398","poolType":"CURVE"}	{"lastPrice": "964389386184719867"}
{"blockNumber":21003217,"chainId":1,"poolAddress":"0x9ed7a47cdee1a197b338706145735b62778979cf","poolType":"CURVE"}	{"lastPrice": "657406005572683468"}
{"blockNumber":21005503,"chainId":1,"poolAddress":"0x7a2517768a221b43a639f7f03a88074d9884b398","poolType":"CURVE"}	{"lastPrice": "964389386184719867"}
{"blockNumber":21020692,"chainId":1,"poolAddress":"0x08da2b1ea8f2098d44c8690ddadca3d816c7c0d5","poolType":"CURVE"}	{"lastPrice": "982722222619704430"}
{"blockNumber":21020863,"chainId":1,"poolAddress":"0x7a2517768a221b43a639f7f03a88074d9884b398","poolType":"CURVE"}	{"lastPrice": "965463643005610489"}
{"blockNumber":21031405,"chainId":1,"poolAddress":"0x9ed7a47cdee1a197b338706145735b62778979cf","poolType":"CURVE"}	{"lastPrice": "657439533453376736"}
{"blockNumber":21037684,"chainId":1,"poolAddress":"0x9429e06ffd09cf97007791b8bf3845171f1425e8","poolType":"CURVE"}	{"lastPrice": "956086670142867231"}
{"blockNumber":21044260,"chainId":1,"poolAddress":"0x9429e06ffd09cf97007791b8bf3845171f1425e8","poolType":"CURVE"}	{"lastPrice": "953789014099512194"}
{"blockNumber":21045021,"chainId":1,"poolAddress":"0x7a2517768a221b43a639f7f03a88074d9884b398","poolType":"CURVE"}	{"lastPrice": "965669767943566965"}
{"blockNumber":21048124,"chainId":1,"poolAddress":"0x9429e06ffd09cf97007791b8bf3845171f1425e8","poolType":"CURVE"}	{"lastPrice": "955147880403792132"}
{"blockNumber":21065643,"chainId":1,"poolAddress":"0x588eab5777e51ece898bb71976715072e6f7843f","poolType":"CURVE"}	{"lastPrice": "962671599289467464"}
{"blockNumber":21071400,"chainId":1,"poolAddress":"0x9429e06ffd09cf97007791b8bf3845171f1425e8","poolType":"CURVE"}	{"lastPrice": "955147880403792132"}
{"blockNumber":21084583,"chainId":1,"poolAddress":"0x7a2517768a221b43a639f7f03a88074d9884b398","poolType":"CURVE"}	{"lastPrice": "967681421197528142"}
{"blockNumber":21084721,"chainId":1,"poolAddress":"0x7a2517768a221b43a639f7f03a88074d9884b398","poolType":"CURVE"}	{"lastPrice": "969224448091258214"}
{"blockNumber":21092400,"chainId":1,"poolAddress":"0x588eab5777e51ece898bb71976715072e6f7843f","poolType":"CURVE"}	{"lastPrice": "962671599289191690"}
{"blockNumber":21092439,"chainId":1,"poolAddress":"0x9429e06ffd09cf97007791b8bf3845171f1425e8","poolType":"CURVE"}	{"lastPrice": "954668291704955751"}
{"blockNumber":21094956,"chainId":1,"poolAddress":"0x588eab5777e51ece898bb71976715072e6f7843f","poolType":"CURVE"}	{"lastPrice": "962912419507397556"}
{"blockNumber":21095071,"chainId":1,"poolAddress":"0x9429e06ffd09cf97007791b8bf3845171f1425e8","poolType":"CURVE"}	{"lastPrice": "954646094594087631"}
{"blockNumber":21096615,"chainId":1,"poolAddress":"0x588eab5777e51ece898bb71976715072e6f7843f","poolType":"CURVE"}	{"lastPrice": "962671614400730017"}
{"blockNumber":21099181,"chainId":1,"poolAddress":"0x9429e06ffd09cf97007791b8bf3845171f1425e8","poolType":"CURVE"}	{"lastPrice": "955192847536895778"}
{"blockNumber":21099209,"chainId":1,"poolAddress":"0x9429e06ffd09cf97007791b8bf3845171f1425e8","poolType":"CURVE"}	{"lastPrice": "955198297055054012"}
{"blockNumber":21099378,"chainId":1,"poolAddress":"0x9429e06ffd09cf97007791b8bf3845171f1425e8","poolType":"CURVE"}	{"lastPrice": "955283490606441928"}
{"blockNumber":21099836,"chainId":1,"poolAddress":"0x9429e06ffd09cf97007791b8bf3845171f1425e8","poolType":"CURVE"}	{"lastPrice": "955657081955488998"}
{"blockNumber":21100171,"chainId":1,"poolAddress":"0x9429e06ffd09cf97007791b8bf3845171f1425e8","poolType":"CURVE"}	{"lastPrice": "955333063672511625"}
{"blockNumber":21102526,"chainId":1,"poolAddress":"0x588eab5777e51ece898bb71976715072e6f7843f","poolType":"CURVE"}	{"lastPrice": "962972499496031903"}
{"blockNumber":21102579,"chainId":1,"poolAddress":"0x9429e06ffd09cf97007791b8bf3845171f1425e8","poolType":"CURVE"}	{"lastPrice": "956282562511108641"}
{"blockNumber":21103525,"chainId":1,"poolAddress":"0x9429e06ffd09cf97007791b8bf3845171f1425e8","poolType":"CURVE"}	{"lastPrice": "956488773082300720"}
{"blockNumber":21106438,"chainId":1,"poolAddress":"0x9429e06ffd09cf97007791b8bf3845171f1425e8","poolType":"CURVE"}	{"lastPrice": "956678333101854735"}
{"blockNumber":21108721,"chainId":1,"poolAddress":"0x9429e06ffd09cf97007791b8bf3845171f1425e8","poolType":"CURVE"}	{"lastPrice": "956724352888152474"}
{"blockNumber":21108728,"chainId":1,"poolAddress":"0x9429e06ffd09cf97007791b8bf3845171f1425e8","poolType":"CURVE"}	{"lastPrice": "956713476258383537"}
{"blockNumber":21110156,"chainId":1,"poolAddress":"0x9429e06ffd09cf97007791b8bf3845171f1425e8","poolType":"CURVE"}	{"lastPrice": "958888117947604444"}
{"blockNumber":21117701,"chainId":1,"poolAddress":"0x6962e20fb648611801adee8c24af9f7fce2034a8","poolType":"CURVE"}	{"lastPrice": "915812455760332211"}
{"blockNumber":21118006,"chainId":1,"poolAddress":"0x92261c50c2ae3158368baeb3571fe66e24c8bf2c","poolType":"CURVE"}	{"lastPrice": "961986894065036179"}
{"blockNumber":21118461,"chainId":1,"poolAddress":"0x588eab5777e51ece898bb71976715072e6f7843f","poolType":"CURVE"}	{"lastPrice": "962990876255087644"}
{"blockNumber":21123670,"chainId":1,"poolAddress":"0x92261c50c2ae3158368baeb3571fe66e24c8bf2c","poolType":"CURVE"}	{"lastPrice": "961986894168129490"}
{"blockNumber":21123713,"chainId":1,"poolAddress":"0x92261c50c2ae3158368baeb3571fe66e24c8bf2c","poolType":"CURVE"}	{"lastPrice": "961986894168129490"}
{"blockNumber":21126274,"chainId":1,"poolAddress":"0x588eab5777e51ece898bb71976715072e6f7843f","poolType":"CURVE"}	{"lastPrice": "962762756144679926"}
{"blockNumber":21127885,"chainId":1,"poolAddress":"0x9429e06ffd09cf97007791b8bf3845171f1425e8","poolType":"CURVE"}	{"lastPrice": "958427307165141474"}
{"blockNumber":21133867,"chainId":1,"poolAddress":"0x92261c50c2ae3158368baeb3571fe66e24c8bf2c","poolType":"CURVE"}	{"lastPrice": "962286310307170709"}
{"blockNumber":21134113,"chainId":1,"poolAddress":"0x9429e06ffd09cf97007791b8bf3845171f1425e8","poolType":"CURVE"}	{"lastPrice": "958427307165141474"}
{"blockNumber":21134157,"chainId":1,"poolAddress":"0x9429e06ffd09cf97007791b8bf3845171f1425e8","poolType":"CURVE"}	{"lastPrice": "961903439217056679"}
{"blockNumber":21134198,"chainId":1,"poolAddress":"0x588eab5777e51ece898bb71976715072e6f7843f","poolType":"CURVE"}	{"lastPrice": "962553930604343000"}
{"blockNumber":21134274,"chainId":1,"poolAddress":"0x92261c50c2ae3158368baeb3571fe66e24c8bf2c","poolType":"CURVE"}	{"lastPrice": "962550041411895026"}
{"blockNumber":21135508,"chainId":1,"poolAddress":"0x588eab5777e51ece898bb71976715072e6f7843f","poolType":"CURVE"}	{"lastPrice": "962799125359772106"}
{"blockNumber":21135613,"chainId":1,"poolAddress":"0x92261c50c2ae3158368baeb3571fe66e24c8bf2c","poolType":"CURVE"}	{"lastPrice": "962050338424957402"}
{"blockNumber":21136134,"chainId":1,"poolAddress":"0x9429e06ffd09cf97007791b8bf3845171f1425e8","poolType":"CURVE"}	{"lastPrice": "970201725860241137"}
{"blockNumber":21139284,"chainId":1,"poolAddress":"0x08da2b1ea8f2098d44c8690ddadca3d816c7c0d5","poolType":"CURVE"}	{"lastPrice": "989343256248795211"}
{"blockNumber":21140108,"chainId":1,"poolAddress":"0x9429e06ffd09cf97007791b8bf3845171f1425e8","poolType":"CURVE"}	{"lastPrice": "969739964301152243"}
{"blockNumber":21142489,"chainId":1,"poolAddress":"0xc436c88130fc594ea993a32939e73e4fe9b0c610","poolType":"CURVE"}	{"lastPrice": "967098765647754151"}
{"blockNumber":21143471,"chainId":1,"poolAddress":"0x08da2b1ea8f2098d44c8690ddadca3d816c7c0d5","poolType":"CURVE"}	{"lastPrice": "988541258433592636"}
{"blockNumber":21143484,"chainId":1,"poolAddress":"0x08da2b1ea8f2098d44c8690ddadca3d816c7c0d5","poolType":"CURVE"}	{"lastPrice": "982996766557783755"}
{"blockNumber":21146201,"chainId":1,"poolAddress":"0x588eab5777e51ece898bb71976715072e6f7843f","poolType":"CURVE"}	{"lastPrice": "962997019881357869"}
{"blockNumber":21147321,"chainId":1,"poolAddress":"0x9429e06ffd09cf97007791b8bf3845171f1425e8","poolType":"CURVE"}	{"lastPrice": "972246387603023528"}
{"blockNumber":21149840,"chainId":1,"poolAddress":"0xc436c88130fc594ea993a32939e73e4fe9b0c610","poolType":"CURVE"}	{"lastPrice": "967098765647754151"}
{"blockNumber":21149851,"chainId":1,"poolAddress":"0xc436c88130fc594ea993a32939e73e4fe9b0c610","poolType":"CURVE"}	{"lastPrice": "967098461460302850"}
{"blockNumber":21156169,"chainId":1,"poolAddress":"0x588eab5777e51ece898bb71976715072e6f7843f","poolType":"CURVE"}	{"lastPrice": "963137089307651314"}
{"blockNumber":21156366,"chainId":1,"poolAddress":"0x588eab5777e51ece898bb71976715072e6f7843f","poolType":"CURVE"}	{"lastPrice": "963273499541670997"}
{"blockNumber":21165887,"chainId":1,"poolAddress":"0x9ed7a47cdee1a197b338706145735b62778979cf","poolType":"CURVE"}	{"lastPrice": "657439533453376736"}
{"blockNumber":21167796,"chainId":1,"poolAddress":"0x08da2b1ea8f2098d44c8690ddadca3d816c7c0d5","poolType":"CURVE"}	{"lastPrice": "983119911630990649"}
{"blockNumber":21172957,"chainId":1,"poolAddress":"0x9ed7a47cdee1a197b338706145735b62778979cf","poolType":"CURVE"}	{"lastPrice": "674087542103292913"}
{"blockNumber":21175685,"chainId":1,"poolAddress":"0x7a2517768a221b43a639f7f03a88074d9884b398","poolType":"CURVE"}	{"lastPrice": "966059356891229583"}
{"blockNumber":21184168,"chainId":1,"poolAddress":"0x7a2517768a221b43a639f7f03a88074d9884b398","poolType":"CURVE"}	{"lastPrice": "966059356891229583"}
{"blockNumber":21192319,"chainId":1,"poolAddress":"0x7a2517768a221b43a639f7f03a88074d9884b398","poolType":"CURVE"}	{"lastPrice": "966059356891229583"}
{"blockNumber":21192621,"chainId":1,"poolAddress":"0x9429e06ffd09cf97007791b8bf3845171f1425e8","poolType":"CURVE"}	{"lastPrice": "971771090805659214"}
{"blockNumber":21199157,"chainId":1,"poolAddress":"0x588eab5777e51ece898bb71976715072e6f7843f","poolType":"CURVE"}	{"lastPrice": "963425308487230019"}
{"blockNumber":21199458,"chainId":1,"poolAddress":"0x9429e06ffd09cf97007791b8bf3845171f1425e8","poolType":"CURVE"}	{"lastPrice": "971303015687058991"}
{"blockNumber":21199994,"chainId":1,"poolAddress":"0x7a2517768a221b43a639f7f03a88074d9884b398","poolType":"CURVE"}	{"lastPrice": "966059356891229583"}
{"blockNumber":21206386,"chainId":1,"poolAddress":"0x7a2517768a221b43a639f7f03a88074d9884b398","poolType":"CURVE"}	{"lastPrice": "966059356891229583"}
{"blockNumber":21206858,"chainId":1,"poolAddress":"0x7a2517768a221b43a639f7f03a88074d9884b398","poolType":"CURVE"}	{"lastPrice": "966059356891229583"}
{"blockNumber":21207699,"chainId":1,"poolAddress":"0x92261c50c2ae3158368baeb3571fe66e24c8bf2c","poolType":"CURVE"}	{"lastPrice": "961703661142426111"}
{"blockNumber":21214213,"chainId":1,"poolAddress":"0x9429e06ffd09cf97007791b8bf3845171f1425e8","poolType":"CURVE"}	{"lastPrice": "970827888374043240"}
{"blockNumber":21220838,"chainId":1,"poolAddress":"0xa2e24d08c2eccdd402db37c70d7b6e09c4b794b2","poolType":"CURVE"}	{"lastPrice": "976514408635334257"}
{"blockNumber":21233212,"chainId":1,"poolAddress":"0x588eab5777e51ece898bb71976715072e6f7843f","poolType":"CURVE"}	{"lastPrice": "962995097438720308"}
{"blockNumber":21233518,"chainId":1,"poolAddress":"0x9429e06ffd09cf97007791b8bf3845171f1425e8","poolType":"CURVE"}	{"lastPrice": "970648381171807748"}
{"blockNumber":21237131,"chainId":1,"poolAddress":"0x9429e06ffd09cf97007791b8bf3845171f1425e8","poolType":"CURVE"}	{"lastPrice": "970168142630662693"}
{"blockNumber":21248818,"chainId":1,"poolAddress":"0x588eab5777e51ece898bb71976715072e6f7843f","poolType":"CURVE"}	{"lastPrice": "963075983056178126"}
{"blockNumber":21262581,"chainId":1,"poolAddress":"0x588eab5777e51ece898bb71976715072e6f7843f","poolType":"CURVE"}	{"lastPrice": "963695408095270503"}
{"blockNumber":21262763,"chainId":1,"poolAddress":"0x08da2b1ea8f2098d44c8690ddadca3d816c7c0d5","poolType":"CURVE"}	{"lastPrice": "983222958930467751"}
{"blockNumber":21264452,"chainId":1,"poolAddress":"0x9429e06ffd09cf97007791b8bf3845171f1425e8","poolType":"CURVE"}	{"lastPrice": "969694390856769159"}
{"blockNumber":21264471,"chainId":1,"poolAddress":"0x9429e06ffd09cf97007791b8bf3845171f1425e8","poolType":"CURVE"}	{"lastPrice": "969219427440509812"}
{"blockNumber":21354103,"chainId":1,"poolAddress":"0x0d89f4583a6b5eceb76551d573ad49cd435f6064","poolType":"CURVE"}	{"lastPrice": "877955852246796418"}
{"blockNumber":21339112,"chainId":1,"poolAddress":"0x0d89f4583a6b5eceb76551d573ad49cd435f6064","poolType":"CURVE"}	{"lastPrice": "866213111783065037"}
{"blockNumber":21342981,"chainId":1,"poolAddress":"0x0d89f4583a6b5eceb76551d573ad49cd435f6064","poolType":"CURVE"}	{"lastPrice": "891720632612831044"}
{"blockNumber":21354392,"chainId":1,"poolAddress":"0x0d89f4583a6b5eceb76551d573ad49cd435f6064","poolType":"CURVE"}	{"lastPrice": "878116581622925274"}
{"blockNumber":21360765,"chainId":1,"poolAddress":"0x0d89f4583a6b5eceb76551d573ad49cd435f6064","poolType":"CURVE"}	{"lastPrice": "892248904892963742"}
{"blockNumber":21369330,"chainId":1,"poolAddress":"0x0d89f4583a6b5eceb76551d573ad49cd435f6064","poolType":"CURVE"}	{"lastPrice": "883795830810263296"}
{"blockNumber":21369937,"chainId":1,"poolAddress":"0x0d89f4583a6b5eceb76551d573ad49cd435f6064","poolType":"CURVE"}	{"lastPrice": "883846912749664685"}
{"blockNumber":21398667,"chainId":1,"poolAddress":"0x0d89f4583a6b5eceb76551d573ad49cd435f6064","poolType":"CURVE"}	{"lastPrice": "879759006008805753"}
{"blockNumber":21380457,"chainId":1,"poolAddress":"0x0d89f4583a6b5eceb76551d573ad49cd435f6064","poolType":"CURVE"}	{"lastPrice": "887818634488688707"}
{"blockNumber":21382415,"chainId":1,"poolAddress":"0x0d89f4583a6b5eceb76551d573ad49cd435f6064","poolType":"CURVE"}	{"lastPrice": "887075875576278739"}
{"blockNumber":21382536,"chainId":1,"poolAddress":"0x0d89f4583a6b5eceb76551d573ad49cd435f6064","poolType":"CURVE"}	{"lastPrice": "886684017633807699"}
{"blockNumber":21398277,"chainId":1,"poolAddress":"0x0d89f4583a6b5eceb76551d573ad49cd435f6064","poolType":"CURVE"}	{"lastPrice": "878184769758222475"}
{"blockNumber":21383548,"chainId":1,"poolAddress":"0x0d89f4583a6b5eceb76551d573ad49cd435f6064","poolType":"CURVE"}	{"lastPrice": "886395842286066898"}
{"blockNumber":21383949,"chainId":1,"poolAddress":"0x0d89f4583a6b5eceb76551d573ad49cd435f6064","poolType":"CURVE"}	{"lastPrice": "885966735792048295"}
{"blockNumber":21408608,"chainId":1,"poolAddress":"0x0d89f4583a6b5eceb76551d573ad49cd435f6064","poolType":"CURVE"}	{"lastPrice": "871125943009770751"}
{"blockNumber":21384499,"chainId":1,"poolAddress":"0x0d89f4583a6b5eceb76551d573ad49cd435f6064","poolType":"CURVE"}	{"lastPrice": "885291691513650192"}
{"blockNumber":21399009,"chainId":1,"poolAddress":"0x0d89f4583a6b5eceb76551d573ad49cd435f6064","poolType":"CURVE"}	{"lastPrice": "878378698102028272"}
{"blockNumber":21399555,"chainId":1,"poolAddress":"0x0d89f4583a6b5eceb76551d573ad49cd435f6064","poolType":"CURVE"}	{"lastPrice": "877045544446705158"}
{"blockNumber":21402756,"chainId":1,"poolAddress":"0x0d89f4583a6b5eceb76551d573ad49cd435f6064","poolType":"CURVE"}	{"lastPrice": "890853337983663765"}
{"blockNumber":21405939,"chainId":1,"poolAddress":"0x0d89f4583a6b5eceb76551d573ad49cd435f6064","poolType":"CURVE"}	{"lastPrice": "882226327906461177"}
{"blockNumber":21402783,"chainId":1,"poolAddress":"0x0d89f4583a6b5eceb76551d573ad49cd435f6064","poolType":"CURVE"}	{"lastPrice": "890830952151091011"}
{"blockNumber":21406982,"chainId":1,"poolAddress":"0x0d89f4583a6b5eceb76551d573ad49cd435f6064","poolType":"CURVE"}	{"lastPrice": "880855723160882128"}
{"blockNumber":21407196,"chainId":1,"poolAddress":"0x0d89f4583a6b5eceb76551d573ad49cd435f6064","poolType":"CURVE"}	{"lastPrice": "882088330305101834"}
{"blockNumber":21407561,"chainId":1,"poolAddress":"0x0d89f4583a6b5eceb76551d573ad49cd435f6064","poolType":"CURVE"}	{"lastPrice": "878326389844021440"}
{"blockNumber":21407794,"chainId":1,"poolAddress":"0x0d89f4583a6b5eceb76551d573ad49cd435f6064","poolType":"CURVE"}	{"lastPrice": "878010599969716327"}
{"blockNumber":21407795,"chainId":1,"poolAddress":"0x0d89f4583a6b5eceb76551d573ad49cd435f6064","poolType":"CURVE"}	{"lastPrice": "877991804626442216"}
{"blockNumber":21408942,"chainId":1,"poolAddress":"0x0d89f4583a6b5eceb76551d573ad49cd435f6064","poolType":"CURVE"}	{"lastPrice": "872935255202369753"}
{"blockNumber":21319028,"chainId":1,"poolAddress":"0x1c4d2495f1b9f325cb72c1af0db29985239c68ad","poolType":"CURVE"}	{"lastPrice": "926155747241024911"}
{"blockNumber":21265015,"chainId":1,"poolAddress":"0x9429e06ffd09cf97007791b8bf3845171f1425e8","poolType":"CURVE"}	{"lastPrice": "968744954581392868"}
{"blockNumber":21356786,"chainId":1,"poolAddress":"0x9429e06ffd09cf97007791b8bf3845171f1425e8","poolType":"CURVE"}	{"lastPrice": "964519310658082968"}
{"blockNumber":21269926,"chainId":1,"poolAddress":"0x9429e06ffd09cf97007791b8bf3845171f1425e8","poolType":"CURVE"}	{"lastPrice": "968271835744020941"}
{"blockNumber":21271911,"chainId":1,"poolAddress":"0x9429e06ffd09cf97007791b8bf3845171f1425e8","poolType":"CURVE"}	{"lastPrice": "968420548100198028"}
{"blockNumber":21269946,"chainId":1,"poolAddress":"0x9429e06ffd09cf97007791b8bf3845171f1425e8","poolType":"CURVE"}	{"lastPrice": "969878387529934305"}
{"blockNumber":21286160,"chainId":1,"poolAddress":"0x9429e06ffd09cf97007791b8bf3845171f1425e8","poolType":"CURVE"}	{"lastPrice": "967908440203325035"}
{"blockNumber":21350487,"chainId":1,"poolAddress":"0x9429e06ffd09cf97007791b8bf3845171f1425e8","poolType":"CURVE"}	{"lastPrice": "964718199272680804"}
{"blockNumber":21378263,"chainId":1,"poolAddress":"0x9429e06ffd09cf97007791b8bf3845171f1425e8","poolType":"CURVE"}	{"lastPrice": "965894345142256169"}
{"blockNumber":21395916,"chainId":1,"poolAddress":"0x9429e06ffd09cf97007791b8bf3845171f1425e8","poolType":"CURVE"}	{"lastPrice": "965416436614214595"}
{"blockNumber":21343628,"chainId":1,"poolAddress":"0xd527aed4030c5034825a69a7aebf7ec241aac024","poolType":"CURVE"}	{"lastPrice": "941047545897170186"}
{"blockNumber":21360854,"chainId":1,"poolAddress":"0x588eab5777e51ece898bb71976715072e6f7843f","poolType":"CURVE"}	{"lastPrice": "973890769382081413"}
{"blockNumber":21314593,"chainId":1,"poolAddress":"0x0d89f4583a6b5eceb76551d573ad49cd435f6064","poolType":"CURVE"}	{"lastPrice": "899543926008555793"}
{"blockNumber":21349921,"chainId":1,"poolAddress":"0x0d89f4583a6b5eceb76551d573ad49cd435f6064","poolType":"CURVE"}	{"lastPrice": "880548579612563557"}
{"blockNumber":21359741,"chainId":1,"poolAddress":"0x0d89f4583a6b5eceb76551d573ad49cd435f6064","poolType":"CURVE"}	{"lastPrice": "882258441470980418"}
{"blockNumber":21359850,"chainId":1,"poolAddress":"0x0d89f4583a6b5eceb76551d573ad49cd435f6064","poolType":"CURVE"}	{"lastPrice": "882371050732423228"}
{"blockNumber":21363908,"chainId":1,"poolAddress":"0x0d89f4583a6b5eceb76551d573ad49cd435f6064","poolType":"CURVE"}	{"lastPrice": "883409150987896555"}
{"blockNumber":21277571,"chainId":1,"poolAddress":"0x9429e06ffd09cf97007791b8bf3845171f1425e8","poolType":"CURVE"}	{"lastPrice": "968382637787343167"}
{"blockNumber":21288571,"chainId":1,"poolAddress":"0x9429e06ffd09cf97007791b8bf3845171f1425e8","poolType":"CURVE"}	{"lastPrice": "968059608264641264"}
{"blockNumber":21338446,"chainId":1,"poolAddress":"0x9429e06ffd09cf97007791b8bf3845171f1425e8","poolType":"CURVE"}	{"lastPrice": "965065312368334362"}
{"blockNumber":21319282,"chainId":1,"poolAddress":"0x9429e06ffd09cf97007791b8bf3845171f1425e8","poolType":"CURVE"}	{"lastPrice": "966011250369695619"}
{"blockNumber":21326443,"chainId":1,"poolAddress":"0x9429e06ffd09cf97007791b8bf3845171f1425e8","poolType":"CURVE"}	{"lastPrice": "965538511376341834"}
{"blockNumber":21356140,"chainId":1,"poolAddress":"0x9429e06ffd09cf97007791b8bf3845171f1425e8","poolType":"CURVE"}	{"lastPrice": "964556421301117046"}
{"blockNumber":21400334,"chainId":1,"poolAddress":"0x9429e06ffd09cf97007791b8bf3845171f1425e8","poolType":"CURVE"}	{"lastPrice": "964789646025783095"}
{"blockNumber":21339926,"chainId":1,"poolAddress":"0x588eab5777e51ece898bb71976715072e6f7843f","poolType":"CURVE"}	{"lastPrice": "969289449652802330"}
{"blockNumber":21392354,"chainId":1,"poolAddress":"0x588eab5777e51ece898bb71976715072e6f7843f","poolType":"CURVE"}	{"lastPrice": "973702305075017220"}
{"blockNumber":21305289,"chainId":1,"poolAddress":"0x0d89f4583a6b5eceb76551d573ad49cd435f6064","poolType":"CURVE"}	{"lastPrice": "899044219874113351"}
{"blockNumber":21305314,"chainId":1,"poolAddress":"0x0d89f4583a6b5eceb76551d573ad49cd435f6064","poolType":"CURVE"}	{"lastPrice": "899414056445660451"}
{"blockNumber":21352304,"chainId":1,"poolAddress":"0x0d89f4583a6b5eceb76551d573ad49cd435f6064","poolType":"CURVE"}	{"lastPrice": "885607334926686157"}
{"blockNumber":21370830,"chainId":1,"poolAddress":"0x0d89f4583a6b5eceb76551d573ad49cd435f6064","poolType":"CURVE"}	{"lastPrice": "887712773112398323"}
{"blockNumber":21385378,"chainId":1,"poolAddress":"0x0d89f4583a6b5eceb76551d573ad49cd435f6064","poolType":"CURVE"}	{"lastPrice": "884577739843629880"}
{"blockNumber":21406268,"chainId":1,"poolAddress":"0x0d89f4583a6b5eceb76551d573ad49cd435f6064","poolType":"CURVE"}	{"lastPrice": "882135883652886439"}
{"blockNumber":21264516,"chainId":1,"poolAddress":"0x7a2517768a221b43a639f7f03a88074d9884b398","poolType":"CURVE"}	{"lastPrice": "966059356891229583"}
{"blockNumber":21349086,"chainId":1,"poolAddress":"0x7a2517768a221b43a639f7f03a88074d9884b398","poolType":"CURVE"}	{"lastPrice": "966059356891229583"}
{"blockNumber":21264952,"chainId":1,"poolAddress":"0xe7ad3016d46e538c9ca87e5071c561a73ed1c98c","poolType":"CURVE"}	{"lastPrice": "988843651259417269"}
{"blockNumber":21265852,"chainId":1,"poolAddress":"0xe7ad3016d46e538c9ca87e5071c561a73ed1c98c","poolType":"CURVE"}	{"lastPrice": "988843651259417269"}
{"blockNumber":21266498,"chainId":1,"poolAddress":"0xe7ad3016d46e538c9ca87e5071c561a73ed1c98c","poolType":"CURVE"}	{"lastPrice": "988843651259417269"}
{"blockNumber":21267180,"chainId":1,"poolAddress":"0xe7ad3016d46e538c9ca87e5071c561a73ed1c98c","poolType":"CURVE"}	{"lastPrice": "988843651259417269"}
{"blockNumber":21268750,"chainId":1,"poolAddress":"0xe7ad3016d46e538c9ca87e5071c561a73ed1c98c","poolType":"CURVE"}	{"lastPrice": "988843651259417269"}
{"blockNumber":21341894,"chainId":1,"poolAddress":"0xe7ad3016d46e538c9ca87e5071c561a73ed1c98c","poolType":"CURVE"}	{"lastPrice": "988843651259417269"}
{"blockNumber":21269897,"chainId":1,"poolAddress":"0xe7ad3016d46e538c9ca87e5071c561a73ed1c98c","poolType":"CURVE"}	{"lastPrice": "988843651259417269"}
{"blockNumber":21274459,"chainId":1,"poolAddress":"0xe7ad3016d46e538c9ca87e5071c561a73ed1c98c","poolType":"CURVE"}	{"lastPrice": "988843651259417269"}
{"blockNumber":21275132,"chainId":1,"poolAddress":"0xe7ad3016d46e538c9ca87e5071c561a73ed1c98c","poolType":"CURVE"}	{"lastPrice": "988843651259417269"}
{"blockNumber":21278220,"chainId":1,"poolAddress":"0xe7ad3016d46e538c9ca87e5071c561a73ed1c98c","poolType":"CURVE"}	{"lastPrice": "988843651259417269"}
{"blockNumber":21283530,"chainId":1,"poolAddress":"0xe7ad3016d46e538c9ca87e5071c561a73ed1c98c","poolType":"CURVE"}	{"lastPrice": "988843651259417269"}
{"blockNumber":21284509,"chainId":1,"poolAddress":"0xe7ad3016d46e538c9ca87e5071c561a73ed1c98c","poolType":"CURVE"}	{"lastPrice": "988843651259417269"}
{"blockNumber":21284716,"chainId":1,"poolAddress":"0xe7ad3016d46e538c9ca87e5071c561a73ed1c98c","poolType":"CURVE"}	{"lastPrice": "988843651259417269"}
{"blockNumber":21284854,"chainId":1,"poolAddress":"0xe7ad3016d46e538c9ca87e5071c561a73ed1c98c","poolType":"CURVE"}	{"lastPrice": "988843651259417269"}
{"blockNumber":21286035,"chainId":1,"poolAddress":"0xe7ad3016d46e538c9ca87e5071c561a73ed1c98c","poolType":"CURVE"}	{"lastPrice": "988843651259417269"}
{"blockNumber":21286075,"chainId":1,"poolAddress":"0xe7ad3016d46e538c9ca87e5071c561a73ed1c98c","poolType":"CURVE"}	{"lastPrice": "988843651259417269"}
{"blockNumber":21286647,"chainId":1,"poolAddress":"0xe7ad3016d46e538c9ca87e5071c561a73ed1c98c","poolType":"CURVE"}	{"lastPrice": "988843651259417269"}
{"blockNumber":21286887,"chainId":1,"poolAddress":"0xe7ad3016d46e538c9ca87e5071c561a73ed1c98c","poolType":"CURVE"}	{"lastPrice": "988843651259417269"}
{"blockNumber":21287006,"chainId":1,"poolAddress":"0xe7ad3016d46e538c9ca87e5071c561a73ed1c98c","poolType":"CURVE"}	{"lastPrice": "988843651259417269"}
{"blockNumber":21287834,"chainId":1,"poolAddress":"0xe7ad3016d46e538c9ca87e5071c561a73ed1c98c","poolType":"CURVE"}	{"lastPrice": "988843651259417269"}
{"blockNumber":21293017,"chainId":1,"poolAddress":"0xe7ad3016d46e538c9ca87e5071c561a73ed1c98c","poolType":"CURVE"}	{"lastPrice": "988843651259417269"}
{"blockNumber":21297120,"chainId":1,"poolAddress":"0xe7ad3016d46e538c9ca87e5071c561a73ed1c98c","poolType":"CURVE"}	{"lastPrice": "988843651259417269"}
{"blockNumber":21321922,"chainId":1,"poolAddress":"0xe7ad3016d46e538c9ca87e5071c561a73ed1c98c","poolType":"CURVE"}	{"lastPrice": "988843651259417269"}
{"blockNumber":21378166,"chainId":1,"poolAddress":"0xe7ad3016d46e538c9ca87e5071c561a73ed1c98c","poolType":"CURVE"}	{"lastPrice": "988843651259417269"}
{"blockNumber":21385712,"chainId":1,"poolAddress":"0xe7ad3016d46e538c9ca87e5071c561a73ed1c98c","poolType":"CURVE"}	{"lastPrice": "988843651259417269"}
{"blockNumber":21399017,"chainId":1,"poolAddress":"0x9429e06ffd09cf97007791b8bf3845171f1425e8","poolType":"CURVE"}	{"lastPrice": "963969362699983287"}
{"blockNumber":21270925,"chainId":1,"poolAddress":"0x9429e06ffd09cf97007791b8bf3845171f1425e8","poolType":"CURVE"}	{"lastPrice": "967470207450051132"}
{"blockNumber":21287693,"chainId":1,"poolAddress":"0x9429e06ffd09cf97007791b8bf3845171f1425e8","poolType":"CURVE"}	{"lastPrice": "967908440203325035"}
{"blockNumber":21400995,"chainId":1,"poolAddress":"0x9429e06ffd09cf97007791b8bf3845171f1425e8","poolType":"CURVE"}	{"lastPrice": "962856421966820151"}
{"blockNumber":21313769,"chainId":1,"poolAddress":"0x9429e06ffd09cf97007791b8bf3845171f1425e8","poolType":"CURVE"}	{"lastPrice": "968059608264641264"}
{"blockNumber":21379794,"chainId":1,"poolAddress":"0xc63dff67fe1b63004ab6c773022ba06847c11335","poolType":"CURVE"}	{"lastPrice": "674299772704836317"}
{"blockNumber":21398983,"chainId":1,"poolAddress":"0xc63dff67fe1b63004ab6c773022ba06847c11335","poolType":"CURVE"}	{"lastPrice": "674299772704836317"}
{"blockNumber":21312985,"chainId":1,"poolAddress":"0xc63dff67fe1b63004ab6c773022ba06847c11335","poolType":"CURVE"}	{"lastPrice": "668801261944404139"}
{"blockNumber":21335411,"chainId":1,"poolAddress":"0xc63dff67fe1b63004ab6c773022ba06847c11335","poolType":"CURVE"}	{"lastPrice": "668801261944404139"}
{"blockNumber":21336762,"chainId":1,"poolAddress":"0xc63dff67fe1b63004ab6c773022ba06847c11335","poolType":"CURVE"}	{"lastPrice": "668801261944404139"}
{"blockNumber":21340527,"chainId":1,"poolAddress":"0xc63dff67fe1b63004ab6c773022ba06847c11335","poolType":"CURVE"}	{"lastPrice": "668801261944404139"}
{"blockNumber":21344916,"chainId":1,"poolAddress":"0xc63dff67fe1b63004ab6c773022ba06847c11335","poolType":"CURVE"}	{"lastPrice": "674299772704836317"}
{"blockNumber":21407279,"chainId":1,"poolAddress":"0xc63dff67fe1b63004ab6c773022ba06847c11335","poolType":"CURVE"}	{"lastPrice": "674299772704836317"}
{"blockNumber":21384589,"chainId":1,"poolAddress":"0xc63dff67fe1b63004ab6c773022ba06847c11335","poolType":"CURVE"}	{"lastPrice": "674299772704836317"}
{"blockNumber":21385022,"chainId":1,"poolAddress":"0xc63dff67fe1b63004ab6c773022ba06847c11335","poolType":"CURVE"}	{"lastPrice": "674299772704836317"}
{"blockNumber":21385704,"chainId":1,"poolAddress":"0xc63dff67fe1b63004ab6c773022ba06847c11335","poolType":"CURVE"}	{"lastPrice": "674299772704836317"}
{"blockNumber":21391779,"chainId":1,"poolAddress":"0xc63dff67fe1b63004ab6c773022ba06847c11335","poolType":"CURVE"}	{"lastPrice": "674299772704836317"}
{"blockNumber":21392118,"chainId":1,"poolAddress":"0xc63dff67fe1b63004ab6c773022ba06847c11335","poolType":"CURVE"}	{"lastPrice": "674299772704836317"}
{"blockNumber":21392591,"chainId":1,"poolAddress":"0xc63dff67fe1b63004ab6c773022ba06847c11335","poolType":"CURVE"}	{"lastPrice": "674299772704836317"}
{"blockNumber":21393081,"chainId":1,"poolAddress":"0xc63dff67fe1b63004ab6c773022ba06847c11335","poolType":"CURVE"}	{"lastPrice": "674299772704836317"}
{"blockNumber":21399202,"chainId":1,"poolAddress":"0xc63dff67fe1b63004ab6c773022ba06847c11335","poolType":"CURVE"}	{"lastPrice": "674299772704836317"}
{"blockNumber":21402870,"chainId":1,"poolAddress":"0xc63dff67fe1b63004ab6c773022ba06847c11335","poolType":"CURVE"}	{"lastPrice": "674299772704836317"}
{"blockNumber":21408595,"chainId":1,"poolAddress":"0xc63dff67fe1b63004ab6c773022ba06847c11335","poolType":"CURVE"}	{"lastPrice": "674299772704836317"}
{"blockNumber":21328209,"chainId":1,"poolAddress":"0xb09fc8bbdcc8dc9d8b3775132c52fcebf1c7dbb3","poolType":"CURVE"}	{"lastPrice": "984344271545080244"}
{"blockNumber":21283662,"chainId":1,"poolAddress":"0xb09fc8bbdcc8dc9d8b3775132c52fcebf1c7dbb3","poolType":"CURVE"}	{"lastPrice": "984344271545080244"}
{"blockNumber":21284191,"chainId":1,"poolAddress":"0xb09fc8bbdcc8dc9d8b3775132c52fcebf1c7dbb3","poolType":"CURVE"}	{"lastPrice": "984344271545080244"}
{"blockNumber":21284445,"chainId":1,"poolAddress":"0xb09fc8bbdcc8dc9d8b3775132c52fcebf1c7dbb3","poolType":"CURVE"}	{"lastPrice": "984344271545080244"}
{"blockNumber":21285708,"chainId":1,"poolAddress":"0xb09fc8bbdcc8dc9d8b3775132c52fcebf1c7dbb3","poolType":"CURVE"}	{"lastPrice": "984344271545080244"}
{"blockNumber":21286619,"chainId":1,"poolAddress":"0xb09fc8bbdcc8dc9d8b3775132c52fcebf1c7dbb3","poolType":"CURVE"}	{"lastPrice": "984344271545080244"}
{"blockNumber":21289927,"chainId":1,"poolAddress":"0xb09fc8bbdcc8dc9d8b3775132c52fcebf1c7dbb3","poolType":"CURVE"}	{"lastPrice": "984344271545080244"}
{"blockNumber":21297757,"chainId":1,"poolAddress":"0xb09fc8bbdcc8dc9d8b3775132c52fcebf1c7dbb3","poolType":"CURVE"}	{"lastPrice": "984344271545080244"}
{"blockNumber":21297932,"chainId":1,"poolAddress":"0xb09fc8bbdcc8dc9d8b3775132c52fcebf1c7dbb3","poolType":"CURVE"}	{"lastPrice": "984344271545080244"}
{"blockNumber":21299993,"chainId":1,"poolAddress":"0xb09fc8bbdcc8dc9d8b3775132c52fcebf1c7dbb3","poolType":"CURVE"}	{"lastPrice": "984344271545080244"}
{"blockNumber":21306125,"chainId":1,"poolAddress":"0xb09fc8bbdcc8dc9d8b3775132c52fcebf1c7dbb3","poolType":"CURVE"}	{"lastPrice": "984344271545080244"}
{"blockNumber":21306511,"chainId":1,"poolAddress":"0xb09fc8bbdcc8dc9d8b3775132c52fcebf1c7dbb3","poolType":"CURVE"}	{"lastPrice": "984344271545080244"}
{"blockNumber":21312450,"chainId":1,"poolAddress":"0xb09fc8bbdcc8dc9d8b3775132c52fcebf1c7dbb3","poolType":"CURVE"}	{"lastPrice": "984344271545080244"}
{"blockNumber":21313067,"chainId":1,"poolAddress":"0xb09fc8bbdcc8dc9d8b3775132c52fcebf1c7dbb3","poolType":"CURVE"}	{"lastPrice": "984344271545080244"}
{"blockNumber":21340379,"chainId":1,"poolAddress":"0xb09fc8bbdcc8dc9d8b3775132c52fcebf1c7dbb3","poolType":"CURVE"}	{"lastPrice": "984344271545080244"}
{"blockNumber":21347605,"chainId":1,"poolAddress":"0xb09fc8bbdcc8dc9d8b3775132c52fcebf1c7dbb3","poolType":"CURVE"}	{"lastPrice": "984344271545080244"}
{"blockNumber":21355801,"chainId":1,"poolAddress":"0xb09fc8bbdcc8dc9d8b3775132c52fcebf1c7dbb3","poolType":"CURVE"}	{"lastPrice": "984344271545080244"}
{"blockNumber":21355947,"chainId":1,"poolAddress":"0xb09fc8bbdcc8dc9d8b3775132c52fcebf1c7dbb3","poolType":"CURVE"}	{"lastPrice": "984344271545080244"}
{"blockNumber":21358609,"chainId":1,"poolAddress":"0xb09fc8bbdcc8dc9d8b3775132c52fcebf1c7dbb3","poolType":"CURVE"}	{"lastPrice": "984344271545080244"}
{"blockNumber":21362708,"chainId":1,"poolAddress":"0xb09fc8bbdcc8dc9d8b3775132c52fcebf1c7dbb3","poolType":"CURVE"}	{"lastPrice": "984344271545080244"}
{"blockNumber":21280424,"chainId":1,"poolAddress":"0x0d89f4583a6b5eceb76551d573ad49cd435f6064","poolType":"CURVE"}	{"lastPrice": "893474289904317407"}
{"blockNumber":21362253,"chainId":1,"poolAddress":"0xc6e949f57d365fb73015d21a2d1a9da93e938d52","poolType":"CURVE"}	{"lastPrice": "874656562340610697"}
{"blockNumber":21336086,"chainId":1,"poolAddress":"0xc6e949f57d365fb73015d21a2d1a9da93e938d52","poolType":"CURVE"}	{"lastPrice": "874656562340610697"}
{"blockNumber":21307593,"chainId":1,"poolAddress":"0xdce8dfa05f9af2c16793f6b8e77597b7b7bf0c50","poolType":"CURVE"}	{"lastPrice": "991611747591902983"}
{"blockNumber":21318927,"chainId":1,"poolAddress":"0x1c4d2495f1b9f325cb72c1af0db29985239c68ad","poolType":"CURVE"}	{"lastPrice": "966869888210159594"}
{"blockNumber":21321335,"chainId":1,"poolAddress":"0x1c4d2495f1b9f325cb72c1af0db29985239c68ad","poolType":"CURVE"}	{"lastPrice": "926155747241024911"}
{"blockNumber":21341006,"chainId":1,"poolAddress":"0x1c4d2495f1b9f325cb72c1af0db29985239c68ad","poolType":"CURVE"}	{"lastPrice": "926155747241024911"}
{"blockNumber":21356642,"chainId":1,"poolAddress":"0x1c4d2495f1b9f325cb72c1af0db29985239c68ad","poolType":"CURVE"}	{"lastPrice": "937799734160712986"}
{"blockNumber":21406898,"chainId":1,"poolAddress":"0x1c4d2495f1b9f325cb72c1af0db29985239c68ad","poolType":"CURVE"}	{"lastPrice": "917983577460853811"}
{"blockNumber":21332639,"chainId":1,"poolAddress":"0x952ac974ff2f3ee5c05534961b661fe70fd38b8a","poolType":"CURVE"}	{"lastPrice": "983656990880291704"}
{"blockNumber":21397711,"chainId":1,"poolAddress":"0x9ed7a47cdee1a197b338706145735b62778979cf","poolType":"CURVE"}	{"lastPrice": "674087542103292913"}
{"blockNumber":21402164,"chainId":1,"poolAddress":"0x9ed7a47cdee1a197b338706145735b62778979cf","poolType":"CURVE"}	{"lastPrice": "673482380548954541"}
{"blockNumber":21320940,"chainId":1,"poolAddress":"0x614e842ef4b9a1bbed7fba7a333a3959c0ee1161","poolType":"CURVE"}	{"lastPrice": "973512398538278645"}
{"blockNumber":21269801,"chainId":1,"poolAddress":"0x588eab5777e51ece898bb71976715072e6f7843f","poolType":"CURVE"}	{"lastPrice": "964537741689932671"}
{"blockNumber":21279592,"chainId":1,"poolAddress":"0x0d89f4583a6b5eceb76551d573ad49cd435f6064","poolType":"CURVE"}	{"lastPrice": "896690881073797094"}
{"blockNumber":21349358,"chainId":1,"poolAddress":"0x0d89f4583a6b5eceb76551d573ad49cd435f6064","poolType":"CURVE"}	{"lastPrice": "876454730469860666"}
{"blockNumber":21322140,"chainId":1,"poolAddress":"0x0d89f4583a6b5eceb76551d573ad49cd435f6064","poolType":"CURVE"}	{"lastPrice": "903080832280162849"}
{"blockNumber":21352672,"chainId":1,"poolAddress":"0x0d89f4583a6b5eceb76551d573ad49cd435f6064","poolType":"CURVE"}	{"lastPrice": "884566340002439678"}
{"blockNumber":21356351,"chainId":1,"poolAddress":"0x0d89f4583a6b5eceb76551d573ad49cd435f6064","poolType":"CURVE"}	{"lastPrice": "872130481489776455"}
{"blockNumber":21292167,"chainId":1,"poolAddress":"0x0d89f4583a6b5eceb76551d573ad49cd435f6064","poolType":"CURVE"}	{"lastPrice": "896436759278567916"}
{"blockNumber":21304836,"chainId":1,"poolAddress":"0x0d89f4583a6b5eceb76551d573ad49cd435f6064","poolType":"CURVE"}	{"lastPrice": "900513464606957245"}
{"blockNumber":21321849,"chainId":1,"poolAddress":"0x0d89f4583a6b5eceb76551d573ad49cd435f6064","poolType":"CURVE"}	{"lastPrice": "901529538447205719"}
{"blockNumber":21408708,"chainId":1,"poolAddress":"0x0d89f4583a6b5eceb76551d573ad49cd435f6064","poolType":"CURVE"}	{"lastPrice": "872247565999569704"}
{"blockNumber":21338354,"chainId":1,"poolAddress":"0x0d89f4583a6b5eceb76551d573ad49cd435f6064","poolType":"CURVE"}	{"lastPrice": "864215684827343833"}
{"blockNumber":21350180,"chainId":1,"poolAddress":"0x0d89f4583a6b5eceb76551d573ad49cd435f6064","poolType":"CURVE"}	{"lastPrice": "777275090378771114"}
{"blockNumber":21350229,"chainId":1,"poolAddress":"0x0d89f4583a6b5eceb76551d573ad49cd435f6064","poolType":"CURVE"}	{"lastPrice": "813685680866776230"}
{"blockNumber":21339692,"chainId":1,"poolAddress":"0x0d89f4583a6b5eceb76551d573ad49cd435f6064","poolType":"CURVE"}	{"lastPrice": "877266232443377382"}
{"blockNumber":21350828,"chainId":1,"poolAddress":"0x0d89f4583a6b5eceb76551d573ad49cd435f6064","poolType":"CURVE"}	{"lastPrice": "867399619511927704"}
{"blockNumber":21351346,"chainId":1,"poolAddress":"0x0d89f4583a6b5eceb76551d573ad49cd435f6064","poolType":"CURVE"}	{"lastPrice": "862824530978065963"}
{"blockNumber":21349754,"chainId":1,"poolAddress":"0x0d89f4583a6b5eceb76551d573ad49cd435f6064","poolType":"CURVE"}	{"lastPrice": "871841832814719586"}
{"blockNumber":21407372,"chainId":1,"poolAddress":"0x0d89f4583a6b5eceb76551d573ad49cd435f6064","poolType":"CURVE"}	{"lastPrice": "881038243261079572"}
{"blockNumber":21401216,"chainId":1,"poolAddress":"0x0d89f4583a6b5eceb76551d573ad49cd435f6064","poolType":"CURVE"}	{"lastPrice": "876912055948529462"}
{"blockNumber":21366748,"chainId":1,"poolAddress":"0x0d89f4583a6b5eceb76551d573ad49cd435f6064","poolType":"CURVE"}	{"lastPrice": "879703595312639627"}
{"blockNumber":21399863,"chainId":1,"poolAddress":"0x0d89f4583a6b5eceb76551d573ad49cd435f6064","poolType":"CURVE"}	{"lastPrice": "877872743149610648"}
{"blockNumber":21408674,"chainId":1,"poolAddress":"0x0d89f4583a6b5eceb76551d573ad49cd435f6064","poolType":"CURVE"}	{"lastPrice": "871782421080707746"}
{"blockNumber":21408787,"chainId":1,"poolAddress":"0x0d89f4583a6b5eceb76551d573ad49cd435f6064","poolType":"CURVE"}	{"lastPrice": "874608183603661544"}
{"blockNumber":21362936,"chainId":1,"poolAddress":"0xc6e949f57d365fb73015d21a2d1a9da93e938d52","poolType":"CURVE"}	{"lastPrice": "867758373382508689"}
{"blockNumber":21318919,"chainId":1,"poolAddress":"0x1c4d2495f1b9f325cb72c1af0db29985239c68ad","poolType":"CURVE"}	{"lastPrice": "966869888210159594"}
{"blockNumber":21341039,"chainId":1,"poolAddress":"0x1c4d2495f1b9f325cb72c1af0db29985239c68ad","poolType":"CURVE"}	{"lastPrice": "937799734160712986"}
{"blockNumber":21410733,"chainId":1,"poolAddress":"0x9ed7a47cdee1a197b338706145735b62778979cf","poolType":"CURVE"}	{"lastPrice": "717089569326037489"}
{"blockNumber":21408759,"chainId":1,"poolAddress":"0x0d89f4583a6b5eceb76551d573ad49cd435f6064","poolType":"CURVE"}	{"lastPrice": "874542723051328497"}
{"blockNumber":21279178,"chainId":1,"poolAddress":"0x0d89f4583a6b5eceb76551d573ad49cd435f6064","poolType":"CURVE"}	{"lastPrice": "896853576158373098"}
{"blockNumber":21342572,"chainId":1,"poolAddress":"0x0d89f4583a6b5eceb76551d573ad49cd435f6064","poolType":"CURVE"}	{"lastPrice": "891810789167543462"}
{"blockNumber":21350151,"chainId":1,"poolAddress":"0x0d89f4583a6b5eceb76551d573ad49cd435f6064","poolType":"CURVE"}	{"lastPrice": "742859736748352020"}
{"blockNumber":21370663,"chainId":1,"poolAddress":"0x0d89f4583a6b5eceb76551d573ad49cd435f6064","poolType":"CURVE"}	{"lastPrice": "889225955948212572"}
{"blockNumber":21385275,"chainId":1,"poolAddress":"0x0d89f4583a6b5eceb76551d573ad49cd435f6064","poolType":"CURVE"}	{"lastPrice": "884846622480380483"}
{"blockNumber":21394234,"chainId":1,"poolAddress":"0x0d89f4583a6b5eceb76551d573ad49cd435f6064","poolType":"CURVE"}	{"lastPrice": "879828082551778920"}
{"blockNumber":21401137,"chainId":1,"poolAddress":"0x0d89f4583a6b5eceb76551d573ad49cd435f6064","poolType":"CURVE"}	{"lastPrice": "876361715055225871"}
{"blockNumber":21293162,"chainId":1,"poolAddress":"0x0d89f4583a6b5eceb76551d573ad49cd435f6064","poolType":"CURVE"}	{"lastPrice": "896527222680392470"}
{"blockNumber":21293178,"chainId":1,"poolAddress":"0x0d89f4583a6b5eceb76551d573ad49cd435f6064","poolType":"CURVE"}	{"lastPrice": "897257300451531970"}
{"blockNumber":21293184,"chainId":1,"poolAddress":"0x0d89f4583a6b5eceb76551d573ad49cd435f6064","poolType":"CURVE"}	{"lastPrice": "899508172779779320"}
{"blockNumber":21343812,"chainId":1,"poolAddress":"0x0d89f4583a6b5eceb76551d573ad49cd435f6064","poolType":"CURVE"}	{"lastPrice": "895843379884873096"}
{"blockNumber":21296013,"chainId":1,"poolAddress":"0x0d89f4583a6b5eceb76551d573ad49cd435f6064","poolType":"CURVE"}	{"lastPrice": "904459246865953991"}
{"blockNumber":21320000,"chainId":1,"poolAddress":"0x0d89f4583a6b5eceb76551d573ad49cd435f6064","poolType":"CURVE"}	{"lastPrice": "900938702531658093"}
{"blockNumber":21362441,"chainId":1,"poolAddress":"0x0d89f4583a6b5eceb76551d573ad49cd435f6064","poolType":"CURVE"}	{"lastPrice": "887598740589309524"}
{"blockNumber":21335582,"chainId":1,"poolAddress":"0x0d89f4583a6b5eceb76551d573ad49cd435f6064","poolType":"CURVE"}	{"lastPrice": "888279046216385704"}
{"blockNumber":21339246,"chainId":1,"poolAddress":"0x0d89f4583a6b5eceb76551d573ad49cd435f6064","poolType":"CURVE"}	{"lastPrice": "869762610028805520"}
{"blockNumber":21339761,"chainId":1,"poolAddress":"0x0d89f4583a6b5eceb76551d573ad49cd435f6064","poolType":"CURVE"}	{"lastPrice": "882409086754140737"}
{"blockNumber":21340614,"chainId":1,"poolAddress":"0x0d89f4583a6b5eceb76551d573ad49cd435f6064","poolType":"CURVE"}	{"lastPrice": "887485396046450042"}
{"blockNumber":21347183,"chainId":1,"poolAddress":"0x0d89f4583a6b5eceb76551d573ad49cd435f6064","poolType":"CURVE"}	{"lastPrice": "879309911864189417"}
{"blockNumber":21347307,"chainId":1,"poolAddress":"0x0d89f4583a6b5eceb76551d573ad49cd435f6064","poolType":"CURVE"}	{"lastPrice": "881287635328826359"}
{"blockNumber":21348012,"chainId":1,"poolAddress":"0x0d89f4583a6b5eceb76551d573ad49cd435f6064","poolType":"CURVE"}	{"lastPrice": "878385346041056312"}
{"blockNumber":21349447,"chainId":1,"poolAddress":"0x0d89f4583a6b5eceb76551d573ad49cd435f6064","poolType":"CURVE"}	{"lastPrice": "845338038071780449"}
{"blockNumber":21349686,"chainId":1,"poolAddress":"0x0d89f4583a6b5eceb76551d573ad49cd435f6064","poolType":"CURVE"}	{"lastPrice": "856274299832415759"}
{"blockNumber":21350293,"chainId":1,"poolAddress":"0x0d89f4583a6b5eceb76551d573ad49cd435f6064","poolType":"CURVE"}	{"lastPrice": "839942022195964902"}
{"blockNumber":21350509,"chainId":1,"poolAddress":"0x0d89f4583a6b5eceb76551d573ad49cd435f6064","poolType":"CURVE"}	{"lastPrice": "854546754090532191"}
{"blockNumber":21350948,"chainId":1,"poolAddress":"0x0d89f4583a6b5eceb76551d573ad49cd435f6064","poolType":"CURVE"}	{"lastPrice": "854015087975011105"}
{"blockNumber":21404153,"chainId":1,"poolAddress":"0x0d89f4583a6b5eceb76551d573ad49cd435f6064","poolType":"CURVE"}	{"lastPrice": "889264135430317762"}
{"blockNumber":21352389,"chainId":1,"poolAddress":"0x0d89f4583a6b5eceb76551d573ad49cd435f6064","poolType":"CURVE"}	{"lastPrice": "879167096711071223"}
{"blockNumber":21408517,"chainId":1,"poolAddress":"0x0d89f4583a6b5eceb76551d573ad49cd435f6064","poolType":"CURVE"}	{"lastPrice": "869519601436829477"}
{"blockNumber":21376084,"chainId":1,"poolAddress":"0x0d89f4583a6b5eceb76551d573ad49cd435f6064","poolType":"CURVE"}	{"lastPrice": "890325328769852845"}
{"blockNumber":21357095,"chainId":1,"poolAddress":"0x0d89f4583a6b5eceb76551d573ad49cd435f6064","poolType":"CURVE"}	{"lastPrice": "875712395368598475"}
{"blockNumber":21357541,"chainId":1,"poolAddress":"0x0d89f4583a6b5eceb76551d573ad49cd435f6064","poolType":"CURVE"}	{"lastPrice": "878239763109598376"}
{"blockNumber":21360704,"chainId":1,"poolAddress":"0x0d89f4583a6b5eceb76551d573ad49cd435f6064","poolType":"CURVE"}	{"lastPrice": "886475865633871086"}
{"blockNumber":21360736,"chainId":1,"poolAddress":"0x0d89f4583a6b5eceb76551d573ad49cd435f6064","poolType":"CURVE"}	{"lastPrice": "891966141653758255"}
{"blockNumber":21399507,"chainId":1,"poolAddress":"0x0d89f4583a6b5eceb76551d573ad49cd435f6064","poolType":"CURVE"}	{"lastPrice": "878623754907178210"}
{"blockNumber":21367186,"chainId":1,"poolAddress":"0x0d89f4583a6b5eceb76551d573ad49cd435f6064","poolType":"CURVE"}	{"lastPrice": "877756601526361136"}
{"blockNumber":21403783,"chainId":1,"poolAddress":"0x0d89f4583a6b5eceb76551d573ad49cd435f6064","poolType":"CURVE"}	{"lastPrice": "888865725878222456"}
{"blockNumber":21368186,"chainId":1,"poolAddress":"0x0d89f4583a6b5eceb76551d573ad49cd435f6064","poolType":"CURVE"}	{"lastPrice": "881643027672446511"}
{"blockNumber":21395998,"chainId":1,"poolAddress":"0x0d89f4583a6b5eceb76551d573ad49cd435f6064","poolType":"CURVE"}	{"lastPrice": "880007769184696900"}
{"blockNumber":21370623,"chainId":1,"poolAddress":"0x0d89f4583a6b5eceb76551d573ad49cd435f6064","poolType":"CURVE"}	{"lastPrice": "888025155008048248"}
{"blockNumber":21401444,"chainId":1,"poolAddress":"0x0d89f4583a6b5eceb76551d573ad49cd435f6064","poolType":"CURVE"}	{"lastPrice": "878159575430437930"}
{"blockNumber":21370454,"chainId":1,"poolAddress":"0x0d89f4583a6b5eceb76551d573ad49cd435f6064","poolType":"CURVE"}	{"lastPrice": "887372034057135194"}
{"blockNumber":21370960,"chainId":1,"poolAddress":"0x0d89f4583a6b5eceb76551d573ad49cd435f6064","poolType":"CURVE"}	{"lastPrice": "889697479635338140"}
{"blockNumber":21409769,"chainId":1,"poolAddress":"0x0d89f4583a6b5eceb76551d573ad49cd435f6064","poolType":"CURVE"}	{"lastPrice": "875271143297301642"}
{"blockNumber":21371255,"chainId":1,"poolAddress":"0x0d89f4583a6b5eceb76551d573ad49cd435f6064","poolType":"CURVE"}	{"lastPrice": "891666173320453945"}
{"blockNumber":21371369,"chainId":1,"poolAddress":"0x0d89f4583a6b5eceb76551d573ad49cd435f6064","poolType":"CURVE"}	{"lastPrice": "891256087307632185"}
{"blockNumber":21386591,"chainId":1,"poolAddress":"0x0d89f4583a6b5eceb76551d573ad49cd435f6064","poolType":"CURVE"}	{"lastPrice": "885051804172453022"}
{"blockNumber":21379973,"chainId":1,"poolAddress":"0x0d89f4583a6b5eceb76551d573ad49cd435f6064","poolType":"CURVE"}	{"lastPrice": "889203303980515335"}
{"blockNumber":21379687,"chainId":1,"poolAddress":"0x0d89f4583a6b5eceb76551d573ad49cd435f6064","poolType":"CURVE"}	{"lastPrice": "889045873749125413"}
{"blockNumber":21386764,"chainId":1,"poolAddress":"0x0d89f4583a6b5eceb76551d573ad49cd435f6064","poolType":"CURVE"}	{"lastPrice": "885078128839458386"}
{"blockNumber":21385197,"chainId":1,"poolAddress":"0x0d89f4583a6b5eceb76551d573ad49cd435f6064","poolType":"CURVE"}	{"lastPrice": "885026417618198191"}
{"blockNumber":21385511,"chainId":1,"poolAddress":"0x0d89f4583a6b5eceb76551d573ad49cd435f6064","poolType":"CURVE"}	{"lastPrice": "884987014032345946"}
{"blockNumber":21407866,"chainId":1,"poolAddress":"0x0d89f4583a6b5eceb76551d573ad49cd435f6064","poolType":"CURVE"}	{"lastPrice": "879092875707393943"}
{"blockNumber":21407879,"chainId":1,"poolAddress":"0x0d89f4583a6b5eceb76551d573ad49cd435f6064","poolType":"CURVE"}	{"lastPrice": "878903232062947702"}
{"blockNumber":21388854,"chainId":1,"poolAddress":"0x0d89f4583a6b5eceb76551d573ad49cd435f6064","poolType":"CURVE"}	{"lastPrice": "883177144242889867"}
{"blockNumber":21396007,"chainId":1,"poolAddress":"0x0d89f4583a6b5eceb76551d573ad49cd435f6064","poolType":"CURVE"}	{"lastPrice": "880273218747079445"}
{"blockNumber":21389990,"chainId":1,"poolAddress":"0x0d89f4583a6b5eceb76551d573ad49cd435f6064","poolType":"CURVE"}	{"lastPrice": "883007057044869338"}
{"blockNumber":21392616,"chainId":1,"poolAddress":"0x0d89f4583a6b5eceb76551d573ad49cd435f6064","poolType":"CURVE"}	{"lastPrice": "881187449758632529"}
{"blockNumber":21392609,"chainId":1,"poolAddress":"0x0d89f4583a6b5eceb76551d573ad49cd435f6064","poolType":"CURVE"}	{"lastPrice": "880921457545495950"}
{"blockNumber":21392830,"chainId":1,"poolAddress":"0x0d89f4583a6b5eceb76551d573ad49cd435f6064","poolType":"CURVE"}	{"lastPrice": "880909083235696870"}
{"blockNumber":21395040,"chainId":1,"poolAddress":"0x0d89f4583a6b5eceb76551d573ad49cd435f6064","poolType":"CURVE"}	{"lastPrice": "880055545555553906"}
{"blockNumber":21402172,"chainId":1,"poolAddress":"0x0d89f4583a6b5eceb76551d573ad49cd435f6064","poolType":"CURVE"}	{"lastPrice": "889533490036025884"}
{"blockNumber":21409917,"chainId":1,"poolAddress":"0x0d89f4583a6b5eceb76551d573ad49cd435f6064","poolType":"CURVE"}	{"lastPrice": "894618083010832540"}
{"blockNumber":21396567,"chainId":1,"poolAddress":"0x0d89f4583a6b5eceb76551d573ad49cd435f6064","poolType":"CURVE"}	{"lastPrice": "880558455480169655"}
{"blockNumber":21396922,"chainId":1,"poolAddress":"0x0d89f4583a6b5eceb76551d573ad49cd435f6064","poolType":"CURVE"}	{"lastPrice": "880922805137744006"}
{"blockNumber":21397228,"chainId":1,"poolAddress":"0x0d89f4583a6b5eceb76551d573ad49cd435f6064","poolType":"CURVE"}	{"lastPrice": "881100576324885148"}
{"blockNumber":21398598,"chainId":1,"poolAddress":"0x0d89f4583a6b5eceb76551d573ad49cd435f6064","poolType":"CURVE"}	{"lastPrice": "879424661112815373"}
{"blockNumber":21400284,"chainId":1,"poolAddress":"0x0d89f4583a6b5eceb76551d573ad49cd435f6064","poolType":"CURVE"}	{"lastPrice": "877651486864240118"}
{"blockNumber":21400981,"chainId":1,"poolAddress":"0x0d89f4583a6b5eceb76551d573ad49cd435f6064","poolType":"CURVE"}	{"lastPrice": "876016121935754952"}
{"blockNumber":21405387,"chainId":1,"poolAddress":"0x0d89f4583a6b5eceb76551d573ad49cd435f6064","poolType":"CURVE"}	{"lastPrice": "883970625356209062"}
{"blockNumber":21401172,"chainId":1,"poolAddress":"0x0d89f4583a6b5eceb76551d573ad49cd435f6064","poolType":"CURVE"}	{"lastPrice": "876446930753096803"}
{"blockNumber":21401662,"chainId":1,"poolAddress":"0x0d89f4583a6b5eceb76551d573ad49cd435f6064","poolType":"CURVE"}	{"lastPrice": "879197184589439256"}
{"blockNumber":21401684,"chainId":1,"poolAddress":"0x0d89f4583a6b5eceb76551d573ad49cd435f6064","poolType":"CURVE"}	{"lastPrice": "881824652881204316"}
{"blockNumber":21404326,"chainId":1,"poolAddress":"0x0d89f4583a6b5eceb76551d573ad49cd435f6064","poolType":"CURVE"}	{"lastPrice": "889594996584847699"}
{"blockNumber":21404676,"chainId":1,"poolAddress":"0x0d89f4583a6b5eceb76551d573ad49cd435f6064","poolType":"CURVE"}	{"lastPrice": "885569623162182567"}
{"blockNumber":21408742,"chainId":1,"poolAddress":"0x0d89f4583a6b5eceb76551d573ad49cd435f6064","poolType":"CURVE"}	{"lastPrice": "875039337085137646"}
{"blockNumber":21408744,"chainId":1,"poolAddress":"0x0d89f4583a6b5eceb76551d573ad49cd435f6064","poolType":"CURVE"}	{"lastPrice": "874518645329423821"}
{"blockNumber":21409689,"chainId":1,"poolAddress":"0x0d89f4583a6b5eceb76551d573ad49cd435f6064","poolType":"CURVE"}	{"lastPrice": "874045854617242805"}
{"blockNumber":21406859,"chainId":1,"poolAddress":"0x0d89f4583a6b5eceb76551d573ad49cd435f6064","poolType":"CURVE"}	{"lastPrice": "882624950428811636"}
{"blockNumber":21407749,"chainId":1,"poolAddress":"0x0d89f4583a6b5eceb76551d573ad49cd435f6064","poolType":"CURVE"}	{"lastPrice": "879247017308916759"}
{"blockNumber":21408374,"chainId":1,"poolAddress":"0x0d89f4583a6b5eceb76551d573ad49cd435f6064","poolType":"CURVE"}	{"lastPrice": "872783638962689271"}
{"blockNumber":21408428,"chainId":1,"poolAddress":"0x0d89f4583a6b5eceb76551d573ad49cd435f6064","poolType":"CURVE"}	{"lastPrice": "872878841007942874"}
{"blockNumber":21408734,"chainId":1,"poolAddress":"0x0d89f4583a6b5eceb76551d573ad49cd435f6064","poolType":"CURVE"}	{"lastPrice": "874534609044172754"}
{"blockNumber":21409021,"chainId":1,"poolAddress":"0x0d89f4583a6b5eceb76551d573ad49cd435f6064","poolType":"CURVE"}	{"lastPrice": "874523479036557744"}
{"blockNumber":21409805,"chainId":1,"poolAddress":"0x0d89f4583a6b5eceb76551d573ad49cd435f6064","poolType":"CURVE"}	{"lastPrice": "882148741158765347"}
{"blockNumber":21409971,"chainId":1,"poolAddress":"0x0d89f4583a6b5eceb76551d573ad49cd435f6064","poolType":"CURVE"}	{"lastPrice": "902670730191357866"}
{"blockNumber":21285555,"chainId":1,"poolAddress":"0x44015b17ba889ac3c08757ddd89552b5d03b73c6","poolType":"CURVE"}	{"lastPrice": "921959698000945145"}
{"blockNumber":21343513,"chainId":1,"poolAddress":"0x44015b17ba889ac3c08757ddd89552b5d03b73c6","poolType":"CURVE"}	{"lastPrice": "930814070208286629"}
{"blockNumber":21410065,"chainId":1,"poolAddress":"0x44015b17ba889ac3c08757ddd89552b5d03b73c6","poolType":"CURVE"}	{"lastPrice": "928000455608995270"}
{"blockNumber":21294711,"chainId":1,"poolAddress":"0x588eab5777e51ece898bb71976715072e6f7843f","poolType":"CURVE"}	{"lastPrice": "968744373751259774"}
{"blockNumber":21342748,"chainId":1,"poolAddress":"0x588eab5777e51ece898bb71976715072e6f7843f","poolType":"CURVE"}	{"lastPrice": "972006147013601393"}
{"blockNumber":21287722,"chainId":1,"poolAddress":"0x9429e06ffd09cf97007791b8bf3845171f1425e8","poolType":"CURVE"}	{"lastPrice": "966363178454609757"}
{"blockNumber":21313951,"chainId":1,"poolAddress":"0x9429e06ffd09cf97007791b8bf3845171f1425e8","poolType":"CURVE"}	{"lastPrice": "966488096647406216"}
{"blockNumber":21340619,"chainId":1,"poolAddress":"0xc63dff67fe1b63004ab6c773022ba06847c11335","poolType":"CURVE"}	{"lastPrice": "674299772704836317"}
{"blockNumber":21278777,"chainId":1,"poolAddress":"0x0d89f4583a6b5eceb76551d573ad49cd435f6064","poolType":"CURVE"}	{"lastPrice": "893897469558270012"}
{"blockNumber":21299626,"chainId":1,"poolAddress":"0x0d89f4583a6b5eceb76551d573ad49cd435f6064","poolType":"CURVE"}	{"lastPrice": "898386639911460386"}
{"blockNumber":21335508,"chainId":1,"poolAddress":"0x0d89f4583a6b5eceb76551d573ad49cd435f6064","poolType":"CURVE"}	{"lastPrice": "884038166500761513"}
{"blockNumber":21352337,"chainId":1,"poolAddress":"0x0d89f4583a6b5eceb76551d573ad49cd435f6064","poolType":"CURVE"}	{"lastPrice": "882412646320270584"}
{"blockNumber":21349936,"chainId":1,"poolAddress":"0x0d89f4583a6b5eceb76551d573ad49cd435f6064","poolType":"CURVE"}	{"lastPrice": "852475133293965724"}
{"blockNumber":21335231,"chainId":1,"poolAddress":"0x0d89f4583a6b5eceb76551d573ad49cd435f6064","poolType":"CURVE"}	{"lastPrice": "894895790551607222"}
{"blockNumber":21347438,"chainId":1,"poolAddress":"0x0d89f4583a6b5eceb76551d573ad49cd435f6064","poolType":"CURVE"}	{"lastPrice": "871330715307618788"}
{"blockNumber":21352328,"chainId":1,"poolAddress":"0x0d89f4583a6b5eceb76551d573ad49cd435f6064","poolType":"CURVE"}	{"lastPrice": "890964255899631061"}
{"blockNumber":21409976,"chainId":1,"poolAddress":"0x0d89f4583a6b5eceb76551d573ad49cd435f6064","poolType":"CURVE"}	{"lastPrice": "897292597072140071"}
{"blockNumber":21344182,"chainId":1,"poolAddress":"0x0d89f4583a6b5eceb76551d573ad49cd435f6064","poolType":"CURVE"}	{"lastPrice": "890226367809305827"}
{"blockNumber":21401727,"chainId":1,"poolAddress":"0x0d89f4583a6b5eceb76551d573ad49cd435f6064","poolType":"CURVE"}	{"lastPrice": "881554690003373716"}
{"blockNumber":21401910,"chainId":1,"poolAddress":"0x0d89f4583a6b5eceb76551d573ad49cd435f6064","poolType":"CURVE"}	{"lastPrice": "881028621637639824"}
{"blockNumber":21401939,"chainId":1,"poolAddress":"0x0d89f4583a6b5eceb76551d573ad49cd435f6064","poolType":"CURVE"}	{"lastPrice": "881562566044498137"}
{"blockNumber":21406528,"chainId":1,"poolAddress":"0x0d89f4583a6b5eceb76551d573ad49cd435f6064","poolType":"CURVE"}	{"lastPrice": "880456756687361906"}
{"blockNumber":21410176,"chainId":1,"poolAddress":"0x0d89f4583a6b5eceb76551d573ad49cd435f6064","poolType":"CURVE"}	{"lastPrice": "890263399770600883"}
{"blockNumber":21300688,"chainId":1,"poolAddress":"0x0d89f4583a6b5eceb76551d573ad49cd435f6064","poolType":"CURVE"}	{"lastPrice": "897511642483271436"}
{"blockNumber":21376144,"chainId":1,"poolAddress":"0x0d89f4583a6b5eceb76551d573ad49cd435f6064","poolType":"CURVE"}	{"lastPrice": "887307698082666286"}
{"blockNumber":21320008,"chainId":1,"poolAddress":"0x0d89f4583a6b5eceb76551d573ad49cd435f6064","poolType":"CURVE"}	{"lastPrice": "897767892651150249"}
{"blockNumber":21362466,"chainId":1,"poolAddress":"0x0d89f4583a6b5eceb76551d573ad49cd435f6064","poolType":"CURVE"}	{"lastPrice": "882654928599595150"}
{"blockNumber":21335852,"chainId":1,"poolAddress":"0x0d89f4583a6b5eceb76551d573ad49cd435f6064","poolType":"CURVE"}	{"lastPrice": "893605935774409594"}
{"blockNumber":21337807,"chainId":1,"poolAddress":"0x0d89f4583a6b5eceb76551d573ad49cd435f6064","poolType":"CURVE"}	{"lastPrice": "879401602290566726"}
{"blockNumber":21344831,"chainId":1,"poolAddress":"0x0d89f4583a6b5eceb76551d573ad49cd435f6064","poolType":"CURVE"}	{"lastPrice": "884613974036334607"}
{"blockNumber":21380213,"chainId":1,"poolAddress":"0x0d89f4583a6b5eceb76551d573ad49cd435f6064","poolType":"CURVE"}	{"lastPrice": "886112319978645044"}
{"blockNumber":21382097,"chainId":1,"poolAddress":"0x0d89f4583a6b5eceb76551d573ad49cd435f6064","poolType":"CURVE"}	{"lastPrice": "886549594461021352"}
{"blockNumber":21406769,"chainId":1,"poolAddress":"0x0d89f4583a6b5eceb76551d573ad49cd435f6064","poolType":"CURVE"}	{"lastPrice": "879742512030842775"}
{"blockNumber":21390205,"chainId":1,"poolAddress":"0x0d89f4583a6b5eceb76551d573ad49cd435f6064","poolType":"CURVE"}	{"lastPrice": "881109134773384745"}
{"blockNumber":21351257,"chainId":1,"poolAddress":"0x0d89f4583a6b5eceb76551d573ad49cd435f6064","poolType":"CURVE"}	{"lastPrice": "859925916809258724"}
{"blockNumber":21407401,"chainId":1,"poolAddress":"0x0d89f4583a6b5eceb76551d573ad49cd435f6064","poolType":"CURVE"}	{"lastPrice": "877844084699904576"}
{"blockNumber":21408454,"chainId":1,"poolAddress":"0x0d89f4583a6b5eceb76551d573ad49cd435f6064","poolType":"CURVE"}	{"lastPrice": "867852902414150126"}
{"blockNumber":21353796,"chainId":1,"poolAddress":"0x0d89f4583a6b5eceb76551d573ad49cd435f6064","poolType":"CURVE"}	{"lastPrice": "878636597412666153"}
{"blockNumber":21399207,"chainId":1,"poolAddress":"0x0d89f4583a6b5eceb76551d573ad49cd435f6064","poolType":"CURVE"}	{"lastPrice": "876441245744793417"}
{"blockNumber":21354018,"chainId":1,"poolAddress":"0x0d89f4583a6b5eceb76551d573ad49cd435f6064","poolType":"CURVE"}	{"lastPrice": "876448504885325950"}
{"blockNumber":21360723,"chainId":1,"poolAddress":"0x0d89f4583a6b5eceb76551d573ad49cd435f6064","poolType":"CURVE"}	{"lastPrice": "883196762601629304"}
{"blockNumber":21370633,"chainId":1,"poolAddress":"0x0d89f4583a6b5eceb76551d573ad49cd435f6064","poolType":"CURVE"}	{"lastPrice": "885576598588033976"}
{"blockNumber":21398710,"chainId":1,"poolAddress":"0x0d89f4583a6b5eceb76551d573ad49cd435f6064","poolType":"CURVE"}	{"lastPrice": "876537839065755577"}
{"blockNumber":21409824,"chainId":1,"poolAddress":"0x0d89f4583a6b5eceb76551d573ad49cd435f6064","poolType":"CURVE"}	{"lastPrice": "883819445875645083"}
{"blockNumber":21377466,"chainId":1,"poolAddress":"0x0d89f4583a6b5eceb76551d573ad49cd435f6064","poolType":"CURVE"}	{"lastPrice": "887336093164454974"}
{"blockNumber":21374660,"chainId":1,"poolAddress":"0x0d89f4583a6b5eceb76551d573ad49cd435f6064","poolType":"CURVE"}	{"lastPrice": "888894212232579778"}
{"blockNumber":21400113,"chainId":1,"poolAddress":"0x0d89f4583a6b5eceb76551d573ad49cd435f6064","poolType":"CURVE"}	{"lastPrice": "875056194090304808"}
{"blockNumber":21375340,"chainId":1,"poolAddress":"0x0d89f4583a6b5eceb76551d573ad49cd435f6064","poolType":"CURVE"}	{"lastPrice": "888406550796747820"}
{"blockNumber":21375416,"chainId":1,"poolAddress":"0x0d89f4583a6b5eceb76551d573ad49cd435f6064","poolType":"CURVE"}	{"lastPrice": "888366749152147406"}
{"blockNumber":21401962,"chainId":1,"poolAddress":"0x0d89f4583a6b5eceb76551d573ad49cd435f6064","poolType":"CURVE"}	{"lastPrice": "881974763273535786"}
{"blockNumber":21375452,"chainId":1,"poolAddress":"0x0d89f4583a6b5eceb76551d573ad49cd435f6064","poolType":"CURVE"}	{"lastPrice": "888205968497043815"}
{"blockNumber":21381912,"chainId":1,"poolAddress":"0x0d89f4583a6b5eceb76551d573ad49cd435f6064","poolType":"CURVE"}	{"lastPrice": "886404066869478381"}
{"blockNumber":21382441,"chainId":1,"poolAddress":"0x0d89f4583a6b5eceb76551d573ad49cd435f6064","poolType":"CURVE"}	{"lastPrice": "885892386463497147"}
{"blockNumber":21382510,"chainId":1,"poolAddress":"0x0d89f4583a6b5eceb76551d573ad49cd435f6064","poolType":"CURVE"}	{"lastPrice": "885808623640613378"}
{"blockNumber":21396270,"chainId":1,"poolAddress":"0x0d89f4583a6b5eceb76551d573ad49cd435f6064","poolType":"CURVE"}	{"lastPrice": "878088419075211622"}
{"blockNumber":21398204,"chainId":1,"poolAddress":"0x0d89f4583a6b5eceb76551d573ad49cd435f6064","poolType":"CURVE"}	{"lastPrice": "876948806420187746"}
{"blockNumber":21384775,"chainId":1,"poolAddress":"0x0d89f4583a6b5eceb76551d573ad49cd435f6064","poolType":"CURVE"}	{"lastPrice": "883693201056274261"}
{"blockNumber":21384802,"chainId":1,"poolAddress":"0x0d89f4583a6b5eceb76551d573ad49cd435f6064","poolType":"CURVE"}	{"lastPrice": "883460787688936117"}
{"blockNumber":21383787,"chainId":1,"poolAddress":"0x0d89f4583a6b5eceb76551d573ad49cd435f6064","poolType":"CURVE"}	{"lastPrice": "884951588864468515"}
{"blockNumber":21384028,"chainId":1,"poolAddress":"0x0d89f4583a6b5eceb76551d573ad49cd435f6064","poolType":"CURVE"}	{"lastPrice": "884209060018947638"}
{"blockNumber":21399480,"chainId":1,"poolAddress":"0x0d89f4583a6b5eceb76551d573ad49cd435f6064","poolType":"CURVE"}	{"lastPrice": "875777897324311292"}
{"blockNumber":21393414,"chainId":1,"poolAddress":"0x0d89f4583a6b5eceb76551d573ad49cd435f6064","poolType":"CURVE"}	{"lastPrice": "878770315527858779"}
{"blockNumber":21393433,"chainId":1,"poolAddress":"0x0d89f4583a6b5eceb76551d573ad49cd435f6064","poolType":"CURVE"}	{"lastPrice": "878554122583757921"}
{"blockNumber":21393440,"chainId":1,"poolAddress":"0x0d89f4583a6b5eceb76551d573ad49cd435f6064","poolType":"CURVE"}	{"lastPrice": "878477900026896412"}
{"blockNumber":21385119,"chainId":1,"poolAddress":"0x0d89f4583a6b5eceb76551d573ad49cd435f6064","poolType":"CURVE"}	{"lastPrice": "882202595157462613"}
{"blockNumber":21386615,"chainId":1,"poolAddress":"0x0d89f4583a6b5eceb76551d573ad49cd435f6064","poolType":"CURVE"}	{"lastPrice": "882026571901349265"}
{"blockNumber":21386778,"chainId":1,"poolAddress":"0x0d89f4583a6b5eceb76551d573ad49cd435f6064","poolType":"CURVE"}	{"lastPrice": "881854159680775909"}
{"blockNumber":21388044,"chainId":1,"poolAddress":"0x0d89f4583a6b5eceb76551d573ad49cd435f6064","poolType":"CURVE"}	{"lastPrice": "880925118778180777"}
{"blockNumber":21388733,"chainId":1,"poolAddress":"0x0d89f4583a6b5eceb76551d573ad49cd435f6064","poolType":"CURVE"}	{"lastPrice": "879937914210535683"}
{"blockNumber":21399502,"chainId":1,"poolAddress":"0x0d89f4583a6b5eceb76551d573ad49cd435f6064","poolType":"CURVE"}	{"lastPrice": "875757482497168941"}
{"blockNumber":21391500,"chainId":1,"poolAddress":"0x0d89f4583a6b5eceb76551d573ad49cd435f6064","poolType":"CURVE"}	{"lastPrice": "879750072368141616"}
{"blockNumber":21392187,"chainId":1,"poolAddress":"0x0d89f4583a6b5eceb76551d573ad49cd435f6064","poolType":"CURVE"}	{"lastPrice": "878716580616307741"}
{"blockNumber":21392346,"chainId":1,"poolAddress":"0x0d89f4583a6b5eceb76551d573ad49cd435f6064","poolType":"CURVE"}	{"lastPrice": "878542236337651636"}
{"blockNumber":21392982,"chainId":1,"poolAddress":"0x0d89f4583a6b5eceb76551d573ad49cd435f6064","poolType":"CURVE"}	{"lastPrice": "878845091907182721"}
{"blockNumber":21396242,"chainId":1,"poolAddress":"0x0d89f4583a6b5eceb76551d573ad49cd435f6064","poolType":"CURVE"}	{"lastPrice": "878279814291367690"}
{"blockNumber":21396583,"chainId":1,"poolAddress":"0x0d89f4583a6b5eceb76551d573ad49cd435f6064","poolType":"CURVE"}	{"lastPrice": "878640903535191661"}
{"blockNumber":21396661,"chainId":1,"poolAddress":"0x0d89f4583a6b5eceb76551d573ad49cd435f6064","poolType":"CURVE"}	{"lastPrice": "878688266376411559"}
{"blockNumber":21410115,"chainId":1,"poolAddress":"0x0d89f4583a6b5eceb76551d573ad49cd435f6064","poolType":"CURVE"}	{"lastPrice": "893463374169680459"}
{"blockNumber":21397947,"chainId":1,"poolAddress":"0x0d89f4583a6b5eceb76551d573ad49cd435f6064","poolType":"CURVE"}	{"lastPrice": "877707765162208039"}
{"blockNumber":21398198,"chainId":1,"poolAddress":"0x0d89f4583a6b5eceb76551d573ad49cd435f6064","poolType":"CURVE"}	{"lastPrice": "876949985719820793"}
{"blockNumber":21404408,"chainId":1,"poolAddress":"0x0d89f4583a6b5eceb76551d573ad49cd435f6064","poolType":"CURVE"}	{"lastPrice": "885294887649856159"}
{"blockNumber":21399500,"chainId":1,"poolAddress":"0x0d89f4583a6b5eceb76551d573ad49cd435f6064","poolType":"CURVE"}	{"lastPrice": "875827502042895776"}
{"blockNumber":21399620,"chainId":1,"poolAddress":"0x0d89f4583a6b5eceb76551d573ad49cd435f6064","poolType":"CURVE"}	{"lastPrice": "875101402009087040"}
{"blockNumber":21399851,"chainId":1,"poolAddress":"0x0d89f4583a6b5eceb76551d573ad49cd435f6064","poolType":"CURVE"}	{"lastPrice": "874832376521965299"}
{"blockNumber":21400345,"chainId":1,"poolAddress":"0x0d89f4583a6b5eceb76551d573ad49cd435f6064","poolType":"CURVE"}	{"lastPrice": "874451182661986720"}
{"blockNumber":21400583,"chainId":1,"poolAddress":"0x0d89f4583a6b5eceb76551d573ad49cd435f6064","poolType":"CURVE"}	{"lastPrice": "874271654289898927"}
{"blockNumber":21400596,"chainId":1,"poolAddress":"0x0d89f4583a6b5eceb76551d573ad49cd435f6064","poolType":"CURVE"}	{"lastPrice": "874234710957663326"}
{"blockNumber":21400834,"chainId":1,"poolAddress":"0x0d89f4583a6b5eceb76551d573ad49cd435f6064","poolType":"CURVE"}	{"lastPrice": "874089211164949130"}
{"blockNumber":21400803,"chainId":1,"poolAddress":"0x0d89f4583a6b5eceb76551d573ad49cd435f6064","poolType":"CURVE"}	{"lastPrice": "874037375266675245"}
{"blockNumber":21407486,"chainId":1,"poolAddress":"0x0d89f4583a6b5eceb76551d573ad49cd435f6064","poolType":"CURVE"}	{"lastPrice": "877526201418939874"}
{"blockNumber":21401178,"chainId":1,"poolAddress":"0x0d89f4583a6b5eceb76551d573ad49cd435f6064","poolType":"CURVE"}	{"lastPrice": "873823207226134305"}
{"blockNumber":21401374,"chainId":1,"poolAddress":"0x0d89f4583a6b5eceb76551d573ad49cd435f6064","poolType":"CURVE"}	{"lastPrice": "874255376577998888"}
{"blockNumber":21401485,"chainId":1,"poolAddress":"0x0d89f4583a6b5eceb76551d573ad49cd435f6064","poolType":"CURVE"}	{"lastPrice": "875845371204552720"}
{"blockNumber":21406522,"chainId":1,"poolAddress":"0x0d89f4583a6b5eceb76551d573ad49cd435f6064","poolType":"CURVE"}	{"lastPrice": "880570539029041819"}
{"blockNumber":21407816,"chainId":1,"poolAddress":"0x0d89f4583a6b5eceb76551d573ad49cd435f6064","poolType":"CURVE"}	{"lastPrice": "876805400803876687"}
{"blockNumber":21401989,"chainId":1,"poolAddress":"0x0d89f4583a6b5eceb76551d573ad49cd435f6064","poolType":"CURVE"}	{"lastPrice": "882212533474327768"}
{"blockNumber":21407317,"chainId":1,"poolAddress":"0x0d89f4583a6b5eceb76551d573ad49cd435f6064","poolType":"CURVE"}	{"lastPrice": "878101994948296583"}
{"blockNumber":21402963,"chainId":1,"poolAddress":"0x0d89f4583a6b5eceb76551d573ad49cd435f6064","poolType":"CURVE"}	{"lastPrice": "888191553193544120"}
{"blockNumber":21408598,"chainId":1,"poolAddress":"0x0d89f4583a6b5eceb76551d573ad49cd435f6064","poolType":"CURVE"}	{"lastPrice": "868409553254591898"}
{"blockNumber":21402985,"chainId":1,"poolAddress":"0x0d89f4583a6b5eceb76551d573ad49cd435f6064","poolType":"CURVE"}	{"lastPrice": "888159227615225964"}
{"blockNumber":21403299,"chainId":1,"poolAddress":"0x0d89f4583a6b5eceb76551d573ad49cd435f6064","poolType":"CURVE"}	{"lastPrice": "885509313946039477"}
{"blockNumber":21404131,"chainId":1,"poolAddress":"0x0d89f4583a6b5eceb76551d573ad49cd435f6064","poolType":"CURVE"}	{"lastPrice": "885858622490793390"}
{"blockNumber":21404497,"chainId":1,"poolAddress":"0x0d89f4583a6b5eceb76551d573ad49cd435f6064","poolType":"CURVE"}	{"lastPrice": "882661841858676788"}
{"blockNumber":21405802,"chainId":1,"poolAddress":"0x0d89f4583a6b5eceb76551d573ad49cd435f6064","poolType":"CURVE"}	{"lastPrice": "880695350059972222"}
{"blockNumber":21406067,"chainId":1,"poolAddress":"0x0d89f4583a6b5eceb76551d573ad49cd435f6064","poolType":"CURVE"}	{"lastPrice": "880772030097484057"}
{"blockNumber":21406032,"chainId":1,"poolAddress":"0x0d89f4583a6b5eceb76551d573ad49cd435f6064","poolType":"CURVE"}	{"lastPrice": "880727592261867689"}
{"blockNumber":21407952,"chainId":1,"poolAddress":"0x0d89f4583a6b5eceb76551d573ad49cd435f6064","poolType":"CURVE"}	{"lastPrice": "874315624787521557"}
{"blockNumber":21406755,"chainId":1,"poolAddress":"0x0d89f4583a6b5eceb76551d573ad49cd435f6064","poolType":"CURVE"}	{"lastPrice": "879760251372249294"}
{"blockNumber":21406838,"chainId":1,"poolAddress":"0x0d89f4583a6b5eceb76551d573ad49cd435f6064","poolType":"CURVE"}	{"lastPrice": "879579782369085295"}
{"blockNumber":21410625,"chainId":1,"poolAddress":"0x0d89f4583a6b5eceb76551d573ad49cd435f6064","poolType":"CURVE"}	{"lastPrice": "886996016398312926"}
{"blockNumber":21408782,"chainId":1,"poolAddress":"0x0d89f4583a6b5eceb76551d573ad49cd435f6064","poolType":"CURVE"}	{"lastPrice": "871352864472902923"}
{"blockNumber":21407019,"chainId":1,"poolAddress":"0x0d89f4583a6b5eceb76551d573ad49cd435f6064","poolType":"CURVE"}	{"lastPrice": "879247496390461389"}
{"blockNumber":21407078,"chainId":1,"poolAddress":"0x0d89f4583a6b5eceb76551d573ad49cd435f6064","poolType":"CURVE"}	{"lastPrice": "879075075149343472"}
{"blockNumber":21407096,"chainId":1,"poolAddress":"0x0d89f4583a6b5eceb76551d573ad49cd435f6064","poolType":"CURVE"}	{"lastPrice": "879057005591630149"}
{"blockNumber":21407166,"chainId":1,"poolAddress":"0x0d89f4583a6b5eceb76551d573ad49cd435f6064","poolType":"CURVE"}	{"lastPrice": "878713935932064223"}
{"blockNumber":21407203,"chainId":1,"poolAddress":"0x0d89f4583a6b5eceb76551d573ad49cd435f6064","poolType":"CURVE"}	{"lastPrice": "878568835151261640"}
{"blockNumber":21407544,"chainId":1,"poolAddress":"0x0d89f4583a6b5eceb76551d573ad49cd435f6064","poolType":"CURVE"}	{"lastPrice": "876961350131885909"}
{"blockNumber":21407463,"chainId":1,"poolAddress":"0x0d89f4583a6b5eceb76551d573ad49cd435f6064","poolType":"CURVE"}	{"lastPrice": "877625243792154270"}
{"blockNumber":21407618,"chainId":1,"poolAddress":"0x0d89f4583a6b5eceb76551d573ad49cd435f6064","poolType":"CURVE"}	{"lastPrice": "876812082503514729"}
{"blockNumber":21407649,"chainId":1,"poolAddress":"0x0d89f4583a6b5eceb76551d573ad49cd435f6064","poolType":"CURVE"}	{"lastPrice": "876788699972532840"}
{"blockNumber":21407789,"chainId":1,"poolAddress":"0x0d89f4583a6b5eceb76551d573ad49cd435f6064","poolType":"CURVE"}	{"lastPrice": "876697441783166779"}
{"blockNumber":21407810,"chainId":1,"poolAddress":"0x0d89f4583a6b5eceb76551d573ad49cd435f6064","poolType":"CURVE"}	{"lastPrice": "876675915628483246"}
{"blockNumber":21408118,"chainId":1,"poolAddress":"0x0d89f4583a6b5eceb76551d573ad49cd435f6064","poolType":"CURVE"}	{"lastPrice": "871032610963823535"}
{"blockNumber":21408303,"chainId":1,"poolAddress":"0x0d89f4583a6b5eceb76551d573ad49cd435f6064","poolType":"CURVE"}	{"lastPrice": "869534197949030351"}
{"blockNumber":21408327,"chainId":1,"poolAddress":"0x0d89f4583a6b5eceb76551d573ad49cd435f6064","poolType":"CURVE"}	{"lastPrice": "869501329015883838"}
{"blockNumber":21408557,"chainId":1,"poolAddress":"0x0d89f4583a6b5eceb76551d573ad49cd435f6064","poolType":"CURVE"}	{"lastPrice": "868533273928413949"}
{"blockNumber":21408462,"chainId":1,"poolAddress":"0x0d89f4583a6b5eceb76551d573ad49cd435f6064","poolType":"CURVE"}	{"lastPrice": "866160088425640688"}
{"blockNumber":21408962,"chainId":1,"poolAddress":"0x0d89f4583a6b5eceb76551d573ad49cd435f6064","poolType":"CURVE"}	{"lastPrice": "871305576825375403"}
{"blockNumber":21408960,"chainId":1,"poolAddress":"0x0d89f4583a6b5eceb76551d573ad49cd435f6064","poolType":"CURVE"}	{"lastPrice": "871305896930661265"}
{"blockNumber":21409075,"chainId":1,"poolAddress":"0x0d89f4583a6b5eceb76551d573ad49cd435f6064","poolType":"CURVE"}	{"lastPrice": "871257066308068529"}
{"blockNumber":21409182,"chainId":1,"poolAddress":"0x0d89f4583a6b5eceb76551d573ad49cd435f6064","poolType":"CURVE"}	{"lastPrice": "871164734519607416"}
{"blockNumber":21409284,"chainId":1,"poolAddress":"0x0d89f4583a6b5eceb76551d573ad49cd435f6064","poolType":"CURVE"}	{"lastPrice": "870898589499600229"}
{"blockNumber":21409132,"chainId":1,"poolAddress":"0x0d89f4583a6b5eceb76551d573ad49cd435f6064","poolType":"CURVE"}	{"lastPrice": "871192373729102802"}
{"blockNumber":21409289,"chainId":1,"poolAddress":"0x0d89f4583a6b5eceb76551d573ad49cd435f6064","poolType":"CURVE"}	{"lastPrice": "870609867836798765"}
{"blockNumber":21306820,"chainId":1,"poolAddress":"0x0d89f4583a6b5eceb76551d573ad49cd435f6064","poolType":"CURVE"}	{"lastPrice": "897936999191029685"}
{"blockNumber":21329175,"chainId":1,"poolAddress":"0x0d89f4583a6b5eceb76551d573ad49cd435f6064","poolType":"CURVE"}	{"lastPrice": "898089040028928132"}
{"blockNumber":21361787,"chainId":1,"poolAddress":"0x0d89f4583a6b5eceb76551d573ad49cd435f6064","poolType":"CURVE"}	{"lastPrice": "886729557813549371"}
{"blockNumber":21371274,"chainId":1,"poolAddress":"0x0d89f4583a6b5eceb76551d573ad49cd435f6064","poolType":"CURVE"}	{"lastPrice": "888069336501056533"}
{"blockNumber":21379448,"chainId":1,"poolAddress":"0x0d89f4583a6b5eceb76551d573ad49cd435f6064","poolType":"CURVE"}	{"lastPrice": "887110696913790265"}
{"blockNumber":21334341,"chainId":1,"poolAddress":"0x0d89f4583a6b5eceb76551d573ad49cd435f6064","poolType":"CURVE"}	{"lastPrice": "896333004004142551"}
{"blockNumber":21339126,"chainId":1,"poolAddress":"0x0d89f4583a6b5eceb76551d573ad49cd435f6064","poolType":"CURVE"}	{"lastPrice": "862888595795909323"}
{"blockNumber":21345972,"chainId":1,"poolAddress":"0x0d89f4583a6b5eceb76551d573ad49cd435f6064","poolType":"CURVE"}	{"lastPrice": "878220810524826520"}
{"blockNumber":21350872,"chainId":1,"poolAddress":"0x0d89f4583a6b5eceb76551d573ad49cd435f6064","poolType":"CURVE"}	{"lastPrice": "853564473234530918"}
{"blockNumber":21402818,"chainId":1,"poolAddress":"0x0d89f4583a6b5eceb76551d573ad49cd435f6064","poolType":"CURVE"}	{"lastPrice": "888683199161066363"}
{"blockNumber":21347257,"chainId":1,"poolAddress":"0x0d89f4583a6b5eceb76551d573ad49cd435f6064","poolType":"CURVE"}	{"lastPrice": "878667379201188574"}
{"blockNumber":21349197,"chainId":1,"poolAddress":"0x0d89f4583a6b5eceb76551d573ad49cd435f6064","poolType":"CURVE"}	{"lastPrice": "881781123336009265"}
{"blockNumber":21349216,"chainId":1,"poolAddress":"0x0d89f4583a6b5eceb76551d573ad49cd435f6064","poolType":"CURVE"}	{"lastPrice": "873281172160424606"}
{"blockNumber":21349406,"chainId":1,"poolAddress":"0x0d89f4583a6b5eceb76551d573ad49cd435f6064","poolType":"CURVE"}	{"lastPrice": "860787715449319176"}
{"blockNumber":21355664,"chainId":1,"poolAddress":"0x0d89f4583a6b5eceb76551d573ad49cd435f6064","poolType":"CURVE"}	{"lastPrice": "870558605779084271"}
{"blockNumber":21378530,"chainId":1,"poolAddress":"0x0d89f4583a6b5eceb76551d573ad49cd435f6064","poolType":"CURVE"}	{"lastPrice": "886736497645445316"}
{"blockNumber":21381350,"chainId":1,"poolAddress":"0x0d89f4583a6b5eceb76551d573ad49cd435f6064","poolType":"CURVE"}	{"lastPrice": "886494174784861559"}
{"blockNumber":21391043,"chainId":1,"poolAddress":"0x0d89f4583a6b5eceb76551d573ad49cd435f6064","poolType":"CURVE"}	{"lastPrice": "879940934684592479"}
{"blockNumber":21350120,"chainId":1,"poolAddress":"0x0d89f4583a6b5eceb76551d573ad49cd435f6064","poolType":"CURVE"}	{"lastPrice": "766751852445698032"}
{"blockNumber":21350582,"chainId":1,"poolAddress":"0x0d89f4583a6b5eceb76551d573ad49cd435f6064","poolType":"CURVE"}	{"lastPrice": "859832204970857589"}
{"blockNumber":21351089,"chainId":1,"poolAddress":"0x0d89f4583a6b5eceb76551d573ad49cd435f6064","poolType":"CURVE"}	{"lastPrice": "863780284604374129"}
{"blockNumber":21375918,"chainId":1,"poolAddress":"0x0d89f4583a6b5eceb76551d573ad49cd435f6064","poolType":"CURVE"}	{"lastPrice": "887674483909563619"}
{"blockNumber":21408151,"chainId":1,"poolAddress":"0x0d89f4583a6b5eceb76551d573ad49cd435f6064","poolType":"CURVE"}	{"lastPrice": "870358470466783254"}
{"blockNumber":21352804,"chainId":1,"poolAddress":"0x0d89f4583a6b5eceb76551d573ad49cd435f6064","poolType":"CURVE"}	{"lastPrice": "880002147090271119"}
{"blockNumber":21353647,"chainId":1,"poolAddress":"0x0d89f4583a6b5eceb76551d573ad49cd435f6064","poolType":"CURVE"}	{"lastPrice": "879467654545865894"}
{"blockNumber":21355884,"chainId":1,"poolAddress":"0x0d89f4583a6b5eceb76551d573ad49cd435f6064","poolType":"CURVE"}	{"lastPrice": "863244537167314272"}
{"blockNumber":21359618,"chainId":1,"poolAddress":"0x0d89f4583a6b5eceb76551d573ad49cd435f6064","poolType":"CURVE"}	{"lastPrice": "880458228315648570"}
{"blockNumber":21360690,"chainId":1,"poolAddress":"0x0d89f4583a6b5eceb76551d573ad49cd435f6064","poolType":"CURVE"}	{"lastPrice": "882616094747634204"}
{"blockNumber":21361751,"chainId":1,"poolAddress":"0x0d89f4583a6b5eceb76551d573ad49cd435f6064","poolType":"CURVE"}	{"lastPrice": "888483792383827120"}
{"blockNumber":21361835,"chainId":1,"poolAddress":"0x0d89f4583a6b5eceb76551d573ad49cd435f6064","poolType":"CURVE"}	{"lastPrice": "880923092716383469"}
{"blockNumber":21362040,"chainId":1,"poolAddress":"0x0d89f4583a6b5eceb76551d573ad49cd435f6064","poolType":"CURVE"}	{"lastPrice": "882536496403882078"}
{"blockNumber":21362190,"chainId":1,"poolAddress":"0x0d89f4583a6b5eceb76551d573ad49cd435f6064","poolType":"CURVE"}	{"lastPrice": "882349667209178802"}
{"blockNumber":21362376,"chainId":1,"poolAddress":"0x0d89f4583a6b5eceb76551d573ad49cd435f6064","poolType":"CURVE"}	{"lastPrice": "882163626162794929"}
{"blockNumber":21363833,"chainId":1,"poolAddress":"0x0d89f4583a6b5eceb76551d573ad49cd435f6064","poolType":"CURVE"}	{"lastPrice": "881767123416228932"}
{"blockNumber":21364004,"chainId":1,"poolAddress":"0x0d89f4583a6b5eceb76551d573ad49cd435f6064","poolType":"CURVE"}	{"lastPrice": "878873695005677931"}
{"blockNumber":21366837,"chainId":1,"poolAddress":"0x0d89f4583a6b5eceb76551d573ad49cd435f6064","poolType":"CURVE"}	{"lastPrice": "874658162973985798"}
{"blockNumber":21367266,"chainId":1,"poolAddress":"0x0d89f4583a6b5eceb76551d573ad49cd435f6064","poolType":"CURVE"}	{"lastPrice": "876907586355247573"}
{"blockNumber":21370872,"chainId":1,"poolAddress":"0x0d89f4583a6b5eceb76551d573ad49cd435f6064","poolType":"CURVE"}	{"lastPrice": "885576879480232359"}
{"blockNumber":21371077,"chainId":1,"poolAddress":"0x0d89f4583a6b5eceb76551d573ad49cd435f6064","poolType":"CURVE"}	{"lastPrice": "887439893993991725"}
{"blockNumber":21374507,"chainId":1,"poolAddress":"0x0d89f4583a6b5eceb76551d573ad49cd435f6064","poolType":"CURVE"}	{"lastPrice": "889550356349479710"}
{"blockNumber":21374562,"chainId":1,"poolAddress":"0x0d89f4583a6b5eceb76551d573ad49cd435f6064","poolType":"CURVE"}	{"lastPrice": "889292790752418598"}
{"blockNumber":21382247,"chainId":1,"poolAddress":"0x0d89f4583a6b5eceb76551d573ad49cd435f6064","poolType":"CURVE"}	{"lastPrice": "886207267241271042"}
{"blockNumber":21375873,"chainId":1,"poolAddress":"0x0d89f4583a6b5eceb76551d573ad49cd435f6064","poolType":"CURVE"}	{"lastPrice": "887637381635135270"}
{"blockNumber":21390432,"chainId":1,"poolAddress":"0x0d89f4583a6b5eceb76551d573ad49cd435f6064","poolType":"CURVE"}	{"lastPrice": "880759597171301141"}
{"blockNumber":21377333,"chainId":1,"poolAddress":"0x0d89f4583a6b5eceb76551d573ad49cd435f6064","poolType":"CURVE"}	{"lastPrice": "887359171726966078"}
{"blockNumber":21377801,"chainId":1,"poolAddress":"0x0d89f4583a6b5eceb76551d573ad49cd435f6064","poolType":"CURVE"}	{"lastPrice": "886850835397029243"}
{"blockNumber":21379168,"chainId":1,"poolAddress":"0x0d89f4583a6b5eceb76551d573ad49cd435f6064","poolType":"CURVE"}	{"lastPrice": "886947340527140631"}
{"blockNumber":21391573,"chainId":1,"poolAddress":"0x0d89f4583a6b5eceb76551d573ad49cd435f6064","poolType":"CURVE"}	{"lastPrice": "879867505301210935"}
{"blockNumber":21379707,"chainId":1,"poolAddress":"0x0d89f4583a6b5eceb76551d573ad49cd435f6064","poolType":"CURVE"}	{"lastPrice": "886272952382870395"}
{"blockNumber":21384715,"chainId":1,"poolAddress":"0x0d89f4583a6b5eceb76551d573ad49cd435f6064","poolType":"CURVE"}	{"lastPrice": "883807065341953117"}
{"blockNumber":21379712,"chainId":1,"poolAddress":"0x0d89f4583a6b5eceb76551d573ad49cd435f6064","poolType":"CURVE"}	{"lastPrice": "886407034667165547"}
{"blockNumber":21382957,"chainId":1,"poolAddress":"0x0d89f4583a6b5eceb76551d573ad49cd435f6064","poolType":"CURVE"}	{"lastPrice": "885635383533811863"}
{"blockNumber":21383142,"chainId":1,"poolAddress":"0x0d89f4583a6b5eceb76551d573ad49cd435f6064","poolType":"CURVE"}	{"lastPrice": "885572788990642959"}
{"blockNumber":21383551,"chainId":1,"poolAddress":"0x0d89f4583a6b5eceb76551d573ad49cd435f6064","poolType":"CURVE"}	{"lastPrice": "885408948004294980"}
{"blockNumber":21383722,"chainId":1,"poolAddress":"0x0d89f4583a6b5eceb76551d573ad49cd435f6064","poolType":"CURVE"}	{"lastPrice": "885423807411905531"}
{"blockNumber":21383789,"chainId":1,"poolAddress":"0x0d89f4583a6b5eceb76551d573ad49cd435f6064","poolType":"CURVE"}	{"lastPrice": "884787807861925482"}
{"blockNumber":21384003,"chainId":1,"poolAddress":"0x0d89f4583a6b5eceb76551d573ad49cd435f6064","poolType":"CURVE"}	{"lastPrice": "884429534862136803"}
{"blockNumber":21384681,"chainId":1,"poolAddress":"0x0d89f4583a6b5eceb76551d573ad49cd435f6064","poolType":"CURVE"}	{"lastPrice": "883831170196223609"}
{"blockNumber":21384862,"chainId":1,"poolAddress":"0x0d89f4583a6b5eceb76551d573ad49cd435f6064","poolType":"CURVE"}	{"lastPrice": "883267308634793948"}
{"blockNumber":21384909,"chainId":1,"poolAddress":"0x0d89f4583a6b5eceb76551d573ad49cd435f6064","poolType":"CURVE"}	{"lastPrice": "882871795894970921"}
{"blockNumber":21408439,"chainId":1,"poolAddress":"0x0d89f4583a6b5eceb76551d573ad49cd435f6064","poolType":"CURVE"}	{"lastPrice": "869585192374889172"}
{"blockNumber":21384863,"chainId":1,"poolAddress":"0x0d89f4583a6b5eceb76551d573ad49cd435f6064","poolType":"CURVE"}	{"lastPrice": "883050693739761976"}
{"blockNumber":21384938,"chainId":1,"poolAddress":"0x0d89f4583a6b5eceb76551d573ad49cd435f6064","poolType":"CURVE"}	{"lastPrice": "882669481989327236"}
{"blockNumber":21384980,"chainId":1,"poolAddress":"0x0d89f4583a6b5eceb76551d573ad49cd435f6064","poolType":"CURVE"}	{"lastPrice": "882322632114729041"}
{"blockNumber":21385246,"chainId":1,"poolAddress":"0x0d89f4583a6b5eceb76551d573ad49cd435f6064","poolType":"CURVE"}	{"lastPrice": "881685737977696232"}
{"blockNumber":21400010,"chainId":1,"poolAddress":"0x0d89f4583a6b5eceb76551d573ad49cd435f6064","poolType":"CURVE"}	{"lastPrice": "874812706275518621"}
{"blockNumber":21385982,"chainId":1,"poolAddress":"0x0d89f4583a6b5eceb76551d573ad49cd435f6064","poolType":"CURVE"}	{"lastPrice": "882686823403215990"}
{"blockNumber":21386395,"chainId":1,"poolAddress":"0x0d89f4583a6b5eceb76551d573ad49cd435f6064","poolType":"CURVE"}	{"lastPrice": "882491086074970167"}
{"blockNumber":21387010,"chainId":1,"poolAddress":"0x0d89f4583a6b5eceb76551d573ad49cd435f6064","poolType":"CURVE"}	{"lastPrice": "881550528266668406"}
{"blockNumber":21387070,"chainId":1,"poolAddress":"0x0d89f4583a6b5eceb76551d573ad49cd435f6064","poolType":"CURVE"}	{"lastPrice": "881559589044492388"}
{"blockNumber":21389753,"chainId":1,"poolAddress":"0x0d89f4583a6b5eceb76551d573ad49cd435f6064","poolType":"CURVE"}	{"lastPrice": "880489781388929588"}
{"blockNumber":21390202,"chainId":1,"poolAddress":"0x0d89f4583a6b5eceb76551d573ad49cd435f6064","poolType":"CURVE"}	{"lastPrice": "881090612098243203"}
{"blockNumber":21390438,"chainId":1,"poolAddress":"0x0d89f4583a6b5eceb76551d573ad49cd435f6064","poolType":"CURVE"}	{"lastPrice": "880618278799505491"}
{"blockNumber":21390491,"chainId":1,"poolAddress":"0x0d89f4583a6b5eceb76551d573ad49cd435f6064","poolType":"CURVE"}	{"lastPrice": "880501245567029256"}
{"blockNumber":21390558,"chainId":1,"poolAddress":"0x0d89f4583a6b5eceb76551d573ad49cd435f6064","poolType":"CURVE"}	{"lastPrice": "880343976993453719"}
{"blockNumber":21391760,"chainId":1,"poolAddress":"0x0d89f4583a6b5eceb76551d573ad49cd435f6064","poolType":"CURVE"}	{"lastPrice": "879719690686751329"}
{"blockNumber":21391906,"chainId":1,"poolAddress":"0x0d89f4583a6b5eceb76551d573ad49cd435f6064","poolType":"CURVE"}	{"lastPrice": "879467604959753547"}
{"blockNumber":21391932,"chainId":1,"poolAddress":"0x0d89f4583a6b5eceb76551d573ad49cd435f6064","poolType":"CURVE"}	{"lastPrice": "879250485238774177"}
{"blockNumber":21392176,"chainId":1,"poolAddress":"0x0d89f4583a6b5eceb76551d573ad49cd435f6064","poolType":"CURVE"}	{"lastPrice": "878862921181998815"}
{"blockNumber":21392672,"chainId":1,"poolAddress":"0x0d89f4583a6b5eceb76551d573ad49cd435f6064","poolType":"CURVE"}	{"lastPrice": "879059155026274125"}
{"blockNumber":21392685,"chainId":1,"poolAddress":"0x0d89f4583a6b5eceb76551d573ad49cd435f6064","poolType":"CURVE"}	{"lastPrice": "879195926087962764"}
{"blockNumber":21392742,"chainId":1,"poolAddress":"0x0d89f4583a6b5eceb76551d573ad49cd435f6064","poolType":"CURVE"}	{"lastPrice": "879178261135380899"}
{"blockNumber":21392820,"chainId":1,"poolAddress":"0x0d89f4583a6b5eceb76551d573ad49cd435f6064","poolType":"CURVE"}	{"lastPrice": "879066242367363201"}
{"blockNumber":21393258,"chainId":1,"poolAddress":"0x0d89f4583a6b5eceb76551d573ad49cd435f6064","poolType":"CURVE"}	{"lastPrice": "878773796583836726"}
{"blockNumber":21393763,"chainId":1,"poolAddress":"0x0d89f4583a6b5eceb76551d573ad49cd435f6064","poolType":"CURVE"}	{"lastPrice": "878267846718259146"}
{"blockNumber":21394393,"chainId":1,"poolAddress":"0x0d89f4583a6b5eceb76551d573ad49cd435f6064","poolType":"CURVE"}	{"lastPrice": "877944842616575411"}
{"blockNumber":21396032,"chainId":1,"poolAddress":"0x0d89f4583a6b5eceb76551d573ad49cd435f6064","poolType":"CURVE"}	{"lastPrice": "878679262668732432"}
{"blockNumber":21396051,"chainId":1,"poolAddress":"0x0d89f4583a6b5eceb76551d573ad49cd435f6064","poolType":"CURVE"}	{"lastPrice": "878782136875799977"}
{"blockNumber":21396521,"chainId":1,"poolAddress":"0x0d89f4583a6b5eceb76551d573ad49cd435f6064","poolType":"CURVE"}	{"lastPrice": "877960159187947861"}
{"blockNumber":21396737,"chainId":1,"poolAddress":"0x0d89f4583a6b5eceb76551d573ad49cd435f6064","poolType":"CURVE"}	{"lastPrice": "878535391735586929"}
{"blockNumber":21396825,"chainId":1,"poolAddress":"0x0d89f4583a6b5eceb76551d573ad49cd435f6064","poolType":"CURVE"}	{"lastPrice": "878368622626079940"}
{"blockNumber":21397023,"chainId":1,"poolAddress":"0x0d89f4583a6b5eceb76551d573ad49cd435f6064","poolType":"CURVE"}	{"lastPrice": "877700829114112868"}
{"blockNumber":21397742,"chainId":1,"poolAddress":"0x0d89f4583a6b5eceb76551d573ad49cd435f6064","poolType":"CURVE"}	{"lastPrice": "877637150965363052"}
{"blockNumber":21397993,"chainId":1,"poolAddress":"0x0d89f4583a6b5eceb76551d573ad49cd435f6064","poolType":"CURVE"}	{"lastPrice": "877467420793956257"}
{"blockNumber":21408127,"chainId":1,"poolAddress":"0x0d89f4583a6b5eceb76551d573ad49cd435f6064","poolType":"CURVE"}	{"lastPrice": "870716485221911976"}
{"blockNumber":21398335,"chainId":1,"poolAddress":"0x0d89f4583a6b5eceb76551d573ad49cd435f6064","poolType":"CURVE"}	{"lastPrice": "876643225206206898"}
{"blockNumber":21398716,"chainId":1,"poolAddress":"0x0d89f4583a6b5eceb76551d573ad49cd435f6064","poolType":"CURVE"}	{"lastPrice": "876966440404513528"}
{"blockNumber":21398858,"chainId":1,"poolAddress":"0x0d89f4583a6b5eceb76551d573ad49cd435f6064","poolType":"CURVE"}	{"lastPrice": "877103228570838437"}
{"blockNumber":21399070,"chainId":1,"poolAddress":"0x0d89f4583a6b5eceb76551d573ad49cd435f6064","poolType":"CURVE"}	{"lastPrice": "876470485871817548"}
{"blockNumber":21399319,"chainId":1,"poolAddress":"0x0d89f4583a6b5eceb76551d573ad49cd435f6064","poolType":"CURVE"}	{"lastPrice": "876186585186029135"}
{"blockNumber":21399505,"chainId":1,"poolAddress":"0x0d89f4583a6b5eceb76551d573ad49cd435f6064","poolType":"CURVE"}	{"lastPrice": "875700928204557842"}
{"blockNumber":21399583,"chainId":1,"poolAddress":"0x0d89f4583a6b5eceb76551d573ad49cd435f6064","poolType":"CURVE"}	{"lastPrice": "875390203824949366"}
{"blockNumber":21399511,"chainId":1,"poolAddress":"0x0d89f4583a6b5eceb76551d573ad49cd435f6064","poolType":"CURVE"}	{"lastPrice": "875552354560952040"}
{"blockNumber":21399591,"chainId":1,"poolAddress":"0x0d89f4583a6b5eceb76551d573ad49cd435f6064","poolType":"CURVE"}	{"lastPrice": "875329809098723635"}
{"blockNumber":21399640,"chainId":1,"poolAddress":"0x0d89f4583a6b5eceb76551d573ad49cd435f6064","poolType":"CURVE"}	{"lastPrice": "875082500690016064"}
{"blockNumber":21400141,"chainId":1,"poolAddress":"0x0d89f4583a6b5eceb76551d573ad49cd435f6064","poolType":"CURVE"}	{"lastPrice": "874842499263944451"}
{"blockNumber":21400483,"chainId":1,"poolAddress":"0x0d89f4583a6b5eceb76551d573ad49cd435f6064","poolType":"CURVE"}	{"lastPrice": "874512769629685437"}
{"blockNumber":21400504,"chainId":1,"poolAddress":"0x0d89f4583a6b5eceb76551d573ad49cd435f6064","poolType":"CURVE"}	{"lastPrice": "874521205315881559"}
{"blockNumber":21400525,"chainId":1,"poolAddress":"0x0d89f4583a6b5eceb76551d573ad49cd435f6064","poolType":"CURVE"}	{"lastPrice": "874457317269434675"}
{"blockNumber":21400821,"chainId":1,"poolAddress":"0x0d89f4583a6b5eceb76551d573ad49cd435f6064","poolType":"CURVE"}	{"lastPrice": "873966720949395585"}
{"blockNumber":21401564,"chainId":1,"poolAddress":"0x0d89f4583a6b5eceb76551d573ad49cd435f6064","poolType":"CURVE"}	{"lastPrice": "875975562994587452"}
{"blockNumber":21401573,"chainId":1,"poolAddress":"0x0d89f4583a6b5eceb76551d573ad49cd435f6064","poolType":"CURVE"}	{"lastPrice": "875961116082421587"}
{"blockNumber":21401744,"chainId":1,"poolAddress":"0x0d89f4583a6b5eceb76551d573ad49cd435f6064","poolType":"CURVE"}	{"lastPrice": "880508939930294636"}
{"blockNumber":21408255,"chainId":1,"poolAddress":"0x0d89f4583a6b5eceb76551d573ad49cd435f6064","poolType":"CURVE"}	{"lastPrice": "869663387097561966"}
{"blockNumber":21402197,"chainId":1,"poolAddress":"0x0d89f4583a6b5eceb76551d573ad49cd435f6064","poolType":"CURVE"}	{"lastPrice": "891231846275298686"}
{"blockNumber":21402495,"chainId":1,"poolAddress":"0x0d89f4583a6b5eceb76551d573ad49cd435f6064","poolType":"CURVE"}	{"lastPrice": "890428937362061015"}
{"blockNumber":21403492,"chainId":1,"poolAddress":"0x0d89f4583a6b5eceb76551d573ad49cd435f6064","poolType":"CURVE"}	{"lastPrice": "885367723059562411"}
{"blockNumber":21403545,"chainId":1,"poolAddress":"0x0d89f4583a6b5eceb76551d573ad49cd435f6064","poolType":"CURVE"}	{"lastPrice": "885234445312819087"}
{"blockNumber":21403646,"chainId":1,"poolAddress":"0x0d89f4583a6b5eceb76551d573ad49cd435f6064","poolType":"CURVE"}	{"lastPrice": "885234343407735826"}
{"blockNumber":21404185,"chainId":1,"poolAddress":"0x0d89f4583a6b5eceb76551d573ad49cd435f6064","poolType":"CURVE"}	{"lastPrice": "886146827551652513"}
{"blockNumber":21404367,"chainId":1,"poolAddress":"0x0d89f4583a6b5eceb76551d573ad49cd435f6064","poolType":"CURVE"}	{"lastPrice": "886332787338093838"}
{"blockNumber":21404389,"chainId":1,"poolAddress":"0x0d89f4583a6b5eceb76551d573ad49cd435f6064","poolType":"CURVE"}	{"lastPrice": "886277285193083973"}
{"blockNumber":21404424,"chainId":1,"poolAddress":"0x0d89f4583a6b5eceb76551d573ad49cd435f6064","poolType":"CURVE"}	{"lastPrice": "884399817696764889"}
{"blockNumber":21405266,"chainId":1,"poolAddress":"0x0d89f4583a6b5eceb76551d573ad49cd435f6064","poolType":"CURVE"}	{"lastPrice": "881096179525725711"}
{"blockNumber":21405486,"chainId":1,"poolAddress":"0x0d89f4583a6b5eceb76551d573ad49cd435f6064","poolType":"CURVE"}	{"lastPrice": "880946708153391310"}
{"blockNumber":21405573,"chainId":1,"poolAddress":"0x0d89f4583a6b5eceb76551d573ad49cd435f6064","poolType":"CURVE"}	{"lastPrice": "880967725905885201"}
{"blockNumber":21405594,"chainId":1,"poolAddress":"0x0d89f4583a6b5eceb76551d573ad49cd435f6064","poolType":"CURVE"}	{"lastPrice": "880987724783390352"}
{"blockNumber":21405796,"chainId":1,"poolAddress":"0x0d89f4583a6b5eceb76551d573ad49cd435f6064","poolType":"CURVE"}	{"lastPrice": "880693795705767486"}
{"blockNumber":21406060,"chainId":1,"poolAddress":"0x0d89f4583a6b5eceb76551d573ad49cd435f6064","poolType":"CURVE"}	{"lastPrice": "880755835214405481"}
{"blockNumber":21406487,"chainId":1,"poolAddress":"0x0d89f4583a6b5eceb76551d573ad49cd435f6064","poolType":"CURVE"}	{"lastPrice": "880547467487870194"}
{"blockNumber":21406537,"chainId":1,"poolAddress":"0x0d89f4583a6b5eceb76551d573ad49cd435f6064","poolType":"CURVE"}	{"lastPrice": "880359835997853189"}
{"blockNumber":21406595,"chainId":1,"poolAddress":"0x0d89f4583a6b5eceb76551d573ad49cd435f6064","poolType":"CURVE"}	{"lastPrice": "880135034842283594"}
{"blockNumber":21406707,"chainId":1,"poolAddress":"0x0d89f4583a6b5eceb76551d573ad49cd435f6064","poolType":"CURVE"}	{"lastPrice": "879932794167638714"}
{"blockNumber":21407704,"chainId":1,"poolAddress":"0x0d89f4583a6b5eceb76551d573ad49cd435f6064","poolType":"CURVE"}	{"lastPrice": "876721297485416210"}
{"blockNumber":21410467,"chainId":1,"poolAddress":"0x0d89f4583a6b5eceb76551d573ad49cd435f6064","poolType":"CURVE"}	{"lastPrice": "888387324235676408"}
{"blockNumber":21406720,"chainId":1,"poolAddress":"0x0d89f4583a6b5eceb76551d573ad49cd435f6064","poolType":"CURVE"}	{"lastPrice": "879912914971841496"}
{"blockNumber":21406900,"chainId":1,"poolAddress":"0x0d89f4583a6b5eceb76551d573ad49cd435f6064","poolType":"CURVE"}	{"lastPrice": "879438779471069811"}
{"blockNumber":21407113,"chainId":1,"poolAddress":"0x0d89f4583a6b5eceb76551d573ad49cd435f6064","poolType":"CURVE"}	{"lastPrice": "878868418674082641"}
{"blockNumber":21407352,"chainId":1,"poolAddress":"0x0d89f4583a6b5eceb76551d573ad49cd435f6064","poolType":"CURVE"}	{"lastPrice": "877919856283199851"}
{"blockNumber":21407386,"chainId":1,"poolAddress":"0x0d89f4583a6b5eceb76551d573ad49cd435f6064","poolType":"CURVE"}	{"lastPrice": "877859885397300857"}
{"blockNumber":21407517,"chainId":1,"poolAddress":"0x0d89f4583a6b5eceb76551d573ad49cd435f6064","poolType":"CURVE"}	{"lastPrice": "877145170003646558"}
{"blockNumber":21407530,"chainId":1,"poolAddress":"0x0d89f4583a6b5eceb76551d573ad49cd435f6064","poolType":"CURVE"}	{"lastPrice": "877049568152304342"}
{"blockNumber":21407555,"chainId":1,"poolAddress":"0x0d89f4583a6b5eceb76551d573ad49cd435f6064","poolType":"CURVE"}	{"lastPrice": "876932045877904527"}
{"blockNumber":21407718,"chainId":1,"poolAddress":"0x0d89f4583a6b5eceb76551d573ad49cd435f6064","poolType":"CURVE"}	{"lastPrice": "876682227366180559"}
{"blockNumber":21407765,"chainId":1,"poolAddress":"0x0d89f4583a6b5eceb76551d573ad49cd435f6064","poolType":"CURVE"}	{"lastPrice": "876668484520811416"}
{"blockNumber":21407874,"chainId":1,"poolAddress":"0x0d89f4583a6b5eceb76551d573ad49cd435f6064","poolType":"CURVE"}	{"lastPrice": "876653107171403122"}
{"blockNumber":21408170,"chainId":1,"poolAddress":"0x0d89f4583a6b5eceb76551d573ad49cd435f6064","poolType":"CURVE"}	{"lastPrice": "869709407894981867"}
{"blockNumber":21408445,"chainId":1,"poolAddress":"0x0d89f4583a6b5eceb76551d573ad49cd435f6064","poolType":"CURVE"}	{"lastPrice": "869430117785968038"}
{"blockNumber":21409153,"chainId":1,"poolAddress":"0x0d89f4583a6b5eceb76551d573ad49cd435f6064","poolType":"CURVE"}	{"lastPrice": "871184780435238554"}
{"blockNumber":21409292,"chainId":1,"poolAddress":"0x0d89f4583a6b5eceb76551d573ad49cd435f6064","poolType":"CURVE"}	{"lastPrice": "870598265112857917"}
{"blockNumber":21409459,"chainId":1,"poolAddress":"0x0d89f4583a6b5eceb76551d573ad49cd435f6064","poolType":"CURVE"}	{"lastPrice": "870657989717247358"}
{"blockNumber":21409954,"chainId":1,"poolAddress":"0x0d89f4583a6b5eceb76551d573ad49cd435f6064","poolType":"CURVE"}	{"lastPrice": "899872804650267203"}
{"blockNumber":21410530,"chainId":1,"poolAddress":"0x0d89f4583a6b5eceb76551d573ad49cd435f6064","poolType":"CURVE"}	{"lastPrice": "888016878296472314"}
{"blockNumber":21410539,"chainId":1,"poolAddress":"0x0d89f4583a6b5eceb76551d573ad49cd435f6064","poolType":"CURVE"}	{"lastPrice": "887654857766044968"}
{"blockNumber":21284740,"chainId":1,"poolAddress":"0xc6e949f57d365fb73015d21a2d1a9da93e938d52","poolType":"CURVE"}	{"lastPrice": "874656562340610697"}
{"blockNumber":21362957,"chainId":1,"poolAddress":"0xc6e949f57d365fb73015d21a2d1a9da93e938d52","poolType":"CURVE"}	{"lastPrice": "863885640652011819"}
{"blockNumber":21318981,"chainId":1,"poolAddress":"0x1c4d2495f1b9f325cb72c1af0db29985239c68ad","poolType":"CURVE"}	{"lastPrice": "966364458763125259"}
{"blockNumber":21356660,"chainId":1,"poolAddress":"0x1c4d2495f1b9f325cb72c1af0db29985239c68ad","poolType":"CURVE"}	{"lastPrice": "942770311317641834"}
{"blockNumber":21390113,"chainId":1,"poolAddress":"0x1c4d2495f1b9f325cb72c1af0db29985239c68ad","poolType":"CURVE"}	{"lastPrice": "932524713515956196"}
{"blockNumber":21362221,"chainId":1,"poolAddress":"0x952ac974ff2f3ee5c05534961b661fe70fd38b8a","poolType":"CURVE"}	{"lastPrice": "982811896677971364"}
{"blockNumber":21377685,"chainId":1,"poolAddress":"0xbce4e65b4a68ac2095c7747992250d2075d82edc","poolType":"CURVE"}	{"lastPrice": "931572948408160363"}
{"blockNumber":21395163,"chainId":1,"poolAddress":"0x0d89f4583a6b5eceb76551d573ad49cd435f6064","poolType":"CURVE"}	{"lastPrice": "880055545555553906"}
{"blockNumber":21390343,"chainId":1,"poolAddress":"0x0d89f4583a6b5eceb76551d573ad49cd435f6064","poolType":"CURVE"}	{"lastPrice": "881129876654775911"}
{"blockNumber":21406495,"chainId":1,"poolAddress":"0x0d89f4583a6b5eceb76551d573ad49cd435f6064","poolType":"CURVE"}	{"lastPrice": "880547467487870194"}
{"blockNumber":21357016,"chainId":1,"poolAddress":"0x0d89f4583a6b5eceb76551d573ad49cd435f6064","poolType":"CURVE"}	{"lastPrice": "872637845642664424"}
{"blockNumber":21379057,"chainId":1,"poolAddress":"0x0d89f4583a6b5eceb76551d573ad49cd435f6064","poolType":"CURVE"}	{"lastPrice": "887090185851916972"}
{"blockNumber":21388291,"chainId":1,"poolAddress":"0x0d89f4583a6b5eceb76551d573ad49cd435f6064","poolType":"CURVE"}	{"lastPrice": "880723945982789239"}
{"blockNumber":21391597,"chainId":1,"poolAddress":"0x0d89f4583a6b5eceb76551d573ad49cd435f6064","poolType":"CURVE"}	{"lastPrice": "879867505301210935"}
{"blockNumber":21384579,"chainId":1,"poolAddress":"0x0d89f4583a6b5eceb76551d573ad49cd435f6064","poolType":"CURVE"}	{"lastPrice": "885291691513650192"}
{"blockNumber":21382492,"chainId":1,"poolAddress":"0x0d89f4583a6b5eceb76551d573ad49cd435f6064","poolType":"CURVE"}	{"lastPrice": "885892386463497147"}
{"blockNumber":21384706,"chainId":1,"poolAddress":"0x0d89f4583a6b5eceb76551d573ad49cd435f6064","poolType":"CURVE"}	{"lastPrice": "883831170196223609"}
{"blockNumber":21384727,"chainId":1,"poolAddress":"0x0d89f4583a6b5eceb76551d573ad49cd435f6064","poolType":"CURVE"}	{"lastPrice": "883807065341953117"}
{"blockNumber":21408529,"chainId":1,"poolAddress":"0x0d89f4583a6b5eceb76551d573ad49cd435f6064","poolType":"CURVE"}	{"lastPrice": "867986593380185880"}
{"blockNumber":21393407,"chainId":1,"poolAddress":"0x0d89f4583a6b5eceb76551d573ad49cd435f6064","poolType":"CURVE"}	{"lastPrice": "878773796583836726"}
{"blockNumber":21410105,"chainId":1,"poolAddress":"0x0d89f4583a6b5eceb76551d573ad49cd435f6064","poolType":"CURVE"}	{"lastPrice": "893144648186212040"}
{"blockNumber":21399606,"chainId":1,"poolAddress":"0x0d89f4583a6b5eceb76551d573ad49cd435f6064","poolType":"CURVE"}	{"lastPrice": "876681354917590171"}
{"blockNumber":21406024,"chainId":1,"poolAddress":"0x0d89f4583a6b5eceb76551d573ad49cd435f6064","poolType":"CURVE"}	{"lastPrice": "882303986166315531"}
{"blockNumber":21407308,"chainId":1,"poolAddress":"0x0d89f4583a6b5eceb76551d573ad49cd435f6064","poolType":"CURVE"}	{"lastPrice": "879738287263794089"}
{"blockNumber":21408647,"chainId":1,"poolAddress":"0x0d89f4583a6b5eceb76551d573ad49cd435f6064","poolType":"CURVE"}	{"lastPrice": "870010490237480297"}
{"blockNumber":21407535,"chainId":1,"poolAddress":"0x0d89f4583a6b5eceb76551d573ad49cd435f6064","poolType":"CURVE"}	{"lastPrice": "878520155762852273"}
{"blockNumber":21408901,"chainId":1,"poolAddress":"0x0d89f4583a6b5eceb76551d573ad49cd435f6064","poolType":"CURVE"}	{"lastPrice": "873055339845529157"}
{"blockNumber":21407910,"chainId":1,"poolAddress":"0x0d89f4583a6b5eceb76551d573ad49cd435f6064","poolType":"CURVE"}	{"lastPrice": "876480534364634618"}
{"blockNumber":21409031,"chainId":1,"poolAddress":"0x0d89f4583a6b5eceb76551d573ad49cd435f6064","poolType":"CURVE"}	{"lastPrice": "874523479036557744"}
{"blockNumber":21409046,"chainId":1,"poolAddress":"0x0d89f4583a6b5eceb76551d573ad49cd435f6064","poolType":"CURVE"}	{"lastPrice": "874523479036557744"}
{"blockNumber":21380734,"chainId":1,"poolAddress":"0x1c4d2495f1b9f325cb72c1af0db29985239c68ad","poolType":"CURVE"}	{"lastPrice": "942770311317641834"}
{"blockNumber":21389684,"chainId":1,"poolAddress":"0x0d89f4583a6b5eceb76551d573ad49cd435f6064","poolType":"CURVE"}	{"lastPrice": "883430175140648946"}
{"blockNumber":21379146,"chainId":1,"poolAddress":"0x0d89f4583a6b5eceb76551d573ad49cd435f6064","poolType":"CURVE"}	{"lastPrice": "889236611494284876"}
{"blockNumber":21384960,"chainId":1,"poolAddress":"0x0d89f4583a6b5eceb76551d573ad49cd435f6064","poolType":"CURVE"}	{"lastPrice": "885469967080615848"}
{"blockNumber":21396246,"chainId":1,"poolAddress":"0x0d89f4583a6b5eceb76551d573ad49cd435f6064","poolType":"CURVE"}	{"lastPrice": "880906859651731799"}
{"blockNumber":21408537,"chainId":1,"poolAddress":"0x0d89f4583a6b5eceb76551d573ad49cd435f6064","poolType":"CURVE"}	{"lastPrice": "870783465773232601"}
{"blockNumber":21399598,"chainId":1,"poolAddress":"0x0d89f4583a6b5eceb76551d573ad49cd435f6064","poolType":"CURVE"}	{"lastPrice": "878271058567842643"}
{"blockNumber":21407336,"chainId":1,"poolAddress":"0x0d89f4583a6b5eceb76551d573ad49cd435f6064","poolType":"CURVE"}	{"lastPrice": "881060144706614083"}
{"blockNumber":21408456,"chainId":1,"poolAddress":"0x9429e06ffd09cf97007791b8bf3845171f1425e8","poolType":"CURVE"}	{"lastPrice": "963104231250799633"}
{"blockNumber":21401789,"chainId":1,"poolAddress":"0x0d89f4583a6b5eceb76551d573ad49cd435f6064","poolType":"CURVE"}	{"lastPrice": "882323662368749825"}
{"blockNumber":21408882,"chainId":1,"poolAddress":"0x0d89f4583a6b5eceb76551d573ad49cd435f6064","poolType":"CURVE"}	{"lastPrice": "873055339845529157"}
{"blockNumber":21273467,"chainId":1,"poolAddress":"0x0d89f4583a6b5eceb76551d573ad49cd435f6064","poolType":"CURVE"}	{"lastPrice": "905184488112720018"}
{"blockNumber":21274562,"chainId":1,"poolAddress":"0x0d89f4583a6b5eceb76551d573ad49cd435f6064","poolType":"CURVE"}	{"lastPrice": "903519047419666672"}
{"blockNumber":21353933,"chainId":1,"poolAddress":"0x0d89f4583a6b5eceb76551d573ad49cd435f6064","poolType":"CURVE"}	{"lastPrice": "879918295037456804"}
{"blockNumber":21285918,"chainId":1,"poolAddress":"0x0d89f4583a6b5eceb76551d573ad49cd435f6064","poolType":"CURVE"}	{"lastPrice": "895659577885828178"}
{"blockNumber":21293702,"chainId":1,"poolAddress":"0x0d89f4583a6b5eceb76551d573ad49cd435f6064","poolType":"CURVE"}	{"lastPrice": "899754835721301016"}
{"blockNumber":21297888,"chainId":1,"poolAddress":"0x0d89f4583a6b5eceb76551d573ad49cd435f6064","poolType":"CURVE"}	{"lastPrice": "906134751483631756"}
{"blockNumber":21299189,"chainId":1,"poolAddress":"0x0d89f4583a6b5eceb76551d573ad49cd435f6064","poolType":"CURVE"}	{"lastPrice": "906110565237333772"}
{"blockNumber":21300675,"chainId":1,"poolAddress":"0x0d89f4583a6b5eceb76551d573ad49cd435f6064","poolType":"CURVE"}	{"lastPrice": "899281912233029425"}
{"blockNumber":21303327,"chainId":1,"poolAddress":"0x0d89f4583a6b5eceb76551d573ad49cd435f6064","poolType":"CURVE"}	{"lastPrice": "899057314570403543"}
{"blockNumber":21320014,"chainId":1,"poolAddress":"0x0d89f4583a6b5eceb76551d573ad49cd435f6064","poolType":"CURVE"}	{"lastPrice": "899480456600876156"}
{"blockNumber":21333572,"chainId":1,"poolAddress":"0x0d89f4583a6b5eceb76551d573ad49cd435f6064","poolType":"CURVE"}	{"lastPrice": "898854440646305072"}
{"blockNumber":21334201,"chainId":1,"poolAddress":"0x0d89f4583a6b5eceb76551d573ad49cd435f6064","poolType":"CURVE"}	{"lastPrice": "898497709927457023"}
{"blockNumber":21359631,"chainId":1,"poolAddress":"0x0d89f4583a6b5eceb76551d573ad49cd435f6064","poolType":"CURVE"}	{"lastPrice": "882105000405909900"}
{"blockNumber":21341247,"chainId":1,"poolAddress":"0x0d89f4583a6b5eceb76551d573ad49cd435f6064","poolType":"CURVE"}	{"lastPrice": "889115504914875410"}
{"blockNumber":21346797,"chainId":1,"poolAddress":"0x0d89f4583a6b5eceb76551d573ad49cd435f6064","poolType":"CURVE"}	{"lastPrice": "873221343976741402"}
{"blockNumber":21349493,"chainId":1,"poolAddress":"0x0d89f4583a6b5eceb76551d573ad49cd435f6064","poolType":"CURVE"}	{"lastPrice": "851100117171188120"}
{"blockNumber":21349733,"chainId":1,"poolAddress":"0x0d89f4583a6b5eceb76551d573ad49cd435f6064","poolType":"CURVE"}	{"lastPrice": "857861422426151893"}
{"blockNumber":21349776,"chainId":1,"poolAddress":"0x0d89f4583a6b5eceb76551d573ad49cd435f6064","poolType":"CURVE"}	{"lastPrice": "879675606438267308"}
{"blockNumber":21351976,"chainId":1,"poolAddress":"0x0d89f4583a6b5eceb76551d573ad49cd435f6064","poolType":"CURVE"}	{"lastPrice": "864392458612456262"}
{"blockNumber":21359368,"chainId":1,"poolAddress":"0x0d89f4583a6b5eceb76551d573ad49cd435f6064","poolType":"CURVE"}	{"lastPrice": "880623930201985001"}
{"blockNumber":21353730,"chainId":1,"poolAddress":"0x0d89f4583a6b5eceb76551d573ad49cd435f6064","poolType":"CURVE"}	{"lastPrice": "880940229515731623"}
{"blockNumber":21404523,"chainId":1,"poolAddress":"0x0d89f4583a6b5eceb76551d573ad49cd435f6064","poolType":"CURVE"}	{"lastPrice": "883866582493635698"}
{"blockNumber":21354086,"chainId":1,"poolAddress":"0x0d89f4583a6b5eceb76551d573ad49cd435f6064","poolType":"CURVE"}	{"lastPrice": "876383415885206863"}
{"blockNumber":21354188,"chainId":1,"poolAddress":"0x0d89f4583a6b5eceb76551d573ad49cd435f6064","poolType":"CURVE"}	{"lastPrice": "877988137981598433"}
{"blockNumber":21356222,"chainId":1,"poolAddress":"0x0d89f4583a6b5eceb76551d573ad49cd435f6064","poolType":"CURVE"}	{"lastPrice": "865897686927378633"}
{"blockNumber":21356245,"chainId":1,"poolAddress":"0x0d89f4583a6b5eceb76551d573ad49cd435f6064","poolType":"CURVE"}	{"lastPrice": "866279761412722066"}
{"blockNumber":21356360,"chainId":1,"poolAddress":"0x0d89f4583a6b5eceb76551d573ad49cd435f6064","poolType":"CURVE"}	{"lastPrice": "873838243755031937"}
{"blockNumber":21403773,"chainId":1,"poolAddress":"0x0d89f4583a6b5eceb76551d573ad49cd435f6064","poolType":"CURVE"}	{"lastPrice": "886693957609273669"}
{"blockNumber":21358662,"chainId":1,"poolAddress":"0x0d89f4583a6b5eceb76551d573ad49cd435f6064","poolType":"CURVE"}	{"lastPrice": "878521975453898533"}
{"blockNumber":21375533,"chainId":1,"poolAddress":"0x0d89f4583a6b5eceb76551d573ad49cd435f6064","poolType":"CURVE"}	{"lastPrice": "889286473644098282"}
{"blockNumber":21358963,"chainId":1,"poolAddress":"0x0d89f4583a6b5eceb76551d573ad49cd435f6064","poolType":"CURVE"}	{"lastPrice": "878550682781376048"}
{"blockNumber":21359311,"chainId":1,"poolAddress":"0x0d89f4583a6b5eceb76551d573ad49cd435f6064","poolType":"CURVE"}	{"lastPrice": "880141434985806374"}
{"blockNumber":21359370,"chainId":1,"poolAddress":"0x0d89f4583a6b5eceb76551d573ad49cd435f6064","poolType":"CURVE"}	{"lastPrice": "881083020767339064"}
{"blockNumber":21359416,"chainId":1,"poolAddress":"0x0d89f4583a6b5eceb76551d573ad49cd435f6064","poolType":"CURVE"}	{"lastPrice": "882122740110103035"}
{"blockNumber":21360040,"chainId":1,"poolAddress":"0x0d89f4583a6b5eceb76551d573ad49cd435f6064","poolType":"CURVE"}	{"lastPrice": "883969482291048110"}
{"blockNumber":21360369,"chainId":1,"poolAddress":"0x0d89f4583a6b5eceb76551d573ad49cd435f6064","poolType":"CURVE"}	{"lastPrice": "884243109046384471"}
{"blockNumber":21360494,"chainId":1,"poolAddress":"0x0d89f4583a6b5eceb76551d573ad49cd435f6064","poolType":"CURVE"}	{"lastPrice": "884391237063417127"}
{"blockNumber":21362024,"chainId":1,"poolAddress":"0x0d89f4583a6b5eceb76551d573ad49cd435f6064","poolType":"CURVE"}	{"lastPrice": "884267863293492682"}
{"blockNumber":21370810,"chainId":1,"poolAddress":"0x0d89f4583a6b5eceb76551d573ad49cd435f6064","poolType":"CURVE"}	{"lastPrice": "887786047858828107"}
{"blockNumber":21362898,"chainId":1,"poolAddress":"0x0d89f4583a6b5eceb76551d573ad49cd435f6064","poolType":"CURVE"}	{"lastPrice": "884256091339754617"}
{"blockNumber":21363285,"chainId":1,"poolAddress":"0x0d89f4583a6b5eceb76551d573ad49cd435f6064","poolType":"CURVE"}	{"lastPrice": "884473854992375489"}
{"blockNumber":21363621,"chainId":1,"poolAddress":"0x0d89f4583a6b5eceb76551d573ad49cd435f6064","poolType":"CURVE"}	{"lastPrice": "883583744017324092"}
{"blockNumber":21363734,"chainId":1,"poolAddress":"0x0d89f4583a6b5eceb76551d573ad49cd435f6064","poolType":"CURVE"}	{"lastPrice": "884805764023294564"}
{"blockNumber":21364336,"chainId":1,"poolAddress":"0x0d89f4583a6b5eceb76551d573ad49cd435f6064","poolType":"CURVE"}	{"lastPrice": "877202489081773177"}
{"blockNumber":21366466,"chainId":1,"poolAddress":"0x0d89f4583a6b5eceb76551d573ad49cd435f6064","poolType":"CURVE"}	{"lastPrice": "877699696724909598"}
{"blockNumber":21367201,"chainId":1,"poolAddress":"0x0d89f4583a6b5eceb76551d573ad49cd435f6064","poolType":"CURVE"}	{"lastPrice": "878644236837352149"}
{"blockNumber":21368167,"chainId":1,"poolAddress":"0x0d89f4583a6b5eceb76551d573ad49cd435f6064","poolType":"CURVE"}	{"lastPrice": "878547804509664389"}
{"blockNumber":21368814,"chainId":1,"poolAddress":"0x0d89f4583a6b5eceb76551d573ad49cd435f6064","poolType":"CURVE"}	{"lastPrice": "883297659558964978"}
{"blockNumber":21369023,"chainId":1,"poolAddress":"0x0d89f4583a6b5eceb76551d573ad49cd435f6064","poolType":"CURVE"}	{"lastPrice": "883085971236855616"}
{"blockNumber":21369222,"chainId":1,"poolAddress":"0x0d89f4583a6b5eceb76551d573ad49cd435f6064","poolType":"CURVE"}	{"lastPrice": "883244872157105895"}
{"blockNumber":21370316,"chainId":1,"poolAddress":"0x0d89f4583a6b5eceb76551d573ad49cd435f6064","poolType":"CURVE"}	{"lastPrice": "883931310659746190"}
{"blockNumber":21370360,"chainId":1,"poolAddress":"0x0d89f4583a6b5eceb76551d573ad49cd435f6064","poolType":"CURVE"}	{"lastPrice": "885532088674585003"}
{"blockNumber":21370632,"chainId":1,"poolAddress":"0x0d89f4583a6b5eceb76551d573ad49cd435f6064","poolType":"CURVE"}	{"lastPrice": "888514281599760722"}
{"blockNumber":21370442,"chainId":1,"poolAddress":"0x0d89f4583a6b5eceb76551d573ad49cd435f6064","poolType":"CURVE"}	{"lastPrice": "886777604815881516"}
{"blockNumber":21370452,"chainId":1,"poolAddress":"0x0d89f4583a6b5eceb76551d573ad49cd435f6064","poolType":"CURVE"}	{"lastPrice": "885606920572566424"}
{"blockNumber":21370501,"chainId":1,"poolAddress":"0x0d89f4583a6b5eceb76551d573ad49cd435f6064","poolType":"CURVE"}	{"lastPrice": "885826979319115516"}
{"blockNumber":21370707,"chainId":1,"poolAddress":"0x0d89f4583a6b5eceb76551d573ad49cd435f6064","poolType":"CURVE"}	{"lastPrice": "887931693188915287"}
{"blockNumber":21371387,"chainId":1,"poolAddress":"0x0d89f4583a6b5eceb76551d573ad49cd435f6064","poolType":"CURVE"}	{"lastPrice": "890240681768403951"}
{"blockNumber":21385551,"chainId":1,"poolAddress":"0x0d89f4583a6b5eceb76551d573ad49cd435f6064","poolType":"CURVE"}	{"lastPrice": "883694695375668048"}
{"blockNumber":21410064,"chainId":1,"poolAddress":"0x0d89f4583a6b5eceb76551d573ad49cd435f6064","poolType":"CURVE"}	{"lastPrice": "896806672326917494"}
{"blockNumber":21371540,"chainId":1,"poolAddress":"0x0d89f4583a6b5eceb76551d573ad49cd435f6064","poolType":"CURVE"}	{"lastPrice": "890403865968940617"}
{"blockNumber":21371963,"chainId":1,"poolAddress":"0x0d89f4583a6b5eceb76551d573ad49cd435f6064","poolType":"CURVE"}	{"lastPrice": "890682052456485083"}
{"blockNumber":21372552,"chainId":1,"poolAddress":"0x0d89f4583a6b5eceb76551d573ad49cd435f6064","poolType":"CURVE"}	{"lastPrice": "890997866670496383"}
{"blockNumber":21372909,"chainId":1,"poolAddress":"0x0d89f4583a6b5eceb76551d573ad49cd435f6064","poolType":"CURVE"}	{"lastPrice": "890876157213296073"}
{"blockNumber":21399932,"chainId":1,"poolAddress":"0x0d89f4583a6b5eceb76551d573ad49cd435f6064","poolType":"CURVE"}	{"lastPrice": "878107404731005761"}
{"blockNumber":21375055,"chainId":1,"poolAddress":"0x0d89f4583a6b5eceb76551d573ad49cd435f6064","poolType":"CURVE"}	{"lastPrice": "890280018777024580"}
{"blockNumber":21375255,"chainId":1,"poolAddress":"0x0d89f4583a6b5eceb76551d573ad49cd435f6064","poolType":"CURVE"}	{"lastPrice": "890074171853712914"}
{"blockNumber":21375531,"chainId":1,"poolAddress":"0x0d89f4583a6b5eceb76551d573ad49cd435f6064","poolType":"CURVE"}	{"lastPrice": "889506212196673863"}
{"blockNumber":21376051,"chainId":1,"poolAddress":"0x0d89f4583a6b5eceb76551d573ad49cd435f6064","poolType":"CURVE"}	{"lastPrice": "890776945451326676"}
{"blockNumber":21376818,"chainId":1,"poolAddress":"0x0d89f4583a6b5eceb76551d573ad49cd435f6064","poolType":"CURVE"}	{"lastPrice": "890795922108315218"}
{"blockNumber":21376902,"chainId":1,"poolAddress":"0x0d89f4583a6b5eceb76551d573ad49cd435f6064","poolType":"CURVE"}	{"lastPrice": "888712475020361936"}
{"blockNumber":21377529,"chainId":1,"poolAddress":"0x0d89f4583a6b5eceb76551d573ad49cd435f6064","poolType":"CURVE"}	{"lastPrice": "888630350096970038"}
{"blockNumber":21377969,"chainId":1,"poolAddress":"0x0d89f4583a6b5eceb76551d573ad49cd435f6064","poolType":"CURVE"}	{"lastPrice": "888451686588954746"}
{"blockNumber":21378304,"chainId":1,"poolAddress":"0x0d89f4583a6b5eceb76551d573ad49cd435f6064","poolType":"CURVE"}	{"lastPrice": "890046918356081168"}
{"blockNumber":21409656,"chainId":1,"poolAddress":"0x0d89f4583a6b5eceb76551d573ad49cd435f6064","poolType":"CURVE"}	{"lastPrice": "872269159631246602"}
{"blockNumber":21378966,"chainId":1,"poolAddress":"0x0d89f4583a6b5eceb76551d573ad49cd435f6064","poolType":"CURVE"}	{"lastPrice": "888546030948051172"}
{"blockNumber":21379531,"chainId":1,"poolAddress":"0x0d89f4583a6b5eceb76551d573ad49cd435f6064","poolType":"CURVE"}	{"lastPrice": "887769883981420617"}
{"blockNumber":21381544,"chainId":1,"poolAddress":"0x0d89f4583a6b5eceb76551d573ad49cd435f6064","poolType":"CURVE"}	{"lastPrice": "887559169087007082"}
{"blockNumber":21381761,"chainId":1,"poolAddress":"0x0d89f4583a6b5eceb76551d573ad49cd435f6064","poolType":"CURVE"}	{"lastPrice": "887364273142652209"}
{"blockNumber":21381873,"chainId":1,"poolAddress":"0x0d89f4583a6b5eceb76551d573ad49cd435f6064","poolType":"CURVE"}	{"lastPrice": "887393731939867449"}
{"blockNumber":21382677,"chainId":1,"poolAddress":"0x0d89f4583a6b5eceb76551d573ad49cd435f6064","poolType":"CURVE"}	{"lastPrice": "886552226611157120"}
{"blockNumber":21382719,"chainId":1,"poolAddress":"0x0d89f4583a6b5eceb76551d573ad49cd435f6064","poolType":"CURVE"}	{"lastPrice": "887497803137718981"}
{"blockNumber":21382746,"chainId":1,"poolAddress":"0x0d89f4583a6b5eceb76551d573ad49cd435f6064","poolType":"CURVE"}	{"lastPrice": "886564909329423863"}
{"blockNumber":21382975,"chainId":1,"poolAddress":"0x0d89f4583a6b5eceb76551d573ad49cd435f6064","poolType":"CURVE"}	{"lastPrice": "886616902127128486"}
{"blockNumber":21383298,"chainId":1,"poolAddress":"0x0d89f4583a6b5eceb76551d573ad49cd435f6064","poolType":"CURVE"}	{"lastPrice": "886572806802265160"}
{"blockNumber":21398711,"chainId":1,"poolAddress":"0x0d89f4583a6b5eceb76551d573ad49cd435f6064","poolType":"CURVE"}	{"lastPrice": "878321932493895492"}
{"blockNumber":21384383,"chainId":1,"poolAddress":"0x0d89f4583a6b5eceb76551d573ad49cd435f6064","poolType":"CURVE"}	{"lastPrice": "885564165008345651"}
{"blockNumber":21385560,"chainId":1,"poolAddress":"0x0d89f4583a6b5eceb76551d573ad49cd435f6064","poolType":"CURVE"}	{"lastPrice": "883897715405430255"}
{"blockNumber":21385687,"chainId":1,"poolAddress":"0x0d89f4583a6b5eceb76551d573ad49cd435f6064","poolType":"CURVE"}	{"lastPrice": "884040070779711822"}
{"blockNumber":21385805,"chainId":1,"poolAddress":"0x0d89f4583a6b5eceb76551d573ad49cd435f6064","poolType":"CURVE"}	{"lastPrice": "885355807651501471"}
{"blockNumber":21385856,"chainId":1,"poolAddress":"0x0d89f4583a6b5eceb76551d573ad49cd435f6064","poolType":"CURVE"}	{"lastPrice": "884029833264452750"}
{"blockNumber":21386445,"chainId":1,"poolAddress":"0x0d89f4583a6b5eceb76551d573ad49cd435f6064","poolType":"CURVE"}	{"lastPrice": "883674385180573029"}
{"blockNumber":21386600,"chainId":1,"poolAddress":"0x0d89f4583a6b5eceb76551d573ad49cd435f6064","poolType":"CURVE"}	{"lastPrice": "883549965375143815"}
{"blockNumber":21386815,"chainId":1,"poolAddress":"0x0d89f4583a6b5eceb76551d573ad49cd435f6064","poolType":"CURVE"}	{"lastPrice": "883210635499127308"}
{"blockNumber":21399602,"chainId":1,"poolAddress":"0x0d89f4583a6b5eceb76551d573ad49cd435f6064","poolType":"CURVE"}	{"lastPrice": "876681354917590171"}
{"blockNumber":21387178,"chainId":1,"poolAddress":"0x0d89f4583a6b5eceb76551d573ad49cd435f6064","poolType":"CURVE"}	{"lastPrice": "882889285492271395"}
{"blockNumber":21394450,"chainId":1,"poolAddress":"0x0d89f4583a6b5eceb76551d573ad49cd435f6064","poolType":"CURVE"}	{"lastPrice": "879135523964403598"}
{"blockNumber":21388264,"chainId":1,"poolAddress":"0x0d89f4583a6b5eceb76551d573ad49cd435f6064","poolType":"CURVE"}	{"lastPrice": "882361437773788320"}
{"blockNumber":21388472,"chainId":1,"poolAddress":"0x0d89f4583a6b5eceb76551d573ad49cd435f6064","poolType":"CURVE"}	{"lastPrice": "881830175573911178"}
{"blockNumber":21388745,"chainId":1,"poolAddress":"0x0d89f4583a6b5eceb76551d573ad49cd435f6064","poolType":"CURVE"}	{"lastPrice": "881527853657403454"}
{"blockNumber":21395999,"chainId":1,"poolAddress":"0x0d89f4583a6b5eceb76551d573ad49cd435f6064","poolType":"CURVE"}	{"lastPrice": "879269746617780886"}
{"blockNumber":21389201,"chainId":1,"poolAddress":"0x0d89f4583a6b5eceb76551d573ad49cd435f6064","poolType":"CURVE"}	{"lastPrice": "881660110031998303"}
{"blockNumber":21390119,"chainId":1,"poolAddress":"0x0d89f4583a6b5eceb76551d573ad49cd435f6064","poolType":"CURVE"}	{"lastPrice": "881810549933137777"}
{"blockNumber":21391382,"chainId":1,"poolAddress":"0x0d89f4583a6b5eceb76551d573ad49cd435f6064","poolType":"CURVE"}	{"lastPrice": "882307130368642432"}
{"blockNumber":21391494,"chainId":1,"poolAddress":"0x0d89f4583a6b5eceb76551d573ad49cd435f6064","poolType":"CURVE"}	{"lastPrice": "880863080682702806"}
{"blockNumber":21391986,"chainId":1,"poolAddress":"0x0d89f4583a6b5eceb76551d573ad49cd435f6064","poolType":"CURVE"}	{"lastPrice": "880410145270281078"}
{"blockNumber":21392318,"chainId":1,"poolAddress":"0x0d89f4583a6b5eceb76551d573ad49cd435f6064","poolType":"CURVE"}	{"lastPrice": "880083275209072282"}
{"blockNumber":21392640,"chainId":1,"poolAddress":"0x0d89f4583a6b5eceb76551d573ad49cd435f6064","poolType":"CURVE"}	{"lastPrice": "880093702931560412"}
{"blockNumber":21392214,"chainId":1,"poolAddress":"0x0d89f4583a6b5eceb76551d573ad49cd435f6064","poolType":"CURVE"}	{"lastPrice": "880188531866858977"}
{"blockNumber":21392348,"chainId":1,"poolAddress":"0x0d89f4583a6b5eceb76551d573ad49cd435f6064","poolType":"CURVE"}	{"lastPrice": "880057197503345331"}
{"blockNumber":21398504,"chainId":1,"poolAddress":"0x0d89f4583a6b5eceb76551d573ad49cd435f6064","poolType":"CURVE"}	{"lastPrice": "878130096288938668"}
{"blockNumber":21393148,"chainId":1,"poolAddress":"0x0d89f4583a6b5eceb76551d573ad49cd435f6064","poolType":"CURVE"}	{"lastPrice": "879973455012909083"}
{"blockNumber":21393191,"chainId":1,"poolAddress":"0x0d89f4583a6b5eceb76551d573ad49cd435f6064","poolType":"CURVE"}	{"lastPrice": "879783736582252782"}
{"blockNumber":21393417,"chainId":1,"poolAddress":"0x0d89f4583a6b5eceb76551d573ad49cd435f6064","poolType":"CURVE"}	{"lastPrice": "879538150974882978"}
{"blockNumber":21393530,"chainId":1,"poolAddress":"0x0d89f4583a6b5eceb76551d573ad49cd435f6064","poolType":"CURVE"}	{"lastPrice": "879251044900076720"}
{"blockNumber":21393863,"chainId":1,"poolAddress":"0x0d89f4583a6b5eceb76551d573ad49cd435f6064","poolType":"CURVE"}	{"lastPrice": "879144401803211828"}
{"blockNumber":21398190,"chainId":1,"poolAddress":"0x0d89f4583a6b5eceb76551d573ad49cd435f6064","poolType":"CURVE"}	{"lastPrice": "878510265278769740"}
{"blockNumber":21393917,"chainId":1,"poolAddress":"0x0d89f4583a6b5eceb76551d573ad49cd435f6064","poolType":"CURVE"}	{"lastPrice": "879016303050396655"}
{"blockNumber":21394103,"chainId":1,"poolAddress":"0x0d89f4583a6b5eceb76551d573ad49cd435f6064","poolType":"CURVE"}	{"lastPrice": "878981311051172124"}
{"blockNumber":21396077,"chainId":1,"poolAddress":"0x0d89f4583a6b5eceb76551d573ad49cd435f6064","poolType":"CURVE"}	{"lastPrice": "879660791801184377"}
{"blockNumber":21396116,"chainId":1,"poolAddress":"0x0d89f4583a6b5eceb76551d573ad49cd435f6064","poolType":"CURVE"}	{"lastPrice": "879616879922432983"}
{"blockNumber":21396344,"chainId":1,"poolAddress":"0x0d89f4583a6b5eceb76551d573ad49cd435f6064","poolType":"CURVE"}	{"lastPrice": "879629299468191771"}
{"blockNumber":21396523,"chainId":1,"poolAddress":"0x0d89f4583a6b5eceb76551d573ad49cd435f6064","poolType":"CURVE"}	{"lastPrice": "880777173505319883"}
{"blockNumber":21396575,"chainId":1,"poolAddress":"0x0d89f4583a6b5eceb76551d573ad49cd435f6064","poolType":"CURVE"}	{"lastPrice": "879611830227304081"}
{"blockNumber":21397936,"chainId":1,"poolAddress":"0x0d89f4583a6b5eceb76551d573ad49cd435f6064","poolType":"CURVE"}	{"lastPrice": "879608953587186703"}
{"blockNumber":21398115,"chainId":1,"poolAddress":"0x0d89f4583a6b5eceb76551d573ad49cd435f6064","poolType":"CURVE"}	{"lastPrice": "878800683674295802"}
{"blockNumber":21398176,"chainId":1,"poolAddress":"0x0d89f4583a6b5eceb76551d573ad49cd435f6064","poolType":"CURVE"}	{"lastPrice": "878561838215371389"}
{"blockNumber":21398242,"chainId":1,"poolAddress":"0x0d89f4583a6b5eceb76551d573ad49cd435f6064","poolType":"CURVE"}	{"lastPrice": "878409913376911849"}
{"blockNumber":21398251,"chainId":1,"poolAddress":"0x0d89f4583a6b5eceb76551d573ad49cd435f6064","poolType":"CURVE"}	{"lastPrice": "878275586137666922"}
{"blockNumber":21399053,"chainId":1,"poolAddress":"0x0d89f4583a6b5eceb76551d573ad49cd435f6064","poolType":"CURVE"}	{"lastPrice": "878139328557273272"}
{"blockNumber":21399059,"chainId":1,"poolAddress":"0x0d89f4583a6b5eceb76551d573ad49cd435f6064","poolType":"CURVE"}	{"lastPrice": "878062305383015565"}
{"blockNumber":21408705,"chainId":1,"poolAddress":"0x0d89f4583a6b5eceb76551d573ad49cd435f6064","poolType":"CURVE"}	{"lastPrice": "870294785727188760"}
{"blockNumber":21399346,"chainId":1,"poolAddress":"0x0d89f4583a6b5eceb76551d573ad49cd435f6064","poolType":"CURVE"}	{"lastPrice": "877475196528273700"}
{"blockNumber":21399478,"chainId":1,"poolAddress":"0x0d89f4583a6b5eceb76551d573ad49cd435f6064","poolType":"CURVE"}	{"lastPrice": "877266976902676392"}
{"blockNumber":21404526,"chainId":1,"poolAddress":"0x0d89f4583a6b5eceb76551d573ad49cd435f6064","poolType":"CURVE"}	{"lastPrice": "883866561418996239"}
{"blockNumber":21399614,"chainId":1,"poolAddress":"0x0d89f4583a6b5eceb76551d573ad49cd435f6064","poolType":"CURVE"}	{"lastPrice": "876637973220671189"}
{"blockNumber":21404530,"chainId":1,"poolAddress":"0x0d89f4583a6b5eceb76551d573ad49cd435f6064","poolType":"CURVE"}	{"lastPrice": "883866559311278999"}
{"blockNumber":21399690,"chainId":1,"poolAddress":"0x0d89f4583a6b5eceb76551d573ad49cd435f6064","poolType":"CURVE"}	{"lastPrice": "876510181456646495"}
{"blockNumber":21399865,"chainId":1,"poolAddress":"0x0d89f4583a6b5eceb76551d573ad49cd435f6064","poolType":"CURVE"}	{"lastPrice": "876331146740362141"}
{"blockNumber":21399925,"chainId":1,"poolAddress":"0x0d89f4583a6b5eceb76551d573ad49cd435f6064","poolType":"CURVE"}	{"lastPrice": "876315215191223226"}
{"blockNumber":21400374,"chainId":1,"poolAddress":"0x0d89f4583a6b5eceb76551d573ad49cd435f6064","poolType":"CURVE"}	{"lastPrice": "875986222086282120"}
{"blockNumber":21400849,"chainId":1,"poolAddress":"0x0d89f4583a6b5eceb76551d573ad49cd435f6064","poolType":"CURVE"}	{"lastPrice": "875065247571560567"}
{"blockNumber":21400370,"chainId":1,"poolAddress":"0x0d89f4583a6b5eceb76551d573ad49cd435f6064","poolType":"CURVE"}	{"lastPrice": "876008505728802624"}
{"blockNumber":21400377,"chainId":1,"poolAddress":"0x0d89f4583a6b5eceb76551d573ad49cd435f6064","poolType":"CURVE"}	{"lastPrice": "875969755529030244"}
{"blockNumber":21400464,"chainId":1,"poolAddress":"0x0d89f4583a6b5eceb76551d573ad49cd435f6064","poolType":"CURVE"}	{"lastPrice": "875957376430264666"}
{"blockNumber":21400565,"chainId":1,"poolAddress":"0x0d89f4583a6b5eceb76551d573ad49cd435f6064","poolType":"CURVE"}	{"lastPrice": "875776469410568382"}
{"blockNumber":21400584,"chainId":1,"poolAddress":"0x0d89f4583a6b5eceb76551d573ad49cd435f6064","poolType":"CURVE"}	{"lastPrice": "876997790719958221"}
{"blockNumber":21400727,"chainId":1,"poolAddress":"0x0d89f4583a6b5eceb76551d573ad49cd435f6064","poolType":"CURVE"}	{"lastPrice": "875429520582224356"}
{"blockNumber":21400810,"chainId":1,"poolAddress":"0x0d89f4583a6b5eceb76551d573ad49cd435f6064","poolType":"CURVE"}	{"lastPrice": "875199641379356762"}
{"blockNumber":21400826,"chainId":1,"poolAddress":"0x0d89f4583a6b5eceb76551d573ad49cd435f6064","poolType":"CURVE"}	{"lastPrice": "875128542904930631"}
{"blockNumber":21400866,"chainId":1,"poolAddress":"0x0d89f4583a6b5eceb76551d573ad49cd435f6064","poolType":"CURVE"}	{"lastPrice": "875012130425318621"}
{"blockNumber":21401144,"chainId":1,"poolAddress":"0x0d89f4583a6b5eceb76551d573ad49cd435f6064","poolType":"CURVE"}	{"lastPrice": "875087822637029707"}
{"blockNumber":21407493,"chainId":1,"poolAddress":"0x0d89f4583a6b5eceb76551d573ad49cd435f6064","poolType":"CURVE"}	{"lastPrice": "878908985223506606"}
{"blockNumber":21401007,"chainId":1,"poolAddress":"0x0d89f4583a6b5eceb76551d573ad49cd435f6064","poolType":"CURVE"}	{"lastPrice": "874980954894767934"}
{"blockNumber":21401018,"chainId":1,"poolAddress":"0x0d89f4583a6b5eceb76551d573ad49cd435f6064","poolType":"CURVE"}	{"lastPrice": "875043780110221403"}
{"blockNumber":21401131,"chainId":1,"poolAddress":"0x0d89f4583a6b5eceb76551d573ad49cd435f6064","poolType":"CURVE"}	{"lastPrice": "875085176489165335"}
{"blockNumber":21401153,"chainId":1,"poolAddress":"0x0d89f4583a6b5eceb76551d573ad49cd435f6064","poolType":"CURVE"}	{"lastPrice": "875111861521408673"}
{"blockNumber":21401360,"chainId":1,"poolAddress":"0x0d89f4583a6b5eceb76551d573ad49cd435f6064","poolType":"CURVE"}	{"lastPrice": "875596702201400016"}
{"blockNumber":21401389,"chainId":1,"poolAddress":"0x0d89f4583a6b5eceb76551d573ad49cd435f6064","poolType":"CURVE"}	{"lastPrice": "876028316870674334"}
{"blockNumber":21401464,"chainId":1,"poolAddress":"0x0d89f4583a6b5eceb76551d573ad49cd435f6064","poolType":"CURVE"}	{"lastPrice": "877164838603848019"}
{"blockNumber":21401480,"chainId":1,"poolAddress":"0x0d89f4583a6b5eceb76551d573ad49cd435f6064","poolType":"CURVE"}	{"lastPrice": "877322918455915092"}
{"blockNumber":21401584,"chainId":1,"poolAddress":"0x0d89f4583a6b5eceb76551d573ad49cd435f6064","poolType":"CURVE"}	{"lastPrice": "877575300791488208"}
{"blockNumber":21401717,"chainId":1,"poolAddress":"0x0d89f4583a6b5eceb76551d573ad49cd435f6064","poolType":"CURVE"}	{"lastPrice": "884288568712029234"}
{"blockNumber":21408213,"chainId":1,"poolAddress":"0x0d89f4583a6b5eceb76551d573ad49cd435f6064","poolType":"CURVE"}	{"lastPrice": "871369313312492113"}
{"blockNumber":21402116,"chainId":1,"poolAddress":"0x0d89f4583a6b5eceb76551d573ad49cd435f6064","poolType":"CURVE"}	{"lastPrice": "884289345811976110"}
{"blockNumber":21401991,"chainId":1,"poolAddress":"0x0d89f4583a6b5eceb76551d573ad49cd435f6064","poolType":"CURVE"}	{"lastPrice": "884037053519866972"}
{"blockNumber":21402160,"chainId":1,"poolAddress":"0x0d89f4583a6b5eceb76551d573ad49cd435f6064","poolType":"CURVE"}	{"lastPrice": "884285630556107839"}
{"blockNumber":21402215,"chainId":1,"poolAddress":"0x0d89f4583a6b5eceb76551d573ad49cd435f6064","poolType":"CURVE"}	{"lastPrice": "892876356027954008"}
{"blockNumber":21402555,"chainId":1,"poolAddress":"0x0d89f4583a6b5eceb76551d573ad49cd435f6064","poolType":"CURVE"}	{"lastPrice": "890860813640256636"}
{"blockNumber":21402905,"chainId":1,"poolAddress":"0x0d89f4583a6b5eceb76551d573ad49cd435f6064","poolType":"CURVE"}	{"lastPrice": "889894602211345812"}
{"blockNumber":21402948,"chainId":1,"poolAddress":"0x0d89f4583a6b5eceb76551d573ad49cd435f6064","poolType":"CURVE"}	{"lastPrice": "889891243709121253"}
{"blockNumber":21402973,"chainId":1,"poolAddress":"0x0d89f4583a6b5eceb76551d573ad49cd435f6064","poolType":"CURVE"}	{"lastPrice": "889835068842874988"}
{"blockNumber":21403132,"chainId":1,"poolAddress":"0x0d89f4583a6b5eceb76551d573ad49cd435f6064","poolType":"CURVE"}	{"lastPrice": "887180642863238955"}
{"blockNumber":21403292,"chainId":1,"poolAddress":"0x0d89f4583a6b5eceb76551d573ad49cd435f6064","poolType":"CURVE"}	{"lastPrice": "887180425311739752"}
{"blockNumber":21403446,"chainId":1,"poolAddress":"0x0d89f4583a6b5eceb76551d573ad49cd435f6064","poolType":"CURVE"}	{"lastPrice": "887166531278101305"}
{"blockNumber":21404115,"chainId":1,"poolAddress":"0x0d89f4583a6b5eceb76551d573ad49cd435f6064","poolType":"CURVE"}	{"lastPrice": "887668053586109150"}
{"blockNumber":21404390,"chainId":1,"poolAddress":"0x0d89f4583a6b5eceb76551d573ad49cd435f6064","poolType":"CURVE"}	{"lastPrice": "887926940943062921"}
{"blockNumber":21404609,"chainId":1,"poolAddress":"0x0d89f4583a6b5eceb76551d573ad49cd435f6064","poolType":"CURVE"}	{"lastPrice": "883866545261758224"}
{"blockNumber":21404762,"chainId":1,"poolAddress":"0x0d89f4583a6b5eceb76551d573ad49cd435f6064","poolType":"CURVE"}	{"lastPrice": "883970629274177937"}
{"blockNumber":21405216,"chainId":1,"poolAddress":"0x0d89f4583a6b5eceb76551d573ad49cd435f6064","poolType":"CURVE"}	{"lastPrice": "883970322744134982"}
{"blockNumber":21405227,"chainId":1,"poolAddress":"0x0d89f4583a6b5eceb76551d573ad49cd435f6064","poolType":"CURVE"}	{"lastPrice": "883970249066252578"}
{"blockNumber":21405377,"chainId":1,"poolAddress":"0x0d89f4583a6b5eceb76551d573ad49cd435f6064","poolType":"CURVE"}	{"lastPrice": "882427194975176417"}
{"blockNumber":21405458,"chainId":1,"poolAddress":"0x0d89f4583a6b5eceb76551d573ad49cd435f6064","poolType":"CURVE"}	{"lastPrice": "882323375760036027"}
{"blockNumber":21405510,"chainId":1,"poolAddress":"0x0d89f4583a6b5eceb76551d573ad49cd435f6064","poolType":"CURVE"}	{"lastPrice": "882555862034040898"}
{"blockNumber":21405683,"chainId":1,"poolAddress":"0x0d89f4583a6b5eceb76551d573ad49cd435f6064","poolType":"CURVE"}	{"lastPrice": "882525641682100243"}
{"blockNumber":21405772,"chainId":1,"poolAddress":"0x0d89f4583a6b5eceb76551d573ad49cd435f6064","poolType":"CURVE"}	{"lastPrice": "882293876951357007"}
{"blockNumber":21405726,"chainId":1,"poolAddress":"0x0d89f4583a6b5eceb76551d573ad49cd435f6064","poolType":"CURVE"}	{"lastPrice": "882335946471365932"}
{"blockNumber":21405785,"chainId":1,"poolAddress":"0x0d89f4583a6b5eceb76551d573ad49cd435f6064","poolType":"CURVE"}	{"lastPrice": "882287560809347871"}
{"blockNumber":21405824,"chainId":1,"poolAddress":"0x0d89f4583a6b5eceb76551d573ad49cd435f6064","poolType":"CURVE"}	{"lastPrice": "882275635444523924"}
{"blockNumber":21405911,"chainId":1,"poolAddress":"0x0d89f4583a6b5eceb76551d573ad49cd435f6064","poolType":"CURVE"}	{"lastPrice": "882211026294596269"}
{"blockNumber":21405898,"chainId":1,"poolAddress":"0x0d89f4583a6b5eceb76551d573ad49cd435f6064","poolType":"CURVE"}	{"lastPrice": "882199598827606575"}
{"blockNumber":21406011,"chainId":1,"poolAddress":"0x0d89f4583a6b5eceb76551d573ad49cd435f6064","poolType":"CURVE"}	{"lastPrice": "882248588422897035"}
{"blockNumber":21406012,"chainId":1,"poolAddress":"0x0d89f4583a6b5eceb76551d573ad49cd435f6064","poolType":"CURVE"}	{"lastPrice": "882279268907267464"}
{"blockNumber":21406021,"chainId":1,"poolAddress":"0x0d89f4583a6b5eceb76551d573ad49cd435f6064","poolType":"CURVE"}	{"lastPrice": "882303986166315531"}
{"blockNumber":21406034,"chainId":1,"poolAddress":"0x0d89f4583a6b5eceb76551d573ad49cd435f6064","poolType":"CURVE"}	{"lastPrice": "882346270333565467"}
{"blockNumber":21407007,"chainId":1,"poolAddress":"0x0d89f4583a6b5eceb76551d573ad49cd435f6064","poolType":"CURVE"}	{"lastPrice": "880827124480774584"}
{"blockNumber":21406178,"chainId":1,"poolAddress":"0x0d89f4583a6b5eceb76551d573ad49cd435f6064","poolType":"CURVE"}	{"lastPrice": "882353905157617649"}
{"blockNumber":21406562,"chainId":1,"poolAddress":"0x0d89f4583a6b5eceb76551d573ad49cd435f6064","poolType":"CURVE"}	{"lastPrice": "881851919944207574"}
{"blockNumber":21406643,"chainId":1,"poolAddress":"0x0d89f4583a6b5eceb76551d573ad49cd435f6064","poolType":"CURVE"}	{"lastPrice": "881673746795697971"}
{"blockNumber":21406726,"chainId":1,"poolAddress":"0x0d89f4583a6b5eceb76551d573ad49cd435f6064","poolType":"CURVE"}	{"lastPrice": "881437603201457207"}
{"blockNumber":21406744,"chainId":1,"poolAddress":"0x0d89f4583a6b5eceb76551d573ad49cd435f6064","poolType":"CURVE"}	{"lastPrice": "881373529063985690"}
{"blockNumber":21406786,"chainId":1,"poolAddress":"0x0d89f4583a6b5eceb76551d573ad49cd435f6064","poolType":"CURVE"}	{"lastPrice": "881258687061036392"}
{"blockNumber":21406852,"chainId":1,"poolAddress":"0x0d89f4583a6b5eceb76551d573ad49cd435f6064","poolType":"CURVE"}	{"lastPrice": "881143926667861939"}
{"blockNumber":21406935,"chainId":1,"poolAddress":"0x0d89f4583a6b5eceb76551d573ad49cd435f6064","poolType":"CURVE"}	{"lastPrice": "881007164133915419"}
{"blockNumber":21406855,"chainId":1,"poolAddress":"0x0d89f4583a6b5eceb76551d573ad49cd435f6064","poolType":"CURVE"}	{"lastPrice": "881077805858230067"}
{"blockNumber":21410631,"chainId":1,"poolAddress":"0x0d89f4583a6b5eceb76551d573ad49cd435f6064","poolType":"CURVE"}	{"lastPrice": "888105646758313677"}
{"blockNumber":21406863,"chainId":1,"poolAddress":"0x0d89f4583a6b5eceb76551d573ad49cd435f6064","poolType":"CURVE"}	{"lastPrice": "881015782143630753"}
{"blockNumber":21406870,"chainId":1,"poolAddress":"0x0d89f4583a6b5eceb76551d573ad49cd435f6064","poolType":"CURVE"}	{"lastPrice": "881015708001186353"}
{"blockNumber":21406962,"chainId":1,"poolAddress":"0x0d89f4583a6b5eceb76551d573ad49cd435f6064","poolType":"CURVE"}	{"lastPrice": "880900485660780011"}
{"blockNumber":21406994,"chainId":1,"poolAddress":"0x0d89f4583a6b5eceb76551d573ad49cd435f6064","poolType":"CURVE"}	{"lastPrice": "880836374823050403"}
{"blockNumber":21407045,"chainId":1,"poolAddress":"0x0d89f4583a6b5eceb76551d573ad49cd435f6064","poolType":"CURVE"}	{"lastPrice": "880824778850199677"}
{"blockNumber":21407055,"chainId":1,"poolAddress":"0x0d89f4583a6b5eceb76551d573ad49cd435f6064","poolType":"CURVE"}	{"lastPrice": "880734869735414518"}
{"blockNumber":21407071,"chainId":1,"poolAddress":"0x0d89f4583a6b5eceb76551d573ad49cd435f6064","poolType":"CURVE"}	{"lastPrice": "880677526293864760"}
{"blockNumber":21407106,"chainId":1,"poolAddress":"0x0d89f4583a6b5eceb76551d573ad49cd435f6064","poolType":"CURVE"}	{"lastPrice": "880497687518776180"}
{"blockNumber":21407127,"chainId":1,"poolAddress":"0x0d89f4583a6b5eceb76551d573ad49cd435f6064","poolType":"CURVE"}	{"lastPrice": "880347879659474035"}
{"blockNumber":21407272,"chainId":1,"poolAddress":"0x0d89f4583a6b5eceb76551d573ad49cd435f6064","poolType":"CURVE"}	{"lastPrice": "880060969589441198"}
{"blockNumber":21407281,"chainId":1,"poolAddress":"0x0d89f4583a6b5eceb76551d573ad49cd435f6064","poolType":"CURVE"}	{"lastPrice": "879868556226739991"}
{"blockNumber":21407284,"chainId":1,"poolAddress":"0x0d89f4583a6b5eceb76551d573ad49cd435f6064","poolType":"CURVE"}	{"lastPrice": "879738287263794089"}
{"blockNumber":21407333,"chainId":1,"poolAddress":"0x0d89f4583a6b5eceb76551d573ad49cd435f6064","poolType":"CURVE"}	{"lastPrice": "879601110596295018"}
{"blockNumber":21407375,"chainId":1,"poolAddress":"0x0d89f4583a6b5eceb76551d573ad49cd435f6064","poolType":"CURVE"}	{"lastPrice": "879436119469216666"}
{"blockNumber":21407447,"chainId":1,"poolAddress":"0x0d89f4583a6b5eceb76551d573ad49cd435f6064","poolType":"CURVE"}	{"lastPrice": "879312409231155461"}
{"blockNumber":21407505,"chainId":1,"poolAddress":"0x0d89f4583a6b5eceb76551d573ad49cd435f6064","poolType":"CURVE"}	{"lastPrice": "878790330278242879"}
{"blockNumber":21407508,"chainId":1,"poolAddress":"0x0d89f4583a6b5eceb76551d573ad49cd435f6064","poolType":"CURVE"}	{"lastPrice": "878714653172786583"}
{"blockNumber":21407525,"chainId":1,"poolAddress":"0x0d89f4583a6b5eceb76551d573ad49cd435f6064","poolType":"CURVE"}	{"lastPrice": "878619321819119019"}
{"blockNumber":21407534,"chainId":1,"poolAddress":"0x0d89f4583a6b5eceb76551d573ad49cd435f6064","poolType":"CURVE"}	{"lastPrice": "878520155762852273"}
{"blockNumber":21407556,"chainId":1,"poolAddress":"0x0d89f4583a6b5eceb76551d573ad49cd435f6064","poolType":"CURVE"}	{"lastPrice": "878379134258121689"}
{"blockNumber":21407594,"chainId":1,"poolAddress":"0x0d89f4583a6b5eceb76551d573ad49cd435f6064","poolType":"CURVE"}	{"lastPrice": "878288224530177479"}
{"blockNumber":21407614,"chainId":1,"poolAddress":"0x0d89f4583a6b5eceb76551d573ad49cd435f6064","poolType":"CURVE"}	{"lastPrice": "878274636228404735"}
{"blockNumber":21407636,"chainId":1,"poolAddress":"0x0d89f4583a6b5eceb76551d573ad49cd435f6064","poolType":"CURVE"}	{"lastPrice": "878243750279982639"}
{"blockNumber":21407646,"chainId":1,"poolAddress":"0x0d89f4583a6b5eceb76551d573ad49cd435f6064","poolType":"CURVE"}	{"lastPrice": "878178781836673556"}
{"blockNumber":21407659,"chainId":1,"poolAddress":"0x0d89f4583a6b5eceb76551d573ad49cd435f6064","poolType":"CURVE"}	{"lastPrice": "878093963249504799"}
{"blockNumber":21407706,"chainId":1,"poolAddress":"0x0d89f4583a6b5eceb76551d573ad49cd435f6064","poolType":"CURVE"}	{"lastPrice": "878018100760916071"}
{"blockNumber":21407734,"chainId":1,"poolAddress":"0x0d89f4583a6b5eceb76551d573ad49cd435f6064","poolType":"CURVE"}	{"lastPrice": "879436108409922826"}
{"blockNumber":21407759,"chainId":1,"poolAddress":"0x0d89f4583a6b5eceb76551d573ad49cd435f6064","poolType":"CURVE"}	{"lastPrice": "877940644226079572"}
{"blockNumber":21407773,"chainId":1,"poolAddress":"0x0d89f4583a6b5eceb76551d573ad49cd435f6064","poolType":"CURVE"}	{"lastPrice": "878020261033643081"}
{"blockNumber":21407796,"chainId":1,"poolAddress":"0x0d89f4583a6b5eceb76551d573ad49cd435f6064","poolType":"CURVE"}	{"lastPrice": "877977041387465180"}
{"blockNumber":21407895,"chainId":1,"poolAddress":"0x0d89f4583a6b5eceb76551d573ad49cd435f6064","poolType":"CURVE"}	{"lastPrice": "877686587302597632"}
{"blockNumber":21407897,"chainId":1,"poolAddress":"0x0d89f4583a6b5eceb76551d573ad49cd435f6064","poolType":"CURVE"}	{"lastPrice": "877696648357352839"}
{"blockNumber":21408105,"chainId":1,"poolAddress":"0x0d89f4583a6b5eceb76551d573ad49cd435f6064","poolType":"CURVE"}	{"lastPrice": "873411039803710868"}
{"blockNumber":21407914,"chainId":1,"poolAddress":"0x0d89f4583a6b5eceb76551d573ad49cd435f6064","poolType":"CURVE"}	{"lastPrice": "877709415394134447"}
{"blockNumber":21408035,"chainId":1,"poolAddress":"0x0d89f4583a6b5eceb76551d573ad49cd435f6064","poolType":"CURVE"}	{"lastPrice": "874312966354949716"}
{"blockNumber":21408088,"chainId":1,"poolAddress":"0x0d89f4583a6b5eceb76551d573ad49cd435f6064","poolType":"CURVE"}	{"lastPrice": "873879762422792096"}
{"blockNumber":21408106,"chainId":1,"poolAddress":"0x0d89f4583a6b5eceb76551d573ad49cd435f6064","poolType":"CURVE"}	{"lastPrice": "872997812306747306"}
{"blockNumber":21408212,"chainId":1,"poolAddress":"0x0d89f4583a6b5eceb76551d573ad49cd435f6064","poolType":"CURVE"}	{"lastPrice": "871200365496000805"}
{"blockNumber":21408235,"chainId":1,"poolAddress":"0x0d89f4583a6b5eceb76551d573ad49cd435f6064","poolType":"CURVE"}	{"lastPrice": "871371382436149932"}
{"blockNumber":21408241,"chainId":1,"poolAddress":"0x0d89f4583a6b5eceb76551d573ad49cd435f6064","poolType":"CURVE"}	{"lastPrice": "872582824480669666"}
{"blockNumber":21408320,"chainId":1,"poolAddress":"0x0d89f4583a6b5eceb76551d573ad49cd435f6064","poolType":"CURVE"}	{"lastPrice": "871157842185754364"}
{"blockNumber":21408335,"chainId":1,"poolAddress":"0x0d89f4583a6b5eceb76551d573ad49cd435f6064","poolType":"CURVE"}	{"lastPrice": "871124067933472582"}
{"blockNumber":21408376,"chainId":1,"poolAddress":"0x0d89f4583a6b5eceb76551d573ad49cd435f6064","poolType":"CURVE"}	{"lastPrice": "871245890741121523"}
{"blockNumber":21408429,"chainId":1,"poolAddress":"0x0d89f4583a6b5eceb76551d573ad49cd435f6064","poolType":"CURVE"}	{"lastPrice": "871247222497218577"}
{"blockNumber":21408458,"chainId":1,"poolAddress":"0x0d89f4583a6b5eceb76551d573ad49cd435f6064","poolType":"CURVE"}	{"lastPrice": "867788643337179155"}
{"blockNumber":21408466,"chainId":1,"poolAddress":"0x0d89f4583a6b5eceb76551d573ad49cd435f6064","poolType":"CURVE"}	{"lastPrice": "867788620251494611"}
{"blockNumber":21408509,"chainId":1,"poolAddress":"0x0d89f4583a6b5eceb76551d573ad49cd435f6064","poolType":"CURVE"}	{"lastPrice": "867788832823317144"}
{"blockNumber":21408528,"chainId":1,"poolAddress":"0x0d89f4583a6b5eceb76551d573ad49cd435f6064","poolType":"CURVE"}	{"lastPrice": "867986593380185880"}
{"blockNumber":21408545,"chainId":1,"poolAddress":"0x0d89f4583a6b5eceb76551d573ad49cd435f6064","poolType":"CURVE"}	{"lastPrice": "870195151128094727"}
{"blockNumber":21408560,"chainId":1,"poolAddress":"0x0d89f4583a6b5eceb76551d573ad49cd435f6064","poolType":"CURVE"}	{"lastPrice": "870155958387755779"}
{"blockNumber":21408561,"chainId":1,"poolAddress":"0x0d89f4583a6b5eceb76551d573ad49cd435f6064","poolType":"CURVE"}	{"lastPrice": "870157412666261587"}
{"blockNumber":21408566,"chainId":1,"poolAddress":"0x0d89f4583a6b5eceb76551d573ad49cd435f6064","poolType":"CURVE"}	{"lastPrice": "871332500946258892"}
{"blockNumber":21408575,"chainId":1,"poolAddress":"0x0d89f4583a6b5eceb76551d573ad49cd435f6064","poolType":"CURVE"}	{"lastPrice": "870167591944013456"}
{"blockNumber":21408586,"chainId":1,"poolAddress":"0x0d89f4583a6b5eceb76551d573ad49cd435f6064","poolType":"CURVE"}	{"lastPrice": "870169801363919686"}
{"blockNumber":21408633,"chainId":1,"poolAddress":"0x0d89f4583a6b5eceb76551d573ad49cd435f6064","poolType":"CURVE"}	{"lastPrice": "870010490237480297"}
{"blockNumber":21408648,"chainId":1,"poolAddress":"0x0d89f4583a6b5eceb76551d573ad49cd435f6064","poolType":"CURVE"}	{"lastPrice": "870016174120795000"}
{"blockNumber":21408763,"chainId":1,"poolAddress":"0x0d89f4583a6b5eceb76551d573ad49cd435f6064","poolType":"CURVE"}	{"lastPrice": "872958787913262764"}
{"blockNumber":21408765,"chainId":1,"poolAddress":"0x0d89f4583a6b5eceb76551d573ad49cd435f6064","poolType":"CURVE"}	{"lastPrice": "872961145842225615"}
{"blockNumber":21408796,"chainId":1,"poolAddress":"0x0d89f4583a6b5eceb76551d573ad49cd435f6064","poolType":"CURVE"}	{"lastPrice": "873036960950738004"}
{"blockNumber":21408805,"chainId":1,"poolAddress":"0x0d89f4583a6b5eceb76551d573ad49cd435f6064","poolType":"CURVE"}	{"lastPrice": "873037258180233958"}
{"blockNumber":21408836,"chainId":1,"poolAddress":"0x0d89f4583a6b5eceb76551d573ad49cd435f6064","poolType":"CURVE"}	{"lastPrice": "874325140085695779"}
{"blockNumber":21408928,"chainId":1,"poolAddress":"0x0d89f4583a6b5eceb76551d573ad49cd435f6064","poolType":"CURVE"}	{"lastPrice": "873040549561788434"}
{"blockNumber":21408936,"chainId":1,"poolAddress":"0x0d89f4583a6b5eceb76551d573ad49cd435f6064","poolType":"CURVE"}	{"lastPrice": "874266084893256451"}
{"blockNumber":21408955,"chainId":1,"poolAddress":"0x0d89f4583a6b5eceb76551d573ad49cd435f6064","poolType":"CURVE"}	{"lastPrice": "872910808523000632"}
{"blockNumber":21409060,"chainId":1,"poolAddress":"0x0d89f4583a6b5eceb76551d573ad49cd435f6064","poolType":"CURVE"}	{"lastPrice": "872927642008155158"}
{"blockNumber":21409079,"chainId":1,"poolAddress":"0x0d89f4583a6b5eceb76551d573ad49cd435f6064","poolType":"CURVE"}	{"lastPrice": "872800052083312567"}
{"blockNumber":21409084,"chainId":1,"poolAddress":"0x0d89f4583a6b5eceb76551d573ad49cd435f6064","poolType":"CURVE"}	{"lastPrice": "872800396086709393"}
{"blockNumber":21409317,"chainId":1,"poolAddress":"0x0d89f4583a6b5eceb76551d573ad49cd435f6064","poolType":"CURVE"}	{"lastPrice": "873487623714016713"}
{"blockNumber":21409126,"chainId":1,"poolAddress":"0x0d89f4583a6b5eceb76551d573ad49cd435f6064","poolType":"CURVE"}	{"lastPrice": "872800739863226183"}
{"blockNumber":21409186,"chainId":1,"poolAddress":"0x0d89f4583a6b5eceb76551d573ad49cd435f6064","poolType":"CURVE"}	{"lastPrice": "874032307790738535"}
{"blockNumber":21409188,"chainId":1,"poolAddress":"0x0d89f4583a6b5eceb76551d573ad49cd435f6064","poolType":"CURVE"}	{"lastPrice": "872761844242582642"}
{"blockNumber":21409211,"chainId":1,"poolAddress":"0x0d89f4583a6b5eceb76551d573ad49cd435f6064","poolType":"CURVE"}	{"lastPrice": "872761844607112921"}
{"blockNumber":21409212,"chainId":1,"poolAddress":"0x0d89f4583a6b5eceb76551d573ad49cd435f6064","poolType":"CURVE"}	{"lastPrice": "874032335678708434"}
{"blockNumber":21409266,"chainId":1,"poolAddress":"0x0d89f4583a6b5eceb76551d573ad49cd435f6064","poolType":"CURVE"}	{"lastPrice": "872765567888364384"}
{"blockNumber":21409269,"chainId":1,"poolAddress":"0x0d89f4583a6b5eceb76551d573ad49cd435f6064","poolType":"CURVE"}	{"lastPrice": "872716018377079349"}
{"blockNumber":21409514,"chainId":1,"poolAddress":"0x0d89f4583a6b5eceb76551d573ad49cd435f6064","poolType":"CURVE"}	{"lastPrice": "872265132235953791"}
{"blockNumber":21409560,"chainId":1,"poolAddress":"0x0d89f4583a6b5eceb76551d573ad49cd435f6064","poolType":"CURVE"}	{"lastPrice": "872265708741433378"}
{"blockNumber":21409702,"chainId":1,"poolAddress":"0x0d89f4583a6b5eceb76551d573ad49cd435f6064","poolType":"CURVE"}	{"lastPrice": "872580424010339729"}
{"blockNumber":21409873,"chainId":1,"poolAddress":"0x0d89f4583a6b5eceb76551d573ad49cd435f6064","poolType":"CURVE"}	{"lastPrice": "885674909114521898"}
{"blockNumber":21409962,"chainId":1,"poolAddress":"0x0d89f4583a6b5eceb76551d573ad49cd435f6064","poolType":"CURVE"}	{"lastPrice": "900778954527706881"}
{"blockNumber":21410025,"chainId":1,"poolAddress":"0x0d89f4583a6b5eceb76551d573ad49cd435f6064","poolType":"CURVE"}	{"lastPrice": "896926552264025790"}
{"blockNumber":21410165,"chainId":1,"poolAddress":"0x0d89f4583a6b5eceb76551d573ad49cd435f6064","poolType":"CURVE"}	{"lastPrice": "893609970580878531"}
{"blockNumber":21410179,"chainId":1,"poolAddress":"0x0d89f4583a6b5eceb76551d573ad49cd435f6064","poolType":"CURVE"}	{"lastPrice": "890360188687991935"}
{"blockNumber":21410190,"chainId":1,"poolAddress":"0x0d89f4583a6b5eceb76551d573ad49cd435f6064","poolType":"CURVE"}	{"lastPrice": "890351279462873569"}
{"blockNumber":21410392,"chainId":1,"poolAddress":"0x0d89f4583a6b5eceb76551d573ad49cd435f6064","poolType":"CURVE"}	{"lastPrice": "890350441256748649"}
{"blockNumber":21410726,"chainId":1,"poolAddress":"0x0d89f4583a6b5eceb76551d573ad49cd435f6064","poolType":"CURVE"}	{"lastPrice": "888104752182350834"}
{"blockNumber":21266146,"chainId":1,"poolAddress":"0x20f3424fec5194522a2621120d1ea7279161e216","poolType":"CURVE"}	{"lastPrice": "530799605104656244"}
{"blockNumber":21327729,"chainId":1,"poolAddress":"0x20f3424fec5194522a2621120d1ea7279161e216","poolType":"CURVE"}	{"lastPrice": "530799605104819266"}
{"blockNumber":21356015,"chainId":1,"poolAddress":"0x44015b17ba889ac3c08757ddd89552b5d03b73c6","poolType":"CURVE"}	{"lastPrice": "929047893822705156"}
{"blockNumber":21347843,"chainId":1,"poolAddress":"0x44015b17ba889ac3c08757ddd89552b5d03b73c6","poolType":"CURVE"}	{"lastPrice": "929952889875350825"}
{"blockNumber":21400202,"chainId":1,"poolAddress":"0x44015b17ba889ac3c08757ddd89552b5d03b73c6","poolType":"CURVE"}	{"lastPrice": "927497948637609610"}
{"blockNumber":21278927,"chainId":1,"poolAddress":"0x44015b17ba889ac3c08757ddd89552b5d03b73c6","poolType":"CURVE"}	{"lastPrice": "916724041205434357"}
{"blockNumber":21336337,"chainId":1,"poolAddress":"0x44015b17ba889ac3c08757ddd89552b5d03b73c6","poolType":"CURVE"}	{"lastPrice": "927824789153848392"}
{"blockNumber":21313751,"chainId":1,"poolAddress":"0x44015b17ba889ac3c08757ddd89552b5d03b73c6","poolType":"CURVE"}	{"lastPrice": "923292847252120551"}
{"blockNumber":21329686,"chainId":1,"poolAddress":"0x44015b17ba889ac3c08757ddd89552b5d03b73c6","poolType":"CURVE"}	{"lastPrice": "922384625773290962"}
{"blockNumber":21384388,"chainId":1,"poolAddress":"0x44015b17ba889ac3c08757ddd89552b5d03b73c6","poolType":"CURVE"}	{"lastPrice": "928143519598429814"}
{"blockNumber":21341145,"chainId":1,"poolAddress":"0x44015b17ba889ac3c08757ddd89552b5d03b73c6","poolType":"CURVE"}	{"lastPrice": "926976337453051528"}
{"blockNumber":21343500,"chainId":1,"poolAddress":"0x44015b17ba889ac3c08757ddd89552b5d03b73c6","poolType":"CURVE"}	{"lastPrice": "926071795320837049"}
{"blockNumber":21384965,"chainId":1,"poolAddress":"0x44015b17ba889ac3c08757ddd89552b5d03b73c6","poolType":"CURVE"}	{"lastPrice": "927238416206393971"}
{"blockNumber":21385854,"chainId":1,"poolAddress":"0x44015b17ba889ac3c08757ddd89552b5d03b73c6","poolType":"CURVE"}	{"lastPrice": "926333788078481261"}
{"blockNumber":21393361,"chainId":1,"poolAddress":"0x44015b17ba889ac3c08757ddd89552b5d03b73c6","poolType":"CURVE"}	{"lastPrice": "925431356285343160"}
{"blockNumber":21396144,"chainId":1,"poolAddress":"0x44015b17ba889ac3c08757ddd89552b5d03b73c6","poolType":"CURVE"}	{"lastPrice": "924531761679838858"}
{"blockNumber":21408603,"chainId":1,"poolAddress":"0x44015b17ba889ac3c08757ddd89552b5d03b73c6","poolType":"CURVE"}	{"lastPrice": "926584204125959124"}
{"blockNumber":21410036,"chainId":1,"poolAddress":"0x44015b17ba889ac3c08757ddd89552b5d03b73c6","poolType":"CURVE"}	{"lastPrice": "925686539845161570"}
{"blockNumber":21356052,"chainId":1,"poolAddress":"0x588eab5777e51ece898bb71976715072e6f7843f","poolType":"CURVE"}	{"lastPrice": "971547574725709071"}
{"blockNumber":21393164,"chainId":1,"poolAddress":"0x588eab5777e51ece898bb71976715072e6f7843f","poolType":"CURVE"}	{"lastPrice": "973225316096029876"}
{"blockNumber":21362560,"chainId":1,"poolAddress":"0x70b2e1855b00c4bb9dd81a029eb319ed864079a7","poolType":"CURVE"}	{"lastPrice": "877619696299612609"}
{"blockNumber":21388499,"chainId":1,"poolAddress":"0x70b2e1855b00c4bb9dd81a029eb319ed864079a7","poolType":"CURVE"}	{"lastPrice": "877619696791827208"}
{"blockNumber":21403131,"chainId":1,"poolAddress":"0x08da2b1ea8f2098d44c8690ddadca3d816c7c0d5","poolType":"CURVE"}	{"lastPrice": "983311472883302299"}
{"blockNumber":21405403,"chainId":1,"poolAddress":"0x08da2b1ea8f2098d44c8690ddadca3d816c7c0d5","poolType":"CURVE"}	{"lastPrice": "983408726047818341"}
{"blockNumber":21335831,"chainId":1,"poolAddress":"0x614e842ef4b9a1bbed7fba7a333a3959c0ee1161","poolType":"CURVE"}	{"lastPrice": "973512395480266935"}
{"blockNumber":21386427,"chainId":1,"poolAddress":"0x614e842ef4b9a1bbed7fba7a333a3959c0ee1161","poolType":"CURVE"}	{"lastPrice": "973512395480450909"}
{"blockNumber":21387377,"chainId":1,"poolAddress":"0x614e842ef4b9a1bbed7fba7a333a3959c0ee1161","poolType":"CURVE"}	{"lastPrice": "973641658954417817"}
{"blockNumber":21393618,"chainId":1,"poolAddress":"0x614e842ef4b9a1bbed7fba7a333a3959c0ee1161","poolType":"CURVE"}	{"lastPrice": "973546914220601785"}
{"blockNumber":21394687,"chainId":1,"poolAddress":"0x614e842ef4b9a1bbed7fba7a333a3959c0ee1161","poolType":"CURVE"}	{"lastPrice": "973562678515965623"}
{"blockNumber":21394714,"chainId":1,"poolAddress":"0x614e842ef4b9a1bbed7fba7a333a3959c0ee1161","poolType":"CURVE"}	{"lastPrice": "973726032904275828"}
{"blockNumber":21394735,"chainId":1,"poolAddress":"0x614e842ef4b9a1bbed7fba7a333a3959c0ee1161","poolType":"CURVE"}	{"lastPrice": "973732867011439526"}
{"blockNumber":21395004,"chainId":1,"poolAddress":"0x614e842ef4b9a1bbed7fba7a333a3959c0ee1161","poolType":"CURVE"}	{"lastPrice": "973900084138067858"}
{"blockNumber":21395056,"chainId":1,"poolAddress":"0x614e842ef4b9a1bbed7fba7a333a3959c0ee1161","poolType":"CURVE"}	{"lastPrice": "973806090510487088"}
{"blockNumber":21395085,"chainId":1,"poolAddress":"0x614e842ef4b9a1bbed7fba7a333a3959c0ee1161","poolType":"CURVE"}	{"lastPrice": "974187758195371964"}
{"blockNumber":21398570,"chainId":1,"poolAddress":"0x614e842ef4b9a1bbed7fba7a333a3959c0ee1161","poolType":"CURVE"}	{"lastPrice": "974477772084636704"}
{"blockNumber":21400817,"chainId":1,"poolAddress":"0x614e842ef4b9a1bbed7fba7a333a3959c0ee1161","poolType":"CURVE"}	{"lastPrice": "1034875372789937059"}
{"blockNumber":21404900,"chainId":1,"poolAddress":"0x614e842ef4b9a1bbed7fba7a333a3959c0ee1161","poolType":"CURVE"}	{"lastPrice": "1086936020843669707"}
{"blockNumber":21406184,"chainId":1,"poolAddress":"0x614e842ef4b9a1bbed7fba7a333a3959c0ee1161","poolType":"CURVE"}	{"lastPrice": "1095768903031407435"}
{"blockNumber":21409405,"chainId":1,"poolAddress":"0x614e842ef4b9a1bbed7fba7a333a3959c0ee1161","poolType":"CURVE"}	{"lastPrice": "1021632616682260973"}
{"blockNumber":21409419,"chainId":1,"poolAddress":"0x614e842ef4b9a1bbed7fba7a333a3959c0ee1161","poolType":"CURVE"}	{"lastPrice": "985329868553243148"}
{"blockNumber":21409465,"chainId":1,"poolAddress":"0x614e842ef4b9a1bbed7fba7a333a3959c0ee1161","poolType":"CURVE"}	{"lastPrice": "983070155108720602"}
{"blockNumber":21445353,"chainId":1,"poolAddress":"0x92261c50c2ae3158368baeb3571fe66e24c8bf2c","poolType":"CURVE"}	{"lastPrice": "962130912981183694"}
{"blockNumber":21410781,"chainId":1,"poolAddress":"0xc63dff67fe1b63004ab6c773022ba06847c11335","poolType":"CURVE"}	{"lastPrice": "674299772704836317"}
{"blockNumber":21419256,"chainId":1,"poolAddress":"0xc63dff67fe1b63004ab6c773022ba06847c11335","poolType":"CURVE"}	{"lastPrice": "674299772704836317"}
{"blockNumber":21420000,"chainId":1,"poolAddress":"0xc63dff67fe1b63004ab6c773022ba06847c11335","poolType":"CURVE"}	{"lastPrice": "674299772704836317"}
{"blockNumber":21435847,"chainId":1,"poolAddress":"0xc63dff67fe1b63004ab6c773022ba06847c11335","poolType":"CURVE"}	{"lastPrice": "674299772704836317"}
{"blockNumber":21443730,"chainId":1,"poolAddress":"0xc63dff67fe1b63004ab6c773022ba06847c11335","poolType":"CURVE"}	{"lastPrice": "674299772704836317"}
{"blockNumber":21419005,"chainId":1,"poolAddress":"0x4d4140c05dfa65e3e38a7bf1bda6e5b68fbe2b80","poolType":"CURVE"}	{"lastPrice": "994395275628113115"}
{"blockNumber":21422830,"chainId":1,"poolAddress":"0x1c4d2495f1b9f325cb72c1af0db29985239c68ad","poolType":"CURVE"}	{"lastPrice": "917983577460853811"}
{"blockNumber":21425713,"chainId":1,"poolAddress":"0xbce4e65b4a68ac2095c7747992250d2075d82edc","poolType":"CURVE"}	{"lastPrice": "931572948408160363"}
{"blockNumber":21426062,"chainId":1,"poolAddress":"0xbce4e65b4a68ac2095c7747992250d2075d82edc","poolType":"CURVE"}	{"lastPrice": "931572948408160363"}
{"blockNumber":21434950,"chainId":1,"poolAddress":"0xbce4e65b4a68ac2095c7747992250d2075d82edc","poolType":"CURVE"}	{"lastPrice": "931572948408160363"}
{"blockNumber":21450274,"chainId":1,"poolAddress":"0x20f3424fec5194522a2621120d1ea7279161e216","poolType":"CURVE"}	{"lastPrice": "530799605104819266"}
{"blockNumber":21450696,"chainId":1,"poolAddress":"0x614e842ef4b9a1bbed7fba7a333a3959c0ee1161","poolType":"CURVE"}	{"lastPrice": "974019062565940887"}
{"blockNumber":21438700,"chainId":1,"poolAddress":"0x0d89f4583a6b5eceb76551d573ad49cd435f6064","poolType":"CURVE"}	{"lastPrice": "889255263789156699"}
{"blockNumber":21433755,"chainId":1,"poolAddress":"0x9429e06ffd09cf97007791b8bf3845171f1425e8","poolType":"CURVE"}	{"lastPrice": "961652339658881356"}
{"blockNumber":21410748,"chainId":1,"poolAddress":"0x0d89f4583a6b5eceb76551d573ad49cd435f6064","poolType":"CURVE"}	{"lastPrice": "884263245292971469"}
{"blockNumber":21410754,"chainId":1,"poolAddress":"0x0d89f4583a6b5eceb76551d573ad49cd435f6064","poolType":"CURVE"}	{"lastPrice": "882209431655370100"}
{"blockNumber":21411083,"chainId":1,"poolAddress":"0x0d89f4583a6b5eceb76551d573ad49cd435f6064","poolType":"CURVE"}	{"lastPrice": "890883371228561417"}
{"blockNumber":21418594,"chainId":1,"poolAddress":"0x0d89f4583a6b5eceb76551d573ad49cd435f6064","poolType":"CURVE"}	{"lastPrice": "878759257538915841"}
{"blockNumber":21415725,"chainId":1,"poolAddress":"0x0d89f4583a6b5eceb76551d573ad49cd435f6064","poolType":"CURVE"}	{"lastPrice": "876677181193144609"}
{"blockNumber":21411127,"chainId":1,"poolAddress":"0x0d89f4583a6b5eceb76551d573ad49cd435f6064","poolType":"CURVE"}	{"lastPrice": "891251630064884645"}
{"blockNumber":21411252,"chainId":1,"poolAddress":"0x0d89f4583a6b5eceb76551d573ad49cd435f6064","poolType":"CURVE"}	{"lastPrice": "889669574484866452"}
{"blockNumber":21411353,"chainId":1,"poolAddress":"0x0d89f4583a6b5eceb76551d573ad49cd435f6064","poolType":"CURVE"}	{"lastPrice": "888246012650319497"}
{"blockNumber":21411435,"chainId":1,"poolAddress":"0x0d89f4583a6b5eceb76551d573ad49cd435f6064","poolType":"CURVE"}	{"lastPrice": "887792281720592655"}
{"blockNumber":21411613,"chainId":1,"poolAddress":"0x0d89f4583a6b5eceb76551d573ad49cd435f6064","poolType":"CURVE"}	{"lastPrice": "886062888785830717"}
{"blockNumber":21425564,"chainId":1,"poolAddress":"0x0d89f4583a6b5eceb76551d573ad49cd435f6064","poolType":"CURVE"}	{"lastPrice": "894049474044076285"}
{"blockNumber":21428383,"chainId":1,"poolAddress":"0x0d89f4583a6b5eceb76551d573ad49cd435f6064","poolType":"CURVE"}	{"lastPrice": "886712431836852870"}
{"blockNumber":21451783,"chainId":1,"poolAddress":"0x0d89f4583a6b5eceb76551d573ad49cd435f6064","poolType":"CURVE"}	{"lastPrice": "884481054873610937"}
{"blockNumber":21411642,"chainId":1,"poolAddress":"0x0d89f4583a6b5eceb76551d573ad49cd435f6064","poolType":"CURVE"}	{"lastPrice": "884142466500161427"}
{"blockNumber":21413998,"chainId":1,"poolAddress":"0x0d89f4583a6b5eceb76551d573ad49cd435f6064","poolType":"CURVE"}	{"lastPrice": "882940548869138202"}
{"blockNumber":21411919,"chainId":1,"poolAddress":"0x0d89f4583a6b5eceb76551d573ad49cd435f6064","poolType":"CURVE"}	{"lastPrice": "882286178204826656"}
{"blockNumber":21428378,"chainId":1,"poolAddress":"0x0d89f4583a6b5eceb76551d573ad49cd435f6064","poolType":"CURVE"}	{"lastPrice": "887843189346376718"}
{"blockNumber":21414035,"chainId":1,"poolAddress":"0x0d89f4583a6b5eceb76551d573ad49cd435f6064","poolType":"CURVE"}	{"lastPrice": "874341540215725095"}
{"blockNumber":21424638,"chainId":1,"poolAddress":"0x0d89f4583a6b5eceb76551d573ad49cd435f6064","poolType":"CURVE"}	{"lastPrice": "906659107319729581"}
{"blockNumber":21414357,"chainId":1,"poolAddress":"0x0d89f4583a6b5eceb76551d573ad49cd435f6064","poolType":"CURVE"}	{"lastPrice": "875260613762525617"}
{"blockNumber":21414663,"chainId":1,"poolAddress":"0x0d89f4583a6b5eceb76551d573ad49cd435f6064","poolType":"CURVE"}	{"lastPrice": "875744066834028107"}
{"blockNumber":21415259,"chainId":1,"poolAddress":"0x0d89f4583a6b5eceb76551d573ad49cd435f6064","poolType":"CURVE"}	{"lastPrice": "875349205507806765"}
{"blockNumber":21415985,"chainId":1,"poolAddress":"0x0d89f4583a6b5eceb76551d573ad49cd435f6064","poolType":"CURVE"}	{"lastPrice": "876285364942133162"}
{"blockNumber":21427020,"chainId":1,"poolAddress":"0x0d89f4583a6b5eceb76551d573ad49cd435f6064","poolType":"CURVE"}	{"lastPrice": "902433197860251451"}
{"blockNumber":21427031,"chainId":1,"poolAddress":"0x0d89f4583a6b5eceb76551d573ad49cd435f6064","poolType":"CURVE"}	{"lastPrice": "902024591627976682"}
{"blockNumber":21431908,"chainId":1,"poolAddress":"0x0d89f4583a6b5eceb76551d573ad49cd435f6064","poolType":"CURVE"}	{"lastPrice": "885451846301643097"}
{"blockNumber":21419131,"chainId":1,"poolAddress":"0x0d89f4583a6b5eceb76551d573ad49cd435f6064","poolType":"CURVE"}	{"lastPrice": "878320774444206754"}
{"blockNumber":21419845,"chainId":1,"poolAddress":"0x0d89f4583a6b5eceb76551d573ad49cd435f6064","poolType":"CURVE"}	{"lastPrice": "877860138916843789"}
{"blockNumber":21420807,"chainId":1,"poolAddress":"0x0d89f4583a6b5eceb76551d573ad49cd435f6064","poolType":"CURVE"}	{"lastPrice": "878576255556876301"}
{"blockNumber":21420878,"chainId":1,"poolAddress":"0x0d89f4583a6b5eceb76551d573ad49cd435f6064","poolType":"CURVE"}	{"lastPrice": "878565049536327285"}
{"blockNumber":21424631,"chainId":1,"poolAddress":"0x0d89f4583a6b5eceb76551d573ad49cd435f6064","poolType":"CURVE"}	{"lastPrice": "908349054851423943"}
{"blockNumber":21424643,"chainId":1,"poolAddress":"0x0d89f4583a6b5eceb76551d573ad49cd435f6064","poolType":"CURVE"}	{"lastPrice": "904394166103280323"}
{"blockNumber":21425540,"chainId":1,"poolAddress":"0x0d89f4583a6b5eceb76551d573ad49cd435f6064","poolType":"CURVE"}	{"lastPrice": "895571930433708341"}
{"blockNumber":21425549,"chainId":1,"poolAddress":"0x0d89f4583a6b5eceb76551d573ad49cd435f6064","poolType":"CURVE"}	{"lastPrice": "895087210658308429"}
{"blockNumber":21425757,"chainId":1,"poolAddress":"0x0d89f4583a6b5eceb76551d573ad49cd435f6064","poolType":"CURVE"}	{"lastPrice": "907877926642342674"}
{"blockNumber":21425765,"chainId":1,"poolAddress":"0x0d89f4583a6b5eceb76551d573ad49cd435f6064","poolType":"CURVE"}	{"lastPrice": "907230676047667985"}
{"blockNumber":21426276,"chainId":1,"poolAddress":"0x0d89f4583a6b5eceb76551d573ad49cd435f6064","poolType":"CURVE"}	{"lastPrice": "901991567122966679"}
{"blockNumber":21449698,"chainId":1,"poolAddress":"0x0d89f4583a6b5eceb76551d573ad49cd435f6064","poolType":"CURVE"}	{"lastPrice": "888570435261083114"}
{"blockNumber":21427521,"chainId":1,"poolAddress":"0x0d89f4583a6b5eceb76551d573ad49cd435f6064","poolType":"CURVE"}	{"lastPrice": "900797652004169377"}
{"blockNumber":21427569,"chainId":1,"poolAddress":"0x0d89f4583a6b5eceb76551d573ad49cd435f6064","poolType":"CURVE"}	{"lastPrice": "899446531825789647"}
{"blockNumber":21428190,"chainId":1,"poolAddress":"0x0d89f4583a6b5eceb76551d573ad49cd435f6064","poolType":"CURVE"}	{"lastPrice": "899045481399772405"}
{"blockNumber":21429139,"chainId":1,"poolAddress":"0x0d89f4583a6b5eceb76551d573ad49cd435f6064","poolType":"CURVE"}	{"lastPrice": "893116934743316633"}
{"blockNumber":21431464,"chainId":1,"poolAddress":"0x0d89f4583a6b5eceb76551d573ad49cd435f6064","poolType":"CURVE"}	{"lastPrice": "889139351848924134"}
{"blockNumber":21431469,"chainId":1,"poolAddress":"0x0d89f4583a6b5eceb76551d573ad49cd435f6064","poolType":"CURVE"}	{"lastPrice": "887131386732970514"}
{"blockNumber":21433004,"chainId":1,"poolAddress":"0x0d89f4583a6b5eceb76551d573ad49cd435f6064","poolType":"CURVE"}	{"lastPrice": "885402579336596848"}
{"blockNumber":21447319,"chainId":1,"poolAddress":"0x0d89f4583a6b5eceb76551d573ad49cd435f6064","poolType":"CURVE"}	{"lastPrice": "888195955098087196"}
{"blockNumber":21435696,"chainId":1,"poolAddress":"0x0d89f4583a6b5eceb76551d573ad49cd435f6064","poolType":"CURVE"}	{"lastPrice": "884371780591999735"}
{"blockNumber":21436744,"chainId":1,"poolAddress":"0x0d89f4583a6b5eceb76551d573ad49cd435f6064","poolType":"CURVE"}	{"lastPrice": "884271460256640978"}
{"blockNumber":21437005,"chainId":1,"poolAddress":"0x0d89f4583a6b5eceb76551d573ad49cd435f6064","poolType":"CURVE"}	{"lastPrice": "883544821864901558"}
{"blockNumber":21442071,"chainId":1,"poolAddress":"0x0d89f4583a6b5eceb76551d573ad49cd435f6064","poolType":"CURVE"}	{"lastPrice": "886826470574782147"}
{"blockNumber":21440583,"chainId":1,"poolAddress":"0x0d89f4583a6b5eceb76551d573ad49cd435f6064","poolType":"CURVE"}	{"lastPrice": "886770708885436519"}
{"blockNumber":21441450,"chainId":1,"poolAddress":"0x0d89f4583a6b5eceb76551d573ad49cd435f6064","poolType":"CURVE"}	{"lastPrice": "888483753564802015"}
{"blockNumber":21442829,"chainId":1,"poolAddress":"0x0d89f4583a6b5eceb76551d573ad49cd435f6064","poolType":"CURVE"}	{"lastPrice": "885553658044483331"}
{"blockNumber":21442871,"chainId":1,"poolAddress":"0x0d89f4583a6b5eceb76551d573ad49cd435f6064","poolType":"CURVE"}	{"lastPrice": "885558694781771306"}
{"blockNumber":21446783,"chainId":1,"poolAddress":"0x0d89f4583a6b5eceb76551d573ad49cd435f6064","poolType":"CURVE"}	{"lastPrice": "889929273044951263"}
{"blockNumber":21447039,"chainId":1,"poolAddress":"0x0d89f4583a6b5eceb76551d573ad49cd435f6064","poolType":"CURVE"}	{"lastPrice": "888624456296117582"}
{"blockNumber":21450006,"chainId":1,"poolAddress":"0x0d89f4583a6b5eceb76551d573ad49cd435f6064","poolType":"CURVE"}	{"lastPrice": "887658977870357253"}
{"blockNumber":21448041,"chainId":1,"poolAddress":"0x0d89f4583a6b5eceb76551d573ad49cd435f6064","poolType":"CURVE"}	{"lastPrice": "887570059547577056"}
{"blockNumber":21449873,"chainId":1,"poolAddress":"0x0d89f4583a6b5eceb76551d573ad49cd435f6064","poolType":"CURVE"}	{"lastPrice": "887725613498806565"}
{"blockNumber":21450903,"chainId":1,"poolAddress":"0x0d89f4583a6b5eceb76551d573ad49cd435f6064","poolType":"CURVE"}	{"lastPrice": "887140527598642330"}
{"blockNumber":21450963,"chainId":1,"poolAddress":"0x0d89f4583a6b5eceb76551d573ad49cd435f6064","poolType":"CURVE"}	{"lastPrice": "885965884833725314"}
{"blockNumber":21451069,"chainId":1,"poolAddress":"0x0d89f4583a6b5eceb76551d573ad49cd435f6064","poolType":"CURVE"}	{"lastPrice": "885716748868034990"}
{"blockNumber":21451661,"chainId":1,"poolAddress":"0x0d89f4583a6b5eceb76551d573ad49cd435f6064","poolType":"CURVE"}	{"lastPrice": "884572284896396618"}
{"blockNumber":21412943,"chainId":1,"poolAddress":"0x08da2b1ea8f2098d44c8690ddadca3d816c7c0d5","poolType":"CURVE"}	{"lastPrice": "980992012778437449"}
{"blockNumber":21445604,"chainId":1,"poolAddress":"0x08da2b1ea8f2098d44c8690ddadca3d816c7c0d5","poolType":"CURVE"}	{"lastPrice": "984875782965529454"}
{"blockNumber":21442485,"chainId":1,"poolAddress":"0x70b2e1855b00c4bb9dd81a029eb319ed864079a7","poolType":"CURVE"}	{"lastPrice": "877619697026290614"}
{"blockNumber":21442917,"chainId":1,"poolAddress":"0x70b2e1855b00c4bb9dd81a029eb319ed864079a7","poolType":"CURVE"}	{"lastPrice": "879250724700102592"}
{"blockNumber":21442292,"chainId":1,"poolAddress":"0x70b2e1855b00c4bb9dd81a029eb319ed864079a7","poolType":"CURVE"}	{"lastPrice": "877619697026195794"}
{"blockNumber":21449946,"chainId":1,"poolAddress":"0x70b2e1855b00c4bb9dd81a029eb319ed864079a7","poolType":"CURVE"}	{"lastPrice": "877665767296551086"}
{"blockNumber":21451315,"chainId":1,"poolAddress":"0x70b2e1855b00c4bb9dd81a029eb319ed864079a7","poolType":"CURVE"}	{"lastPrice": "877991527457612816"}
{"blockNumber":21422230,"chainId":1,"poolAddress":"0x0d89f4583a6b5eceb76551d573ad49cd435f6064","poolType":"CURVE"}	{"lastPrice": "882579003305600064"}
{"blockNumber":21413202,"chainId":1,"poolAddress":"0x0d89f4583a6b5eceb76551d573ad49cd435f6064","poolType":"CURVE"}	{"lastPrice": "889505216876375568"}
{"blockNumber":21414087,"chainId":1,"poolAddress":"0x0d89f4583a6b5eceb76551d573ad49cd435f6064","poolType":"CURVE"}	{"lastPrice": "875877516578326191"}
{"blockNumber":21429852,"chainId":1,"poolAddress":"0x0d89f4583a6b5eceb76551d573ad49cd435f6064","poolType":"CURVE"}	{"lastPrice": "894104813567794519"}
{"blockNumber":21414423,"chainId":1,"poolAddress":"0x0d89f4583a6b5eceb76551d573ad49cd435f6064","poolType":"CURVE"}	{"lastPrice": "876784099975888201"}
{"blockNumber":21414623,"chainId":1,"poolAddress":"0x0d89f4583a6b5eceb76551d573ad49cd435f6064","poolType":"CURVE"}	{"lastPrice": "876877238077742183"}
{"blockNumber":21415312,"chainId":1,"poolAddress":"0x0d89f4583a6b5eceb76551d573ad49cd435f6064","poolType":"CURVE"}	{"lastPrice": "876937938642914419"}
{"blockNumber":21421397,"chainId":1,"poolAddress":"0x0d89f4583a6b5eceb76551d573ad49cd435f6064","poolType":"CURVE"}	{"lastPrice": "879794947005974454"}
{"blockNumber":21426501,"chainId":1,"poolAddress":"0x0d89f4583a6b5eceb76551d573ad49cd435f6064","poolType":"CURVE"}	{"lastPrice": "902154593378924217"}
{"blockNumber":21426845,"chainId":1,"poolAddress":"0x0d89f4583a6b5eceb76551d573ad49cd435f6064","poolType":"CURVE"}	{"lastPrice": "904322749851396991"}
{"blockNumber":21443156,"chainId":1,"poolAddress":"0x0d89f4583a6b5eceb76551d573ad49cd435f6064","poolType":"CURVE"}	{"lastPrice": "889878971321497959"}
{"blockNumber":21450663,"chainId":1,"poolAddress":"0x0d89f4583a6b5eceb76551d573ad49cd435f6064","poolType":"CURVE"}	{"lastPrice": "888971569083160718"}
{"blockNumber":21451843,"chainId":1,"poolAddress":"0x0d89f4583a6b5eceb76551d573ad49cd435f6064","poolType":"CURVE"}	{"lastPrice": "885577161926689706"}
{"blockNumber":21412964,"chainId":1,"poolAddress":"0x614e842ef4b9a1bbed7fba7a333a3959c0ee1161","poolType":"CURVE"}	{"lastPrice": "983298723741447302"}
{"blockNumber":21449679,"chainId":1,"poolAddress":"0x0d89f4583a6b5eceb76551d573ad49cd435f6064","poolType":"CURVE"}	{"lastPrice": "890624706353570766"}
{"blockNumber":21426744,"chainId":1,"poolAddress":"0x0d89f4583a6b5eceb76551d573ad49cd435f6064","poolType":"CURVE"}	{"lastPrice": "903638703959000370"}
{"blockNumber":21419431,"chainId":1,"poolAddress":"0x0d89f4583a6b5eceb76551d573ad49cd435f6064","poolType":"CURVE"}	{"lastPrice": "876984066856186422"}
{"blockNumber":21451519,"chainId":1,"poolAddress":"0x0d89f4583a6b5eceb76551d573ad49cd435f6064","poolType":"CURVE"}	{"lastPrice": "884464256989943354"}
{"blockNumber":21437987,"chainId":1,"poolAddress":"0x0d89f4583a6b5eceb76551d573ad49cd435f6064","poolType":"CURVE"}	{"lastPrice": "895262143004311884"}
{"blockNumber":21420737,"chainId":1,"poolAddress":"0x0d89f4583a6b5eceb76551d573ad49cd435f6064","poolType":"CURVE"}	{"lastPrice": "877953724016086267"}
{"blockNumber":21422470,"chainId":1,"poolAddress":"0x0d89f4583a6b5eceb76551d573ad49cd435f6064","poolType":"CURVE"}	{"lastPrice": "881733219498350200"}
{"blockNumber":21442715,"chainId":1,"poolAddress":"0x0d89f4583a6b5eceb76551d573ad49cd435f6064","poolType":"CURVE"}	{"lastPrice": "884723241080668924"}
{"blockNumber":21419207,"chainId":1,"poolAddress":"0x0d89f4583a6b5eceb76551d573ad49cd435f6064","poolType":"CURVE"}	{"lastPrice": "877853362521792257"}
{"blockNumber":21413910,"chainId":1,"poolAddress":"0x0d89f4583a6b5eceb76551d573ad49cd435f6064","poolType":"CURVE"}	{"lastPrice": "885710882720433868"}
{"blockNumber":21418076,"chainId":1,"poolAddress":"0x0d89f4583a6b5eceb76551d573ad49cd435f6064","poolType":"CURVE"}	{"lastPrice": "877059825610261679"}
{"blockNumber":21435092,"chainId":1,"poolAddress":"0x0d89f4583a6b5eceb76551d573ad49cd435f6064","poolType":"CURVE"}	{"lastPrice": "885965078087713256"}
{"blockNumber":21427165,"chainId":1,"poolAddress":"0x0d89f4583a6b5eceb76551d573ad49cd435f6064","poolType":"CURVE"}	{"lastPrice": "901337980125128496"}
{"blockNumber":21450449,"chainId":1,"poolAddress":"0x0d89f4583a6b5eceb76551d573ad49cd435f6064","poolType":"CURVE"}	{"lastPrice": "886478078884311647"}
{"blockNumber":21442797,"chainId":1,"poolAddress":"0x0d89f4583a6b5eceb76551d573ad49cd435f6064","poolType":"CURVE"}	{"lastPrice": "884589871666350383"}
{"blockNumber":21435597,"chainId":1,"poolAddress":"0x0d89f4583a6b5eceb76551d573ad49cd435f6064","poolType":"CURVE"}	{"lastPrice": "883528601901420497"}
{"blockNumber":21451617,"chainId":1,"poolAddress":"0x0d89f4583a6b5eceb76551d573ad49cd435f6064","poolType":"CURVE"}	{"lastPrice": "887485549568141026"}
{"blockNumber":21425606,"chainId":1,"poolAddress":"0x0d89f4583a6b5eceb76551d573ad49cd435f6064","poolType":"CURVE"}	{"lastPrice": "898628131198276338"}
{"blockNumber":21413807,"chainId":1,"poolAddress":"0x0d89f4583a6b5eceb76551d573ad49cd435f6064","poolType":"CURVE"}	{"lastPrice": "886933643381515461"}
{"blockNumber":21414359,"chainId":1,"poolAddress":"0x0d89f4583a6b5eceb76551d573ad49cd435f6064","poolType":"CURVE"}	{"lastPrice": "878179485127158420"}
{"blockNumber":21428597,"chainId":1,"poolAddress":"0x0d89f4583a6b5eceb76551d573ad49cd435f6064","poolType":"CURVE"}	{"lastPrice": "890078882071792071"}
{"blockNumber":21428611,"chainId":1,"poolAddress":"0x0d89f4583a6b5eceb76551d573ad49cd435f6064","poolType":"CURVE"}	{"lastPrice": "890362569359595126"}
{"blockNumber":21414322,"chainId":1,"poolAddress":"0x0d89f4583a6b5eceb76551d573ad49cd435f6064","poolType":"CURVE"}	{"lastPrice": "878321266558228058"}
{"blockNumber":21437927,"chainId":1,"poolAddress":"0x0d89f4583a6b5eceb76551d573ad49cd435f6064","poolType":"CURVE"}	{"lastPrice": "893830041872654661"}
{"blockNumber":21415671,"chainId":1,"poolAddress":"0x0d89f4583a6b5eceb76551d573ad49cd435f6064","poolType":"CURVE"}	{"lastPrice": "879766932101082300"}
{"blockNumber":21421236,"chainId":1,"poolAddress":"0x0d89f4583a6b5eceb76551d573ad49cd435f6064","poolType":"CURVE"}	{"lastPrice": "881701523895574858"}
{"blockNumber":21426725,"chainId":1,"poolAddress":"0x0d89f4583a6b5eceb76551d573ad49cd435f6064","poolType":"CURVE"}	{"lastPrice": "903638703959000370"}
{"blockNumber":21433824,"chainId":1,"poolAddress":"0x0d89f4583a6b5eceb76551d573ad49cd435f6064","poolType":"CURVE"}	{"lastPrice": "887873752843876819"}
{"blockNumber":21435094,"chainId":1,"poolAddress":"0x0d89f4583a6b5eceb76551d573ad49cd435f6064","poolType":"CURVE"}	{"lastPrice": "887645961678415638"}
{"blockNumber":21439038,"chainId":1,"poolAddress":"0x0d89f4583a6b5eceb76551d573ad49cd435f6064","poolType":"CURVE"}	{"lastPrice": "894222060465275756"}
{"blockNumber":21447672,"chainId":1,"poolAddress":"0x0d89f4583a6b5eceb76551d573ad49cd435f6064","poolType":"CURVE"}	{"lastPrice": "891032673115296351"}
{"blockNumber":21412091,"chainId":1,"poolAddress":"0x0d89f4583a6b5eceb76551d573ad49cd435f6064","poolType":"CURVE"}	{"lastPrice": "887395979362925428"}
{"blockNumber":21415594,"chainId":1,"poolAddress":"0x0d89f4583a6b5eceb76551d573ad49cd435f6064","poolType":"CURVE"}	{"lastPrice": "878981791644604734"}
{"blockNumber":21413354,"chainId":1,"poolAddress":"0x0d89f4583a6b5eceb76551d573ad49cd435f6064","poolType":"CURVE"}	{"lastPrice": "891049823523435239"}
{"blockNumber":21413765,"chainId":1,"poolAddress":"0x0d89f4583a6b5eceb76551d573ad49cd435f6064","poolType":"CURVE"}	{"lastPrice": "886276618277903108"}
{"blockNumber":21414307,"chainId":1,"poolAddress":"0x0d89f4583a6b5eceb76551d573ad49cd435f6064","poolType":"CURVE"}	{"lastPrice": "878410316479567433"}
{"blockNumber":21414604,"chainId":1,"poolAddress":"0x0d89f4583a6b5eceb76551d573ad49cd435f6064","poolType":"CURVE"}	{"lastPrice": "878373541138518726"}
{"blockNumber":21414743,"chainId":1,"poolAddress":"0x0d89f4583a6b5eceb76551d573ad49cd435f6064","poolType":"CURVE"}	{"lastPrice": "878353640491048253"}
{"blockNumber":21414665,"chainId":1,"poolAddress":"0x0d89f4583a6b5eceb76551d573ad49cd435f6064","poolType":"CURVE"}	{"lastPrice": "878305684974482569"}
{"blockNumber":21415193,"chainId":1,"poolAddress":"0x0d89f4583a6b5eceb76551d573ad49cd435f6064","poolType":"CURVE"}	{"lastPrice": "877962323717722339"}
{"blockNumber":21415198,"chainId":1,"poolAddress":"0x0d89f4583a6b5eceb76551d573ad49cd435f6064","poolType":"CURVE"}	{"lastPrice": "878081364475575045"}
{"blockNumber":21417706,"chainId":1,"poolAddress":"0x0d89f4583a6b5eceb76551d573ad49cd435f6064","poolType":"CURVE"}	{"lastPrice": "879301990938483082"}
{"blockNumber":21415471,"chainId":1,"poolAddress":"0x0d89f4583a6b5eceb76551d573ad49cd435f6064","poolType":"CURVE"}	{"lastPrice": "878699774788318266"}
{"blockNumber":21418216,"chainId":1,"poolAddress":"0x0d89f4583a6b5eceb76551d573ad49cd435f6064","poolType":"CURVE"}	{"lastPrice": "880844250448722722"}
{"blockNumber":21419522,"chainId":1,"poolAddress":"0x0d89f4583a6b5eceb76551d573ad49cd435f6064","poolType":"CURVE"}	{"lastPrice": "880449396040830123"}
{"blockNumber":21419709,"chainId":1,"poolAddress":"0x0d89f4583a6b5eceb76551d573ad49cd435f6064","poolType":"CURVE"}	{"lastPrice": "880858061192722864"}
{"blockNumber":21435249,"chainId":1,"poolAddress":"0x0d89f4583a6b5eceb76551d573ad49cd435f6064","poolType":"CURVE"}	{"lastPrice": "887655522327863425"}
{"blockNumber":21421041,"chainId":1,"poolAddress":"0x0d89f4583a6b5eceb76551d573ad49cd435f6064","poolType":"CURVE"}	{"lastPrice": "881308912779638273"}
{"blockNumber":21421365,"chainId":1,"poolAddress":"0x0d89f4583a6b5eceb76551d573ad49cd435f6064","poolType":"CURVE"}	{"lastPrice": "881542455833388667"}
{"blockNumber":21421678,"chainId":1,"poolAddress":"0x0d89f4583a6b5eceb76551d573ad49cd435f6064","poolType":"CURVE"}	{"lastPrice": "881503975694142439"}
{"blockNumber":21421724,"chainId":1,"poolAddress":"0x0d89f4583a6b5eceb76551d573ad49cd435f6064","poolType":"CURVE"}	{"lastPrice": "881351412959722035"}
{"blockNumber":21421804,"chainId":1,"poolAddress":"0x0d89f4583a6b5eceb76551d573ad49cd435f6064","poolType":"CURVE"}	{"lastPrice": "881486879457990494"}
{"blockNumber":21424001,"chainId":1,"poolAddress":"0x0d89f4583a6b5eceb76551d573ad49cd435f6064","poolType":"CURVE"}	{"lastPrice": "887471125617952352"}
{"blockNumber":21428640,"chainId":1,"poolAddress":"0x0d89f4583a6b5eceb76551d573ad49cd435f6064","poolType":"CURVE"}	{"lastPrice": "890812319028247498"}
{"blockNumber":21428691,"chainId":1,"poolAddress":"0x0d89f4583a6b5eceb76551d573ad49cd435f6064","poolType":"CURVE"}	{"lastPrice": "893590970211670783"}
{"blockNumber":21428731,"chainId":1,"poolAddress":"0x0d89f4583a6b5eceb76551d573ad49cd435f6064","poolType":"CURVE"}	{"lastPrice": "896747478625426239"}
{"blockNumber":21428838,"chainId":1,"poolAddress":"0x0d89f4583a6b5eceb76551d573ad49cd435f6064","poolType":"CURVE"}	{"lastPrice": "896501139880072546"}
{"blockNumber":21429758,"chainId":1,"poolAddress":"0x0d89f4583a6b5eceb76551d573ad49cd435f6064","poolType":"CURVE"}	{"lastPrice": "895797306818041832"}
{"blockNumber":21429940,"chainId":1,"poolAddress":"0x0d89f4583a6b5eceb76551d573ad49cd435f6064","poolType":"CURVE"}	{"lastPrice": "894292318629901838"}
{"blockNumber":21432663,"chainId":1,"poolAddress":"0x0d89f4583a6b5eceb76551d573ad49cd435f6064","poolType":"CURVE"}	{"lastPrice": "888604708735981498"}
{"blockNumber":21435318,"chainId":1,"poolAddress":"0x0d89f4583a6b5eceb76551d573ad49cd435f6064","poolType":"CURVE"}	{"lastPrice": "887673767467126471"}
{"blockNumber":21436707,"chainId":1,"poolAddress":"0x0d89f4583a6b5eceb76551d573ad49cd435f6064","poolType":"CURVE"}	{"lastPrice": "887491781055948079"}
{"blockNumber":21436978,"chainId":1,"poolAddress":"0x0d89f4583a6b5eceb76551d573ad49cd435f6064","poolType":"CURVE"}	{"lastPrice": "887207182863998608"}
{"blockNumber":21437455,"chainId":1,"poolAddress":"0x0d89f4583a6b5eceb76551d573ad49cd435f6064","poolType":"CURVE"}	{"lastPrice": "889918366432266794"}
{"blockNumber":21440313,"chainId":1,"poolAddress":"0x0d89f4583a6b5eceb76551d573ad49cd435f6064","poolType":"CURVE"}	{"lastPrice": "890717443351267108"}
{"blockNumber":21440904,"chainId":1,"poolAddress":"0x0d89f4583a6b5eceb76551d573ad49cd435f6064","poolType":"CURVE"}	{"lastPrice": "891524551930421787"}
{"blockNumber":21451647,"chainId":1,"poolAddress":"0x0d89f4583a6b5eceb76551d573ad49cd435f6064","poolType":"CURVE"}	{"lastPrice": "887562222060410209"}
{"blockNumber":21442167,"chainId":1,"poolAddress":"0x0d89f4583a6b5eceb76551d573ad49cd435f6064","poolType":"CURVE"}	{"lastPrice": "889004573568636314"}
{"blockNumber":21442990,"chainId":1,"poolAddress":"0x0d89f4583a6b5eceb76551d573ad49cd435f6064","poolType":"CURVE"}	{"lastPrice": "888913703646798003"}
{"blockNumber":21443689,"chainId":1,"poolAddress":"0x0d89f4583a6b5eceb76551d573ad49cd435f6064","poolType":"CURVE"}	{"lastPrice": "891900534197804920"}
{"blockNumber":21444911,"chainId":1,"poolAddress":"0x0d89f4583a6b5eceb76551d573ad49cd435f6064","poolType":"CURVE"}	{"lastPrice": "889314812047737084"}
{"blockNumber":21445949,"chainId":1,"poolAddress":"0x0d89f4583a6b5eceb76551d573ad49cd435f6064","poolType":"CURVE"}	{"lastPrice": "890501380302593974"}
{"blockNumber":21446434,"chainId":1,"poolAddress":"0x0d89f4583a6b5eceb76551d573ad49cd435f6064","poolType":"CURVE"}	{"lastPrice": "893229763805471424"}
{"blockNumber":21448328,"chainId":1,"poolAddress":"0x0d89f4583a6b5eceb76551d573ad49cd435f6064","poolType":"CURVE"}	{"lastPrice": "890977326592005677"}
{"blockNumber":21448665,"chainId":1,"poolAddress":"0x0d89f4583a6b5eceb76551d573ad49cd435f6064","poolType":"CURVE"}	{"lastPrice": "890937612551924380"}
{"blockNumber":21449142,"chainId":1,"poolAddress":"0x0d89f4583a6b5eceb76551d573ad49cd435f6064","poolType":"CURVE"}	{"lastPrice": "890855327328232231"}
{"blockNumber":21449200,"chainId":1,"poolAddress":"0x0d89f4583a6b5eceb76551d573ad49cd435f6064","poolType":"CURVE"}	{"lastPrice": "891233398514866673"}
{"blockNumber":21449561,"chainId":1,"poolAddress":"0x0d89f4583a6b5eceb76551d573ad49cd435f6064","poolType":"CURVE"}	{"lastPrice": "892323628504368378"}
{"blockNumber":21451653,"chainId":1,"poolAddress":"0x0d89f4583a6b5eceb76551d573ad49cd435f6064","poolType":"CURVE"}	{"lastPrice": "887586023418663515"}
{"blockNumber":21450897,"chainId":1,"poolAddress":"0x44015b17ba889ac3c08757ddd89552b5d03b73c6","poolType":"CURVE"}	{"lastPrice": "923946741191229445"}
{"blockNumber":21433976,"chainId":1,"poolAddress":"0x92261c50c2ae3158368baeb3571fe66e24c8bf2c","poolType":"CURVE"}	{"lastPrice": "962130912981183694"}
{"blockNumber":21418197,"chainId":1,"poolAddress":"0x0d89f4583a6b5eceb76551d573ad49cd435f6064","poolType":"CURVE"}	{"lastPrice": "881242055838461840"}
{"blockNumber":21411454,"chainId":1,"poolAddress":"0x0d89f4583a6b5eceb76551d573ad49cd435f6064","poolType":"CURVE"}	{"lastPrice": "889165752702947869"}
{"blockNumber":21411651,"chainId":1,"poolAddress":"0x0d89f4583a6b5eceb76551d573ad49cd435f6064","poolType":"CURVE"}	{"lastPrice": "884914509995684821"}
{"blockNumber":21411889,"chainId":1,"poolAddress":"0x0d89f4583a6b5eceb76551d573ad49cd435f6064","poolType":"CURVE"}	{"lastPrice": "884331959797552320"}
{"blockNumber":21434393,"chainId":1,"poolAddress":"0x0d89f4583a6b5eceb76551d573ad49cd435f6064","poolType":"CURVE"}	{"lastPrice": "886238560394117984"}
{"blockNumber":21412382,"chainId":1,"poolAddress":"0x0d89f4583a6b5eceb76551d573ad49cd435f6064","poolType":"CURVE"}	{"lastPrice": "893711463563570124"}
{"blockNumber":21424015,"chainId":1,"poolAddress":"0x0d89f4583a6b5eceb76551d573ad49cd435f6064","poolType":"CURVE"}	{"lastPrice": "890657245882536138"}
{"blockNumber":21413479,"chainId":1,"poolAddress":"0x0d89f4583a6b5eceb76551d573ad49cd435f6064","poolType":"CURVE"}	{"lastPrice": "884589049561059431"}
{"blockNumber":21437405,"chainId":1,"poolAddress":"0x0d89f4583a6b5eceb76551d573ad49cd435f6064","poolType":"CURVE"}	{"lastPrice": "887041205847372277"}
{"blockNumber":21419743,"chainId":1,"poolAddress":"0x0d89f4583a6b5eceb76551d573ad49cd435f6064","poolType":"CURVE"}	{"lastPrice": "879303864507363278"}
{"blockNumber":21420165,"chainId":1,"poolAddress":"0x0d89f4583a6b5eceb76551d573ad49cd435f6064","poolType":"CURVE"}	{"lastPrice": "881850024958401822"}
{"blockNumber":21420745,"chainId":1,"poolAddress":"0x0d89f4583a6b5eceb76551d573ad49cd435f6064","poolType":"CURVE"}	{"lastPrice": "880128229090561005"}
{"blockNumber":21421196,"chainId":1,"poolAddress":"0x0d89f4583a6b5eceb76551d573ad49cd435f6064","poolType":"CURVE"}	{"lastPrice": "882107091292291677"}
{"blockNumber":21427859,"chainId":1,"poolAddress":"0x0d89f4583a6b5eceb76551d573ad49cd435f6064","poolType":"CURVE"}	{"lastPrice": "903708355575032340"}
{"blockNumber":21427878,"chainId":1,"poolAddress":"0x0d89f4583a6b5eceb76551d573ad49cd435f6064","poolType":"CURVE"}	{"lastPrice": "904623729689458679"}
{"blockNumber":21428136,"chainId":1,"poolAddress":"0x0d89f4583a6b5eceb76551d573ad49cd435f6064","poolType":"CURVE"}	{"lastPrice": "901533998757348840"}
{"blockNumber":21432183,"chainId":1,"poolAddress":"0x0d89f4583a6b5eceb76551d573ad49cd435f6064","poolType":"CURVE"}	{"lastPrice": "886792985667379068"}
{"blockNumber":21451342,"chainId":1,"poolAddress":"0x614e842ef4b9a1bbed7fba7a333a3959c0ee1161","poolType":"CURVE"}	{"lastPrice": "974362957650481465"}
{"blockNumber":21448092,"chainId":1,"poolAddress":"0x44015b17ba889ac3c08757ddd89552b5d03b73c6","poolType":"CURVE"}	{"lastPrice": "924403920574592664"}
{"blockNumber":21437838,"chainId":1,"poolAddress":"0x44015b17ba889ac3c08757ddd89552b5d03b73c6","poolType":"CURVE"}	{"lastPrice": "926205129062117860"}
{"blockNumber":21447386,"chainId":1,"poolAddress":"0x44015b17ba889ac3c08757ddd89552b5d03b73c6","poolType":"CURVE"}	{"lastPrice": "925301991339573735"}
{"blockNumber":21450438,"chainId":1,"poolAddress":"0x44015b17ba889ac3c08757ddd89552b5d03b73c6","poolType":"CURVE"}	{"lastPrice": "922114390838169505"}
{"blockNumber":21421941,"chainId":1,"poolAddress":"0x9429e06ffd09cf97007791b8bf3845171f1425e8","poolType":"CURVE"}	{"lastPrice": "962815519654801652"}
{"blockNumber":21427957,"chainId":1,"poolAddress":"0x9429e06ffd09cf97007791b8bf3845171f1425e8","poolType":"CURVE"}	{"lastPrice": "962785171674987323"}
{"blockNumber":21450032,"chainId":1,"poolAddress":"0x588eab5777e51ece898bb71976715072e6f7843f","poolType":"CURVE"}	{"lastPrice": "972271853935497111"}
{"blockNumber":21450138,"chainId":1,"poolAddress":"0x588eab5777e51ece898bb71976715072e6f7843f","poolType":"CURVE"}	{"lastPrice": "974974604635613661"}
{"blockNumber":21410899,"chainId":1,"poolAddress":"0x0d89f4583a6b5eceb76551d573ad49cd435f6064","poolType":"CURVE"}	{"lastPrice": "882081343005232351"}
{"blockNumber":21415524,"chainId":1,"poolAddress":"0x0d89f4583a6b5eceb76551d573ad49cd435f6064","poolType":"CURVE"}	{"lastPrice": "878699774788318266"}
{"blockNumber":21425429,"chainId":1,"poolAddress":"0x0d89f4583a6b5eceb76551d573ad49cd435f6064","poolType":"CURVE"}	{"lastPrice": "893910666604330240"}
{"blockNumber":21448630,"chainId":1,"poolAddress":"0x0d89f4583a6b5eceb76551d573ad49cd435f6064","poolType":"CURVE"}	{"lastPrice": "886741147962672563"}
{"blockNumber":21424680,"chainId":1,"poolAddress":"0x0d89f4583a6b5eceb76551d573ad49cd435f6064","poolType":"CURVE"}	{"lastPrice": "901395240353535200"}
{"blockNumber":21425712,"chainId":1,"poolAddress":"0x0d89f4583a6b5eceb76551d573ad49cd435f6064","poolType":"CURVE"}	{"lastPrice": "905503188440918729"}
{"blockNumber":21448012,"chainId":1,"poolAddress":"0x0d89f4583a6b5eceb76551d573ad49cd435f6064","poolType":"CURVE"}	{"lastPrice": "887608798952394055"}
{"blockNumber":21412702,"chainId":1,"poolAddress":"0x08da2b1ea8f2098d44c8690ddadca3d816c7c0d5","poolType":"CURVE"}	{"lastPrice": "983408726047818341"}
{"blockNumber":21450866,"chainId":1,"poolAddress":"0x44015b17ba889ac3c08757ddd89552b5d03b73c6","poolType":"CURVE"}	{"lastPrice": "920306716961332645"}
{"blockNumber":21426279,"chainId":1,"poolAddress":"0x0d89f4583a6b5eceb76551d573ad49cd435f6064","poolType":"CURVE"}	{"lastPrice": "901991567122966679"}
{"blockNumber":21426422,"chainId":1,"poolAddress":"0x0d89f4583a6b5eceb76551d573ad49cd435f6064","poolType":"CURVE"}	{"lastPrice": "903622451620295585"}
{"blockNumber":21427529,"chainId":1,"poolAddress":"0x0d89f4583a6b5eceb76551d573ad49cd435f6064","poolType":"CURVE"}	{"lastPrice": "900797652004169377"}
{"blockNumber":21428452,"chainId":1,"poolAddress":"0x0d89f4583a6b5eceb76551d573ad49cd435f6064","poolType":"CURVE"}	{"lastPrice": "886712431836852870"}
{"blockNumber":21431149,"chainId":1,"poolAddress":"0x0d89f4583a6b5eceb76551d573ad49cd435f6064","poolType":"CURVE"}	{"lastPrice": "892116880481630671"}
{"blockNumber":21439064,"chainId":1,"poolAddress":"0x0d89f4583a6b5eceb76551d573ad49cd435f6064","poolType":"CURVE"}	{"lastPrice": "894222060465275756"}
{"blockNumber":21442861,"chainId":1,"poolAddress":"0x0d89f4583a6b5eceb76551d573ad49cd435f6064","poolType":"CURVE"}	{"lastPrice": "885553658044483331"}
{"blockNumber":21430409,"chainId":1,"poolAddress":"0x0d89f4583a6b5eceb76551d573ad49cd435f6064","poolType":"CURVE"}	{"lastPrice": "888774254238376401"}
{"blockNumber":21442631,"chainId":1,"poolAddress":"0x0d89f4583a6b5eceb76551d573ad49cd435f6064","poolType":"CURVE"}	{"lastPrice": "884731338035061773"}
{"blockNumber":21443990,"chainId":1,"poolAddress":"0x0d89f4583a6b5eceb76551d573ad49cd435f6064","poolType":"CURVE"}	{"lastPrice": "891124023470787608"}
{"blockNumber":21444191,"chainId":1,"poolAddress":"0x588eab5777e51ece898bb71976715072e6f7843f","poolType":"CURVE"}	{"lastPrice": "972748365907387584"}
{"blockNumber":21433767,"chainId":1,"poolAddress":"0x9429e06ffd09cf97007791b8bf3845171f1425e8","poolType":"CURVE"}	{"lastPrice": "963277712632144950"}
{"blockNumber":21415372,"chainId":1,"poolAddress":"0x0d89f4583a6b5eceb76551d573ad49cd435f6064","poolType":"CURVE"}	{"lastPrice": "878440246844554007"}
{"blockNumber":21425152,"chainId":1,"poolAddress":"0x0d89f4583a6b5eceb76551d573ad49cd435f6064","poolType":"CURVE"}	{"lastPrice": "897428987283808126"}
{"blockNumber":21410911,"chainId":1,"poolAddress":"0x0d89f4583a6b5eceb76551d573ad49cd435f6064","poolType":"CURVE"}	{"lastPrice": "885626369578711824"}
{"blockNumber":21411053,"chainId":1,"poolAddress":"0x0d89f4583a6b5eceb76551d573ad49cd435f6064","poolType":"CURVE"}	{"lastPrice": "889832165719302396"}
{"blockNumber":21418188,"chainId":1,"poolAddress":"0x0d89f4583a6b5eceb76551d573ad49cd435f6064","poolType":"CURVE"}	{"lastPrice": "880704019388272260"}
{"blockNumber":21418218,"chainId":1,"poolAddress":"0x0d89f4583a6b5eceb76551d573ad49cd435f6064","poolType":"CURVE"}	{"lastPrice": "881115912457821667"}
{"blockNumber":21444774,"chainId":1,"poolAddress":"0x0d89f4583a6b5eceb76551d573ad49cd435f6064","poolType":"CURVE"}	{"lastPrice": "888253120765954735"}
{"blockNumber":21451609,"chainId":1,"poolAddress":"0x0d89f4583a6b5eceb76551d573ad49cd435f6064","poolType":"CURVE"}	{"lastPrice": "887485549568141026"}
{"blockNumber":21411114,"chainId":1,"poolAddress":"0x0d89f4583a6b5eceb76551d573ad49cd435f6064","poolType":"CURVE"}	{"lastPrice": "894354108652676381"}
{"blockNumber":21417288,"chainId":1,"poolAddress":"0x0d89f4583a6b5eceb76551d573ad49cd435f6064","poolType":"CURVE"}	{"lastPrice": "878919127005011648"}
{"blockNumber":21417267,"chainId":1,"poolAddress":"0x0d89f4583a6b5eceb76551d573ad49cd435f6064","poolType":"CURVE"}	{"lastPrice": "878898861560246497"}
{"blockNumber":21415539,"chainId":1,"poolAddress":"0x0d89f4583a6b5eceb76551d573ad49cd435f6064","poolType":"CURVE"}	{"lastPrice": "878755343831443320"}
{"blockNumber":21412363,"chainId":1,"poolAddress":"0x0d89f4583a6b5eceb76551d573ad49cd435f6064","poolType":"CURVE"}	{"lastPrice": "890738291727881135"}
{"blockNumber":21413461,"chainId":1,"poolAddress":"0x0d89f4583a6b5eceb76551d573ad49cd435f6064","poolType":"CURVE"}	{"lastPrice": "886158148584512962"}
{"blockNumber":21414137,"chainId":1,"poolAddress":"0x0d89f4583a6b5eceb76551d573ad49cd435f6064","poolType":"CURVE"}	{"lastPrice": "877872242743775990"}
{"blockNumber":21428544,"chainId":1,"poolAddress":"0x0d89f4583a6b5eceb76551d573ad49cd435f6064","poolType":"CURVE"}	{"lastPrice": "889878960971489744"}
{"blockNumber":21417754,"chainId":1,"poolAddress":"0x0d89f4583a6b5eceb76551d573ad49cd435f6064","poolType":"CURVE"}	{"lastPrice": "879354661168176287"}
{"blockNumber":21417864,"chainId":1,"poolAddress":"0x0d89f4583a6b5eceb76551d573ad49cd435f6064","poolType":"CURVE"}	{"lastPrice": "879624199748809315"}
{"blockNumber":21421853,"chainId":1,"poolAddress":"0x0d89f4583a6b5eceb76551d573ad49cd435f6064","poolType":"CURVE"}	{"lastPrice": "882262246363299503"}
{"blockNumber":21435661,"chainId":1,"poolAddress":"0x0d89f4583a6b5eceb76551d573ad49cd435f6064","poolType":"CURVE"}	{"lastPrice": "887638652674435467"}
{"blockNumber":21424582,"chainId":1,"poolAddress":"0x0d89f4583a6b5eceb76551d573ad49cd435f6064","poolType":"CURVE"}	{"lastPrice": "904775646430410223"}
{"blockNumber":21422036,"chainId":1,"poolAddress":"0x0d89f4583a6b5eceb76551d573ad49cd435f6064","poolType":"CURVE"}	{"lastPrice": "883356619353205660"}
{"blockNumber":21424456,"chainId":1,"poolAddress":"0x0d89f4583a6b5eceb76551d573ad49cd435f6064","poolType":"CURVE"}	{"lastPrice": "892298377305286445"}
{"blockNumber":21424487,"chainId":1,"poolAddress":"0x0d89f4583a6b5eceb76551d573ad49cd435f6064","poolType":"CURVE"}	{"lastPrice": "893141282858373028"}
{"blockNumber":21424508,"chainId":1,"poolAddress":"0x0d89f4583a6b5eceb76551d573ad49cd435f6064","poolType":"CURVE"}	{"lastPrice": "894476829871375974"}
{"blockNumber":21424531,"chainId":1,"poolAddress":"0x0d89f4583a6b5eceb76551d573ad49cd435f6064","poolType":"CURVE"}	{"lastPrice": "895985710533497359"}
{"blockNumber":21424551,"chainId":1,"poolAddress":"0x0d89f4583a6b5eceb76551d573ad49cd435f6064","poolType":"CURVE"}	{"lastPrice": "899111607887553461"}
{"blockNumber":21424577,"chainId":1,"poolAddress":"0x0d89f4583a6b5eceb76551d573ad49cd435f6064","poolType":"CURVE"}	{"lastPrice": "901212723193039471"}
{"blockNumber":21424599,"chainId":1,"poolAddress":"0x0d89f4583a6b5eceb76551d573ad49cd435f6064","poolType":"CURVE"}	{"lastPrice": "909745308444657806"}
{"blockNumber":21424545,"chainId":1,"poolAddress":"0x0d89f4583a6b5eceb76551d573ad49cd435f6064","poolType":"CURVE"}	{"lastPrice": "897462107803670898"}
{"blockNumber":21449534,"chainId":1,"poolAddress":"0x0d89f4583a6b5eceb76551d573ad49cd435f6064","poolType":"CURVE"}	{"lastPrice": "891685714141764910"}
{"blockNumber":21433999,"chainId":1,"poolAddress":"0x0d89f4583a6b5eceb76551d573ad49cd435f6064","poolType":"CURVE"}	{"lastPrice": "887962809035978953"}
{"blockNumber":21424851,"chainId":1,"poolAddress":"0x0d89f4583a6b5eceb76551d573ad49cd435f6064","poolType":"CURVE"}	{"lastPrice": "895955846675923845"}
{"blockNumber":21425664,"chainId":1,"poolAddress":"0x0d89f4583a6b5eceb76551d573ad49cd435f6064","poolType":"CURVE"}	{"lastPrice": "905503188440918729"}
{"blockNumber":21425833,"chainId":1,"poolAddress":"0x0d89f4583a6b5eceb76551d573ad49cd435f6064","poolType":"CURVE"}	{"lastPrice": "909672067535366656"}
{"blockNumber":21432058,"chainId":1,"poolAddress":"0x0d89f4583a6b5eceb76551d573ad49cd435f6064","poolType":"CURVE"}	{"lastPrice": "888450201918183711"}
{"blockNumber":21426486,"chainId":1,"poolAddress":"0x0d89f4583a6b5eceb76551d573ad49cd435f6064","poolType":"CURVE"}	{"lastPrice": "905464811918949363"}
{"blockNumber":21426787,"chainId":1,"poolAddress":"0x0d89f4583a6b5eceb76551d573ad49cd435f6064","poolType":"CURVE"}	{"lastPrice": "903875447106917015"}
{"blockNumber":21446228,"chainId":1,"poolAddress":"0x0d89f4583a6b5eceb76551d573ad49cd435f6064","poolType":"CURVE"}	{"lastPrice": "892361103275249047"}
{"blockNumber":21429255,"chainId":1,"poolAddress":"0x0d89f4583a6b5eceb76551d573ad49cd435f6064","poolType":"CURVE"}	{"lastPrice": "896419344168540268"}
{"blockNumber":21434737,"chainId":1,"poolAddress":"0x0d89f4583a6b5eceb76551d573ad49cd435f6064","poolType":"CURVE"}	{"lastPrice": "887888508247884224"}
{"blockNumber":21443466,"chainId":1,"poolAddress":"0x0d89f4583a6b5eceb76551d573ad49cd435f6064","poolType":"CURVE"}	{"lastPrice": "889044686046351581"}
{"blockNumber":21447996,"chainId":1,"poolAddress":"0x0d89f4583a6b5eceb76551d573ad49cd435f6064","poolType":"CURVE"}	{"lastPrice": "890788552827724440"}
{"blockNumber":21412758,"chainId":1,"poolAddress":"0x08da2b1ea8f2098d44c8690ddadca3d816c7c0d5","poolType":"CURVE"}	{"lastPrice": "984907820980888322"}
{"blockNumber":21413000,"chainId":1,"poolAddress":"0x08da2b1ea8f2098d44c8690ddadca3d816c7c0d5","poolType":"CURVE"}	{"lastPrice": "983838856786048142"}
{"blockNumber":21450882,"chainId":1,"poolAddress":"0x44015b17ba889ac3c08757ddd89552b5d03b73c6","poolType":"CURVE"}	{"lastPrice": "923116029347277326"}
{"blockNumber":21410766,"chainId":1,"poolAddress":"0x0d89f4583a6b5eceb76551d573ad49cd435f6064","poolType":"CURVE"}	{"lastPrice": "882081343005232351"}
{"blockNumber":21410990,"chainId":1,"poolAddress":"0x0d89f4583a6b5eceb76551d573ad49cd435f6064","poolType":"CURVE"}	{"lastPrice": "882428291864892535"}
{"blockNumber":21413098,"chainId":1,"poolAddress":"0x0d89f4583a6b5eceb76551d573ad49cd435f6064","poolType":"CURVE"}	{"lastPrice": "888336631522409877"}
{"blockNumber":21410999,"chainId":1,"poolAddress":"0x0d89f4583a6b5eceb76551d573ad49cd435f6064","poolType":"CURVE"}	{"lastPrice": "882300315410871338"}
{"blockNumber":21414657,"chainId":1,"poolAddress":"0x0d89f4583a6b5eceb76551d573ad49cd435f6064","poolType":"CURVE"}	{"lastPrice": "875610118578245289"}
{"blockNumber":21411032,"chainId":1,"poolAddress":"0x0d89f4583a6b5eceb76551d573ad49cd435f6064","poolType":"CURVE"}	{"lastPrice": "882300150401053558"}
{"blockNumber":21449685,"chainId":1,"poolAddress":"0x0d89f4583a6b5eceb76551d573ad49cd435f6064","poolType":"CURVE"}	{"lastPrice": "888949841867566500"}
{"blockNumber":21413698,"chainId":1,"poolAddress":"0x0d89f4583a6b5eceb76551d573ad49cd435f6064","poolType":"CURVE"}	{"lastPrice": "882776572692364528"}
{"blockNumber":21413730,"chainId":1,"poolAddress":"0x0d89f4583a6b5eceb76551d573ad49cd435f6064","poolType":"CURVE"}	{"lastPrice": "882742573886985751"}
{"blockNumber":21413257,"chainId":1,"poolAddress":"0x0d89f4583a6b5eceb76551d573ad49cd435f6064","poolType":"CURVE"}	{"lastPrice": "887790245086958185"}
{"blockNumber":21413303,"chainId":1,"poolAddress":"0x0d89f4583a6b5eceb76551d573ad49cd435f6064","poolType":"CURVE"}	{"lastPrice": "887673658135300906"}
{"blockNumber":21413322,"chainId":1,"poolAddress":"0x0d89f4583a6b5eceb76551d573ad49cd435f6064","poolType":"CURVE"}	{"lastPrice": "887619485015528291"}
{"blockNumber":21413370,"chainId":1,"poolAddress":"0x0d89f4583a6b5eceb76551d573ad49cd435f6064","poolType":"CURVE"}	{"lastPrice": "885339748836027165"}
{"blockNumber":21413618,"chainId":1,"poolAddress":"0x0d89f4583a6b5eceb76551d573ad49cd435f6064","poolType":"CURVE"}	{"lastPrice": "882819886698796611"}
{"blockNumber":21441058,"chainId":1,"poolAddress":"0x0d89f4583a6b5eceb76551d573ad49cd435f6064","poolType":"CURVE"}	{"lastPrice": "888559098309583916"}
{"blockNumber":21441103,"chainId":1,"poolAddress":"0x0d89f4583a6b5eceb76551d573ad49cd435f6064","poolType":"CURVE"}	{"lastPrice": "888558873314507642"}
{"blockNumber":21413683,"chainId":1,"poolAddress":"0x0d89f4583a6b5eceb76551d573ad49cd435f6064","poolType":"CURVE"}	{"lastPrice": "882795609733559796"}
{"blockNumber":21426500,"chainId":1,"poolAddress":"0x0d89f4583a6b5eceb76551d573ad49cd435f6064","poolType":"CURVE"}	{"lastPrice": "901314257384845521"}
{"blockNumber":21413918,"chainId":1,"poolAddress":"0x0d89f4583a6b5eceb76551d573ad49cd435f6064","poolType":"CURVE"}	{"lastPrice": "883633675703668795"}
{"blockNumber":21414033,"chainId":1,"poolAddress":"0x0d89f4583a6b5eceb76551d573ad49cd435f6064","poolType":"CURVE"}	{"lastPrice": "882258381057845043"}
{"blockNumber":21415029,"chainId":1,"poolAddress":"0x0d89f4583a6b5eceb76551d573ad49cd435f6064","poolType":"CURVE"}	{"lastPrice": "875430316448176018"}
{"blockNumber":21419445,"chainId":1,"poolAddress":"0x0d89f4583a6b5eceb76551d573ad49cd435f6064","poolType":"CURVE"}	{"lastPrice": "877453551459137133"}
{"blockNumber":21451535,"chainId":1,"poolAddress":"0x0d89f4583a6b5eceb76551d573ad49cd435f6064","poolType":"CURVE"}	{"lastPrice": "884655168285742327"}
{"blockNumber":21414211,"chainId":1,"poolAddress":"0x0d89f4583a6b5eceb76551d573ad49cd435f6064","poolType":"CURVE"}	{"lastPrice": "875688468373922197"}
{"blockNumber":21424766,"chainId":1,"poolAddress":"0x0d89f4583a6b5eceb76551d573ad49cd435f6064","poolType":"CURVE"}	{"lastPrice": "901230956530434230"}
{"blockNumber":21414331,"chainId":1,"poolAddress":"0x0d89f4583a6b5eceb76551d573ad49cd435f6064","poolType":"CURVE"}	{"lastPrice": "875325594192730764"}
{"blockNumber":21414660,"chainId":1,"poolAddress":"0x0d89f4583a6b5eceb76551d573ad49cd435f6064","poolType":"CURVE"}	{"lastPrice": "875632210459263500"}
{"blockNumber":21444453,"chainId":1,"poolAddress":"0x0d89f4583a6b5eceb76551d573ad49cd435f6064","poolType":"CURVE"}	{"lastPrice": "885150395722202745"}
{"blockNumber":21414772,"chainId":1,"poolAddress":"0x0d89f4583a6b5eceb76551d573ad49cd435f6064","poolType":"CURVE"}	{"lastPrice": "875682795260698801"}
{"blockNumber":21414868,"chainId":1,"poolAddress":"0x0d89f4583a6b5eceb76551d573ad49cd435f6064","poolType":"CURVE"}	{"lastPrice": "875588585332039660"}
{"blockNumber":21415339,"chainId":1,"poolAddress":"0x0d89f4583a6b5eceb76551d573ad49cd435f6064","poolType":"CURVE"}	{"lastPrice": "875543807042679460"}
{"blockNumber":21415338,"chainId":1,"poolAddress":"0x0d89f4583a6b5eceb76551d573ad49cd435f6064","poolType":"CURVE"}	{"lastPrice": "875512477704573566"}
{"blockNumber":21415616,"chainId":1,"poolAddress":"0x0d89f4583a6b5eceb76551d573ad49cd435f6064","poolType":"CURVE"}	{"lastPrice": "876401028463784441"}
{"blockNumber":21415680,"chainId":1,"poolAddress":"0x0d89f4583a6b5eceb76551d573ad49cd435f6064","poolType":"CURVE"}	{"lastPrice": "876629821521472199"}
{"blockNumber":21415847,"chainId":1,"poolAddress":"0x0d89f4583a6b5eceb76551d573ad49cd435f6064","poolType":"CURVE"}	{"lastPrice": "876378203372166232"}
{"blockNumber":21416042,"chainId":1,"poolAddress":"0x0d89f4583a6b5eceb76551d573ad49cd435f6064","poolType":"CURVE"}	{"lastPrice": "876295836289591422"}
{"blockNumber":21418064,"chainId":1,"poolAddress":"0x0d89f4583a6b5eceb76551d573ad49cd435f6064","poolType":"CURVE"}	{"lastPrice": "877059825610261679"}
{"blockNumber":21418294,"chainId":1,"poolAddress":"0x0d89f4583a6b5eceb76551d573ad49cd435f6064","poolType":"CURVE"}	{"lastPrice": "878123430429431940"}
{"blockNumber":21418531,"chainId":1,"poolAddress":"0x0d89f4583a6b5eceb76551d573ad49cd435f6064","poolType":"CURVE"}	{"lastPrice": "878766839311439304"}
{"blockNumber":21418808,"chainId":1,"poolAddress":"0x0d89f4583a6b5eceb76551d573ad49cd435f6064","poolType":"CURVE"}	{"lastPrice": "878434273861003283"}
{"blockNumber":21418948,"chainId":1,"poolAddress":"0x0d89f4583a6b5eceb76551d573ad49cd435f6064","poolType":"CURVE"}	{"lastPrice": "878438254407454562"}
{"blockNumber":21419091,"chainId":1,"poolAddress":"0x0d89f4583a6b5eceb76551d573ad49cd435f6064","poolType":"CURVE"}	{"lastPrice": "878319128457255371"}
{"blockNumber":21451674,"chainId":1,"poolAddress":"0x0d89f4583a6b5eceb76551d573ad49cd435f6064","poolType":"CURVE"}	{"lastPrice": "884631974646981327"}
{"blockNumber":21419166,"chainId":1,"poolAddress":"0x0d89f4583a6b5eceb76551d573ad49cd435f6064","poolType":"CURVE"}	{"lastPrice": "878070759519720344"}
{"blockNumber":21419179,"chainId":1,"poolAddress":"0x0d89f4583a6b5eceb76551d573ad49cd435f6064","poolType":"CURVE"}	{"lastPrice": "877964378474299400"}
{"blockNumber":21419205,"chainId":1,"poolAddress":"0x0d89f4583a6b5eceb76551d573ad49cd435f6064","poolType":"CURVE"}	{"lastPrice": "877853362521792257"}
{"blockNumber":21424799,"chainId":1,"poolAddress":"0x0d89f4583a6b5eceb76551d573ad49cd435f6064","poolType":"CURVE"}	{"lastPrice": "895673959686597029"}
{"blockNumber":21420750,"chainId":1,"poolAddress":"0x0d89f4583a6b5eceb76551d573ad49cd435f6064","poolType":"CURVE"}	{"lastPrice": "878562731695532581"}
{"blockNumber":21420766,"chainId":1,"poolAddress":"0x0d89f4583a6b5eceb76551d573ad49cd435f6064","poolType":"CURVE"}	{"lastPrice": "878590723535857852"}
{"blockNumber":21420643,"chainId":1,"poolAddress":"0x0d89f4583a6b5eceb76551d573ad49cd435f6064","poolType":"CURVE"}	{"lastPrice": "878409734542334787"}
{"blockNumber":21421253,"chainId":1,"poolAddress":"0x0d89f4583a6b5eceb76551d573ad49cd435f6064","poolType":"CURVE"}	{"lastPrice": "878494188643895073"}
{"blockNumber":21421207,"chainId":1,"poolAddress":"0x0d89f4583a6b5eceb76551d573ad49cd435f6064","poolType":"CURVE"}	{"lastPrice": "878565393594602258"}
{"blockNumber":21421325,"chainId":1,"poolAddress":"0x0d89f4583a6b5eceb76551d573ad49cd435f6064","poolType":"CURVE"}	{"lastPrice": "878497027473259542"}
{"blockNumber":21421578,"chainId":1,"poolAddress":"0x0d89f4583a6b5eceb76551d573ad49cd435f6064","poolType":"CURVE"}	{"lastPrice": "878411565687279885"}
{"blockNumber":21421629,"chainId":1,"poolAddress":"0x0d89f4583a6b5eceb76551d573ad49cd435f6064","poolType":"CURVE"}	{"lastPrice": "878432425558447745"}
{"blockNumber":21422456,"chainId":1,"poolAddress":"0x0d89f4583a6b5eceb76551d573ad49cd435f6064","poolType":"CURVE"}	{"lastPrice": "881733219498350200"}
{"blockNumber":21424269,"chainId":1,"poolAddress":"0x0d89f4583a6b5eceb76551d573ad49cd435f6064","poolType":"CURVE"}	{"lastPrice": "888855650548870521"}
{"blockNumber":21426012,"chainId":1,"poolAddress":"0x0d89f4583a6b5eceb76551d573ad49cd435f6064","poolType":"CURVE"}	{"lastPrice": "905765857767622005"}
{"blockNumber":21433098,"chainId":1,"poolAddress":"0x0d89f4583a6b5eceb76551d573ad49cd435f6064","poolType":"CURVE"}	{"lastPrice": "885264964647980147"}
{"blockNumber":21445654,"chainId":1,"poolAddress":"0x0d89f4583a6b5eceb76551d573ad49cd435f6064","poolType":"CURVE"}	{"lastPrice": "886491396069416390"}
{"blockNumber":21426184,"chainId":1,"poolAddress":"0x0d89f4583a6b5eceb76551d573ad49cd435f6064","poolType":"CURVE"}	{"lastPrice": "903466367311418378"}
{"blockNumber":21448366,"chainId":1,"poolAddress":"0x0d89f4583a6b5eceb76551d573ad49cd435f6064","poolType":"CURVE"}	{"lastPrice": "887883464025374404"}
{"blockNumber":21428076,"chainId":1,"poolAddress":"0x0d89f4583a6b5eceb76551d573ad49cd435f6064","poolType":"CURVE"}	{"lastPrice": "899991662409764961"}
{"blockNumber":21434669,"chainId":1,"poolAddress":"0x0d89f4583a6b5eceb76551d573ad49cd435f6064","poolType":"CURVE"}	{"lastPrice": "884455757024706249"}
{"blockNumber":21426634,"chainId":1,"poolAddress":"0x0d89f4583a6b5eceb76551d573ad49cd435f6064","poolType":"CURVE"}	{"lastPrice": "899645874800109309"}
{"blockNumber":21426750,"chainId":1,"poolAddress":"0x0d89f4583a6b5eceb76551d573ad49cd435f6064","poolType":"CURVE"}	{"lastPrice": "899636714192008259"}
{"blockNumber":21444115,"chainId":1,"poolAddress":"0x0d89f4583a6b5eceb76551d573ad49cd435f6064","poolType":"CURVE"}	{"lastPrice": "889907526323320015"}
{"blockNumber":21427049,"chainId":1,"poolAddress":"0x0d89f4583a6b5eceb76551d573ad49cd435f6064","poolType":"CURVE"}	{"lastPrice": "901337980125128496"}
{"blockNumber":21427851,"chainId":1,"poolAddress":"0x0d89f4583a6b5eceb76551d573ad49cd435f6064","poolType":"CURVE"}	{"lastPrice": "898236097687334001"}
{"blockNumber":21428156,"chainId":1,"poolAddress":"0x0d89f4583a6b5eceb76551d573ad49cd435f6064","poolType":"CURVE"}	{"lastPrice": "899761152636636270"}
{"blockNumber":21428330,"chainId":1,"poolAddress":"0x0d89f4583a6b5eceb76551d573ad49cd435f6064","poolType":"CURVE"}	{"lastPrice": "896317353390516732"}
{"blockNumber":21428366,"chainId":1,"poolAddress":"0x0d89f4583a6b5eceb76551d573ad49cd435f6064","poolType":"CURVE"}	{"lastPrice": "891405179511395591"}
{"blockNumber":21428371,"chainId":1,"poolAddress":"0x0d89f4583a6b5eceb76551d573ad49cd435f6064","poolType":"CURVE"}	{"lastPrice": "888837397386211029"}
{"blockNumber":21439200,"chainId":1,"poolAddress":"0x0d89f4583a6b5eceb76551d573ad49cd435f6064","poolType":"CURVE"}	{"lastPrice": "890613485921282072"}
{"blockNumber":21428532,"chainId":1,"poolAddress":"0x0d89f4583a6b5eceb76551d573ad49cd435f6064","poolType":"CURVE"}	{"lastPrice": "886483888976903996"}
{"blockNumber":21428804,"chainId":1,"poolAddress":"0x0d89f4583a6b5eceb76551d573ad49cd435f6064","poolType":"CURVE"}	{"lastPrice": "893267501679036311"}
{"blockNumber":21449071,"chainId":1,"poolAddress":"0x0d89f4583a6b5eceb76551d573ad49cd435f6064","poolType":"CURVE"}	{"lastPrice": "887580521310899757"}
{"blockNumber":21428828,"chainId":1,"poolAddress":"0x0d89f4583a6b5eceb76551d573ad49cd435f6064","poolType":"CURVE"}	{"lastPrice": "892843644894035802"}
{"blockNumber":21429132,"chainId":1,"poolAddress":"0x0d89f4583a6b5eceb76551d573ad49cd435f6064","poolType":"CURVE"}	{"lastPrice": "893524634568458436"}
{"blockNumber":21429216,"chainId":1,"poolAddress":"0x0d89f4583a6b5eceb76551d573ad49cd435f6064","poolType":"CURVE"}	{"lastPrice": "892602287484333215"}
{"blockNumber":21429359,"chainId":1,"poolAddress":"0x0d89f4583a6b5eceb76551d573ad49cd435f6064","poolType":"CURVE"}	{"lastPrice": "893675834727170859"}
{"blockNumber":21429580,"chainId":1,"poolAddress":"0x0d89f4583a6b5eceb76551d573ad49cd435f6064","poolType":"CURVE"}	{"lastPrice": "892937311449068494"}
{"blockNumber":21437552,"chainId":1,"poolAddress":"0x0d89f4583a6b5eceb76551d573ad49cd435f6064","poolType":"CURVE"}	{"lastPrice": "892580206315309974"}
{"blockNumber":21429821,"chainId":1,"poolAddress":"0x0d89f4583a6b5eceb76551d573ad49cd435f6064","poolType":"CURVE"}	{"lastPrice": "892384021354392430"}
{"blockNumber":21429886,"chainId":1,"poolAddress":"0x0d89f4583a6b5eceb76551d573ad49cd435f6064","poolType":"CURVE"}	{"lastPrice": "891834759607854976"}
{"blockNumber":21430394,"chainId":1,"poolAddress":"0x0d89f4583a6b5eceb76551d573ad49cd435f6064","poolType":"CURVE"}	{"lastPrice": "890589233534330692"}
{"blockNumber":21431277,"chainId":1,"poolAddress":"0x0d89f4583a6b5eceb76551d573ad49cd435f6064","poolType":"CURVE"}	{"lastPrice": "890358722814577746"}
{"blockNumber":21431304,"chainId":1,"poolAddress":"0x0d89f4583a6b5eceb76551d573ad49cd435f6064","poolType":"CURVE"}	{"lastPrice": "890208052084340152"}
{"blockNumber":21431611,"chainId":1,"poolAddress":"0x0d89f4583a6b5eceb76551d573ad49cd435f6064","poolType":"CURVE"}	{"lastPrice": "886020310769981629"}
{"blockNumber":21442766,"chainId":1,"poolAddress":"0x0d89f4583a6b5eceb76551d573ad49cd435f6064","poolType":"CURVE"}	{"lastPrice": "885594977625585787"}
{"blockNumber":21432011,"chainId":1,"poolAddress":"0x0d89f4583a6b5eceb76551d573ad49cd435f6064","poolType":"CURVE"}	{"lastPrice": "885053703936116941"}
{"blockNumber":21432441,"chainId":1,"poolAddress":"0x0d89f4583a6b5eceb76551d573ad49cd435f6064","poolType":"CURVE"}	{"lastPrice": "885105098513853222"}
{"blockNumber":21436583,"chainId":1,"poolAddress":"0x0d89f4583a6b5eceb76551d573ad49cd435f6064","poolType":"CURVE"}	{"lastPrice": "884123845211925256"}
{"blockNumber":21447567,"chainId":1,"poolAddress":"0x0d89f4583a6b5eceb76551d573ad49cd435f6064","poolType":"CURVE"}	{"lastPrice": "887753466203202328"}
{"blockNumber":21432677,"chainId":1,"poolAddress":"0x0d89f4583a6b5eceb76551d573ad49cd435f6064","poolType":"CURVE"}	{"lastPrice": "885527592196162191"}
{"blockNumber":21432752,"chainId":1,"poolAddress":"0x0d89f4583a6b5eceb76551d573ad49cd435f6064","poolType":"CURVE"}	{"lastPrice": "885489698480849265"}
{"blockNumber":21433023,"chainId":1,"poolAddress":"0x0d89f4583a6b5eceb76551d573ad49cd435f6064","poolType":"CURVE"}	{"lastPrice": "886938031961297748"}
{"blockNumber":21433109,"chainId":1,"poolAddress":"0x0d89f4583a6b5eceb76551d573ad49cd435f6064","poolType":"CURVE"}	{"lastPrice": "885258150723219497"}
{"blockNumber":21433119,"chainId":1,"poolAddress":"0x0d89f4583a6b5eceb76551d573ad49cd435f6064","poolType":"CURVE"}	{"lastPrice": "885193733772689012"}
{"blockNumber":21433144,"chainId":1,"poolAddress":"0x0d89f4583a6b5eceb76551d573ad49cd435f6064","poolType":"CURVE"}	{"lastPrice": "885098800488111507"}
{"blockNumber":21437318,"chainId":1,"poolAddress":"0x0d89f4583a6b5eceb76551d573ad49cd435f6064","poolType":"CURVE"}	{"lastPrice": "883300755256541638"}
{"blockNumber":21433158,"chainId":1,"poolAddress":"0x0d89f4583a6b5eceb76551d573ad49cd435f6064","poolType":"CURVE"}	{"lastPrice": "885035838930033830"}
{"blockNumber":21433240,"chainId":1,"poolAddress":"0x0d89f4583a6b5eceb76551d573ad49cd435f6064","poolType":"CURVE"}	{"lastPrice": "884617741253371656"}
{"blockNumber":21434162,"chainId":1,"poolAddress":"0x0d89f4583a6b5eceb76551d573ad49cd435f6064","poolType":"CURVE"}	{"lastPrice": "886322884286356434"}
{"blockNumber":21434287,"chainId":1,"poolAddress":"0x0d89f4583a6b5eceb76551d573ad49cd435f6064","poolType":"CURVE"}	{"lastPrice": "884670356265202545"}
{"blockNumber":21434299,"chainId":1,"poolAddress":"0x0d89f4583a6b5eceb76551d573ad49cd435f6064","poolType":"CURVE"}	{"lastPrice": "884663252487632445"}
{"blockNumber":21434371,"chainId":1,"poolAddress":"0x0d89f4583a6b5eceb76551d573ad49cd435f6064","poolType":"CURVE"}	{"lastPrice": "884637089730253266"}
{"blockNumber":21434449,"chainId":1,"poolAddress":"0x0d89f4583a6b5eceb76551d573ad49cd435f6064","poolType":"CURVE"}	{"lastPrice": "884571227246405402"}
{"blockNumber":21441844,"chainId":1,"poolAddress":"0x0d89f4583a6b5eceb76551d573ad49cd435f6064","poolType":"CURVE"}	{"lastPrice": "888191767909987309"}
{"blockNumber":21434475,"chainId":1,"poolAddress":"0x0d89f4583a6b5eceb76551d573ad49cd435f6064","poolType":"CURVE"}	{"lastPrice": "884526175712661296"}
{"blockNumber":21434562,"chainId":1,"poolAddress":"0x0d89f4583a6b5eceb76551d573ad49cd435f6064","poolType":"CURVE"}	{"lastPrice": "884506696957241413"}
{"blockNumber":21434662,"chainId":1,"poolAddress":"0x0d89f4583a6b5eceb76551d573ad49cd435f6064","poolType":"CURVE"}	{"lastPrice": "884490490342947551"}
{"blockNumber":21434756,"chainId":1,"poolAddress":"0x0d89f4583a6b5eceb76551d573ad49cd435f6064","poolType":"CURVE"}	{"lastPrice": "884733655353459884"}
{"blockNumber":21444942,"chainId":1,"poolAddress":"0x0d89f4583a6b5eceb76551d573ad49cd435f6064","poolType":"CURVE"}	{"lastPrice": "887097105725047876"}
{"blockNumber":21434794,"chainId":1,"poolAddress":"0x0d89f4583a6b5eceb76551d573ad49cd435f6064","poolType":"CURVE"}	{"lastPrice": "884698582312803345"}
{"blockNumber":21434860,"chainId":1,"poolAddress":"0x0d89f4583a6b5eceb76551d573ad49cd435f6064","poolType":"CURVE"}	{"lastPrice": "884663075167639045"}
{"blockNumber":21434926,"chainId":1,"poolAddress":"0x0d89f4583a6b5eceb76551d573ad49cd435f6064","poolType":"CURVE"}	{"lastPrice": "884439827095046345"}
{"blockNumber":21435138,"chainId":1,"poolAddress":"0x0d89f4583a6b5eceb76551d573ad49cd435f6064","poolType":"CURVE"}	{"lastPrice": "884361740818213400"}
{"blockNumber":21450016,"chainId":1,"poolAddress":"0x0d89f4583a6b5eceb76551d573ad49cd435f6064","poolType":"CURVE"}	{"lastPrice": "887608850599221963"}
{"blockNumber":21435299,"chainId":1,"poolAddress":"0x0d89f4583a6b5eceb76551d573ad49cd435f6064","poolType":"CURVE"}	{"lastPrice": "884347959285604602"}
{"blockNumber":21435652,"chainId":1,"poolAddress":"0x0d89f4583a6b5eceb76551d573ad49cd435f6064","poolType":"CURVE"}	{"lastPrice": "884344737312990061"}
{"blockNumber":21435939,"chainId":1,"poolAddress":"0x0d89f4583a6b5eceb76551d573ad49cd435f6064","poolType":"CURVE"}	{"lastPrice": "884352087457543876"}
{"blockNumber":21436238,"chainId":1,"poolAddress":"0x0d89f4583a6b5eceb76551d573ad49cd435f6064","poolType":"CURVE"}	{"lastPrice": "885958089500092769"}
{"blockNumber":21436345,"chainId":1,"poolAddress":"0x0d89f4583a6b5eceb76551d573ad49cd435f6064","poolType":"CURVE"}	{"lastPrice": "884218131774760822"}
{"blockNumber":21436391,"chainId":1,"poolAddress":"0x0d89f4583a6b5eceb76551d573ad49cd435f6064","poolType":"CURVE"}	{"lastPrice": "884126401397353516"}
{"blockNumber":21436399,"chainId":1,"poolAddress":"0x0d89f4583a6b5eceb76551d573ad49cd435f6064","poolType":"CURVE"}	{"lastPrice": "884088978912749808"}
{"blockNumber":21436699,"chainId":1,"poolAddress":"0x0d89f4583a6b5eceb76551d573ad49cd435f6064","poolType":"CURVE"}	{"lastPrice": "884113399723729494"}
{"blockNumber":21436753,"chainId":1,"poolAddress":"0x0d89f4583a6b5eceb76551d573ad49cd435f6064","poolType":"CURVE"}	{"lastPrice": "884199274262299099"}
{"blockNumber":21436800,"chainId":1,"poolAddress":"0x0d89f4583a6b5eceb76551d573ad49cd435f6064","poolType":"CURVE"}	{"lastPrice": "884130464012898186"}
{"blockNumber":21436880,"chainId":1,"poolAddress":"0x0d89f4583a6b5eceb76551d573ad49cd435f6064","poolType":"CURVE"}	{"lastPrice": "884088601522317594"}
{"blockNumber":21436948,"chainId":1,"poolAddress":"0x0d89f4583a6b5eceb76551d573ad49cd435f6064","poolType":"CURVE"}	{"lastPrice": "883952280666367981"}
{"blockNumber":21445842,"chainId":1,"poolAddress":"0x0d89f4583a6b5eceb76551d573ad49cd435f6064","poolType":"CURVE"}	{"lastPrice": "886554897793444436"}
{"blockNumber":21446438,"chainId":1,"poolAddress":"0x0d89f4583a6b5eceb76551d573ad49cd435f6064","poolType":"CURVE"}	{"lastPrice": "890101303692059994"}
{"blockNumber":21437223,"chainId":1,"poolAddress":"0x0d89f4583a6b5eceb76551d573ad49cd435f6064","poolType":"CURVE"}	{"lastPrice": "883186445640981097"}
{"blockNumber":21437536,"chainId":1,"poolAddress":"0x0d89f4583a6b5eceb76551d573ad49cd435f6064","poolType":"CURVE"}	{"lastPrice": "893939219903866777"}
{"blockNumber":21437581,"chainId":1,"poolAddress":"0x0d89f4583a6b5eceb76551d573ad49cd435f6064","poolType":"CURVE"}	{"lastPrice": "891337848648211284"}
{"blockNumber":21437907,"chainId":1,"poolAddress":"0x0d89f4583a6b5eceb76551d573ad49cd435f6064","poolType":"CURVE"}	{"lastPrice": "890540001287026135"}
{"blockNumber":21444609,"chainId":1,"poolAddress":"0x0d89f4583a6b5eceb76551d573ad49cd435f6064","poolType":"CURVE"}	{"lastPrice": "885168363129696204"}
{"blockNumber":21439543,"chainId":1,"poolAddress":"0x0d89f4583a6b5eceb76551d573ad49cd435f6064","poolType":"CURVE"}	{"lastPrice": "889511523531183621"}
{"blockNumber":21439592,"chainId":1,"poolAddress":"0x0d89f4583a6b5eceb76551d573ad49cd435f6064","poolType":"CURVE"}	{"lastPrice": "889162912529864279"}
{"blockNumber":21439657,"chainId":1,"poolAddress":"0x0d89f4583a6b5eceb76551d573ad49cd435f6064","poolType":"CURVE"}	{"lastPrice": "888462255934800647"}
{"blockNumber":21440158,"chainId":1,"poolAddress":"0x0d89f4583a6b5eceb76551d573ad49cd435f6064","poolType":"CURVE"}	{"lastPrice": "887744573146061768"}
{"blockNumber":21440300,"chainId":1,"poolAddress":"0x0d89f4583a6b5eceb76551d573ad49cd435f6064","poolType":"CURVE"}	{"lastPrice": "889048763272722457"}
{"blockNumber":21440364,"chainId":1,"poolAddress":"0x0d89f4583a6b5eceb76551d573ad49cd435f6064","poolType":"CURVE"}	{"lastPrice": "887378440289592567"}
{"blockNumber":21440430,"chainId":1,"poolAddress":"0x0d89f4583a6b5eceb76551d573ad49cd435f6064","poolType":"CURVE"}	{"lastPrice": "887341218641149226"}
{"blockNumber":21440446,"chainId":1,"poolAddress":"0x0d89f4583a6b5eceb76551d573ad49cd435f6064","poolType":"CURVE"}	{"lastPrice": "887089286838893392"}
{"blockNumber":21440564,"chainId":1,"poolAddress":"0x0d89f4583a6b5eceb76551d573ad49cd435f6064","poolType":"CURVE"}	{"lastPrice": "886821600078782165"}
{"blockNumber":21440678,"chainId":1,"poolAddress":"0x0d89f4583a6b5eceb76551d573ad49cd435f6064","poolType":"CURVE"}	{"lastPrice": "886733520476538430"}
{"blockNumber":21440703,"chainId":1,"poolAddress":"0x0d89f4583a6b5eceb76551d573ad49cd435f6064","poolType":"CURVE"}	{"lastPrice": "887231196389657054"}
{"blockNumber":21440753,"chainId":1,"poolAddress":"0x0d89f4583a6b5eceb76551d573ad49cd435f6064","poolType":"CURVE"}	{"lastPrice": "888777274082176549"}
{"blockNumber":21440755,"chainId":1,"poolAddress":"0x0d89f4583a6b5eceb76551d573ad49cd435f6064","poolType":"CURVE"}	{"lastPrice": "887095505189881624"}
{"blockNumber":21440910,"chainId":1,"poolAddress":"0x0d89f4583a6b5eceb76551d573ad49cd435f6064","poolType":"CURVE"}	{"lastPrice": "889056653113144291"}
{"blockNumber":21440941,"chainId":1,"poolAddress":"0x0d89f4583a6b5eceb76551d573ad49cd435f6064","poolType":"CURVE"}	{"lastPrice": "888671996914451531"}
{"blockNumber":21440981,"chainId":1,"poolAddress":"0x0d89f4583a6b5eceb76551d573ad49cd435f6064","poolType":"CURVE"}	{"lastPrice": "888652498891574753"}
{"blockNumber":21441033,"chainId":1,"poolAddress":"0x0d89f4583a6b5eceb76551d573ad49cd435f6064","poolType":"CURVE"}	{"lastPrice": "888599017236380765"}
{"blockNumber":21441269,"chainId":1,"poolAddress":"0x0d89f4583a6b5eceb76551d573ad49cd435f6064","poolType":"CURVE"}	{"lastPrice": "888542968171184042"}
{"blockNumber":21441288,"chainId":1,"poolAddress":"0x0d89f4583a6b5eceb76551d573ad49cd435f6064","poolType":"CURVE"}	{"lastPrice": "888505120483770813"}
{"blockNumber":21449760,"chainId":1,"poolAddress":"0x0d89f4583a6b5eceb76551d573ad49cd435f6064","poolType":"CURVE"}	{"lastPrice": "887534692927506001"}
{"blockNumber":21441499,"chainId":1,"poolAddress":"0x0d89f4583a6b5eceb76551d573ad49cd435f6064","poolType":"CURVE"}	{"lastPrice": "888369566394118813"}
{"blockNumber":21441657,"chainId":1,"poolAddress":"0x0d89f4583a6b5eceb76551d573ad49cd435f6064","poolType":"CURVE"}	{"lastPrice": "888265994280716308"}
{"blockNumber":21442116,"chainId":1,"poolAddress":"0x0d89f4583a6b5eceb76551d573ad49cd435f6064","poolType":"CURVE"}	{"lastPrice": "885715017578628688"}
{"blockNumber":21442133,"chainId":1,"poolAddress":"0x0d89f4583a6b5eceb76551d573ad49cd435f6064","poolType":"CURVE"}	{"lastPrice": "885677847807087249"}
{"blockNumber":21442181,"chainId":1,"poolAddress":"0x0d89f4583a6b5eceb76551d573ad49cd435f6064","poolType":"CURVE"}	{"lastPrice": "885729431515590034"}
{"blockNumber":21442195,"chainId":1,"poolAddress":"0x0d89f4583a6b5eceb76551d573ad49cd435f6064","poolType":"CURVE"}	{"lastPrice": "885717835046752231"}
{"blockNumber":21442274,"chainId":1,"poolAddress":"0x0d89f4583a6b5eceb76551d573ad49cd435f6064","poolType":"CURVE"}	{"lastPrice": "886023878811427140"}
{"blockNumber":21449266,"chainId":1,"poolAddress":"0x0d89f4583a6b5eceb76551d573ad49cd435f6064","poolType":"CURVE"}	{"lastPrice": "888138558033824591"}
{"blockNumber":21442570,"chainId":1,"poolAddress":"0x0d89f4583a6b5eceb76551d573ad49cd435f6064","poolType":"CURVE"}	{"lastPrice": "885743576955260486"}
{"blockNumber":21442559,"chainId":1,"poolAddress":"0x0d89f4583a6b5eceb76551d573ad49cd435f6064","poolType":"CURVE"}	{"lastPrice": "885937660732952299"}
{"blockNumber":21442605,"chainId":1,"poolAddress":"0x0d89f4583a6b5eceb76551d573ad49cd435f6064","poolType":"CURVE"}	{"lastPrice": "885627812465183323"}
{"blockNumber":21443911,"chainId":1,"poolAddress":"0x0d89f4583a6b5eceb76551d573ad49cd435f6064","poolType":"CURVE"}	{"lastPrice": "892647565921046514"}
{"blockNumber":21443968,"chainId":1,"poolAddress":"0x0d89f4583a6b5eceb76551d573ad49cd435f6064","poolType":"CURVE"}	{"lastPrice": "892631741043393126"}
{"blockNumber":21444928,"chainId":1,"poolAddress":"0x0d89f4583a6b5eceb76551d573ad49cd435f6064","poolType":"CURVE"}	{"lastPrice": "886912735477783317"}
{"blockNumber":21447873,"chainId":1,"poolAddress":"0x0d89f4583a6b5eceb76551d573ad49cd435f6064","poolType":"CURVE"}	{"lastPrice": "887959616494479191"}
{"blockNumber":21444001,"chainId":1,"poolAddress":"0x0d89f4583a6b5eceb76551d573ad49cd435f6064","poolType":"CURVE"}	{"lastPrice": "891638770115981900"}
{"blockNumber":21444153,"chainId":1,"poolAddress":"0x0d89f4583a6b5eceb76551d573ad49cd435f6064","poolType":"CURVE"}	{"lastPrice": "888693226998165973"}
{"blockNumber":21444330,"chainId":1,"poolAddress":"0x0d89f4583a6b5eceb76551d573ad49cd435f6064","poolType":"CURVE"}	{"lastPrice": "886509714935582746"}
{"blockNumber":21444601,"chainId":1,"poolAddress":"0x0d89f4583a6b5eceb76551d573ad49cd435f6064","poolType":"CURVE"}	{"lastPrice": "885371143521534993"}
{"blockNumber":21444754,"chainId":1,"poolAddress":"0x0d89f4583a6b5eceb76551d573ad49cd435f6064","poolType":"CURVE"}	{"lastPrice": "884909922469823750"}
{"blockNumber":21444860,"chainId":1,"poolAddress":"0x0d89f4583a6b5eceb76551d573ad49cd435f6064","poolType":"CURVE"}	{"lastPrice": "885083047130052400"}
{"blockNumber":21445091,"chainId":1,"poolAddress":"0x0d89f4583a6b5eceb76551d573ad49cd435f6064","poolType":"CURVE"}	{"lastPrice": "887077832257059167"}
{"blockNumber":21445143,"chainId":1,"poolAddress":"0x0d89f4583a6b5eceb76551d573ad49cd435f6064","poolType":"CURVE"}	{"lastPrice": "887004673857474306"}
{"blockNumber":21445154,"chainId":1,"poolAddress":"0x0d89f4583a6b5eceb76551d573ad49cd435f6064","poolType":"CURVE"}	{"lastPrice": "886922119951123327"}
{"blockNumber":21445177,"chainId":1,"poolAddress":"0x0d89f4583a6b5eceb76551d573ad49cd435f6064","poolType":"CURVE"}	{"lastPrice": "886900531115913399"}
{"blockNumber":21445270,"chainId":1,"poolAddress":"0x0d89f4583a6b5eceb76551d573ad49cd435f6064","poolType":"CURVE"}	{"lastPrice": "886565437459641667"}
{"blockNumber":21446091,"chainId":1,"poolAddress":"0x0d89f4583a6b5eceb76551d573ad49cd435f6064","poolType":"CURVE"}	{"lastPrice": "887902874681159700"}
{"blockNumber":21446153,"chainId":1,"poolAddress":"0x0d89f4583a6b5eceb76551d573ad49cd435f6064","poolType":"CURVE"}	{"lastPrice": "887895961830872540"}
{"blockNumber":21446277,"chainId":1,"poolAddress":"0x0d89f4583a6b5eceb76551d573ad49cd435f6064","poolType":"CURVE"}	{"lastPrice": "890336322726879768"}
{"blockNumber":21446354,"chainId":1,"poolAddress":"0x0d89f4583a6b5eceb76551d573ad49cd435f6064","poolType":"CURVE"}	{"lastPrice": "889977573358408337"}
{"blockNumber":21446450,"chainId":1,"poolAddress":"0x0d89f4583a6b5eceb76551d573ad49cd435f6064","poolType":"CURVE"}	{"lastPrice": "890030319050391612"}
{"blockNumber":21446639,"chainId":1,"poolAddress":"0x0d89f4583a6b5eceb76551d573ad49cd435f6064","poolType":"CURVE"}	{"lastPrice": "889981590069515797"}
{"blockNumber":21446712,"chainId":1,"poolAddress":"0x0d89f4583a6b5eceb76551d573ad49cd435f6064","poolType":"CURVE"}	{"lastPrice": "889956575956880955"}
{"blockNumber":21446816,"chainId":1,"poolAddress":"0x0d89f4583a6b5eceb76551d573ad49cd435f6064","poolType":"CURVE"}	{"lastPrice": "889815985127652461"}
{"blockNumber":21446835,"chainId":1,"poolAddress":"0x0d89f4583a6b5eceb76551d573ad49cd435f6064","poolType":"CURVE"}	{"lastPrice": "889277551251442433"}
{"blockNumber":21447934,"chainId":1,"poolAddress":"0x0d89f4583a6b5eceb76551d573ad49cd435f6064","poolType":"CURVE"}	{"lastPrice": "887617825107677798"}
{"blockNumber":21446849,"chainId":1,"poolAddress":"0x0d89f4583a6b5eceb76551d573ad49cd435f6064","poolType":"CURVE"}	{"lastPrice": "888748734883914952"}
{"blockNumber":21447054,"chainId":1,"poolAddress":"0x0d89f4583a6b5eceb76551d573ad49cd435f6064","poolType":"CURVE"}	{"lastPrice": "888548185006522711"}
{"blockNumber":21447139,"chainId":1,"poolAddress":"0x0d89f4583a6b5eceb76551d573ad49cd435f6064","poolType":"CURVE"}	{"lastPrice": "888480293382563645"}
{"blockNumber":21447233,"chainId":1,"poolAddress":"0x0d89f4583a6b5eceb76551d573ad49cd435f6064","poolType":"CURVE"}	{"lastPrice": "888464622024435257"}
{"blockNumber":21447390,"chainId":1,"poolAddress":"0x0d89f4583a6b5eceb76551d573ad49cd435f6064","poolType":"CURVE"}	{"lastPrice": "887927659019799286"}
{"blockNumber":21447535,"chainId":1,"poolAddress":"0x0d89f4583a6b5eceb76551d573ad49cd435f6064","poolType":"CURVE"}	{"lastPrice": "887799221032070309"}
{"blockNumber":21447381,"chainId":1,"poolAddress":"0x0d89f4583a6b5eceb76551d573ad49cd435f6064","poolType":"CURVE"}	{"lastPrice": "887960631845627096"}
{"blockNumber":21447398,"chainId":1,"poolAddress":"0x0d89f4583a6b5eceb76551d573ad49cd435f6064","poolType":"CURVE"}	{"lastPrice": "887891606803814228"}
{"blockNumber":21447433,"chainId":1,"poolAddress":"0x0d89f4583a6b5eceb76551d573ad49cd435f6064","poolType":"CURVE"}	{"lastPrice": "887868461759218750"}
{"blockNumber":21447444,"chainId":1,"poolAddress":"0x0d89f4583a6b5eceb76551d573ad49cd435f6064","poolType":"CURVE"}	{"lastPrice": "887845479248048317"}
{"blockNumber":21447460,"chainId":1,"poolAddress":"0x0d89f4583a6b5eceb76551d573ad49cd435f6064","poolType":"CURVE"}	{"lastPrice": "887831531926322861"}
{"blockNumber":21447471,"chainId":1,"poolAddress":"0x0d89f4583a6b5eceb76551d573ad49cd435f6064","poolType":"CURVE"}	{"lastPrice": "887821698863070733"}
{"blockNumber":21447587,"chainId":1,"poolAddress":"0x0d89f4583a6b5eceb76551d573ad49cd435f6064","poolType":"CURVE"}	{"lastPrice": "887713591371355942"}
{"blockNumber":21447615,"chainId":1,"poolAddress":"0x0d89f4583a6b5eceb76551d573ad49cd435f6064","poolType":"CURVE"}	{"lastPrice": "887701277421600796"}
{"blockNumber":21449090,"chainId":1,"poolAddress":"0x0d89f4583a6b5eceb76551d573ad49cd435f6064","poolType":"CURVE"}	{"lastPrice": "887541113775281724"}
{"blockNumber":21447675,"chainId":1,"poolAddress":"0x0d89f4583a6b5eceb76551d573ad49cd435f6064","poolType":"CURVE"}	{"lastPrice": "888015784924544140"}
{"blockNumber":21447733,"chainId":1,"poolAddress":"0x0d89f4583a6b5eceb76551d573ad49cd435f6064","poolType":"CURVE"}	{"lastPrice": "887999187393523654"}
{"blockNumber":21447947,"chainId":1,"poolAddress":"0x0d89f4583a6b5eceb76551d573ad49cd435f6064","poolType":"CURVE"}	{"lastPrice": "887328435331569876"}
{"blockNumber":21448087,"chainId":1,"poolAddress":"0x0d89f4583a6b5eceb76551d573ad49cd435f6064","poolType":"CURVE"}	{"lastPrice": "887518426409602751"}
{"blockNumber":21448115,"chainId":1,"poolAddress":"0x0d89f4583a6b5eceb76551d573ad49cd435f6064","poolType":"CURVE"}	{"lastPrice": "887463534313481385"}
{"blockNumber":21448163,"chainId":1,"poolAddress":"0x0d89f4583a6b5eceb76551d573ad49cd435f6064","poolType":"CURVE"}	{"lastPrice": "887439525819998165"}
{"blockNumber":21448276,"chainId":1,"poolAddress":"0x0d89f4583a6b5eceb76551d573ad49cd435f6064","poolType":"CURVE"}	{"lastPrice": "887419725395842313"}
{"blockNumber":21448326,"chainId":1,"poolAddress":"0x0d89f4583a6b5eceb76551d573ad49cd435f6064","poolType":"CURVE"}	{"lastPrice": "887409105399990084"}
{"blockNumber":21448359,"chainId":1,"poolAddress":"0x0d89f4583a6b5eceb76551d573ad49cd435f6064","poolType":"CURVE"}	{"lastPrice": "887903163994976989"}
{"blockNumber":21448384,"chainId":1,"poolAddress":"0x0d89f4583a6b5eceb76551d573ad49cd435f6064","poolType":"CURVE"}	{"lastPrice": "887835033767935811"}
{"blockNumber":21448649,"chainId":1,"poolAddress":"0x0d89f4583a6b5eceb76551d573ad49cd435f6064","poolType":"CURVE"}	{"lastPrice": "887622719177161468"}
{"blockNumber":21448757,"chainId":1,"poolAddress":"0x0d89f4583a6b5eceb76551d573ad49cd435f6064","poolType":"CURVE"}	{"lastPrice": "887633663832981174"}
{"blockNumber":21451726,"chainId":1,"poolAddress":"0x0d89f4583a6b5eceb76551d573ad49cd435f6064","poolType":"CURVE"}	{"lastPrice": "884622175286511175"}
{"blockNumber":21448993,"chainId":1,"poolAddress":"0x0d89f4583a6b5eceb76551d573ad49cd435f6064","poolType":"CURVE"}	{"lastPrice": "887621675230508321"}
{"blockNumber":21449021,"chainId":1,"poolAddress":"0x0d89f4583a6b5eceb76551d573ad49cd435f6064","poolType":"CURVE"}	{"lastPrice": "887610711044198934"}
{"blockNumber":21449168,"chainId":1,"poolAddress":"0x0d89f4583a6b5eceb76551d573ad49cd435f6064","poolType":"CURVE"}	{"lastPrice": "887508731736967726"}
{"blockNumber":21449207,"chainId":1,"poolAddress":"0x0d89f4583a6b5eceb76551d573ad49cd435f6064","poolType":"CURVE"}	{"lastPrice": "888332278427427208"}
{"blockNumber":21449237,"chainId":1,"poolAddress":"0x0d89f4583a6b5eceb76551d573ad49cd435f6064","poolType":"CURVE"}	{"lastPrice": "888218501657632869"}
{"blockNumber":21449390,"chainId":1,"poolAddress":"0x0d89f4583a6b5eceb76551d573ad49cd435f6064","poolType":"CURVE"}	{"lastPrice": "888135641350538638"}
{"blockNumber":21449402,"chainId":1,"poolAddress":"0x0d89f4583a6b5eceb76551d573ad49cd435f6064","poolType":"CURVE"}	{"lastPrice": "888110525788062893"}
{"blockNumber":21449408,"chainId":1,"poolAddress":"0x0d89f4583a6b5eceb76551d573ad49cd435f6064","poolType":"CURVE"}	{"lastPrice": "888072287919380940"}
{"blockNumber":21449477,"chainId":1,"poolAddress":"0x0d89f4583a6b5eceb76551d573ad49cd435f6064","poolType":"CURVE"}	{"lastPrice": "888022584941938649"}
{"blockNumber":21449497,"chainId":1,"poolAddress":"0x0d89f4583a6b5eceb76551d573ad49cd435f6064","poolType":"CURVE"}	{"lastPrice": "887974435661537447"}
{"blockNumber":21450346,"chainId":1,"poolAddress":"0x0d89f4583a6b5eceb76551d573ad49cd435f6064","poolType":"CURVE"}	{"lastPrice": "887399366971233145"}
{"blockNumber":21449722,"chainId":1,"poolAddress":"0x0d89f4583a6b5eceb76551d573ad49cd435f6064","poolType":"CURVE"}	{"lastPrice": "887904757717660192"}
{"blockNumber":21449848,"chainId":1,"poolAddress":"0x0d89f4583a6b5eceb76551d573ad49cd435f6064","poolType":"CURVE"}	{"lastPrice": "887782629592491577"}
{"blockNumber":21449976,"chainId":1,"poolAddress":"0x0d89f4583a6b5eceb76551d573ad49cd435f6064","poolType":"CURVE"}	{"lastPrice": "887673349401156759"}
{"blockNumber":21449979,"chainId":1,"poolAddress":"0x0d89f4583a6b5eceb76551d573ad49cd435f6064","poolType":"CURVE"}	{"lastPrice": "887672507555553283"}
{"blockNumber":21450111,"chainId":1,"poolAddress":"0x0d89f4583a6b5eceb76551d573ad49cd435f6064","poolType":"CURVE"}	{"lastPrice": "887571400412040666"}
{"blockNumber":21450120,"chainId":1,"poolAddress":"0x0d89f4583a6b5eceb76551d573ad49cd435f6064","poolType":"CURVE"}	{"lastPrice": "887558452605403131"}
{"blockNumber":21450283,"chainId":1,"poolAddress":"0x0d89f4583a6b5eceb76551d573ad49cd435f6064","poolType":"CURVE"}	{"lastPrice": "887537522808012265"}
{"blockNumber":21450319,"chainId":1,"poolAddress":"0x0d89f4583a6b5eceb76551d573ad49cd435f6064","poolType":"CURVE"}	{"lastPrice": "887480218449219955"}
{"blockNumber":21450522,"chainId":1,"poolAddress":"0x0d89f4583a6b5eceb76551d573ad49cd435f6064","poolType":"CURVE"}	{"lastPrice": "887317524261127616"}
{"blockNumber":21450513,"chainId":1,"poolAddress":"0x0d89f4583a6b5eceb76551d573ad49cd435f6064","poolType":"CURVE"}	{"lastPrice": "887319636183371090"}
{"blockNumber":21451897,"chainId":1,"poolAddress":"0x0d89f4583a6b5eceb76551d573ad49cd435f6064","poolType":"CURVE"}	{"lastPrice": "883471108066958313"}
{"blockNumber":21450696,"chainId":1,"poolAddress":"0x0d89f4583a6b5eceb76551d573ad49cd435f6064","poolType":"CURVE"}	{"lastPrice": "887315315568841693"}
{"blockNumber":21450710,"chainId":1,"poolAddress":"0x0d89f4583a6b5eceb76551d573ad49cd435f6064","poolType":"CURVE"}	{"lastPrice": "887313497396851759"}
{"blockNumber":21451207,"chainId":1,"poolAddress":"0x0d89f4583a6b5eceb76551d573ad49cd435f6064","poolType":"CURVE"}	{"lastPrice": "885309931704279623"}
{"blockNumber":21451226,"chainId":1,"poolAddress":"0x0d89f4583a6b5eceb76551d573ad49cd435f6064","poolType":"CURVE"}	{"lastPrice": "885306221372035181"}
{"blockNumber":21451009,"chainId":1,"poolAddress":"0x0d89f4583a6b5eceb76551d573ad49cd435f6064","poolType":"CURVE"}	{"lastPrice": "885677055771907789"}
{"blockNumber":21451021,"chainId":1,"poolAddress":"0x0d89f4583a6b5eceb76551d573ad49cd435f6064","poolType":"CURVE"}	{"lastPrice": "885700993926692570"}
{"blockNumber":21451322,"chainId":1,"poolAddress":"0x0d89f4583a6b5eceb76551d573ad49cd435f6064","poolType":"CURVE"}	{"lastPrice": "885110565819062019"}
{"blockNumber":21451366,"chainId":1,"poolAddress":"0x0d89f4583a6b5eceb76551d573ad49cd435f6064","poolType":"CURVE"}	{"lastPrice": "885054679253562443"}
{"blockNumber":21451442,"chainId":1,"poolAddress":"0x0d89f4583a6b5eceb76551d573ad49cd435f6064","poolType":"CURVE"}	{"lastPrice": "884927926165793471"}
{"blockNumber":21451464,"chainId":1,"poolAddress":"0x0d89f4583a6b5eceb76551d573ad49cd435f6064","poolType":"CURVE"}	{"lastPrice": "884913362707747575"}
{"blockNumber":21451894,"chainId":1,"poolAddress":"0x0d89f4583a6b5eceb76551d573ad49cd435f6064","poolType":"CURVE"}	{"lastPrice": "883554645389492086"}
{"blockNumber":21451815,"chainId":1,"poolAddress":"0x0d89f4583a6b5eceb76551d573ad49cd435f6064","poolType":"CURVE"}	{"lastPrice": "884280390081943710"}
{"blockNumber":21451871,"chainId":1,"poolAddress":"0x0d89f4583a6b5eceb76551d573ad49cd435f6064","poolType":"CURVE"}	{"lastPrice": "883784516905116788"}
{"blockNumber":21451877,"chainId":1,"poolAddress":"0x0d89f4583a6b5eceb76551d573ad49cd435f6064","poolType":"CURVE"}	{"lastPrice": "883713072766144598"}
{"blockNumber":21451906,"chainId":1,"poolAddress":"0x0d89f4583a6b5eceb76551d573ad49cd435f6064","poolType":"CURVE"}	{"lastPrice": "883391975037833508"}
{"blockNumber":21451888,"chainId":1,"poolAddress":"0x0d89f4583a6b5eceb76551d573ad49cd435f6064","poolType":"CURVE"}	{"lastPrice": "883639992916559049"}
{"blockNumber":21451943,"chainId":1,"poolAddress":"0x0d89f4583a6b5eceb76551d573ad49cd435f6064","poolType":"CURVE"}	{"lastPrice": "883331641041042782"}
{"blockNumber":21414778,"chainId":1,"poolAddress":"0x614e842ef4b9a1bbed7fba7a333a3959c0ee1161","poolType":"CURVE"}	{"lastPrice": "975672142000971041"}
{"blockNumber":21410914,"chainId":1,"poolAddress":"0x0d89f4583a6b5eceb76551d573ad49cd435f6064","poolType":"CURVE"}	{"lastPrice": "884219149618922010"}
{"blockNumber":21410941,"chainId":1,"poolAddress":"0x0d89f4583a6b5eceb76551d573ad49cd435f6064","poolType":"CURVE"}	{"lastPrice": "884219143203685971"}
{"blockNumber":21414669,"chainId":1,"poolAddress":"0x0d89f4583a6b5eceb76551d573ad49cd435f6064","poolType":"CURVE"}	{"lastPrice": "876959492884353050"}
{"blockNumber":21411977,"chainId":1,"poolAddress":"0x0d89f4583a6b5eceb76551d573ad49cd435f6064","poolType":"CURVE"}	{"lastPrice": "883506971482137133"}
{"blockNumber":21412311,"chainId":1,"poolAddress":"0x0d89f4583a6b5eceb76551d573ad49cd435f6064","poolType":"CURVE"}	{"lastPrice": "888188826084820438"}
{"blockNumber":21412820,"chainId":1,"poolAddress":"0x0d89f4583a6b5eceb76551d573ad49cd435f6064","poolType":"CURVE"}	{"lastPrice": "890297807413088163"}
{"blockNumber":21413281,"chainId":1,"poolAddress":"0x0d89f4583a6b5eceb76551d573ad49cd435f6064","poolType":"CURVE"}	{"lastPrice": "889374965399440118"}
{"blockNumber":21413375,"chainId":1,"poolAddress":"0x0d89f4583a6b5eceb76551d573ad49cd435f6064","poolType":"CURVE"}	{"lastPrice": "884786825204529028"}
{"blockNumber":21413414,"chainId":1,"poolAddress":"0x0d89f4583a6b5eceb76551d573ad49cd435f6064","poolType":"CURVE"}	{"lastPrice": "884224344120550914"}
{"blockNumber":21425616,"chainId":1,"poolAddress":"0x0d89f4583a6b5eceb76551d573ad49cd435f6064","poolType":"CURVE"}	{"lastPrice": "898762979941927502"}
{"blockNumber":21413151,"chainId":1,"poolAddress":"0x0d89f4583a6b5eceb76551d573ad49cd435f6064","poolType":"CURVE"}	{"lastPrice": "889690315400886944"}
{"blockNumber":21413624,"chainId":1,"poolAddress":"0x0d89f4583a6b5eceb76551d573ad49cd435f6064","poolType":"CURVE"}	{"lastPrice": "884482428414277088"}
{"blockNumber":21413671,"chainId":1,"poolAddress":"0x0d89f4583a6b5eceb76551d573ad49cd435f6064","poolType":"CURVE"}	{"lastPrice": "884476111528893742"}
{"blockNumber":21441234,"chainId":1,"poolAddress":"0x0d89f4583a6b5eceb76551d573ad49cd435f6064","poolType":"CURVE"}	{"lastPrice": "890226874067416315"}
{"blockNumber":21426518,"chainId":1,"poolAddress":"0x0d89f4583a6b5eceb76551d573ad49cd435f6064","poolType":"CURVE"}	{"lastPrice": "901727726529704176"}
{"blockNumber":21413957,"chainId":1,"poolAddress":"0x0d89f4583a6b5eceb76551d573ad49cd435f6064","poolType":"CURVE"}	{"lastPrice": "884893239053108449"}
{"blockNumber":21415046,"chainId":1,"poolAddress":"0x0d89f4583a6b5eceb76551d573ad49cd435f6064","poolType":"CURVE"}	{"lastPrice": "876743818401273454"}
{"blockNumber":21451167,"chainId":1,"poolAddress":"0x0d89f4583a6b5eceb76551d573ad49cd435f6064","poolType":"CURVE"}	{"lastPrice": "886829744448754928"}
{"blockNumber":21414344,"chainId":1,"poolAddress":"0x0d89f4583a6b5eceb76551d573ad49cd435f6064","poolType":"CURVE"}	{"lastPrice": "876781821576802464"}
{"blockNumber":21415729,"chainId":1,"poolAddress":"0x0d89f4583a6b5eceb76551d573ad49cd435f6064","poolType":"CURVE"}	{"lastPrice": "878122660256297560"}
{"blockNumber":21415260,"chainId":1,"poolAddress":"0x0d89f4583a6b5eceb76551d573ad49cd435f6064","poolType":"CURVE"}	{"lastPrice": "876876670725611993"}
{"blockNumber":21415352,"chainId":1,"poolAddress":"0x0d89f4583a6b5eceb76551d573ad49cd435f6064","poolType":"CURVE"}	{"lastPrice": "878588258557852502"}
{"blockNumber":21415621,"chainId":1,"poolAddress":"0x0d89f4583a6b5eceb76551d573ad49cd435f6064","poolType":"CURVE"}	{"lastPrice": "878076450028037287"}
{"blockNumber":21415667,"chainId":1,"poolAddress":"0x0d89f4583a6b5eceb76551d573ad49cd435f6064","poolType":"CURVE"}	{"lastPrice": "878161311495188286"}
{"blockNumber":21415838,"chainId":1,"poolAddress":"0x0d89f4583a6b5eceb76551d573ad49cd435f6064","poolType":"CURVE"}	{"lastPrice": "877937967036384668"}
{"blockNumber":21418341,"chainId":1,"poolAddress":"0x0d89f4583a6b5eceb76551d573ad49cd435f6064","poolType":"CURVE"}	{"lastPrice": "880144776027042949"}
{"blockNumber":21418517,"chainId":1,"poolAddress":"0x0d89f4583a6b5eceb76551d573ad49cd435f6064","poolType":"CURVE"}	{"lastPrice": "880310623752943457"}
{"blockNumber":21450362,"chainId":1,"poolAddress":"0x0d89f4583a6b5eceb76551d573ad49cd435f6064","poolType":"CURVE"}	{"lastPrice": "889032077929871261"}
{"blockNumber":21419876,"chainId":1,"poolAddress":"0x0d89f4583a6b5eceb76551d573ad49cd435f6064","poolType":"CURVE"}	{"lastPrice": "879499849702436163"}
{"blockNumber":21420623,"chainId":1,"poolAddress":"0x0d89f4583a6b5eceb76551d573ad49cd435f6064","poolType":"CURVE"}	{"lastPrice": "880000446915697972"}
{"blockNumber":21420696,"chainId":1,"poolAddress":"0x0d89f4583a6b5eceb76551d573ad49cd435f6064","poolType":"CURVE"}	{"lastPrice": "882118654038052933"}
{"blockNumber":21420981,"chainId":1,"poolAddress":"0x0d89f4583a6b5eceb76551d573ad49cd435f6064","poolType":"CURVE"}	{"lastPrice": "881956774329513705"}
{"blockNumber":21421199,"chainId":1,"poolAddress":"0x0d89f4583a6b5eceb76551d573ad49cd435f6064","poolType":"CURVE"}	{"lastPrice": "880112384768069988"}
{"blockNumber":21421226,"chainId":1,"poolAddress":"0x0d89f4583a6b5eceb76551d573ad49cd435f6064","poolType":"CURVE"}	{"lastPrice": "880185517521073199"}
{"blockNumber":21421569,"chainId":1,"poolAddress":"0x0d89f4583a6b5eceb76551d573ad49cd435f6064","poolType":"CURVE"}	{"lastPrice": "879983374853168188"}
{"blockNumber":21422395,"chainId":1,"poolAddress":"0x0d89f4583a6b5eceb76551d573ad49cd435f6064","poolType":"CURVE"}	{"lastPrice": "883371595016094983"}
{"blockNumber":21436603,"chainId":1,"poolAddress":"0x0d89f4583a6b5eceb76551d573ad49cd435f6064","poolType":"CURVE"}	{"lastPrice": "885753450787398760"}
{"blockNumber":21426255,"chainId":1,"poolAddress":"0x0d89f4583a6b5eceb76551d573ad49cd435f6064","poolType":"CURVE"}	{"lastPrice": "903748524646259737"}
{"blockNumber":21428268,"chainId":1,"poolAddress":"0x0d89f4583a6b5eceb76551d573ad49cd435f6064","poolType":"CURVE"}	{"lastPrice": "900078030991068576"}
{"blockNumber":21429247,"chainId":1,"poolAddress":"0x0d89f4583a6b5eceb76551d573ad49cd435f6064","poolType":"CURVE"}	{"lastPrice": "894052368607870630"}
{"blockNumber":21448413,"chainId":1,"poolAddress":"0x0d89f4583a6b5eceb76551d573ad49cd435f6064","poolType":"CURVE"}	{"lastPrice": "889465928442682105"}
{"blockNumber":21432328,"chainId":1,"poolAddress":"0x0d89f4583a6b5eceb76551d573ad49cd435f6064","poolType":"CURVE"}	{"lastPrice": "889499261274705409"}
{"blockNumber":21434268,"chainId":1,"poolAddress":"0x0d89f4583a6b5eceb76551d573ad49cd435f6064","poolType":"CURVE"}	{"lastPrice": "886322871700665258"}
{"blockNumber":21435076,"chainId":1,"poolAddress":"0x0d89f4583a6b5eceb76551d573ad49cd435f6064","poolType":"CURVE"}	{"lastPrice": "885965078087713256"}
{"blockNumber":21435303,"chainId":1,"poolAddress":"0x0d89f4583a6b5eceb76551d573ad49cd435f6064","poolType":"CURVE"}	{"lastPrice": "885990749245171884"}
{"blockNumber":21448492,"chainId":1,"poolAddress":"0x0d89f4583a6b5eceb76551d573ad49cd435f6064","poolType":"CURVE"}	{"lastPrice": "889465921481118924"}
{"blockNumber":21449897,"chainId":1,"poolAddress":"0x0d89f4583a6b5eceb76551d573ad49cd435f6064","poolType":"CURVE"}	{"lastPrice": "889332131054325259"}
{"blockNumber":21436841,"chainId":1,"poolAddress":"0x0d89f4583a6b5eceb76551d573ad49cd435f6064","poolType":"CURVE"}	{"lastPrice": "888256917181476372"}
{"blockNumber":21450487,"chainId":1,"poolAddress":"0x0d89f4583a6b5eceb76551d573ad49cd435f6064","poolType":"CURVE"}	{"lastPrice": "889031541585196611"}
{"blockNumber":21437020,"chainId":1,"poolAddress":"0x0d89f4583a6b5eceb76551d573ad49cd435f6064","poolType":"CURVE"}	{"lastPrice": "884822550163102287"}
{"blockNumber":21437712,"chainId":1,"poolAddress":"0x0d89f4583a6b5eceb76551d573ad49cd435f6064","poolType":"CURVE"}	{"lastPrice": "892280768603399760"}
{"blockNumber":21442770,"chainId":1,"poolAddress":"0x0d89f4583a6b5eceb76551d573ad49cd435f6064","poolType":"CURVE"}	{"lastPrice": "887176726462080930"}
{"blockNumber":21440454,"chainId":1,"poolAddress":"0x0d89f4583a6b5eceb76551d573ad49cd435f6064","poolType":"CURVE"}	{"lastPrice": "888525938566899685"}
{"blockNumber":21440932,"chainId":1,"poolAddress":"0x0d89f4583a6b5eceb76551d573ad49cd435f6064","poolType":"CURVE"}	{"lastPrice": "893250402207120063"}
{"blockNumber":21441648,"chainId":1,"poolAddress":"0x0d89f4583a6b5eceb76551d573ad49cd435f6064","poolType":"CURVE"}	{"lastPrice": "889933380652032179"}
{"blockNumber":21442142,"chainId":1,"poolAddress":"0x0d89f4583a6b5eceb76551d573ad49cd435f6064","poolType":"CURVE"}	{"lastPrice": "887297536332283395"}
{"blockNumber":21442187,"chainId":1,"poolAddress":"0x0d89f4583a6b5eceb76551d573ad49cd435f6064","poolType":"CURVE"}	{"lastPrice": "887375237869164324"}
{"blockNumber":21442256,"chainId":1,"poolAddress":"0x0d89f4583a6b5eceb76551d573ad49cd435f6064","poolType":"CURVE"}	{"lastPrice": "887371560300292832"}
{"blockNumber":21442361,"chainId":1,"poolAddress":"0x0d89f4583a6b5eceb76551d573ad49cd435f6064","poolType":"CURVE"}	{"lastPrice": "887674579202866201"}
{"blockNumber":21442495,"chainId":1,"poolAddress":"0x0d89f4583a6b5eceb76551d573ad49cd435f6064","poolType":"CURVE"}	{"lastPrice": "887670534723082906"}
{"blockNumber":21445609,"chainId":1,"poolAddress":"0x0d89f4583a6b5eceb76551d573ad49cd435f6064","poolType":"CURVE"}	{"lastPrice": "888246743840540986"}
{"blockNumber":21449306,"chainId":1,"poolAddress":"0x0d89f4583a6b5eceb76551d573ad49cd435f6064","poolType":"CURVE"}	{"lastPrice": "889801714239392990"}
{"blockNumber":21446649,"chainId":1,"poolAddress":"0x0d89f4583a6b5eceb76551d573ad49cd435f6064","poolType":"CURVE"}	{"lastPrice": "891646584767326570"}
{"blockNumber":21447357,"chainId":1,"poolAddress":"0x0d89f4583a6b5eceb76551d573ad49cd435f6064","poolType":"CURVE"}	{"lastPrice": "889635428116779722"}
{"blockNumber":21448060,"chainId":1,"poolAddress":"0x0d89f4583a6b5eceb76551d573ad49cd435f6064","poolType":"CURVE"}	{"lastPrice": "889221673639071789"}
{"blockNumber":21448177,"chainId":1,"poolAddress":"0x0d89f4583a6b5eceb76551d573ad49cd435f6064","poolType":"CURVE"}	{"lastPrice": "889087744508179580"}
{"blockNumber":21449154,"chainId":1,"poolAddress":"0x0d89f4583a6b5eceb76551d573ad49cd435f6064","poolType":"CURVE"}	{"lastPrice": "889195449295527617"}
{"blockNumber":21449432,"chainId":1,"poolAddress":"0x0d89f4583a6b5eceb76551d573ad49cd435f6064","poolType":"CURVE"}	{"lastPrice": "889717358512617460"}
{"blockNumber":21449658,"chainId":1,"poolAddress":"0x0d89f4583a6b5eceb76551d573ad49cd435f6064","poolType":"CURVE"}	{"lastPrice": "890625250791551314"}
{"blockNumber":21449964,"chainId":1,"poolAddress":"0x0d89f4583a6b5eceb76551d573ad49cd435f6064","poolType":"CURVE"}	{"lastPrice": "889332127554015041"}
{"blockNumber":21449972,"chainId":1,"poolAddress":"0x0d89f4583a6b5eceb76551d573ad49cd435f6064","poolType":"CURVE"}	{"lastPrice": "889332126917370412"}
{"blockNumber":21450138,"chainId":1,"poolAddress":"0x0d89f4583a6b5eceb76551d573ad49cd435f6064","poolType":"CURVE"}	{"lastPrice": "889203351987133526"}
{"blockNumber":21450287,"chainId":1,"poolAddress":"0x0d89f4583a6b5eceb76551d573ad49cd435f6064","poolType":"CURVE"}	{"lastPrice": "889195360354430823"}
{"blockNumber":21450639,"chainId":1,"poolAddress":"0x0d89f4583a6b5eceb76551d573ad49cd435f6064","poolType":"CURVE"}	{"lastPrice": "888971570687347917"}
{"blockNumber":21450649,"chainId":1,"poolAddress":"0x0d89f4583a6b5eceb76551d573ad49cd435f6064","poolType":"CURVE"}	{"lastPrice": "888971570152529825"}
{"blockNumber":21450762,"chainId":1,"poolAddress":"0x0d89f4583a6b5eceb76551d573ad49cd435f6064","poolType":"CURVE"}	{"lastPrice": "888967810662264294"}
{"blockNumber":21451233,"chainId":1,"poolAddress":"0x0d89f4583a6b5eceb76551d573ad49cd435f6064","poolType":"CURVE"}	{"lastPrice": "886727781659170232"}
{"blockNumber":21451506,"chainId":1,"poolAddress":"0x0d89f4583a6b5eceb76551d573ad49cd435f6064","poolType":"CURVE"}	{"lastPrice": "886212601696605866"}
{"blockNumber":21451858,"chainId":1,"poolAddress":"0x0d89f4583a6b5eceb76551d573ad49cd435f6064","poolType":"CURVE"}	{"lastPrice": "885389836439307031"}
{"blockNumber":21411221,"chainId":1,"poolAddress":"0x0d89f4583a6b5eceb76551d573ad49cd435f6064","poolType":"CURVE"}	{"lastPrice": "892407121853411279"}
{"blockNumber":21411490,"chainId":1,"poolAddress":"0x0d89f4583a6b5eceb76551d573ad49cd435f6064","poolType":"CURVE"}	{"lastPrice": "888973680561378214"}
{"blockNumber":21411730,"chainId":1,"poolAddress":"0x0d89f4583a6b5eceb76551d573ad49cd435f6064","poolType":"CURVE"}	{"lastPrice": "884645886871624679"}
{"blockNumber":21411771,"chainId":1,"poolAddress":"0x0d89f4583a6b5eceb76551d573ad49cd435f6064","poolType":"CURVE"}	{"lastPrice": "884642580441713226"}
{"blockNumber":21411833,"chainId":1,"poolAddress":"0x0d89f4583a6b5eceb76551d573ad49cd435f6064","poolType":"CURVE"}	{"lastPrice": "884632008278351933"}
{"blockNumber":21420786,"chainId":1,"poolAddress":"0x0d89f4583a6b5eceb76551d573ad49cd435f6064","poolType":"CURVE"}	{"lastPrice": "880152104023882366"}
{"blockNumber":21411875,"chainId":1,"poolAddress":"0x0d89f4583a6b5eceb76551d573ad49cd435f6064","poolType":"CURVE"}	{"lastPrice": "884524799420029108"}
{"blockNumber":21411910,"chainId":1,"poolAddress":"0x0d89f4583a6b5eceb76551d573ad49cd435f6064","poolType":"CURVE"}	{"lastPrice": "884300480335812177"}
{"blockNumber":21411968,"chainId":1,"poolAddress":"0x0d89f4583a6b5eceb76551d573ad49cd435f6064","poolType":"CURVE"}	{"lastPrice": "883566275449996179"}
{"blockNumber":21412187,"chainId":1,"poolAddress":"0x0d89f4583a6b5eceb76551d573ad49cd435f6064","poolType":"CURVE"}	{"lastPrice": "888213754310052890"}
{"blockNumber":21412210,"chainId":1,"poolAddress":"0x0d89f4583a6b5eceb76551d573ad49cd435f6064","poolType":"CURVE"}	{"lastPrice": "888204819141141957"}
{"blockNumber":21412287,"chainId":1,"poolAddress":"0x0d89f4583a6b5eceb76551d573ad49cd435f6064","poolType":"CURVE"}	{"lastPrice": "888195931374113223"}
{"blockNumber":21412298,"chainId":1,"poolAddress":"0x0d89f4583a6b5eceb76551d573ad49cd435f6064","poolType":"CURVE"}	{"lastPrice": "888191490055295750"}
{"blockNumber":21412323,"chainId":1,"poolAddress":"0x0d89f4583a6b5eceb76551d573ad49cd435f6064","poolType":"CURVE"}	{"lastPrice": "887969191563037941"}
{"blockNumber":21412335,"chainId":1,"poolAddress":"0x0d89f4583a6b5eceb76551d573ad49cd435f6064","poolType":"CURVE"}	{"lastPrice": "887925724129632718"}
{"blockNumber":21412571,"chainId":1,"poolAddress":"0x0d89f4583a6b5eceb76551d573ad49cd435f6064","poolType":"CURVE"}	{"lastPrice": "890328559241815800"}
{"blockNumber":21412582,"chainId":1,"poolAddress":"0x0d89f4583a6b5eceb76551d573ad49cd435f6064","poolType":"CURVE"}	{"lastPrice": "890308051996197141"}
{"blockNumber":21412938,"chainId":1,"poolAddress":"0x0d89f4583a6b5eceb76551d573ad49cd435f6064","poolType":"CURVE"}	{"lastPrice": "890287524258265021"}
{"blockNumber":21413183,"chainId":1,"poolAddress":"0x0d89f4583a6b5eceb76551d573ad49cd435f6064","poolType":"CURVE"}	{"lastPrice": "889592692285380991"}
{"blockNumber":21413266,"chainId":1,"poolAddress":"0x0d89f4583a6b5eceb76551d573ad49cd435f6064","poolType":"CURVE"}	{"lastPrice": "889375924855495578"}
{"blockNumber":21413400,"chainId":1,"poolAddress":"0x0d89f4583a6b5eceb76551d573ad49cd435f6064","poolType":"CURVE"}	{"lastPrice": "884760454801491761"}
{"blockNumber":21413585,"chainId":1,"poolAddress":"0x0d89f4583a6b5eceb76551d573ad49cd435f6064","poolType":"CURVE"}	{"lastPrice": "884532663834236368"}
{"blockNumber":21434116,"chainId":1,"poolAddress":"0x0d89f4583a6b5eceb76551d573ad49cd435f6064","poolType":"CURVE"}	{"lastPrice": "886325465036332909"}
{"blockNumber":21413586,"chainId":1,"poolAddress":"0x0d89f4583a6b5eceb76551d573ad49cd435f6064","poolType":"CURVE"}	{"lastPrice": "884513631579835463"}
{"blockNumber":21413592,"chainId":1,"poolAddress":"0x0d89f4583a6b5eceb76551d573ad49cd435f6064","poolType":"CURVE"}	{"lastPrice": "884482748381554861"}
{"blockNumber":21413708,"chainId":1,"poolAddress":"0x0d89f4583a6b5eceb76551d573ad49cd435f6064","poolType":"CURVE"}	{"lastPrice": "884406382794200160"}
{"blockNumber":21413823,"chainId":1,"poolAddress":"0x0d89f4583a6b5eceb76551d573ad49cd435f6064","poolType":"CURVE"}	{"lastPrice": "885721945711161562"}
{"blockNumber":21413835,"chainId":1,"poolAddress":"0x0d89f4583a6b5eceb76551d573ad49cd435f6064","poolType":"CURVE"}	{"lastPrice": "885725069300822979"}
{"blockNumber":21413859,"chainId":1,"poolAddress":"0x0d89f4583a6b5eceb76551d573ad49cd435f6064","poolType":"CURVE"}	{"lastPrice": "885710882720433868"}
{"blockNumber":21414011,"chainId":1,"poolAddress":"0x0d89f4583a6b5eceb76551d573ad49cd435f6064","poolType":"CURVE"}	{"lastPrice": "884287279284272285"}
{"blockNumber":21414016,"chainId":1,"poolAddress":"0x0d89f4583a6b5eceb76551d573ad49cd435f6064","poolType":"CURVE"}	{"lastPrice": "884163589861743511"}
{"blockNumber":21414140,"chainId":1,"poolAddress":"0x0d89f4583a6b5eceb76551d573ad49cd435f6064","poolType":"CURVE"}	{"lastPrice": "876748920017589579"}
{"blockNumber":21414156,"chainId":1,"poolAddress":"0x0d89f4583a6b5eceb76551d573ad49cd435f6064","poolType":"CURVE"}	{"lastPrice": "876912215646867698"}
{"blockNumber":21451383,"chainId":1,"poolAddress":"0x0d89f4583a6b5eceb76551d573ad49cd435f6064","poolType":"CURVE"}	{"lastPrice": "886526349731734661"}
{"blockNumber":21414400,"chainId":1,"poolAddress":"0x0d89f4583a6b5eceb76551d573ad49cd435f6064","poolType":"CURVE"}	{"lastPrice": "876663473788871468"}
{"blockNumber":21414545,"chainId":1,"poolAddress":"0x0d89f4583a6b5eceb76551d573ad49cd435f6064","poolType":"CURVE"}	{"lastPrice": "876848782932196300"}
{"blockNumber":21414588,"chainId":1,"poolAddress":"0x0d89f4583a6b5eceb76551d573ad49cd435f6064","poolType":"CURVE"}	{"lastPrice": "876853592520487485"}
{"blockNumber":21414602,"chainId":1,"poolAddress":"0x0d89f4583a6b5eceb76551d573ad49cd435f6064","poolType":"CURVE"}	{"lastPrice": "876858028946688417"}
{"blockNumber":21414741,"chainId":1,"poolAddress":"0x0d89f4583a6b5eceb76551d573ad49cd435f6064","poolType":"CURVE"}	{"lastPrice": "876969017591765664"}
{"blockNumber":21414757,"chainId":1,"poolAddress":"0x0d89f4583a6b5eceb76551d573ad49cd435f6064","poolType":"CURVE"}	{"lastPrice": "876982144606942538"}
{"blockNumber":21414801,"chainId":1,"poolAddress":"0x0d89f4583a6b5eceb76551d573ad49cd435f6064","poolType":"CURVE"}	{"lastPrice": "877059303691814942"}
{"blockNumber":21414829,"chainId":1,"poolAddress":"0x0d89f4583a6b5eceb76551d573ad49cd435f6064","poolType":"CURVE"}	{"lastPrice": "876981937367326598"}
{"blockNumber":21414851,"chainId":1,"poolAddress":"0x0d89f4583a6b5eceb76551d573ad49cd435f6064","poolType":"CURVE"}	{"lastPrice": "876945306255208686"}
{"blockNumber":21414933,"chainId":1,"poolAddress":"0x0d89f4583a6b5eceb76551d573ad49cd435f6064","poolType":"CURVE"}	{"lastPrice": "876914337363180891"}
{"blockNumber":21415082,"chainId":1,"poolAddress":"0x0d89f4583a6b5eceb76551d573ad49cd435f6064","poolType":"CURVE"}	{"lastPrice": "876682857036629538"}
{"blockNumber":21447949,"chainId":1,"poolAddress":"0x0d89f4583a6b5eceb76551d573ad49cd435f6064","poolType":"CURVE"}	{"lastPrice": "888983659123887229"}
{"blockNumber":21415094,"chainId":1,"poolAddress":"0x0d89f4583a6b5eceb76551d573ad49cd435f6064","poolType":"CURVE"}	{"lastPrice": "876658421978487705"}
{"blockNumber":21415122,"chainId":1,"poolAddress":"0x0d89f4583a6b5eceb76551d573ad49cd435f6064","poolType":"CURVE"}	{"lastPrice": "876642766794157361"}
{"blockNumber":21415137,"chainId":1,"poolAddress":"0x0d89f4583a6b5eceb76551d573ad49cd435f6064","poolType":"CURVE"}	{"lastPrice": "876635585693426790"}
{"blockNumber":21415140,"chainId":1,"poolAddress":"0x0d89f4583a6b5eceb76551d573ad49cd435f6064","poolType":"CURVE"}	{"lastPrice": "876630749074584357"}
{"blockNumber":21415191,"chainId":1,"poolAddress":"0x0d89f4583a6b5eceb76551d573ad49cd435f6064","poolType":"CURVE"}	{"lastPrice": "876625926536725199"}
{"blockNumber":21415242,"chainId":1,"poolAddress":"0x0d89f4583a6b5eceb76551d573ad49cd435f6064","poolType":"CURVE"}	{"lastPrice": "876654784075561802"}
{"blockNumber":21415377,"chainId":1,"poolAddress":"0x0d89f4583a6b5eceb76551d573ad49cd435f6064","poolType":"CURVE"}	{"lastPrice": "877000619507874634"}
{"blockNumber":21415418,"chainId":1,"poolAddress":"0x0d89f4583a6b5eceb76551d573ad49cd435f6064","poolType":"CURVE"}	{"lastPrice": "877060949660348849"}
{"blockNumber":21415448,"chainId":1,"poolAddress":"0x0d89f4583a6b5eceb76551d573ad49cd435f6064","poolType":"CURVE"}	{"lastPrice": "877085910916655401"}
{"blockNumber":21415600,"chainId":1,"poolAddress":"0x0d89f4583a6b5eceb76551d573ad49cd435f6064","poolType":"CURVE"}	{"lastPrice": "877651229380747670"}
{"blockNumber":21415611,"chainId":1,"poolAddress":"0x0d89f4583a6b5eceb76551d573ad49cd435f6064","poolType":"CURVE"}	{"lastPrice": "877845609887499559"}
{"blockNumber":21415655,"chainId":1,"poolAddress":"0x0d89f4583a6b5eceb76551d573ad49cd435f6064","poolType":"CURVE"}	{"lastPrice": "878128269782791121"}
{"blockNumber":21415734,"chainId":1,"poolAddress":"0x0d89f4583a6b5eceb76551d573ad49cd435f6064","poolType":"CURVE"}	{"lastPrice": "878021181589822776"}
{"blockNumber":21415784,"chainId":1,"poolAddress":"0x0d89f4583a6b5eceb76551d573ad49cd435f6064","poolType":"CURVE"}	{"lastPrice": "877948342608780584"}
{"blockNumber":21415870,"chainId":1,"poolAddress":"0x0d89f4583a6b5eceb76551d573ad49cd435f6064","poolType":"CURVE"}	{"lastPrice": "877956247060976900"}
{"blockNumber":21415900,"chainId":1,"poolAddress":"0x0d89f4583a6b5eceb76551d573ad49cd435f6064","poolType":"CURVE"}	{"lastPrice": "877881384387359139"}
{"blockNumber":21416092,"chainId":1,"poolAddress":"0x0d89f4583a6b5eceb76551d573ad49cd435f6064","poolType":"CURVE"}	{"lastPrice": "877659264176853292"}
{"blockNumber":21416151,"chainId":1,"poolAddress":"0x0d89f4583a6b5eceb76551d573ad49cd435f6064","poolType":"CURVE"}	{"lastPrice": "877466970044369087"}
{"blockNumber":21416229,"chainId":1,"poolAddress":"0x0d89f4583a6b5eceb76551d573ad49cd435f6064","poolType":"CURVE"}	{"lastPrice": "877377463635341090"}
{"blockNumber":21417253,"chainId":1,"poolAddress":"0x0d89f4583a6b5eceb76551d573ad49cd435f6064","poolType":"CURVE"}	{"lastPrice": "877382286187812041"}
{"blockNumber":21417475,"chainId":1,"poolAddress":"0x0d89f4583a6b5eceb76551d573ad49cd435f6064","poolType":"CURVE"}	{"lastPrice": "877484389459034207"}
{"blockNumber":21417594,"chainId":1,"poolAddress":"0x0d89f4583a6b5eceb76551d573ad49cd435f6064","poolType":"CURVE"}	{"lastPrice": "877760274811713976"}
{"blockNumber":21417674,"chainId":1,"poolAddress":"0x0d89f4583a6b5eceb76551d573ad49cd435f6064","poolType":"CURVE"}	{"lastPrice": "877765092335296620"}
{"blockNumber":21417998,"chainId":1,"poolAddress":"0x0d89f4583a6b5eceb76551d573ad49cd435f6064","poolType":"CURVE"}	{"lastPrice": "880435670047965298"}
{"blockNumber":21418077,"chainId":1,"poolAddress":"0x0d89f4583a6b5eceb76551d573ad49cd435f6064","poolType":"CURVE"}	{"lastPrice": "878911240328534014"}
{"blockNumber":21418306,"chainId":1,"poolAddress":"0x0d89f4583a6b5eceb76551d573ad49cd435f6064","poolType":"CURVE"}	{"lastPrice": "880003919069235199"}
{"blockNumber":21418423,"chainId":1,"poolAddress":"0x0d89f4583a6b5eceb76551d573ad49cd435f6064","poolType":"CURVE"}	{"lastPrice": "880238068870200538"}
{"blockNumber":21418667,"chainId":1,"poolAddress":"0x0d89f4583a6b5eceb76551d573ad49cd435f6064","poolType":"CURVE"}	{"lastPrice": "880171052578572094"}
{"blockNumber":21418779,"chainId":1,"poolAddress":"0x0d89f4583a6b5eceb76551d573ad49cd435f6064","poolType":"CURVE"}	{"lastPrice": "879993059474217180"}
{"blockNumber":21418842,"chainId":1,"poolAddress":"0x0d89f4583a6b5eceb76551d573ad49cd435f6064","poolType":"CURVE"}	{"lastPrice": "880079442721979665"}
{"blockNumber":21418944,"chainId":1,"poolAddress":"0x0d89f4583a6b5eceb76551d573ad49cd435f6064","poolType":"CURVE"}	{"lastPrice": "879999676642910707"}
{"blockNumber":21419016,"chainId":1,"poolAddress":"0x0d89f4583a6b5eceb76551d573ad49cd435f6064","poolType":"CURVE"}	{"lastPrice": "880077567858782086"}
{"blockNumber":21419081,"chainId":1,"poolAddress":"0x0d89f4583a6b5eceb76551d573ad49cd435f6064","poolType":"CURVE"}	{"lastPrice": "879925845764869562"}
{"blockNumber":21419163,"chainId":1,"poolAddress":"0x0d89f4583a6b5eceb76551d573ad49cd435f6064","poolType":"CURVE"}	{"lastPrice": "879815791005692858"}
{"blockNumber":21419365,"chainId":1,"poolAddress":"0x0d89f4583a6b5eceb76551d573ad49cd435f6064","poolType":"CURVE"}	{"lastPrice": "879319305246441663"}
{"blockNumber":21419423,"chainId":1,"poolAddress":"0x0d89f4583a6b5eceb76551d573ad49cd435f6064","poolType":"CURVE"}	{"lastPrice": "879097269602572487"}
{"blockNumber":21419468,"chainId":1,"poolAddress":"0x0d89f4583a6b5eceb76551d573ad49cd435f6064","poolType":"CURVE"}	{"lastPrice": "878969204827327523"}
{"blockNumber":21419509,"chainId":1,"poolAddress":"0x0d89f4583a6b5eceb76551d573ad49cd435f6064","poolType":"CURVE"}	{"lastPrice": "878860244928638496"}
{"blockNumber":21419593,"chainId":1,"poolAddress":"0x0d89f4583a6b5eceb76551d573ad49cd435f6064","poolType":"CURVE"}	{"lastPrice": "878848440339273190"}
{"blockNumber":21419627,"chainId":1,"poolAddress":"0x0d89f4583a6b5eceb76551d573ad49cd435f6064","poolType":"CURVE"}	{"lastPrice": "879081290474933302"}
{"blockNumber":21419699,"chainId":1,"poolAddress":"0x0d89f4583a6b5eceb76551d573ad49cd435f6064","poolType":"CURVE"}	{"lastPrice": "879194036996831378"}
{"blockNumber":21450495,"chainId":1,"poolAddress":"0x0d89f4583a6b5eceb76551d573ad49cd435f6064","poolType":"CURVE"}	{"lastPrice": "888977040459740097"}
{"blockNumber":21419855,"chainId":1,"poolAddress":"0x0d89f4583a6b5eceb76551d573ad49cd435f6064","poolType":"CURVE"}	{"lastPrice": "879505450241953556"}
{"blockNumber":21419884,"chainId":1,"poolAddress":"0x0d89f4583a6b5eceb76551d573ad49cd435f6064","poolType":"CURVE"}	{"lastPrice": "879512562401792166"}
{"blockNumber":21419944,"chainId":1,"poolAddress":"0x0d89f4583a6b5eceb76551d573ad49cd435f6064","poolType":"CURVE"}	{"lastPrice": "879527017109042442"}
{"blockNumber":21419960,"chainId":1,"poolAddress":"0x0d89f4583a6b5eceb76551d573ad49cd435f6064","poolType":"CURVE"}	{"lastPrice": "879560507592194521"}
{"blockNumber":21419969,"chainId":1,"poolAddress":"0x0d89f4583a6b5eceb76551d573ad49cd435f6064","poolType":"CURVE"}	{"lastPrice": "879591071808106543"}
{"blockNumber":21420001,"chainId":1,"poolAddress":"0x0d89f4583a6b5eceb76551d573ad49cd435f6064","poolType":"CURVE"}	{"lastPrice": "879617883624761379"}
{"blockNumber":21420010,"chainId":1,"poolAddress":"0x0d89f4583a6b5eceb76551d573ad49cd435f6064","poolType":"CURVE"}	{"lastPrice": "879649066350351477"}
{"blockNumber":21420050,"chainId":1,"poolAddress":"0x0d89f4583a6b5eceb76551d573ad49cd435f6064","poolType":"CURVE"}	{"lastPrice": "879676630579717726"}
{"blockNumber":21420083,"chainId":1,"poolAddress":"0x0d89f4583a6b5eceb76551d573ad49cd435f6064","poolType":"CURVE"}	{"lastPrice": "879709620546546934"}
{"blockNumber":21420201,"chainId":1,"poolAddress":"0x0d89f4583a6b5eceb76551d573ad49cd435f6064","poolType":"CURVE"}	{"lastPrice": "879784851735862265"}
{"blockNumber":21420612,"chainId":1,"poolAddress":"0x0d89f4583a6b5eceb76551d573ad49cd435f6064","poolType":"CURVE"}	{"lastPrice": "879987036594368621"}
{"blockNumber":21420733,"chainId":1,"poolAddress":"0x0d89f4583a6b5eceb76551d573ad49cd435f6064","poolType":"CURVE"}	{"lastPrice": "879890693306629276"}
{"blockNumber":21420768,"chainId":1,"poolAddress":"0x0d89f4583a6b5eceb76551d573ad49cd435f6064","poolType":"CURVE"}	{"lastPrice": "882251336371487623"}
{"blockNumber":21420777,"chainId":1,"poolAddress":"0x0d89f4583a6b5eceb76551d573ad49cd435f6064","poolType":"CURVE"}	{"lastPrice": "880121530319944354"}
{"blockNumber":21421002,"chainId":1,"poolAddress":"0x0d89f4583a6b5eceb76551d573ad49cd435f6064","poolType":"CURVE"}	{"lastPrice": "879730476641599982"}
{"blockNumber":21421085,"chainId":1,"poolAddress":"0x0d89f4583a6b5eceb76551d573ad49cd435f6064","poolType":"CURVE"}	{"lastPrice": "881755111149578924"}
{"blockNumber":21421094,"chainId":1,"poolAddress":"0x0d89f4583a6b5eceb76551d573ad49cd435f6064","poolType":"CURVE"}	{"lastPrice": "879904979352368256"}
{"blockNumber":21421234,"chainId":1,"poolAddress":"0x0d89f4583a6b5eceb76551d573ad49cd435f6064","poolType":"CURVE"}	{"lastPrice": "880139013240374705"}
{"blockNumber":21421239,"chainId":1,"poolAddress":"0x0d89f4583a6b5eceb76551d573ad49cd435f6064","poolType":"CURVE"}	{"lastPrice": "880088191698384803"}
{"blockNumber":21421413,"chainId":1,"poolAddress":"0x0d89f4583a6b5eceb76551d573ad49cd435f6064","poolType":"CURVE"}	{"lastPrice": "879841105282981927"}
{"blockNumber":21421471,"chainId":1,"poolAddress":"0x0d89f4583a6b5eceb76551d573ad49cd435f6064","poolType":"CURVE"}	{"lastPrice": "879878131070893706"}
{"blockNumber":21421548,"chainId":1,"poolAddress":"0x0d89f4583a6b5eceb76551d573ad49cd435f6064","poolType":"CURVE"}	{"lastPrice": "879913343753477212"}
{"blockNumber":21421842,"chainId":1,"poolAddress":"0x0d89f4583a6b5eceb76551d573ad49cd435f6064","poolType":"CURVE"}	{"lastPrice": "882271077642188022"}
{"blockNumber":21421997,"chainId":1,"poolAddress":"0x0d89f4583a6b5eceb76551d573ad49cd435f6064","poolType":"CURVE"}	{"lastPrice": "881162227304124251"}
{"blockNumber":21422180,"chainId":1,"poolAddress":"0x0d89f4583a6b5eceb76551d573ad49cd435f6064","poolType":"CURVE"}	{"lastPrice": "882140488819102625"}
{"blockNumber":21422236,"chainId":1,"poolAddress":"0x0d89f4583a6b5eceb76551d573ad49cd435f6064","poolType":"CURVE"}	{"lastPrice": "882828986956245930"}
{"blockNumber":21422255,"chainId":1,"poolAddress":"0x0d89f4583a6b5eceb76551d573ad49cd435f6064","poolType":"CURVE"}	{"lastPrice": "883025261793965164"}
{"blockNumber":21422318,"chainId":1,"poolAddress":"0x0d89f4583a6b5eceb76551d573ad49cd435f6064","poolType":"CURVE"}	{"lastPrice": "883195394828201097"}
{"blockNumber":21422566,"chainId":1,"poolAddress":"0x0d89f4583a6b5eceb76551d573ad49cd435f6064","poolType":"CURVE"}	{"lastPrice": "883371259167020375"}
{"blockNumber":21422591,"chainId":1,"poolAddress":"0x0d89f4583a6b5eceb76551d573ad49cd435f6064","poolType":"CURVE"}	{"lastPrice": "883347844631382291"}
{"blockNumber":21423032,"chainId":1,"poolAddress":"0x0d89f4583a6b5eceb76551d573ad49cd435f6064","poolType":"CURVE"}	{"lastPrice": "883402606627365196"}
{"blockNumber":21423043,"chainId":1,"poolAddress":"0x0d89f4583a6b5eceb76551d573ad49cd435f6064","poolType":"CURVE"}	{"lastPrice": "883402606262870577"}
{"blockNumber":21423053,"chainId":1,"poolAddress":"0x0d89f4583a6b5eceb76551d573ad49cd435f6064","poolType":"CURVE"}	{"lastPrice": "883402605898653372"}
{"blockNumber":21423162,"chainId":1,"poolAddress":"0x0d89f4583a6b5eceb76551d573ad49cd435f6064","poolType":"CURVE"}	{"lastPrice": "883402241710362158"}
{"blockNumber":21423825,"chainId":1,"poolAddress":"0x0d89f4583a6b5eceb76551d573ad49cd435f6064","poolType":"CURVE"}	{"lastPrice": "883402059668286122"}
{"blockNumber":21423929,"chainId":1,"poolAddress":"0x0d89f4583a6b5eceb76551d573ad49cd435f6064","poolType":"CURVE"}	{"lastPrice": "883400604569107796"}
{"blockNumber":21425147,"chainId":1,"poolAddress":"0x0d89f4583a6b5eceb76551d573ad49cd435f6064","poolType":"CURVE"}	{"lastPrice": "894278910803752687"}
{"blockNumber":21425257,"chainId":1,"poolAddress":"0x0d89f4583a6b5eceb76551d573ad49cd435f6064","poolType":"CURVE"}	{"lastPrice": "897290422301415128"}
{"blockNumber":21425774,"chainId":1,"poolAddress":"0x0d89f4583a6b5eceb76551d573ad49cd435f6064","poolType":"CURVE"}	{"lastPrice": "908365554536235189"}
{"blockNumber":21425802,"chainId":1,"poolAddress":"0x0d89f4583a6b5eceb76551d573ad49cd435f6064","poolType":"CURVE"}	{"lastPrice": "907636697011117523"}
{"blockNumber":21426150,"chainId":1,"poolAddress":"0x0d89f4583a6b5eceb76551d573ad49cd435f6064","poolType":"CURVE"}	{"lastPrice": "906643342241434767"}
{"blockNumber":21426407,"chainId":1,"poolAddress":"0x0d89f4583a6b5eceb76551d573ad49cd435f6064","poolType":"CURVE"}	{"lastPrice": "903624705362060574"}
{"blockNumber":21426408,"chainId":1,"poolAddress":"0x0d89f4583a6b5eceb76551d573ad49cd435f6064","poolType":"CURVE"}	{"lastPrice": "903622451620295585"}
{"blockNumber":21426539,"chainId":1,"poolAddress":"0x0d89f4583a6b5eceb76551d573ad49cd435f6064","poolType":"CURVE"}	{"lastPrice": "901726944476018711"}
{"blockNumber":21426616,"chainId":1,"poolAddress":"0x0d89f4583a6b5eceb76551d573ad49cd435f6064","poolType":"CURVE"}	{"lastPrice": "901375129512124804"}
{"blockNumber":21426917,"chainId":1,"poolAddress":"0x0d89f4583a6b5eceb76551d573ad49cd435f6064","poolType":"CURVE"}	{"lastPrice": "904274952601061921"}
{"blockNumber":21427746,"chainId":1,"poolAddress":"0x0d89f4583a6b5eceb76551d573ad49cd435f6064","poolType":"CURVE"}	{"lastPrice": "899965054129584063"}
{"blockNumber":21427804,"chainId":1,"poolAddress":"0x0d89f4583a6b5eceb76551d573ad49cd435f6064","poolType":"CURVE"}	{"lastPrice": "899953254670414696"}
{"blockNumber":21428134,"chainId":1,"poolAddress":"0x0d89f4583a6b5eceb76551d573ad49cd435f6064","poolType":"CURVE"}	{"lastPrice": "901645309008851425"}
{"blockNumber":21428260,"chainId":1,"poolAddress":"0x0d89f4583a6b5eceb76551d573ad49cd435f6064","poolType":"CURVE"}	{"lastPrice": "900078048975646049"}
{"blockNumber":21428497,"chainId":1,"poolAddress":"0x0d89f4583a6b5eceb76551d573ad49cd435f6064","poolType":"CURVE"}	{"lastPrice": "888169250356517029"}
{"blockNumber":21428829,"chainId":1,"poolAddress":"0x0d89f4583a6b5eceb76551d573ad49cd435f6064","poolType":"CURVE"}	{"lastPrice": "894347522814996915"}
{"blockNumber":21429260,"chainId":1,"poolAddress":"0x0d89f4583a6b5eceb76551d573ad49cd435f6064","poolType":"CURVE"}	{"lastPrice": "895435101459430744"}
{"blockNumber":21429263,"chainId":1,"poolAddress":"0x0d89f4583a6b5eceb76551d573ad49cd435f6064","poolType":"CURVE"}	{"lastPrice": "895430797104368856"}
{"blockNumber":21429366,"chainId":1,"poolAddress":"0x0d89f4583a6b5eceb76551d573ad49cd435f6064","poolType":"CURVE"}	{"lastPrice": "895268580401487512"}
{"blockNumber":21429447,"chainId":1,"poolAddress":"0x0d89f4583a6b5eceb76551d573ad49cd435f6064","poolType":"CURVE"}	{"lastPrice": "895268537963032884"}
{"blockNumber":21429534,"chainId":1,"poolAddress":"0x0d89f4583a6b5eceb76551d573ad49cd435f6064","poolType":"CURVE"}	{"lastPrice": "895266928166539509"}
{"blockNumber":21429678,"chainId":1,"poolAddress":"0x0d89f4583a6b5eceb76551d573ad49cd435f6064","poolType":"CURVE"}	{"lastPrice": "893991178270356072"}
{"blockNumber":21429778,"chainId":1,"poolAddress":"0x0d89f4583a6b5eceb76551d573ad49cd435f6064","poolType":"CURVE"}	{"lastPrice": "894223561577264294"}
{"blockNumber":21436834,"chainId":1,"poolAddress":"0x0d89f4583a6b5eceb76551d573ad49cd435f6064","poolType":"CURVE"}	{"lastPrice": "885767504787006193"}
{"blockNumber":21429826,"chainId":1,"poolAddress":"0x0d89f4583a6b5eceb76551d573ad49cd435f6064","poolType":"CURVE"}	{"lastPrice": "893908089329791274"}
{"blockNumber":21429837,"chainId":1,"poolAddress":"0x0d89f4583a6b5eceb76551d573ad49cd435f6064","poolType":"CURVE"}	{"lastPrice": "893796007560236260"}
{"blockNumber":21429839,"chainId":1,"poolAddress":"0x0d89f4583a6b5eceb76551d573ad49cd435f6064","poolType":"CURVE"}	{"lastPrice": "897052600490768116"}
{"blockNumber":21429847,"chainId":1,"poolAddress":"0x0d89f4583a6b5eceb76551d573ad49cd435f6064","poolType":"CURVE"}	{"lastPrice": "893815981529613944"}
{"blockNumber":21429904,"chainId":1,"poolAddress":"0x0d89f4583a6b5eceb76551d573ad49cd435f6064","poolType":"CURVE"}	{"lastPrice": "892540583826334412"}
{"blockNumber":21445634,"chainId":1,"poolAddress":"0x0d89f4583a6b5eceb76551d573ad49cd435f6064","poolType":"CURVE"}	{"lastPrice": "888201239511468325"}
{"blockNumber":21430069,"chainId":1,"poolAddress":"0x0d89f4583a6b5eceb76551d573ad49cd435f6064","poolType":"CURVE"}	{"lastPrice": "892682236531392091"}
{"blockNumber":21430379,"chainId":1,"poolAddress":"0x0d89f4583a6b5eceb76551d573ad49cd435f6064","poolType":"CURVE"}	{"lastPrice": "892651892719799988"}
{"blockNumber":21430753,"chainId":1,"poolAddress":"0x0d89f4583a6b5eceb76551d573ad49cd435f6064","poolType":"CURVE"}	{"lastPrice": "890945021200239210"}
{"blockNumber":21432668,"chainId":1,"poolAddress":"0x0d89f4583a6b5eceb76551d573ad49cd435f6064","poolType":"CURVE"}	{"lastPrice": "889936920018486337"}
{"blockNumber":21431107,"chainId":1,"poolAddress":"0x0d89f4583a6b5eceb76551d573ad49cd435f6064","poolType":"CURVE"}	{"lastPrice": "892116880481630671"}
{"blockNumber":21432823,"chainId":1,"poolAddress":"0x0d89f4583a6b5eceb76551d573ad49cd435f6064","poolType":"CURVE"}	{"lastPrice": "887096113454010892"}
{"blockNumber":21451624,"chainId":1,"poolAddress":"0x0d89f4583a6b5eceb76551d573ad49cd435f6064","poolType":"CURVE"}	{"lastPrice": "885947340880071644"}
{"blockNumber":21433037,"chainId":1,"poolAddress":"0x0d89f4583a6b5eceb76551d573ad49cd435f6064","poolType":"CURVE"}	{"lastPrice": "886928906554848983"}
{"blockNumber":21433266,"chainId":1,"poolAddress":"0x0d89f4583a6b5eceb76551d573ad49cd435f6064","poolType":"CURVE"}	{"lastPrice": "886182783718882733"}
{"blockNumber":21433315,"chainId":1,"poolAddress":"0x0d89f4583a6b5eceb76551d573ad49cd435f6064","poolType":"CURVE"}	{"lastPrice": "886175709167874400"}
{"blockNumber":21433585,"chainId":1,"poolAddress":"0x0d89f4583a6b5eceb76551d573ad49cd435f6064","poolType":"CURVE"}	{"lastPrice": "886167303167030919"}
{"blockNumber":21433860,"chainId":1,"poolAddress":"0x0d89f4583a6b5eceb76551d573ad49cd435f6064","poolType":"CURVE"}	{"lastPrice": "888861234031410544"}
{"blockNumber":21434363,"chainId":1,"poolAddress":"0x0d89f4583a6b5eceb76551d573ad49cd435f6064","poolType":"CURVE"}	{"lastPrice": "886303522755154101"}
{"blockNumber":21434455,"chainId":1,"poolAddress":"0x0d89f4583a6b5eceb76551d573ad49cd435f6064","poolType":"CURVE"}	{"lastPrice": "886192601599353872"}
{"blockNumber":21435046,"chainId":1,"poolAddress":"0x0d89f4583a6b5eceb76551d573ad49cd435f6064","poolType":"CURVE"}	{"lastPrice": "885876692982670077"}
{"blockNumber":21435109,"chainId":1,"poolAddress":"0x0d89f4583a6b5eceb76551d573ad49cd435f6064","poolType":"CURVE"}	{"lastPrice": "886021239659166469"}
{"blockNumber":21435119,"chainId":1,"poolAddress":"0x0d89f4583a6b5eceb76551d573ad49cd435f6064","poolType":"CURVE"}	{"lastPrice": "886021224257133740"}
{"blockNumber":21435456,"chainId":1,"poolAddress":"0x0d89f4583a6b5eceb76551d573ad49cd435f6064","poolType":"CURVE"}	{"lastPrice": "886051270591086907"}
{"blockNumber":21435458,"chainId":1,"poolAddress":"0x0d89f4583a6b5eceb76551d573ad49cd435f6064","poolType":"CURVE"}	{"lastPrice": "886047207356872396"}
{"blockNumber":21435487,"chainId":1,"poolAddress":"0x0d89f4583a6b5eceb76551d573ad49cd435f6064","poolType":"CURVE"}	{"lastPrice": "886047048630476990"}
{"blockNumber":21435730,"chainId":1,"poolAddress":"0x0d89f4583a6b5eceb76551d573ad49cd435f6064","poolType":"CURVE"}	{"lastPrice": "886014108595127126"}
{"blockNumber":21435778,"chainId":1,"poolAddress":"0x0d89f4583a6b5eceb76551d573ad49cd435f6064","poolType":"CURVE"}	{"lastPrice": "886013597752436132"}
{"blockNumber":21435783,"chainId":1,"poolAddress":"0x0d89f4583a6b5eceb76551d573ad49cd435f6064","poolType":"CURVE"}	{"lastPrice": "886004442309965659"}
{"blockNumber":21435849,"chainId":1,"poolAddress":"0x0d89f4583a6b5eceb76551d573ad49cd435f6064","poolType":"CURVE"}	{"lastPrice": "886004391542135836"}
{"blockNumber":21436112,"chainId":1,"poolAddress":"0x0d89f4583a6b5eceb76551d573ad49cd435f6064","poolType":"CURVE"}	{"lastPrice": "885998592488548805"}
{"blockNumber":21436229,"chainId":1,"poolAddress":"0x0d89f4583a6b5eceb76551d573ad49cd435f6064","poolType":"CURVE"}	{"lastPrice": "885998567187313553"}
{"blockNumber":21436233,"chainId":1,"poolAddress":"0x0d89f4583a6b5eceb76551d573ad49cd435f6064","poolType":"CURVE"}	{"lastPrice": "885998541886760660"}
{"blockNumber":21436279,"chainId":1,"poolAddress":"0x0d89f4583a6b5eceb76551d573ad49cd435f6064","poolType":"CURVE"}	{"lastPrice": "885957842251107277"}
{"blockNumber":21436444,"chainId":1,"poolAddress":"0x0d89f4583a6b5eceb76551d573ad49cd435f6064","poolType":"CURVE"}	{"lastPrice": "885789815425461668"}
{"blockNumber":21436450,"chainId":1,"poolAddress":"0x0d89f4583a6b5eceb76551d573ad49cd435f6064","poolType":"CURVE"}	{"lastPrice": "885789794348708013"}
{"blockNumber":21436494,"chainId":1,"poolAddress":"0x0d89f4583a6b5eceb76551d573ad49cd435f6064","poolType":"CURVE"}	{"lastPrice": "885789752196770324"}
{"blockNumber":21436573,"chainId":1,"poolAddress":"0x0d89f4583a6b5eceb76551d573ad49cd435f6064","poolType":"CURVE"}	{"lastPrice": "885789132725187423"}
{"blockNumber":21436577,"chainId":1,"poolAddress":"0x0d89f4583a6b5eceb76551d573ad49cd435f6064","poolType":"CURVE"}	{"lastPrice": "885787030200752301"}
{"blockNumber":21436638,"chainId":1,"poolAddress":"0x0d89f4583a6b5eceb76551d573ad49cd435f6064","poolType":"CURVE"}	{"lastPrice": "888244611108396206"}
{"blockNumber":21436720,"chainId":1,"poolAddress":"0x0d89f4583a6b5eceb76551d573ad49cd435f6064","poolType":"CURVE"}	{"lastPrice": "885928564227746969"}
{"blockNumber":21436747,"chainId":1,"poolAddress":"0x0d89f4583a6b5eceb76551d573ad49cd435f6064","poolType":"CURVE"}	{"lastPrice": "885908032994641266"}
{"blockNumber":21436820,"chainId":1,"poolAddress":"0x0d89f4583a6b5eceb76551d573ad49cd435f6064","poolType":"CURVE"}	{"lastPrice": "885768509964170109"}
{"blockNumber":21436896,"chainId":1,"poolAddress":"0x0d89f4583a6b5eceb76551d573ad49cd435f6064","poolType":"CURVE"}	{"lastPrice": "885698628388789501"}
{"blockNumber":21436910,"chainId":1,"poolAddress":"0x0d89f4583a6b5eceb76551d573ad49cd435f6064","poolType":"CURVE"}	{"lastPrice": "885690772518990194"}
{"blockNumber":21436963,"chainId":1,"poolAddress":"0x0d89f4583a6b5eceb76551d573ad49cd435f6064","poolType":"CURVE"}	{"lastPrice": "885501034814407063"}
{"blockNumber":21437978,"chainId":1,"poolAddress":"0x0d89f4583a6b5eceb76551d573ad49cd435f6064","poolType":"CURVE"}	{"lastPrice": "895262143004311884"}
{"blockNumber":21438014,"chainId":1,"poolAddress":"0x0d89f4583a6b5eceb76551d573ad49cd435f6064","poolType":"CURVE"}	{"lastPrice": "892251943212863219"}
{"blockNumber":21438175,"chainId":1,"poolAddress":"0x0d89f4583a6b5eceb76551d573ad49cd435f6064","poolType":"CURVE"}	{"lastPrice": "895352751765154030"}
{"blockNumber":21439386,"chainId":1,"poolAddress":"0x0d89f4583a6b5eceb76551d573ad49cd435f6064","poolType":"CURVE"}	{"lastPrice": "891778380023241960"}
{"blockNumber":21439525,"chainId":1,"poolAddress":"0x0d89f4583a6b5eceb76551d573ad49cd435f6064","poolType":"CURVE"}	{"lastPrice": "891206461734616337"}
{"blockNumber":21439678,"chainId":1,"poolAddress":"0x0d89f4583a6b5eceb76551d573ad49cd435f6064","poolType":"CURVE"}	{"lastPrice": "889759644155279112"}
{"blockNumber":21439681,"chainId":1,"poolAddress":"0x0d89f4583a6b5eceb76551d573ad49cd435f6064","poolType":"CURVE"}	{"lastPrice": "889759640752820031"}
{"blockNumber":21440192,"chainId":1,"poolAddress":"0x0d89f4583a6b5eceb76551d573ad49cd435f6064","poolType":"CURVE"}	{"lastPrice": "889074842099388103"}
{"blockNumber":21440734,"chainId":1,"poolAddress":"0x0d89f4583a6b5eceb76551d573ad49cd435f6064","poolType":"CURVE"}	{"lastPrice": "888858669967757916"}
{"blockNumber":21440821,"chainId":1,"poolAddress":"0x0d89f4583a6b5eceb76551d573ad49cd435f6064","poolType":"CURVE"}	{"lastPrice": "888738684299060808"}
{"blockNumber":21441272,"chainId":1,"poolAddress":"0x0d89f4583a6b5eceb76551d573ad49cd435f6064","poolType":"CURVE"}	{"lastPrice": "890186502449930814"}
{"blockNumber":21441462,"chainId":1,"poolAddress":"0x0d89f4583a6b5eceb76551d573ad49cd435f6064","poolType":"CURVE"}	{"lastPrice": "890142128092785716"}
{"blockNumber":21441662,"chainId":1,"poolAddress":"0x0d89f4583a6b5eceb76551d573ad49cd435f6064","poolType":"CURVE"}	{"lastPrice": "889933279285421940"}
{"blockNumber":21441677,"chainId":1,"poolAddress":"0x0d89f4583a6b5eceb76551d573ad49cd435f6064","poolType":"CURVE"}	{"lastPrice": "889924765303008028"}
{"blockNumber":21441694,"chainId":1,"poolAddress":"0x0d89f4583a6b5eceb76551d573ad49cd435f6064","poolType":"CURVE"}	{"lastPrice": "889924609378738219"}
{"blockNumber":21441766,"chainId":1,"poolAddress":"0x0d89f4583a6b5eceb76551d573ad49cd435f6064","poolType":"CURVE"}	{"lastPrice": "889923192156701118"}
{"blockNumber":21441840,"chainId":1,"poolAddress":"0x0d89f4583a6b5eceb76551d573ad49cd435f6064","poolType":"CURVE"}	{"lastPrice": "889881003018097941"}
{"blockNumber":21442171,"chainId":1,"poolAddress":"0x0d89f4583a6b5eceb76551d573ad49cd435f6064","poolType":"CURVE"}	{"lastPrice": "890027352413148492"}
{"blockNumber":21442382,"chainId":1,"poolAddress":"0x0d89f4583a6b5eceb76551d573ad49cd435f6064","poolType":"CURVE"}	{"lastPrice": "887673904560659736"}
{"blockNumber":21445034,"chainId":1,"poolAddress":"0x0d89f4583a6b5eceb76551d573ad49cd435f6064","poolType":"CURVE"}	{"lastPrice": "888740047076046054"}
{"blockNumber":21445450,"chainId":1,"poolAddress":"0x0d89f4583a6b5eceb76551d573ad49cd435f6064","poolType":"CURVE"}	{"lastPrice": "890715538010838171"}
{"blockNumber":21445774,"chainId":1,"poolAddress":"0x0d89f4583a6b5eceb76551d573ad49cd435f6064","poolType":"CURVE"}	{"lastPrice": "890678921084540194"}
{"blockNumber":21445835,"chainId":1,"poolAddress":"0x0d89f4583a6b5eceb76551d573ad49cd435f6064","poolType":"CURVE"}	{"lastPrice": "888209936975454970"}
{"blockNumber":21446101,"chainId":1,"poolAddress":"0x0d89f4583a6b5eceb76551d573ad49cd435f6064","poolType":"CURVE"}	{"lastPrice": "889565249684272110"}
{"blockNumber":21446534,"chainId":1,"poolAddress":"0x0d89f4583a6b5eceb76551d573ad49cd435f6064","poolType":"CURVE"}	{"lastPrice": "891656770679982563"}
{"blockNumber":21446709,"chainId":1,"poolAddress":"0x0d89f4583a6b5eceb76551d573ad49cd435f6064","poolType":"CURVE"}	{"lastPrice": "891646435626033675"}
{"blockNumber":21447252,"chainId":1,"poolAddress":"0x0d89f4583a6b5eceb76551d573ad49cd435f6064","poolType":"CURVE"}	{"lastPrice": "890091783403661153"}
{"blockNumber":21447439,"chainId":1,"poolAddress":"0x0d89f4583a6b5eceb76551d573ad49cd435f6064","poolType":"CURVE"}	{"lastPrice": "889520887483014598"}
{"blockNumber":21447500,"chainId":1,"poolAddress":"0x0d89f4583a6b5eceb76551d573ad49cd435f6064","poolType":"CURVE"}	{"lastPrice": "889474886014774474"}
{"blockNumber":21447699,"chainId":1,"poolAddress":"0x0d89f4583a6b5eceb76551d573ad49cd435f6064","poolType":"CURVE"}	{"lastPrice": "889661663269932292"}
{"blockNumber":21447935,"chainId":1,"poolAddress":"0x0d89f4583a6b5eceb76551d573ad49cd435f6064","poolType":"CURVE"}	{"lastPrice": "888989308822880221"}
{"blockNumber":21448021,"chainId":1,"poolAddress":"0x0d89f4583a6b5eceb76551d573ad49cd435f6064","poolType":"CURVE"}	{"lastPrice": "889264160410881557"}
{"blockNumber":21448124,"chainId":1,"poolAddress":"0x0d89f4583a6b5eceb76551d573ad49cd435f6064","poolType":"CURVE"}	{"lastPrice": "889109871854529873"}
{"blockNumber":21448134,"chainId":1,"poolAddress":"0x0d89f4583a6b5eceb76551d573ad49cd435f6064","poolType":"CURVE"}	{"lastPrice": "889108525191662945"}
{"blockNumber":21448207,"chainId":1,"poolAddress":"0x0d89f4583a6b5eceb76551d573ad49cd435f6064","poolType":"CURVE"}	{"lastPrice": "889086408167316628"}
{"blockNumber":21448349,"chainId":1,"poolAddress":"0x0d89f4583a6b5eceb76551d573ad49cd435f6064","poolType":"CURVE"}	{"lastPrice": "889566111587840479"}
{"blockNumber":21449578,"chainId":1,"poolAddress":"0x0d89f4583a6b5eceb76551d573ad49cd435f6064","poolType":"CURVE"}	{"lastPrice": "890662228059254186"}
{"blockNumber":21448599,"chainId":1,"poolAddress":"0x0d89f4583a6b5eceb76551d573ad49cd435f6064","poolType":"CURVE"}	{"lastPrice": "889465919160636413"}
{"blockNumber":21449248,"chainId":1,"poolAddress":"0x0d89f4583a6b5eceb76551d573ad49cd435f6064","poolType":"CURVE"}	{"lastPrice": "889801560784462857"}
{"blockNumber":21449607,"chainId":1,"poolAddress":"0x0d89f4583a6b5eceb76551d573ad49cd435f6064","poolType":"CURVE"}	{"lastPrice": "890662221788135479"}
{"blockNumber":21449620,"chainId":1,"poolAddress":"0x0d89f4583a6b5eceb76551d573ad49cd435f6064","poolType":"CURVE"}	{"lastPrice": "890631049226881898"}
{"blockNumber":21449662,"chainId":1,"poolAddress":"0x0d89f4583a6b5eceb76551d573ad49cd435f6064","poolType":"CURVE"}	{"lastPrice": "890624706353570766"}
{"blockNumber":21449813,"chainId":1,"poolAddress":"0x0d89f4583a6b5eceb76551d573ad49cd435f6064","poolType":"CURVE"}	{"lastPrice": "889119425103927760"}
{"blockNumber":21449829,"chainId":1,"poolAddress":"0x0d89f4583a6b5eceb76551d573ad49cd435f6064","poolType":"CURVE"}	{"lastPrice": "889447402752027533"}
{"blockNumber":21449932,"chainId":1,"poolAddress":"0x0d89f4583a6b5eceb76551d573ad49cd435f6064","poolType":"CURVE"}	{"lastPrice": "889332127872348759"}
{"blockNumber":21450062,"chainId":1,"poolAddress":"0x0d89f4583a6b5eceb76551d573ad49cd435f6064","poolType":"CURVE"}	{"lastPrice": "889229506942376024"}
{"blockNumber":21450152,"chainId":1,"poolAddress":"0x0d89f4583a6b5eceb76551d573ad49cd435f6064","poolType":"CURVE"}	{"lastPrice": "889203350183432480"}
{"blockNumber":21450195,"chainId":1,"poolAddress":"0x0d89f4583a6b5eceb76551d573ad49cd435f6064","poolType":"CURVE"}	{"lastPrice": "889195368051715714"}
{"blockNumber":21450361,"chainId":1,"poolAddress":"0x0d89f4583a6b5eceb76551d573ad49cd435f6064","poolType":"CURVE"}	{"lastPrice": "889032078206949348"}
{"blockNumber":21450387,"chainId":1,"poolAddress":"0x0d89f4583a6b5eceb76551d573ad49cd435f6064","poolType":"CURVE"}	{"lastPrice": "889032075714032827"}
{"blockNumber":21450618,"chainId":1,"poolAddress":"0x0d89f4583a6b5eceb76551d573ad49cd435f6064","poolType":"CURVE"}	{"lastPrice": "888971624164143301"}
{"blockNumber":21450814,"chainId":1,"poolAddress":"0x0d89f4583a6b5eceb76551d573ad49cd435f6064","poolType":"CURVE"}	{"lastPrice": "888967783982009334"}
{"blockNumber":21450984,"chainId":1,"poolAddress":"0x0d89f4583a6b5eceb76551d573ad49cd435f6064","poolType":"CURVE"}	{"lastPrice": "887209013293401278"}
{"blockNumber":21451094,"chainId":1,"poolAddress":"0x0d89f4583a6b5eceb76551d573ad49cd435f6064","poolType":"CURVE"}	{"lastPrice": "887033336003443490"}
{"blockNumber":21451150,"chainId":1,"poolAddress":"0x0d89f4583a6b5eceb76551d573ad49cd435f6064","poolType":"CURVE"}	{"lastPrice": "886869744189733431"}
{"blockNumber":21451272,"chainId":1,"poolAddress":"0x0d89f4583a6b5eceb76551d573ad49cd435f6064","poolType":"CURVE"}	{"lastPrice": "886649743693772593"}
{"blockNumber":21451281,"chainId":1,"poolAddress":"0x0d89f4583a6b5eceb76551d573ad49cd435f6064","poolType":"CURVE"}	{"lastPrice": "886622470073484775"}
{"blockNumber":21451335,"chainId":1,"poolAddress":"0x0d89f4583a6b5eceb76551d573ad49cd435f6064","poolType":"CURVE"}	{"lastPrice": "886599504705687144"}
{"blockNumber":21451407,"chainId":1,"poolAddress":"0x0d89f4583a6b5eceb76551d573ad49cd435f6064","poolType":"CURVE"}	{"lastPrice": "886451644048969327"}
{"blockNumber":21451477,"chainId":1,"poolAddress":"0x0d89f4583a6b5eceb76551d573ad49cd435f6064","poolType":"CURVE"}	{"lastPrice": "886314460627288405"}
{"blockNumber":21451548,"chainId":1,"poolAddress":"0x0d89f4583a6b5eceb76551d573ad49cd435f6064","poolType":"CURVE"}	{"lastPrice": "886052333234467298"}
{"blockNumber":21451625,"chainId":1,"poolAddress":"0x0d89f4583a6b5eceb76551d573ad49cd435f6064","poolType":"CURVE"}	{"lastPrice": "885994587938549013"}
{"blockNumber":21435260,"chainId":1,"poolAddress":"0x588eab5777e51ece898bb71976715072e6f7843f","poolType":"CURVE"}	{"lastPrice": "972748365907387584"}
{"blockNumber":21440278,"chainId":1,"poolAddress":"0x614e842ef4b9a1bbed7fba7a333a3959c0ee1161","poolType":"CURVE"}	{"lastPrice": "974258645194496440"}
{"blockNumber":21442348,"chainId":1,"poolAddress":"0x614e842ef4b9a1bbed7fba7a333a3959c0ee1161","poolType":"CURVE"}	{"lastPrice": "974266130019222160"}
{"blockNumber":21414114,"chainId":1,"poolAddress":"0x44015b17ba889ac3c08757ddd89552b5d03b73c6","poolType":"CURVE"}	{"lastPrice": "927102794034677620"}
{"blockNumber":21449793,"chainId":1,"poolAddress":"0x44015b17ba889ac3c08757ddd89552b5d03b73c6","poolType":"CURVE"}	{"lastPrice": "923503130578874820"}
{"blockNumber":21450002,"chainId":1,"poolAddress":"0x44015b17ba889ac3c08757ddd89552b5d03b73c6","poolType":"CURVE"}	{"lastPrice": "922793307757984708"}
