id	output
{"blockNumber":19727260,"chainId":1,"wrapperAddress":"0xc845ceffbdea2a686937ec20dd6d565333057fd1"}	{"name": "UNKNOWN", "asset": "", "symbol": "UNKNOWN", "decimals": 18, "assetName": "UNKNOWN", "vaultShare": "", "assetSymbol": "UNKNOWN", "assetDecimals": 18, "vaultShareName": "UNKNOWN", "vaultShareSymbol": "UNKNOWN", "vaultShareDecimals": 18}
{"blockNumber":19727270,"chainId":1,"wrapperAddress":"0xe644cfe77df63d08d4fb52c2508c9784e8baa3d7"}	{"name": "UNKNOWN", "asset": "", "symbol": "UNKNOWN", "decimals": 18, "assetName": "UNKNOWN", "vaultShare": "", "assetSymbol": "UNKNOWN", "assetDecimals": 18, "vaultShareName": "UNKNOWN", "vaultShareSymbol": "UNKNOWN", "vaultShareDecimals": 18}
{"blockNumber":19727273,"chainId":1,"wrapperAddress":"0x09176eacaa413cc0722aa5ad716820e8f19682b7"}	{"name": "UNKNOWN", "asset": "", "symbol": "UNKNOWN", "decimals": 18, "assetName": "UNKNOWN", "vaultShare": "", "assetSymbol": "UNKNOWN", "assetDecimals": 18, "vaultShareName": "UNKNOWN", "vaultShareSymbol": "UNKNOWN", "vaultShareDecimals": 18}
{"blockNumber":19727277,"chainId":1,"wrapperAddress":"0xae4d5d5199265512b2a77ad675107735b891abc8"}	{"name": "UNKNOWN", "asset": "", "symbol": "UNKNOWN", "decimals": 18, "assetName": "UNKNOWN", "vaultShare": "", "assetSymbol": "UNKNOWN", "assetDecimals": 18, "vaultShareName": "UNKNOWN", "vaultShareSymbol": "UNKNOWN", "vaultShareDecimals": 18}
{"blockNumber":19727277,"chainId":1,"wrapperAddress":"0xcf8c90f9aaa09832a03459d025132573633c99ad"}	{"name": "UNKNOWN", "asset": "", "symbol": "UNKNOWN", "decimals": 18, "assetName": "UNKNOWN", "vaultShare": "", "assetSymbol": "UNKNOWN", "assetDecimals": 18, "vaultShareName": "UNKNOWN", "vaultShareSymbol": "UNKNOWN", "vaultShareDecimals": 18}
{"blockNumber":19727285,"chainId":1,"wrapperAddress":"0x9c594c2e2e2e5aa300be12596215188c324c3e7c"}	{"name": "UNKNOWN", "asset": "", "symbol": "UNKNOWN", "decimals": 18, "assetName": "UNKNOWN", "vaultShare": "", "assetSymbol": "UNKNOWN", "assetDecimals": 18, "vaultShareName": "UNKNOWN", "vaultShareSymbol": "UNKNOWN", "vaultShareDecimals": 18}
{"blockNumber":19727285,"chainId":1,"wrapperAddress":"0xa73c7a9915b91069819d50ccc3e51a08e069d61d"}	{"name": "UNKNOWN", "asset": "", "symbol": "UNKNOWN", "decimals": 18, "assetName": "UNKNOWN", "vaultShare": "", "assetSymbol": "UNKNOWN", "assetDecimals": 18, "vaultShareName": "UNKNOWN", "vaultShareSymbol": "UNKNOWN", "vaultShareDecimals": 18}
{"blockNumber":19734910,"chainId":1,"wrapperAddress":"0x9d9cf84e7e9411b593549118d15092064c8ed888"}	{"name": "UNKNOWN", "asset": "", "symbol": "UNKNOWN", "decimals": 18, "assetName": "UNKNOWN", "vaultShare": "", "assetSymbol": "UNKNOWN", "assetDecimals": 18, "vaultShareName": "UNKNOWN", "vaultShareSymbol": "UNKNOWN", "vaultShareDecimals": 18}
{"blockNumber":19734910,"chainId":1,"wrapperAddress":"0x4425779f145f6599cfceaa9443b497a7a2dfdb17"}	{"name": "UNKNOWN", "asset": "", "symbol": "UNKNOWN", "decimals": 18, "assetName": "UNKNOWN", "vaultShare": "", "assetSymbol": "UNKNOWN", "assetDecimals": 18, "vaultShareName": "UNKNOWN", "vaultShareSymbol": "UNKNOWN", "vaultShareDecimals": 18}
{"blockNumber":19734910,"chainId":1,"wrapperAddress":"0x3d72440af4b0312084bc51a2038180876d208832"}	{"name": "UNKNOWN", "asset": "", "symbol": "UNKNOWN", "decimals": 18, "assetName": "UNKNOWN", "vaultShare": "", "assetSymbol": "UNKNOWN", "assetDecimals": 18, "vaultShareName": "UNKNOWN", "vaultShareSymbol": "UNKNOWN", "vaultShareDecimals": 18}
{"blockNumber":19736964,"chainId":1,"wrapperAddress":"0xf2dbaabd8f8e0993f11de4ced470df1ed1a4491b"}	{"name": "Steadefi", "asset": "", "symbol": "SDY", "decimals": 18, "assetName": "UNKNOWN", "vaultShare": "", "assetSymbol": "UNKNOWN", "assetDecimals": 18, "vaultShareName": "UNKNOWN", "vaultShareSymbol": "UNKNOWN", "vaultShareDecimals": 18}
{"blockNumber":19769636,"chainId":1,"wrapperAddress":"0xaa6af98c1518289246074df4e485b5ba2bfc4e5c"}	{"name": "UNKNOWN", "asset": "", "symbol": "UNKNOWN", "decimals": 18, "assetName": "UNKNOWN", "vaultShare": "", "assetSymbol": "UNKNOWN", "assetDecimals": 18, "vaultShareName": "UNKNOWN", "vaultShareSymbol": "UNKNOWN", "vaultShareDecimals": 18}
{"blockNumber":19769637,"chainId":1,"wrapperAddress":"0x19ad0a7153e192fa10a75954e4c5e259cafc47bc"}	{"name": "UNKNOWN", "asset": "", "symbol": "UNKNOWN", "decimals": 18, "assetName": "UNKNOWN", "vaultShare": "", "assetSymbol": "UNKNOWN", "assetDecimals": 18, "vaultShareName": "UNKNOWN", "vaultShareSymbol": "UNKNOWN", "vaultShareDecimals": 18}
{"blockNumber":19769638,"chainId":1,"wrapperAddress":"0x24d7e4cf43e5e251bce0370990c56b5cafdeaf45"}	{"name": "UNKNOWN", "asset": "", "symbol": "UNKNOWN", "decimals": 18, "assetName": "UNKNOWN", "vaultShare": "", "assetSymbol": "UNKNOWN", "assetDecimals": 18, "vaultShareName": "UNKNOWN", "vaultShareSymbol": "UNKNOWN", "vaultShareDecimals": 18}
{"blockNumber":19769638,"chainId":1,"wrapperAddress":"0x0304a9462169aa9e77ec4d51b1fa31eb15513cd0"}	{"name": "UNKNOWN", "asset": "", "symbol": "UNKNOWN", "decimals": 18, "assetName": "UNKNOWN", "vaultShare": "", "assetSymbol": "UNKNOWN", "assetDecimals": 18, "vaultShareName": "UNKNOWN", "vaultShareSymbol": "UNKNOWN", "vaultShareDecimals": 18}
{"blockNumber":19769638,"chainId":1,"wrapperAddress":"0xc0613d300b84a5a610d72c38b96c3d71ac85ec97"}	{"name": "UNKNOWN", "asset": "", "symbol": "UNKNOWN", "decimals": 18, "assetName": "UNKNOWN", "vaultShare": "", "assetSymbol": "UNKNOWN", "assetDecimals": 18, "vaultShareName": "UNKNOWN", "vaultShareSymbol": "UNKNOWN", "vaultShareDecimals": 18}
{"blockNumber":19769638,"chainId":1,"wrapperAddress":"0xb0c420f623bc6bee71463d968aa139ef6eb882b0"}	{"name": "UNKNOWN", "asset": "", "symbol": "UNKNOWN", "decimals": 18, "assetName": "UNKNOWN", "vaultShare": "", "assetSymbol": "UNKNOWN", "assetDecimals": 18, "vaultShareName": "UNKNOWN", "vaultShareSymbol": "UNKNOWN", "vaultShareDecimals": 18}
{"blockNumber":19769652,"chainId":1,"wrapperAddress":"0x1d03e4bcc928795b1eeac1205fa9ddc4a3241d95"}	{"name": "UNKNOWN", "asset": "", "symbol": "UNKNOWN", "decimals": 18, "assetName": "UNKNOWN", "vaultShare": "", "assetSymbol": "UNKNOWN", "assetDecimals": 18, "vaultShareName": "UNKNOWN", "vaultShareSymbol": "UNKNOWN", "vaultShareDecimals": 18}
{"blockNumber":19769653,"chainId":1,"wrapperAddress":"0x628b183f248a142a598aa2dcccd6f7e480a7ccf2"}	{"name": "UNKNOWN", "asset": "", "symbol": "UNKNOWN", "decimals": 18, "assetName": "UNKNOWN", "vaultShare": "", "assetSymbol": "UNKNOWN", "assetDecimals": 18, "vaultShareName": "UNKNOWN", "vaultShareSymbol": "UNKNOWN", "vaultShareDecimals": 18}
{"blockNumber":19769654,"chainId":1,"wrapperAddress":"0x8efd1dc43ad073232f3e2924e22f173879119489"}	{"name": "UNKNOWN", "asset": "", "symbol": "UNKNOWN", "decimals": 18, "assetName": "UNKNOWN", "vaultShare": "", "assetSymbol": "UNKNOWN", "assetDecimals": 18, "vaultShareName": "UNKNOWN", "vaultShareSymbol": "UNKNOWN", "vaultShareDecimals": 18}
{"blockNumber":19769655,"chainId":1,"wrapperAddress":"0xe6d798165a32f37927af20d7ccb1f80fb731a3c0"}	{"name": "UNKNOWN", "asset": "", "symbol": "UNKNOWN", "decimals": 18, "assetName": "UNKNOWN", "vaultShare": "", "assetSymbol": "UNKNOWN", "assetDecimals": 18, "vaultShareName": "UNKNOWN", "vaultShareSymbol": "UNKNOWN", "vaultShareDecimals": 18}
{"blockNumber":19769657,"chainId":1,"wrapperAddress":"0x7d26ad6f6ba9d6ba1de0218ae5e20cd3a273a55a"}	{"name": "Puffer Validator Ticket", "asset": "", "symbol": "VT", "decimals": 18, "assetName": "UNKNOWN", "vaultShare": "", "assetSymbol": "UNKNOWN", "assetDecimals": 18, "vaultShareName": "UNKNOWN", "vaultShareSymbol": "UNKNOWN", "vaultShareDecimals": 18}
{"blockNumber":19769667,"chainId":1,"wrapperAddress":"0x9e1e4fcb49931df5743e659ad910d331735c3860"}	{"name": "UNKNOWN", "asset": "", "symbol": "UNKNOWN", "decimals": 18, "assetName": "UNKNOWN", "vaultShare": "", "assetSymbol": "UNKNOWN", "assetDecimals": 18, "vaultShareName": "UNKNOWN", "vaultShareSymbol": "UNKNOWN", "vaultShareDecimals": 18}
{"blockNumber":19769668,"chainId":1,"wrapperAddress":"0xf7b6b32492c2e13799d921e84202450131bd238b"}	{"name": "UNKNOWN", "asset": "", "symbol": "UNKNOWN", "decimals": 18, "assetName": "UNKNOWN", "vaultShare": "", "assetSymbol": "UNKNOWN", "assetDecimals": 18, "vaultShareName": "UNKNOWN", "vaultShareSymbol": "UNKNOWN", "vaultShareDecimals": 18}
{"blockNumber":19769668,"chainId":1,"wrapperAddress":"0xe60ca7abf24de99af64e7d9057659ae2dbc2eb2c"}	{"name": "UNKNOWN", "asset": "", "symbol": "UNKNOWN", "decimals": 18, "assetName": "UNKNOWN", "vaultShare": "", "assetSymbol": "UNKNOWN", "assetDecimals": 18, "vaultShareName": "UNKNOWN", "vaultShareSymbol": "UNKNOWN", "vaultShareDecimals": 18}
{"blockNumber":19821569,"chainId":1,"wrapperAddress":"0xf831b40e80ffd364b0a08619666ee09df3a3f73a"}	{"name": "UNKNOWN", "asset": "", "symbol": "UNKNOWN", "decimals": 18, "assetName": "UNKNOWN", "vaultShare": "", "assetSymbol": "UNKNOWN", "assetDecimals": 18, "vaultShareName": "UNKNOWN", "vaultShareSymbol": "UNKNOWN", "vaultShareDecimals": 18}
{"blockNumber":19821569,"chainId":1,"wrapperAddress":"0xf5d31b441b8f1c53c7c5beb80089fec228c531fb"}	{"name": "UNKNOWN", "asset": "", "symbol": "UNKNOWN", "decimals": 18, "assetName": "UNKNOWN", "vaultShare": "", "assetSymbol": "UNKNOWN", "assetDecimals": 18, "vaultShareName": "UNKNOWN", "vaultShareSymbol": "UNKNOWN", "vaultShareDecimals": 18}
{"blockNumber":19821569,"chainId":1,"wrapperAddress":"0xa4c78fdae426d16baa010acedeec87706ac3f76b"}	{"name": "UNKNOWN", "asset": "", "symbol": "UNKNOWN", "decimals": 18, "assetName": "UNKNOWN", "vaultShare": "", "assetSymbol": "UNKNOWN", "assetDecimals": 18, "vaultShareName": "UNKNOWN", "vaultShareSymbol": "UNKNOWN", "vaultShareDecimals": 18}
{"blockNumber":19821569,"chainId":1,"wrapperAddress":"0xbb43dcafa77fb5d1888a087ce6a30c287981c391"}	{"name": "UNKNOWN", "asset": "", "symbol": "UNKNOWN", "decimals": 18, "assetName": "UNKNOWN", "vaultShare": "", "assetSymbol": "UNKNOWN", "assetDecimals": 18, "vaultShareName": "UNKNOWN", "vaultShareSymbol": "UNKNOWN", "vaultShareDecimals": 18}
{"blockNumber":19821569,"chainId":1,"wrapperAddress":"0xbca580b952801236322734bb146f3e27894f736e"}	{"name": "UNKNOWN", "asset": "", "symbol": "UNKNOWN", "decimals": 18, "assetName": "UNKNOWN", "vaultShare": "", "assetSymbol": "UNKNOWN", "assetDecimals": 18, "vaultShareName": "UNKNOWN", "vaultShareSymbol": "UNKNOWN", "vaultShareDecimals": 18}
{"blockNumber":19821569,"chainId":1,"wrapperAddress":"0x48c09cad9d785e21210a4e84fcb0ff5a3a73c58d"}	{"name": "UNKNOWN", "asset": "", "symbol": "UNKNOWN", "decimals": 18, "assetName": "UNKNOWN", "vaultShare": "", "assetSymbol": "UNKNOWN", "assetDecimals": 18, "vaultShareName": "UNKNOWN", "vaultShareSymbol": "UNKNOWN", "vaultShareDecimals": 18}
{"blockNumber":19821569,"chainId":1,"wrapperAddress":"0x5fde1b2d371243edca74b77082d40e01c5f15b31"}	{"name": "UNKNOWN", "asset": "", "symbol": "UNKNOWN", "decimals": 18, "assetName": "UNKNOWN", "vaultShare": "", "assetSymbol": "UNKNOWN", "assetDecimals": 18, "vaultShareName": "UNKNOWN", "vaultShareSymbol": "UNKNOWN", "vaultShareDecimals": 18}
{"blockNumber":19821569,"chainId":1,"wrapperAddress":"0xc327e3152ef9784faf0190cfa2592ddea5455430"}	{"name": "UNKNOWN", "asset": "", "symbol": "UNKNOWN", "decimals": 18, "assetName": "UNKNOWN", "vaultShare": "", "assetSymbol": "UNKNOWN", "assetDecimals": 18, "vaultShareName": "UNKNOWN", "vaultShareSymbol": "UNKNOWN", "vaultShareDecimals": 18}
{"blockNumber":19821569,"chainId":1,"wrapperAddress":"0x4cee5738cc8cc1ff262034c4ddcf42675504afa9"}	{"name": "UNKNOWN", "asset": "", "symbol": "UNKNOWN", "decimals": 18, "assetName": "UNKNOWN", "vaultShare": "", "assetSymbol": "UNKNOWN", "assetDecimals": 18, "vaultShareName": "UNKNOWN", "vaultShareSymbol": "UNKNOWN", "vaultShareDecimals": 18}
{"blockNumber":19821569,"chainId":1,"wrapperAddress":"0x9afca71c47910fe300fe0419a621a29c79537337"}	{"name": "UNKNOWN", "asset": "", "symbol": "UNKNOWN", "decimals": 18, "assetName": "UNKNOWN", "vaultShare": "", "assetSymbol": "UNKNOWN", "assetDecimals": 18, "vaultShareName": "UNKNOWN", "vaultShareSymbol": "UNKNOWN", "vaultShareDecimals": 18}
{"blockNumber":19821569,"chainId":1,"wrapperAddress":"0x0c9e6af5ad0d4826d81b8d51c4f4c2044ad05763"}	{"name": "UNKNOWN", "asset": "", "symbol": "UNKNOWN", "decimals": 18, "assetName": "UNKNOWN", "vaultShare": "", "assetSymbol": "UNKNOWN", "assetDecimals": 18, "vaultShareName": "UNKNOWN", "vaultShareSymbol": "UNKNOWN", "vaultShareDecimals": 18}
{"blockNumber":19821569,"chainId":1,"wrapperAddress":"0xf66a37b7d6e99b9af3d835d1b33c80abe339915d"}	{"name": "UNKNOWN", "asset": "", "symbol": "UNKNOWN", "decimals": 18, "assetName": "UNKNOWN", "vaultShare": "", "assetSymbol": "UNKNOWN", "assetDecimals": 18, "vaultShareName": "UNKNOWN", "vaultShareSymbol": "UNKNOWN", "vaultShareDecimals": 18}
{"blockNumber":19821569,"chainId":1,"wrapperAddress":"0x2ab60aa450c7f16afd70f27a789833ebc638a9d0"}	{"name": "UNKNOWN", "asset": "", "symbol": "UNKNOWN", "decimals": 18, "assetName": "UNKNOWN", "vaultShare": "", "assetSymbol": "UNKNOWN", "assetDecimals": 18, "vaultShareName": "UNKNOWN", "vaultShareSymbol": "UNKNOWN", "vaultShareDecimals": 18}
{"blockNumber":19821569,"chainId":1,"wrapperAddress":"0xc6910530820b3b85053be0db2863f332d6f45792"}	{"name": "UNKNOWN", "asset": "", "symbol": "UNKNOWN", "decimals": 18, "assetName": "UNKNOWN", "vaultShare": "", "assetSymbol": "UNKNOWN", "assetDecimals": 18, "vaultShareName": "UNKNOWN", "vaultShareSymbol": "UNKNOWN", "vaultShareDecimals": 18}
{"blockNumber":19821569,"chainId":1,"wrapperAddress":"0x4d92687163dcfd582bb9e103e9086904901b55f8"}	{"name": "UNKNOWN", "asset": "", "symbol": "UNKNOWN", "decimals": 18, "assetName": "UNKNOWN", "vaultShare": "", "assetSymbol": "UNKNOWN", "assetDecimals": 18, "vaultShareName": "UNKNOWN", "vaultShareSymbol": "UNKNOWN", "vaultShareDecimals": 18}
{"blockNumber":19821569,"chainId":1,"wrapperAddress":"0xfbe7657e38fe774027978271603ec22d95c1eb54"}	{"name": "UNKNOWN", "asset": "", "symbol": "UNKNOWN", "decimals": 18, "assetName": "UNKNOWN", "vaultShare": "", "assetSymbol": "UNKNOWN", "assetDecimals": 18, "vaultShareName": "UNKNOWN", "vaultShareSymbol": "UNKNOWN", "vaultShareDecimals": 18}
{"blockNumber":19821569,"chainId":1,"wrapperAddress":"0xf22a3f429905f9faa2ebe5947fc2d58b6ecce440"}	{"name": "UNKNOWN", "asset": "", "symbol": "UNKNOWN", "decimals": 18, "assetName": "UNKNOWN", "vaultShare": "", "assetSymbol": "UNKNOWN", "assetDecimals": 18, "vaultShareName": "UNKNOWN", "vaultShareSymbol": "UNKNOWN", "vaultShareDecimals": 18}
{"blockNumber":19821569,"chainId":1,"wrapperAddress":"0x5a2b0b1a12af2b10c7d6a4ab612a667cb8ba278d"}	{"name": "UNKNOWN", "asset": "", "symbol": "UNKNOWN", "decimals": 18, "assetName": "UNKNOWN", "vaultShare": "", "assetSymbol": "UNKNOWN", "assetDecimals": 18, "vaultShareName": "UNKNOWN", "vaultShareSymbol": "UNKNOWN", "vaultShareDecimals": 18}
{"blockNumber":19821569,"chainId":1,"wrapperAddress":"0xfe80649dc2cb126dd10603be02f0d94afc364fc9"}	{"name": "UNKNOWN", "asset": "", "symbol": "UNKNOWN", "decimals": 18, "assetName": "UNKNOWN", "vaultShare": "", "assetSymbol": "UNKNOWN", "assetDecimals": 18, "vaultShareName": "UNKNOWN", "vaultShareSymbol": "UNKNOWN", "vaultShareDecimals": 18}
{"blockNumber":19833771,"chainId":1,"wrapperAddress":"0x4d7c3fc856ab52753b91a6c9213adf013309dd25"}	{"name": "UNKNOWN", "asset": "", "symbol": "UNKNOWN", "decimals": 18, "assetName": "UNKNOWN", "vaultShare": "", "assetSymbol": "UNKNOWN", "assetDecimals": 18, "vaultShareName": "UNKNOWN", "vaultShareSymbol": "UNKNOWN", "vaultShareDecimals": 18}
{"blockNumber":19833771,"chainId":1,"wrapperAddress":"0x175da1e44c8fbf124714a3bba5dc18a7e65664d6"}	{"name": "UNKNOWN", "asset": "", "symbol": "UNKNOWN", "decimals": 18, "assetName": "UNKNOWN", "vaultShare": "", "assetSymbol": "UNKNOWN", "assetDecimals": 18, "vaultShareName": "UNKNOWN", "vaultShareSymbol": "UNKNOWN", "vaultShareDecimals": 18}
{"blockNumber":19833771,"chainId":1,"wrapperAddress":"0x8c81d590cc94ca2451c4bde24c598193da74a575"}	{"name": "UNKNOWN", "asset": "", "symbol": "UNKNOWN", "decimals": 18, "assetName": "UNKNOWN", "vaultShare": "", "assetSymbol": "UNKNOWN", "assetDecimals": 18, "vaultShareName": "UNKNOWN", "vaultShareSymbol": "UNKNOWN", "vaultShareDecimals": 18}
{"blockNumber":19833771,"chainId":1,"wrapperAddress":"0xe48e7102c03812dfa1fdf0bbe6dbba6dc70b0f33"}	{"name": "UNKNOWN", "asset": "", "symbol": "UNKNOWN", "decimals": 18, "assetName": "UNKNOWN", "vaultShare": "", "assetSymbol": "UNKNOWN", "assetDecimals": 18, "vaultShareName": "UNKNOWN", "vaultShareSymbol": "UNKNOWN", "vaultShareDecimals": 18}
{"blockNumber":19833771,"chainId":1,"wrapperAddress":"0x59639aeee35c4108923fd16e66055b347fbeadd2"}	{"name": "UNKNOWN", "asset": "", "symbol": "UNKNOWN", "decimals": 18, "assetName": "UNKNOWN", "vaultShare": "", "assetSymbol": "UNKNOWN", "assetDecimals": 18, "vaultShareName": "UNKNOWN", "vaultShareSymbol": "UNKNOWN", "vaultShareDecimals": 18}
{"blockNumber":19833771,"chainId":1,"wrapperAddress":"0xdd6859450e80665db854022e85fb0ed2f0240cb9"}	{"name": "UNKNOWN", "asset": "", "symbol": "UNKNOWN", "decimals": 18, "assetName": "UNKNOWN", "vaultShare": "", "assetSymbol": "UNKNOWN", "assetDecimals": 18, "vaultShareName": "UNKNOWN", "vaultShareSymbol": "UNKNOWN", "vaultShareDecimals": 18}
{"blockNumber":19833771,"chainId":1,"wrapperAddress":"0x73f23013c5a4c209de945cdc58595a4d53d23084"}	{"name": "UNKNOWN", "asset": "", "symbol": "UNKNOWN", "decimals": 18, "assetName": "UNKNOWN", "vaultShare": "", "assetSymbol": "UNKNOWN", "assetDecimals": 18, "vaultShareName": "UNKNOWN", "vaultShareSymbol": "UNKNOWN", "vaultShareDecimals": 18}
{"blockNumber":19845895,"chainId":1,"wrapperAddress":"0x0be2ae0edbebb517541df217ef0074fc9a9e994f"}	{"name": "UNKNOWN", "asset": "", "symbol": "UNKNOWN", "decimals": 18, "assetName": "UNKNOWN", "vaultShare": "", "assetSymbol": "UNKNOWN", "assetDecimals": 18, "vaultShareName": "UNKNOWN", "vaultShareSymbol": "UNKNOWN", "vaultShareDecimals": 18}
{"blockNumber":19845897,"chainId":1,"wrapperAddress":"0x3fee92765f5cf8f9909a3c89f4907ea5e1cd9bf7"}	{"name": "UNKNOWN", "asset": "", "symbol": "UNKNOWN", "decimals": 18, "assetName": "UNKNOWN", "vaultShare": "", "assetSymbol": "UNKNOWN", "assetDecimals": 18, "vaultShareName": "UNKNOWN", "vaultShareSymbol": "UNKNOWN", "vaultShareDecimals": 18}
{"blockNumber":19862946,"chainId":1,"wrapperAddress":"0x2d8f1a00e3e768d679fa7bd6fe567faa70f726b2"}	{"name": "UNKNOWN", "asset": "", "symbol": "UNKNOWN", "decimals": 18, "assetName": "UNKNOWN", "vaultShare": "", "assetSymbol": "UNKNOWN", "assetDecimals": 18, "vaultShareName": "UNKNOWN", "vaultShareSymbol": "UNKNOWN", "vaultShareDecimals": 18}
{"blockNumber":19892260,"chainId":1,"wrapperAddress":"0x7822be4356b5e633bb8a445952c3d35fdb642986"}	{"name": "UNKNOWN", "asset": "", "symbol": "UNKNOWN", "decimals": 18, "assetName": "UNKNOWN", "vaultShare": "", "assetSymbol": "UNKNOWN", "assetDecimals": 18, "vaultShareName": "UNKNOWN", "vaultShareSymbol": "UNKNOWN", "vaultShareDecimals": 18}
{"blockNumber":19892260,"chainId":1,"wrapperAddress":"0xda2dcde31b020b6b6f8c02d2bf4821db22091750"}	{"name": "UNKNOWN", "asset": "", "symbol": "UNKNOWN", "decimals": 18, "assetName": "UNKNOWN", "vaultShare": "", "assetSymbol": "UNKNOWN", "assetDecimals": 18, "vaultShareName": "UNKNOWN", "vaultShareSymbol": "UNKNOWN", "vaultShareDecimals": 18}
{"blockNumber":19892260,"chainId":1,"wrapperAddress":"0x32eec068c4d0578b94169726890d5395d4647dc4"}	{"name": "UNKNOWN", "asset": "", "symbol": "UNKNOWN", "decimals": 18, "assetName": "UNKNOWN", "vaultShare": "", "assetSymbol": "UNKNOWN", "assetDecimals": 18, "vaultShareName": "UNKNOWN", "vaultShareSymbol": "UNKNOWN", "vaultShareDecimals": 18}
{"blockNumber":19892260,"chainId":1,"wrapperAddress":"0x70d8c06125145281710dd73de382b7c1938200ea"}	{"name": "UNKNOWN", "asset": "", "symbol": "UNKNOWN", "decimals": 18, "assetName": "UNKNOWN", "vaultShare": "", "assetSymbol": "UNKNOWN", "assetDecimals": 18, "vaultShareName": "UNKNOWN", "vaultShareSymbol": "UNKNOWN", "vaultShareDecimals": 18}
{"blockNumber":19892260,"chainId":1,"wrapperAddress":"0x55efc9f901a5ada996011276450f7320729223b0"}	{"name": "UNKNOWN", "asset": "", "symbol": "UNKNOWN", "decimals": 18, "assetName": "UNKNOWN", "vaultShare": "", "assetSymbol": "UNKNOWN", "assetDecimals": 18, "vaultShareName": "UNKNOWN", "vaultShareSymbol": "UNKNOWN", "vaultShareDecimals": 18}
{"blockNumber":19892260,"chainId":1,"wrapperAddress":"0xc1102180394132f19b6a50a158ec313ceffc4a3a"}	{"name": "UNKNOWN", "asset": "", "symbol": "UNKNOWN", "decimals": 18, "assetName": "UNKNOWN", "vaultShare": "", "assetSymbol": "UNKNOWN", "assetDecimals": 18, "vaultShareName": "UNKNOWN", "vaultShareSymbol": "UNKNOWN", "vaultShareDecimals": 18}
{"blockNumber":19892260,"chainId":1,"wrapperAddress":"0xf2d65e8093201c1645b822f9849fe375ea96056a"}	{"name": "UNKNOWN", "asset": "", "symbol": "UNKNOWN", "decimals": 18, "assetName": "UNKNOWN", "vaultShare": "", "assetSymbol": "UNKNOWN", "assetDecimals": 18, "vaultShareName": "UNKNOWN", "vaultShareSymbol": "UNKNOWN", "vaultShareDecimals": 18}
{"blockNumber":19892260,"chainId":1,"wrapperAddress":"0xb1ee744162e94cced7cab1d53d81664950e41c39"}	{"name": "UNKNOWN", "asset": "", "symbol": "UNKNOWN", "decimals": 18, "assetName": "UNKNOWN", "vaultShare": "", "assetSymbol": "UNKNOWN", "assetDecimals": 18, "vaultShareName": "UNKNOWN", "vaultShareSymbol": "UNKNOWN", "vaultShareDecimals": 18}
{"blockNumber":19892260,"chainId":1,"wrapperAddress":"0x6c6f3c472b5180df84efc7d65e81f7950d87a3f6"}	{"name": "UNKNOWN", "asset": "", "symbol": "UNKNOWN", "decimals": 18, "assetName": "UNKNOWN", "vaultShare": "", "assetSymbol": "UNKNOWN", "assetDecimals": 18, "vaultShareName": "UNKNOWN", "vaultShareSymbol": "UNKNOWN", "vaultShareDecimals": 18}
{"blockNumber":19892260,"chainId":1,"wrapperAddress":"0xca3964974bae15cb7d941b32712302b2b6c5d4ab"}	{"name": "UNKNOWN", "asset": "", "symbol": "UNKNOWN", "decimals": 18, "assetName": "UNKNOWN", "vaultShare": "", "assetSymbol": "UNKNOWN", "assetDecimals": 18, "vaultShareName": "UNKNOWN", "vaultShareSymbol": "UNKNOWN", "vaultShareDecimals": 18}
{"blockNumber":19892260,"chainId":1,"wrapperAddress":"0xb53d7bcbc30652ff35650246e3b591a064266b2b"}	{"name": "UNKNOWN", "asset": "", "symbol": "UNKNOWN", "decimals": 18, "assetName": "UNKNOWN", "vaultShare": "", "assetSymbol": "UNKNOWN", "assetDecimals": 18, "vaultShareName": "UNKNOWN", "vaultShareSymbol": "UNKNOWN", "vaultShareDecimals": 18}
{"blockNumber":19892260,"chainId":1,"wrapperAddress":"0xfa33e7d1bdfcb213e0cffa6e981fcad12d1638fa"}	{"name": "UNKNOWN", "asset": "", "symbol": "UNKNOWN", "decimals": 18, "assetName": "UNKNOWN", "vaultShare": "", "assetSymbol": "UNKNOWN", "assetDecimals": 18, "vaultShareName": "UNKNOWN", "vaultShareSymbol": "UNKNOWN", "vaultShareDecimals": 18}
{"blockNumber":19892260,"chainId":1,"wrapperAddress":"0x024d2378d80df4c6f49cb1f388d5a53d42c3e5fd"}	{"name": "UNKNOWN", "asset": "", "symbol": "UNKNOWN", "decimals": 18, "assetName": "UNKNOWN", "vaultShare": "", "assetSymbol": "UNKNOWN", "assetDecimals": 18, "vaultShareName": "UNKNOWN", "vaultShareSymbol": "UNKNOWN", "vaultShareDecimals": 18}
{"blockNumber":19892260,"chainId":1,"wrapperAddress":"0x2a89d38a2fd5b3d90c6f3813d23e0c2ed33cd7e2"}	{"name": "UNKNOWN", "asset": "", "symbol": "UNKNOWN", "decimals": 18, "assetName": "UNKNOWN", "vaultShare": "", "assetSymbol": "UNKNOWN", "assetDecimals": 18, "vaultShareName": "UNKNOWN", "vaultShareSymbol": "UNKNOWN", "vaultShareDecimals": 18}
{"blockNumber":19892260,"chainId":1,"wrapperAddress":"0x5905361a292c4582139a9ceaec1a71ea950d0677"}	{"name": "UNKNOWN", "asset": "", "symbol": "UNKNOWN", "decimals": 18, "assetName": "UNKNOWN", "vaultShare": "", "assetSymbol": "UNKNOWN", "assetDecimals": 18, "vaultShareName": "UNKNOWN", "vaultShareSymbol": "UNKNOWN", "vaultShareDecimals": 18}
{"blockNumber":19892260,"chainId":1,"wrapperAddress":"0x4cda1525b7d6577a59b6325201b3a68939da91d8"}	{"name": "UNKNOWN", "asset": "", "symbol": "UNKNOWN", "decimals": 18, "assetName": "UNKNOWN", "vaultShare": "", "assetSymbol": "UNKNOWN", "assetDecimals": 18, "vaultShareName": "UNKNOWN", "vaultShareSymbol": "UNKNOWN", "vaultShareDecimals": 18}
{"blockNumber":19892260,"chainId":1,"wrapperAddress":"0xb92ac33d59ec4f93787acc773ba6e26ef536749a"}	{"name": "UNKNOWN", "asset": "", "symbol": "UNKNOWN", "decimals": 18, "assetName": "UNKNOWN", "vaultShare": "", "assetSymbol": "UNKNOWN", "assetDecimals": 18, "vaultShareName": "UNKNOWN", "vaultShareSymbol": "UNKNOWN", "vaultShareDecimals": 18}
{"blockNumber":19892260,"chainId":1,"wrapperAddress":"0xdbe13208672a329ac8827d5752ba3e63253617aa"}	{"name": "UNKNOWN", "asset": "", "symbol": "UNKNOWN", "decimals": 18, "assetName": "UNKNOWN", "vaultShare": "", "assetSymbol": "UNKNOWN", "assetDecimals": 18, "vaultShareName": "UNKNOWN", "vaultShareSymbol": "UNKNOWN", "vaultShareDecimals": 18}
{"blockNumber":19892260,"chainId":1,"wrapperAddress":"0xd695b18944902c0a2c899aaa789e06d30e6b0c6c"}	{"name": "UNKNOWN", "asset": "", "symbol": "UNKNOWN", "decimals": 18, "assetName": "UNKNOWN", "vaultShare": "", "assetSymbol": "UNKNOWN", "assetDecimals": 18, "vaultShareName": "UNKNOWN", "vaultShareSymbol": "UNKNOWN", "vaultShareDecimals": 18}
{"blockNumber":19892260,"chainId":1,"wrapperAddress":"0x5fee3852b09fd5be7043ba5eca71e674ea80c3ff"}	{"name": "UNKNOWN", "asset": "", "symbol": "UNKNOWN", "decimals": 18, "assetName": "UNKNOWN", "vaultShare": "", "assetSymbol": "UNKNOWN", "assetDecimals": 18, "vaultShareName": "UNKNOWN", "vaultShareSymbol": "UNKNOWN", "vaultShareDecimals": 18}
{"blockNumber":19892260,"chainId":1,"wrapperAddress":"0x4e15b6331eadaa84750870e4e24b84780c88ff91"}	{"name": "UNKNOWN", "asset": "", "symbol": "UNKNOWN", "decimals": 18, "assetName": "UNKNOWN", "vaultShare": "", "assetSymbol": "UNKNOWN", "assetDecimals": 18, "vaultShareName": "UNKNOWN", "vaultShareSymbol": "UNKNOWN", "vaultShareDecimals": 18}
{"blockNumber":19892260,"chainId":1,"wrapperAddress":"0xd44cf40b14249811a50dcb6dbd809e94e421929e"}	{"name": "UNKNOWN", "asset": "", "symbol": "UNKNOWN", "decimals": 18, "assetName": "UNKNOWN", "vaultShare": "", "assetSymbol": "UNKNOWN", "assetDecimals": 18, "vaultShareName": "UNKNOWN", "vaultShareSymbol": "UNKNOWN", "vaultShareDecimals": 18}
{"blockNumber":19892260,"chainId":1,"wrapperAddress":"0xfe41129f707591fda06bfa30df467351d09f1806"}	{"name": "UNKNOWN", "asset": "", "symbol": "UNKNOWN", "decimals": 18, "assetName": "UNKNOWN", "vaultShare": "", "assetSymbol": "UNKNOWN", "assetDecimals": 18, "vaultShareName": "UNKNOWN", "vaultShareSymbol": "UNKNOWN", "vaultShareDecimals": 18}
{"blockNumber":19892260,"chainId":1,"wrapperAddress":"0xc360a5080719b3819531e6a9135d7062a9aa71a4"}	{"name": "UNKNOWN", "asset": "", "symbol": "UNKNOWN", "decimals": 18, "assetName": "UNKNOWN", "vaultShare": "", "assetSymbol": "UNKNOWN", "assetDecimals": 18, "vaultShareName": "UNKNOWN", "vaultShareSymbol": "UNKNOWN", "vaultShareDecimals": 18}
{"blockNumber":19892260,"chainId":1,"wrapperAddress":"0x1d5b496c6992e6ebcf7a38a4097017fad76457a8"}	{"name": "UNKNOWN", "asset": "", "symbol": "UNKNOWN", "decimals": 18, "assetName": "UNKNOWN", "vaultShare": "", "assetSymbol": "UNKNOWN", "assetDecimals": 18, "vaultShareName": "UNKNOWN", "vaultShareSymbol": "UNKNOWN", "vaultShareDecimals": 18}
{"blockNumber":19892260,"chainId":1,"wrapperAddress":"0x31710a5588cd7fadbf5002744ee433a3ec5bf75b"}	{"name": "UNKNOWN", "asset": "", "symbol": "UNKNOWN", "decimals": 18, "assetName": "UNKNOWN", "vaultShare": "", "assetSymbol": "UNKNOWN", "assetDecimals": 18, "vaultShareName": "UNKNOWN", "vaultShareSymbol": "UNKNOWN", "vaultShareDecimals": 18}
{"blockNumber":19892260,"chainId":1,"wrapperAddress":"0xb25cfe029b6dcd87d5d9ae333e587b7a4873ce29"}	{"name": "UNKNOWN", "asset": "", "symbol": "UNKNOWN", "decimals": 18, "assetName": "UNKNOWN", "vaultShare": "", "assetSymbol": "UNKNOWN", "assetDecimals": 18, "vaultShareName": "UNKNOWN", "vaultShareSymbol": "UNKNOWN", "vaultShareDecimals": 18}
{"blockNumber":19892260,"chainId":1,"wrapperAddress":"0xe859a34cdd097ac7e8167ad828ca9ad969925a6a"}	{"name": "UNKNOWN", "asset": "", "symbol": "UNKNOWN", "decimals": 18, "assetName": "UNKNOWN", "vaultShare": "", "assetSymbol": "UNKNOWN", "assetDecimals": 18, "vaultShareName": "UNKNOWN", "vaultShareSymbol": "UNKNOWN", "vaultShareDecimals": 18}
{"blockNumber":19892260,"chainId":1,"wrapperAddress":"0x97f51ba27bdee65bb87ffe38e4a88c9c938272f7"}	{"name": "UNKNOWN", "asset": "", "symbol": "UNKNOWN", "decimals": 18, "assetName": "UNKNOWN", "vaultShare": "", "assetSymbol": "UNKNOWN", "assetDecimals": 18, "vaultShareName": "UNKNOWN", "vaultShareSymbol": "UNKNOWN", "vaultShareDecimals": 18}
{"blockNumber":19892260,"chainId":1,"wrapperAddress":"0x3000ca8ae328ae3996ee22c30b609d8e2b701599"}	{"name": "UNKNOWN", "asset": "", "symbol": "UNKNOWN", "decimals": 18, "assetName": "UNKNOWN", "vaultShare": "", "assetSymbol": "UNKNOWN", "assetDecimals": 18, "vaultShareName": "UNKNOWN", "vaultShareSymbol": "UNKNOWN", "vaultShareDecimals": 18}
{"blockNumber":19919019,"chainId":1,"wrapperAddress":"0x3d1fd4382bb3b1fe9dac005e77deb7a9bfb3aa14"}	{"name": "Principal Token: stUSD-1748217638", "asset": "", "symbol": "PT-stUSD-1748217638", "decimals": 18, "assetName": "UNKNOWN", "vaultShare": "", "assetSymbol": "UNKNOWN", "assetDecimals": 18, "vaultShareName": "UNKNOWN", "vaultShareSymbol": "UNKNOWN", "vaultShareDecimals": 18}
{"blockNumber":19919156,"chainId":1,"wrapperAddress":"0x1565e55b63675c703fcc3778bd33ea97f7be882f"}	{"name": "UNKNOWN", "asset": "", "symbol": "UNKNOWN", "decimals": 18, "assetName": "UNKNOWN", "vaultShare": "", "assetSymbol": "UNKNOWN", "assetDecimals": 18, "vaultShareName": "UNKNOWN", "vaultShareSymbol": "UNKNOWN", "vaultShareDecimals": 18}
{"blockNumber":19928084,"chainId":1,"wrapperAddress":"0xc7d669e7cc521a6676b20e209b3a49a1e64856f1"}	{"name": "Principal Token: sw-stkGHO-1732492824", "asset": "", "symbol": "PT-sw-stkGHO-1732492824", "decimals": 18, "assetName": "UNKNOWN", "vaultShare": "", "assetSymbol": "UNKNOWN", "assetDecimals": 18, "vaultShareName": "UNKNOWN", "vaultShareSymbol": "UNKNOWN", "vaultShareDecimals": 18}
{"blockNumber":19961120,"chainId":1,"wrapperAddress":"0x6def54ae7e38992a7d1ab60d279483ba7f7b0aeb"}	{"name": "Principal Token: KweETH-1727308807", "asset": "", "symbol": "PT-KweETH-1727308807", "decimals": 18, "assetName": "UNKNOWN", "vaultShare": "", "assetSymbol": "UNKNOWN", "assetDecimals": 18, "vaultShareName": "UNKNOWN", "vaultShareSymbol": "UNKNOWN", "vaultShareDecimals": 18}
{"blockNumber":19969673,"chainId":1,"wrapperAddress":"0xe617fc640413171100c32cc8dbf69fc7928d895e"}	{"name": "Principal Token: sw-uniBTC-1732752015", "asset": "", "symbol": "PT-sw-uniBTC-1732752015", "decimals": 8, "assetName": "UNKNOWN", "vaultShare": "", "assetSymbol": "UNKNOWN", "assetDecimals": 18, "vaultShareName": "UNKNOWN", "vaultShareSymbol": "UNKNOWN", "vaultShareDecimals": 18}
{"blockNumber":19992572,"chainId":1,"wrapperAddress":"0x56bfcc391b0be76a0fbd3c1b3c5e934680c92b0c"}	{"name": "UNKNOWN", "asset": "", "symbol": "UNKNOWN", "decimals": 18, "assetName": "UNKNOWN", "vaultShare": "", "assetSymbol": "UNKNOWN", "assetDecimals": 18, "vaultShareName": "UNKNOWN", "vaultShareSymbol": "UNKNOWN", "vaultShareDecimals": 18}
{"blockNumber":19992572,"chainId":1,"wrapperAddress":"0xef9c44b3b1a8101eba04e75c21f6ac67a4e0e626"}	{"name": "UNKNOWN", "asset": "", "symbol": "UNKNOWN", "decimals": 18, "assetName": "UNKNOWN", "vaultShare": "", "assetSymbol": "UNKNOWN", "assetDecimals": 18, "vaultShareName": "UNKNOWN", "vaultShareSymbol": "UNKNOWN", "vaultShareDecimals": 18}
{"blockNumber":19992572,"chainId":1,"wrapperAddress":"0xa709eb9a291304f99b830017523af8f1b9196fdf"}	{"name": "UNKNOWN", "asset": "", "symbol": "UNKNOWN", "decimals": 18, "assetName": "UNKNOWN", "vaultShare": "", "assetSymbol": "UNKNOWN", "assetDecimals": 18, "vaultShareName": "UNKNOWN", "vaultShareSymbol": "UNKNOWN", "vaultShareDecimals": 18}
{"blockNumber":19992572,"chainId":1,"wrapperAddress":"0x4b408f1ca8f09d0d9707ae5124238f451175d2ac"}	{"name": "UNKNOWN", "asset": "", "symbol": "UNKNOWN", "decimals": 18, "assetName": "UNKNOWN", "vaultShare": "", "assetSymbol": "UNKNOWN", "assetDecimals": 18, "vaultShareName": "UNKNOWN", "vaultShareSymbol": "UNKNOWN", "vaultShareDecimals": 18}
{"blockNumber":19992572,"chainId":1,"wrapperAddress":"0x141e6f34ff332e998f431199bedd6b0d0d10f860"}	{"name": "UNKNOWN", "asset": "", "symbol": "UNKNOWN", "decimals": 18, "assetName": "UNKNOWN", "vaultShare": "", "assetSymbol": "UNKNOWN", "assetDecimals": 18, "vaultShareName": "UNKNOWN", "vaultShareSymbol": "UNKNOWN", "vaultShareDecimals": 18}
{"blockNumber":19992572,"chainId":1,"wrapperAddress":"0xc7b096aa18541d4d9a3d617108f6935e65e5d069"}	{"name": "UNKNOWN", "asset": "", "symbol": "UNKNOWN", "decimals": 18, "assetName": "UNKNOWN", "vaultShare": "", "assetSymbol": "UNKNOWN", "assetDecimals": 18, "vaultShareName": "UNKNOWN", "vaultShareSymbol": "UNKNOWN", "vaultShareDecimals": 18}
{"blockNumber":19992572,"chainId":1,"wrapperAddress":"0x4bd8704cc263618e0620db01dbe30211de1dc72e"}	{"name": "UNKNOWN", "asset": "", "symbol": "UNKNOWN", "decimals": 18, "assetName": "UNKNOWN", "vaultShare": "", "assetSymbol": "UNKNOWN", "assetDecimals": 18, "vaultShareName": "UNKNOWN", "vaultShareSymbol": "UNKNOWN", "vaultShareDecimals": 18}
{"blockNumber":19992572,"chainId":1,"wrapperAddress":"0x09d4a923d904a86898898a79530190c40f5259e6"}	{"name": "UNKNOWN", "asset": "", "symbol": "UNKNOWN", "decimals": 18, "assetName": "UNKNOWN", "vaultShare": "", "assetSymbol": "UNKNOWN", "assetDecimals": 18, "vaultShareName": "UNKNOWN", "vaultShareSymbol": "UNKNOWN", "vaultShareDecimals": 18}
{"blockNumber":19992572,"chainId":1,"wrapperAddress":"0xc764054bded8ec0b71558e84615745f75cb6fd5c"}	{"name": "UNKNOWN", "asset": "", "symbol": "UNKNOWN", "decimals": 18, "assetName": "UNKNOWN", "vaultShare": "", "assetSymbol": "UNKNOWN", "assetDecimals": 18, "vaultShareName": "UNKNOWN", "vaultShareSymbol": "UNKNOWN", "vaultShareDecimals": 18}
{"blockNumber":19992572,"chainId":1,"wrapperAddress":"0xc63bf25a5f1f0ddaf87708087c8a1ea6de97ff23"}	{"name": "UNKNOWN", "asset": "", "symbol": "UNKNOWN", "decimals": 18, "assetName": "UNKNOWN", "vaultShare": "", "assetSymbol": "UNKNOWN", "assetDecimals": 18, "vaultShareName": "UNKNOWN", "vaultShareSymbol": "UNKNOWN", "vaultShareDecimals": 18}
{"blockNumber":19992572,"chainId":1,"wrapperAddress":"0x940c8dfad0c5e596d98e6acbf34d5edfbef11042"}	{"name": "UNKNOWN", "asset": "", "symbol": "UNKNOWN", "decimals": 18, "assetName": "UNKNOWN", "vaultShare": "", "assetSymbol": "UNKNOWN", "assetDecimals": 18, "vaultShareName": "UNKNOWN", "vaultShareSymbol": "UNKNOWN", "vaultShareDecimals": 18}
{"blockNumber":19992572,"chainId":1,"wrapperAddress":"0x311a752130c8e136dd1c6de8313d269b6105d319"}	{"name": "UNKNOWN", "asset": "", "symbol": "UNKNOWN", "decimals": 18, "assetName": "UNKNOWN", "vaultShare": "", "assetSymbol": "UNKNOWN", "assetDecimals": 18, "vaultShareName": "UNKNOWN", "vaultShareSymbol": "UNKNOWN", "vaultShareDecimals": 18}
{"blockNumber":19992572,"chainId":1,"wrapperAddress":"0x4f0f64afca99e253a89823c835ddb4d950cf6652"}	{"name": "UNKNOWN", "asset": "", "symbol": "UNKNOWN", "decimals": 18, "assetName": "UNKNOWN", "vaultShare": "", "assetSymbol": "UNKNOWN", "assetDecimals": 18, "vaultShareName": "UNKNOWN", "vaultShareSymbol": "UNKNOWN", "vaultShareDecimals": 18}
{"blockNumber":19992572,"chainId":1,"wrapperAddress":"0x0753edfd731698a1ac669c7c07602cbc3946bc5b"}	{"name": "UNKNOWN", "asset": "", "symbol": "UNKNOWN", "decimals": 18, "assetName": "UNKNOWN", "vaultShare": "", "assetSymbol": "UNKNOWN", "assetDecimals": 18, "vaultShareName": "UNKNOWN", "vaultShareSymbol": "UNKNOWN", "vaultShareDecimals": 18}
{"blockNumber":19992572,"chainId":1,"wrapperAddress":"0xfb31d482c5736a1bde326ac4621af0a142ce4046"}	{"name": "UNKNOWN", "asset": "", "symbol": "UNKNOWN", "decimals": 18, "assetName": "UNKNOWN", "vaultShare": "", "assetSymbol": "UNKNOWN", "assetDecimals": 18, "vaultShareName": "UNKNOWN", "vaultShareSymbol": "UNKNOWN", "vaultShareDecimals": 18}
{"blockNumber":19992572,"chainId":1,"wrapperAddress":"0x7b658386c82cd2752eb839f7a188cf048744686f"}	{"name": "UNKNOWN", "asset": "", "symbol": "UNKNOWN", "decimals": 18, "assetName": "UNKNOWN", "vaultShare": "", "assetSymbol": "UNKNOWN", "assetDecimals": 18, "vaultShareName": "UNKNOWN", "vaultShareSymbol": "UNKNOWN", "vaultShareDecimals": 18}
{"blockNumber":19992572,"chainId":1,"wrapperAddress":"0xad9b35123d1921a36a34ec806589e5d7c0777e72"}	{"name": "UNKNOWN", "asset": "", "symbol": "UNKNOWN", "decimals": 18, "assetName": "UNKNOWN", "vaultShare": "", "assetSymbol": "UNKNOWN", "assetDecimals": 18, "vaultShareName": "UNKNOWN", "vaultShareSymbol": "UNKNOWN", "vaultShareDecimals": 18}
{"blockNumber":19992572,"chainId":1,"wrapperAddress":"0xb2a550fcf3cfd3b16758b6efc7394aaf2ddf0601"}	{"name": "UNKNOWN", "asset": "", "symbol": "UNKNOWN", "decimals": 18, "assetName": "UNKNOWN", "vaultShare": "", "assetSymbol": "UNKNOWN", "assetDecimals": 18, "vaultShareName": "UNKNOWN", "vaultShareSymbol": "UNKNOWN", "vaultShareDecimals": 18}
{"blockNumber":19992572,"chainId":1,"wrapperAddress":"0x18d2df1cc6a44c32b52ffef413b15f14970f4002"}	{"name": "UNKNOWN", "asset": "", "symbol": "UNKNOWN", "decimals": 18, "assetName": "UNKNOWN", "vaultShare": "", "assetSymbol": "UNKNOWN", "assetDecimals": 18, "vaultShareName": "UNKNOWN", "vaultShareSymbol": "UNKNOWN", "vaultShareDecimals": 18}
{"blockNumber":19992572,"chainId":1,"wrapperAddress":"0xb21f8d9fc1d40ca63e190394fa8ad65cb4048d6f"}	{"name": "UNKNOWN", "asset": "", "symbol": "UNKNOWN", "decimals": 18, "assetName": "UNKNOWN", "vaultShare": "", "assetSymbol": "UNKNOWN", "assetDecimals": 18, "vaultShareName": "UNKNOWN", "vaultShareSymbol": "UNKNOWN", "vaultShareDecimals": 18}
{"blockNumber":19992572,"chainId":1,"wrapperAddress":"0xc2159dfff1c97c79678b40ae234eef8246ff6332"}	{"name": "UNKNOWN", "asset": "", "symbol": "UNKNOWN", "decimals": 18, "assetName": "UNKNOWN", "vaultShare": "", "assetSymbol": "UNKNOWN", "assetDecimals": 18, "vaultShareName": "UNKNOWN", "vaultShareSymbol": "UNKNOWN", "vaultShareDecimals": 18}
{"blockNumber":19992572,"chainId":1,"wrapperAddress":"0xca36526e36283a6420d740ff8d6b3b5a834c363e"}	{"name": "UNKNOWN", "asset": "", "symbol": "UNKNOWN", "decimals": 18, "assetName": "UNKNOWN", "vaultShare": "", "assetSymbol": "UNKNOWN", "assetDecimals": 18, "vaultShareName": "UNKNOWN", "vaultShareSymbol": "UNKNOWN", "vaultShareDecimals": 18}
{"blockNumber":19992572,"chainId":1,"wrapperAddress":"0x055057b3f45c308b7b45c1fdd5b68ae17d3f781f"}	{"name": "UNKNOWN", "asset": "", "symbol": "UNKNOWN", "decimals": 18, "assetName": "UNKNOWN", "vaultShare": "", "assetSymbol": "UNKNOWN", "assetDecimals": 18, "vaultShareName": "UNKNOWN", "vaultShareSymbol": "UNKNOWN", "vaultShareDecimals": 18}
{"blockNumber":19992572,"chainId":1,"wrapperAddress":"0x98968937aa45a038a33c9874aac8d054a1bb8746"}	{"name": "UNKNOWN", "asset": "", "symbol": "UNKNOWN", "decimals": 18, "assetName": "UNKNOWN", "vaultShare": "", "assetSymbol": "UNKNOWN", "assetDecimals": 18, "vaultShareName": "UNKNOWN", "vaultShareSymbol": "UNKNOWN", "vaultShareDecimals": 18}
{"blockNumber":19992572,"chainId":1,"wrapperAddress":"0xd9dc6ae799c8b6ab05e52f9afc11e2a9d7d51652"}	{"name": "UNKNOWN", "asset": "", "symbol": "UNKNOWN", "decimals": 18, "assetName": "UNKNOWN", "vaultShare": "", "assetSymbol": "UNKNOWN", "assetDecimals": 18, "vaultShareName": "UNKNOWN", "vaultShareSymbol": "UNKNOWN", "vaultShareDecimals": 18}
{"blockNumber":19992572,"chainId":1,"wrapperAddress":"0x32e0c22fce8996ccf63fad5aaa13b5556bec13ef"}	{"name": "UNKNOWN", "asset": "", "symbol": "UNKNOWN", "decimals": 18, "assetName": "UNKNOWN", "vaultShare": "", "assetSymbol": "UNKNOWN", "assetDecimals": 18, "vaultShareName": "UNKNOWN", "vaultShareSymbol": "UNKNOWN", "vaultShareDecimals": 18}
{"blockNumber":19992572,"chainId":1,"wrapperAddress":"0xccc08fe71dbec373c58053c58a3ccbec3a820369"}	{"name": "UNKNOWN", "asset": "", "symbol": "UNKNOWN", "decimals": 18, "assetName": "UNKNOWN", "vaultShare": "", "assetSymbol": "UNKNOWN", "assetDecimals": 18, "vaultShareName": "UNKNOWN", "vaultShareSymbol": "UNKNOWN", "vaultShareDecimals": 18}
{"blockNumber":19992572,"chainId":1,"wrapperAddress":"0x09f2180e5636a00f561853e39e0ac65dbfc79232"}	{"name": "UNKNOWN", "asset": "", "symbol": "UNKNOWN", "decimals": 18, "assetName": "UNKNOWN", "vaultShare": "", "assetSymbol": "UNKNOWN", "assetDecimals": 18, "vaultShareName": "UNKNOWN", "vaultShareSymbol": "UNKNOWN", "vaultShareDecimals": 18}
{"blockNumber":19992572,"chainId":1,"wrapperAddress":"0xc97474cdc5e92c6ff908cbcbacd310d57d0c73fe"}	{"name": "UNKNOWN", "asset": "", "symbol": "UNKNOWN", "decimals": 18, "assetName": "UNKNOWN", "vaultShare": "", "assetSymbol": "UNKNOWN", "assetDecimals": 18, "vaultShareName": "UNKNOWN", "vaultShareSymbol": "UNKNOWN", "vaultShareDecimals": 18}
{"blockNumber":20000203,"chainId":1,"wrapperAddress":"0x27bc60ab8ea7d0171872e7b74ea0ffcf4c13f56b"}	{"name": "Deworker AI Network", "asset": "", "symbol": "DWA Points", "decimals": 18, "assetName": "UNKNOWN", "vaultShare": "", "assetSymbol": "UNKNOWN", "assetDecimals": 18, "vaultShareName": "UNKNOWN", "vaultShareSymbol": "UNKNOWN", "vaultShareDecimals": 18}
{"blockNumber":20014741,"chainId":1,"wrapperAddress":"0xbef7aeb2d4b705a19532ae352931338c1524ac9a"}	{"name": "Incubator3", "asset": "", "symbol": "I3", "decimals": 18, "assetName": "UNKNOWN", "vaultShare": "", "assetSymbol": "UNKNOWN", "assetDecimals": 18, "vaultShareName": "UNKNOWN", "vaultShareSymbol": "UNKNOWN", "vaultShareDecimals": 18}
{"blockNumber":20031244,"chainId":1,"wrapperAddress":"0x982e5a072cb6634f45715665a02c723392977e9f"}	{"name": "Principal Token: thWAR-1725581923", "asset": "", "symbol": "PT-thWAR-1725581923", "decimals": 18, "assetName": "UNKNOWN", "vaultShare": "", "assetSymbol": "UNKNOWN", "assetDecimals": 18, "vaultShareName": "UNKNOWN", "vaultShareSymbol": "UNKNOWN", "vaultShareDecimals": 18}
{"blockNumber":20071496,"chainId":1,"wrapperAddress":"0x0cbe86824ec6395efd58b7680a7603bfe0dfeab7"}	{"name": "UNKNOWN", "asset": "", "symbol": "UNKNOWN", "decimals": 18, "assetName": "UNKNOWN", "vaultShare": "", "assetSymbol": "UNKNOWN", "assetDecimals": 18, "vaultShareName": "UNKNOWN", "vaultShareSymbol": "UNKNOWN", "vaultShareDecimals": 18}
{"blockNumber":20071496,"chainId":1,"wrapperAddress":"0xcd4c1aaf97665e1be8ed4e21c9039e5ed9291659"}	{"name": "UNKNOWN", "asset": "", "symbol": "UNKNOWN", "decimals": 18, "assetName": "UNKNOWN", "vaultShare": "", "assetSymbol": "UNKNOWN", "assetDecimals": 18, "vaultShareName": "UNKNOWN", "vaultShareSymbol": "UNKNOWN", "vaultShareDecimals": 18}
{"blockNumber":20071499,"chainId":1,"wrapperAddress":"0x40bac251a94fd5795ff7a726d0600387ec741ab9"}	{"name": "UNKNOWN", "asset": "", "symbol": "UNKNOWN", "decimals": 18, "assetName": "UNKNOWN", "vaultShare": "", "assetSymbol": "UNKNOWN", "assetDecimals": 18, "vaultShareName": "UNKNOWN", "vaultShareSymbol": "UNKNOWN", "vaultShareDecimals": 18}
{"blockNumber":20071499,"chainId":1,"wrapperAddress":"0x971c684b7864c58f6541375f2e9f2304eb64b099"}	{"name": "UNKNOWN", "asset": "", "symbol": "UNKNOWN", "decimals": 18, "assetName": "UNKNOWN", "vaultShare": "", "assetSymbol": "UNKNOWN", "assetDecimals": 18, "vaultShareName": "UNKNOWN", "vaultShareSymbol": "UNKNOWN", "vaultShareDecimals": 18}
{"blockNumber":20071501,"chainId":1,"wrapperAddress":"0xc9c42d27fb087b5e463024acc537ba15dd50c879"}	{"name": "UNKNOWN", "asset": "", "symbol": "UNKNOWN", "decimals": 18, "assetName": "UNKNOWN", "vaultShare": "", "assetSymbol": "UNKNOWN", "assetDecimals": 18, "vaultShareName": "UNKNOWN", "vaultShareSymbol": "UNKNOWN", "vaultShareDecimals": 18}
{"blockNumber":20071501,"chainId":1,"wrapperAddress":"0x796f443cdc2ff9d9ce33318498139e23ed235757"}	{"name": "UNKNOWN", "asset": "", "symbol": "UNKNOWN", "decimals": 18, "assetName": "UNKNOWN", "vaultShare": "", "assetSymbol": "UNKNOWN", "assetDecimals": 18, "vaultShareName": "UNKNOWN", "vaultShareSymbol": "UNKNOWN", "vaultShareDecimals": 18}
{"blockNumber":20074168,"chainId":1,"wrapperAddress":"0xe8e9168765072aedb4970e416304c56ebf47581d"}	{"name": "UNKNOWN", "asset": "", "symbol": "UNKNOWN", "decimals": 18, "assetName": "UNKNOWN", "vaultShare": "", "assetSymbol": "UNKNOWN", "assetDecimals": 18, "vaultShareName": "UNKNOWN", "vaultShareSymbol": "UNKNOWN", "vaultShareDecimals": 18}
{"blockNumber":20074168,"chainId":1,"wrapperAddress":"0xa7175e18223c520d790293275b28e7ed7d240b5c"}	{"name": "UNKNOWN", "asset": "", "symbol": "UNKNOWN", "decimals": 18, "assetName": "UNKNOWN", "vaultShare": "", "assetSymbol": "UNKNOWN", "assetDecimals": 18, "vaultShareName": "UNKNOWN", "vaultShareSymbol": "UNKNOWN", "vaultShareDecimals": 18}
{"blockNumber":20074171,"chainId":1,"wrapperAddress":"0xb27a64e49086b6eb9364e3e57c185ef41b1a5aa7"}	{"name": "UNKNOWN", "asset": "", "symbol": "UNKNOWN", "decimals": 18, "assetName": "UNKNOWN", "vaultShare": "", "assetSymbol": "UNKNOWN", "assetDecimals": 18, "vaultShareName": "UNKNOWN", "vaultShareSymbol": "UNKNOWN", "vaultShareDecimals": 18}
{"blockNumber":20074171,"chainId":1,"wrapperAddress":"0xdff191d1a94d82198a77b27797e2d9b3907b0574"}	{"name": "UNKNOWN", "asset": "", "symbol": "UNKNOWN", "decimals": 18, "assetName": "UNKNOWN", "vaultShare": "", "assetSymbol": "UNKNOWN", "assetDecimals": 18, "vaultShareName": "UNKNOWN", "vaultShareSymbol": "UNKNOWN", "vaultShareDecimals": 18}
{"blockNumber":20076779,"chainId":1,"wrapperAddress":"0xf85640cf6ec7658180761927516d11264d635775"}	{"name": "Principal Token: asdCRV-1733973768", "asset": "", "symbol": "PT-asdCRV-1733973768", "decimals": 18, "assetName": "UNKNOWN", "vaultShare": "", "assetSymbol": "UNKNOWN", "assetDecimals": 18, "vaultShareName": "UNKNOWN", "vaultShareSymbol": "UNKNOWN", "vaultShareDecimals": 18}
{"blockNumber":20091467,"chainId":1,"wrapperAddress":"0x9830ad1bd5cf73640e253edf97dee3791c4a53c3"}	{"name": "UNKNOWN", "asset": "", "symbol": "UNKNOWN", "decimals": 18, "assetName": "UNKNOWN", "vaultShare": "", "assetSymbol": "UNKNOWN", "assetDecimals": 18, "vaultShareName": "UNKNOWN", "vaultShareSymbol": "UNKNOWN", "vaultShareDecimals": 18}
{"blockNumber":20091572,"chainId":1,"wrapperAddress":"0xd7d2802f6b19843ac4dfe25022771fd83b5a7464"}	{"name": "xPufETH", "asset": "", "symbol": "xPufETH", "decimals": 18, "assetName": "UNKNOWN", "vaultShare": "", "assetSymbol": "UNKNOWN", "assetDecimals": 18, "vaultShareName": "UNKNOWN", "vaultShareSymbol": "UNKNOWN", "vaultShareDecimals": 18}
{"blockNumber":20112870,"chainId":1,"wrapperAddress":"0x398c66c98ac421b87fc72aa5f654295f9a0e467c"}	{"name": "Principal Token: WOETH-1750118420", "asset": "", "symbol": "PT-WOETH-1750118420", "decimals": 18, "assetName": "UNKNOWN", "vaultShare": "", "assetSymbol": "UNKNOWN", "assetDecimals": 18, "vaultShareName": "UNKNOWN", "vaultShareSymbol": "UNKNOWN", "vaultShareDecimals": 18}
{"blockNumber":20117712,"chainId":1,"wrapperAddress":"0xeac61344c08ce338aa83c945093424da18a39ee0"}	{"name": "UNKNOWN", "asset": "", "symbol": "UNKNOWN", "decimals": 18, "assetName": "UNKNOWN", "vaultShare": "", "assetSymbol": "UNKNOWN", "assetDecimals": 18, "vaultShareName": "UNKNOWN", "vaultShareSymbol": "UNKNOWN", "vaultShareDecimals": 18}
{"blockNumber":20117712,"chainId":1,"wrapperAddress":"0xbf82f4826a72f67509c782d8c3f4b3f1bf313086"}	{"name": "UNKNOWN", "asset": "", "symbol": "UNKNOWN", "decimals": 18, "assetName": "UNKNOWN", "vaultShare": "", "assetSymbol": "UNKNOWN", "assetDecimals": 18, "vaultShareName": "UNKNOWN", "vaultShareSymbol": "UNKNOWN", "vaultShareDecimals": 18}
{"blockNumber":20118238,"chainId":1,"wrapperAddress":"0xf58e22d224e465fb65f4257573b58dbfb0f704a0"}	{"name": "Principal Token: arUSD-1734480037", "asset": "", "symbol": "PT-arUSD-1734480037", "decimals": 18, "assetName": "UNKNOWN", "vaultShare": "", "assetSymbol": "UNKNOWN", "assetDecimals": 18, "vaultShareName": "UNKNOWN", "vaultShareSymbol": "UNKNOWN", "vaultShareDecimals": 18}
{"blockNumber":20125962,"chainId":1,"wrapperAddress":"0x912ff30d1536bb4b2db604b7b0fca2da76a0c5f3"}	{"name": "Principal Token: sw-amphrETH-1726704008", "asset": "", "symbol": "PT-sw-amphrETH-1726704008", "decimals": 18, "assetName": "UNKNOWN", "vaultShare": "", "assetSymbol": "UNKNOWN", "assetDecimals": 18, "vaultShareName": "UNKNOWN", "vaultShareSymbol": "UNKNOWN", "vaultShareDecimals": 18}
{"blockNumber":20127857,"chainId":1,"wrapperAddress":"0x470f623e8bc3c870f96516b8cbfc6a27e253424d"}	{"name": "Principal Token: sw-amphrETH-1726790425", "asset": "", "symbol": "PT-sw-amphrETH-1726790425", "decimals": 18, "assetName": "UNKNOWN", "vaultShare": "", "assetSymbol": "UNKNOWN", "assetDecimals": 18, "vaultShareName": "UNKNOWN", "vaultShareSymbol": "UNKNOWN", "vaultShareDecimals": 18}
{"blockNumber":20133335,"chainId":1,"wrapperAddress":"0x5a5c7aa1ce775eb291e749891f6aa89a6d517833"}	{"name": "UNKNOWN", "asset": "", "symbol": "UNKNOWN", "decimals": 18, "assetName": "UNKNOWN", "vaultShare": "", "assetSymbol": "UNKNOWN", "assetDecimals": 18, "vaultShareName": "UNKNOWN", "vaultShareSymbol": "UNKNOWN", "vaultShareDecimals": 18}
{"blockNumber":20133335,"chainId":1,"wrapperAddress":"0x2f995d5c33d2cd4b3f7184c8f5084a49923cd260"}	{"name": "UNKNOWN", "asset": "", "symbol": "UNKNOWN", "decimals": 18, "assetName": "UNKNOWN", "vaultShare": "", "assetSymbol": "UNKNOWN", "assetDecimals": 18, "vaultShareName": "UNKNOWN", "vaultShareSymbol": "UNKNOWN", "vaultShareDecimals": 18}
{"blockNumber":20136094,"chainId":1,"wrapperAddress":"0x026503a3c936366d47527d9354d1c614365af921"}	{"name": "UNKNOWN", "asset": "", "symbol": "UNKNOWN", "decimals": 18, "assetName": "UNKNOWN", "vaultShare": "", "assetSymbol": "UNKNOWN", "assetDecimals": 18, "vaultShareName": "UNKNOWN", "vaultShareSymbol": "UNKNOWN", "vaultShareDecimals": 18}
{"blockNumber":20136094,"chainId":1,"wrapperAddress":"0xdd5a51b834bd1ee100d2d23eb99c669ad8c11362"}	{"name": "UNKNOWN", "asset": "", "symbol": "UNKNOWN", "decimals": 18, "assetName": "UNKNOWN", "vaultShare": "", "assetSymbol": "UNKNOWN", "assetDecimals": 18, "vaultShareName": "UNKNOWN", "vaultShareSymbol": "UNKNOWN", "vaultShareDecimals": 18}
{"blockNumber":20136094,"chainId":1,"wrapperAddress":"0xe141859cf4477f04c50c9c5f8c281204671c83cf"}	{"name": "UNKNOWN", "asset": "", "symbol": "UNKNOWN", "decimals": 18, "assetName": "UNKNOWN", "vaultShare": "", "assetSymbol": "UNKNOWN", "assetDecimals": 18, "vaultShareName": "UNKNOWN", "vaultShareSymbol": "UNKNOWN", "vaultShareDecimals": 18}
{"blockNumber":20136094,"chainId":1,"wrapperAddress":"0xdc717de5d799fca961daf88c12f61385ce898212"}	{"name": "UNKNOWN", "asset": "", "symbol": "UNKNOWN", "decimals": 18, "assetName": "UNKNOWN", "vaultShare": "", "assetSymbol": "UNKNOWN", "assetDecimals": 18, "vaultShareName": "UNKNOWN", "vaultShareSymbol": "UNKNOWN", "vaultShareDecimals": 18}
{"blockNumber":20136094,"chainId":1,"wrapperAddress":"0xc3fa8b2a4fd55b33ac09e3054b2dbc2a36ef7eac"}	{"name": "UNKNOWN", "asset": "", "symbol": "UNKNOWN", "decimals": 18, "assetName": "UNKNOWN", "vaultShare": "", "assetSymbol": "UNKNOWN", "assetDecimals": 18, "vaultShareName": "UNKNOWN", "vaultShareSymbol": "UNKNOWN", "vaultShareDecimals": 18}
{"blockNumber":20136094,"chainId":1,"wrapperAddress":"0xca4be9d9c8f038097cf0a8265da5202556960e52"}	{"name": "UNKNOWN", "asset": "", "symbol": "UNKNOWN", "decimals": 18, "assetName": "UNKNOWN", "vaultShare": "", "assetSymbol": "UNKNOWN", "assetDecimals": 18, "vaultShareName": "UNKNOWN", "vaultShareSymbol": "UNKNOWN", "vaultShareDecimals": 18}
{"blockNumber":20136094,"chainId":1,"wrapperAddress":"0x32d334624fc6c8e95a531f6304e5448830c53fde"}	{"name": "UNKNOWN", "asset": "", "symbol": "UNKNOWN", "decimals": 18, "assetName": "UNKNOWN", "vaultShare": "", "assetSymbol": "UNKNOWN", "assetDecimals": 18, "vaultShareName": "UNKNOWN", "vaultShareSymbol": "UNKNOWN", "vaultShareDecimals": 18}
{"blockNumber":20136094,"chainId":1,"wrapperAddress":"0x5e46cc19b371577b91336cca60d071d694a74c6d"}	{"name": "UNKNOWN", "asset": "", "symbol": "UNKNOWN", "decimals": 18, "assetName": "UNKNOWN", "vaultShare": "", "assetSymbol": "UNKNOWN", "assetDecimals": 18, "vaultShareName": "UNKNOWN", "vaultShareSymbol": "UNKNOWN", "vaultShareDecimals": 18}
{"blockNumber":20136094,"chainId":1,"wrapperAddress":"0x6537dd3904653ec917b78d58f4ceac0235504464"}	{"name": "UNKNOWN", "asset": "", "symbol": "UNKNOWN", "decimals": 18, "assetName": "UNKNOWN", "vaultShare": "", "assetSymbol": "UNKNOWN", "assetDecimals": 18, "vaultShareName": "UNKNOWN", "vaultShareSymbol": "UNKNOWN", "vaultShareDecimals": 18}
{"blockNumber":20136094,"chainId":1,"wrapperAddress":"0x044be5d76576e34b00c199833a043dd483f8485b"}	{"name": "UNKNOWN", "asset": "", "symbol": "UNKNOWN", "decimals": 18, "assetName": "UNKNOWN", "vaultShare": "", "assetSymbol": "UNKNOWN", "assetDecimals": 18, "vaultShareName": "UNKNOWN", "vaultShareSymbol": "UNKNOWN", "vaultShareDecimals": 18}
{"blockNumber":20136094,"chainId":1,"wrapperAddress":"0x3b181d9b973265f2e690082b7b7deee660257384"}	{"name": "UNKNOWN", "asset": "", "symbol": "UNKNOWN", "decimals": 18, "assetName": "UNKNOWN", "vaultShare": "", "assetSymbol": "UNKNOWN", "assetDecimals": 18, "vaultShareName": "UNKNOWN", "vaultShareSymbol": "UNKNOWN", "vaultShareDecimals": 18}
{"blockNumber":20136094,"chainId":1,"wrapperAddress":"0x5a2ea2b6d4ad7dab917e32ff45f85d1d5b4839ad"}	{"name": "UNKNOWN", "asset": "", "symbol": "UNKNOWN", "decimals": 18, "assetName": "UNKNOWN", "vaultShare": "", "assetSymbol": "UNKNOWN", "assetDecimals": 18, "vaultShareName": "UNKNOWN", "vaultShareSymbol": "UNKNOWN", "vaultShareDecimals": 18}
{"blockNumber":20136094,"chainId":1,"wrapperAddress":"0xa74034c7f7f4388e024f63b33626213181d6b984"}	{"name": "UNKNOWN", "asset": "", "symbol": "UNKNOWN", "decimals": 18, "assetName": "UNKNOWN", "vaultShare": "", "assetSymbol": "UNKNOWN", "assetDecimals": 18, "vaultShareName": "UNKNOWN", "vaultShareSymbol": "UNKNOWN", "vaultShareDecimals": 18}
{"blockNumber":20136094,"chainId":1,"wrapperAddress":"0xc48e944c94be1ec121d6cf68f79f2ef94ec44ca5"}	{"name": "UNKNOWN", "asset": "", "symbol": "UNKNOWN", "decimals": 18, "assetName": "UNKNOWN", "vaultShare": "", "assetSymbol": "UNKNOWN", "assetDecimals": 18, "vaultShareName": "UNKNOWN", "vaultShareSymbol": "UNKNOWN", "vaultShareDecimals": 18}
{"blockNumber":20136094,"chainId":1,"wrapperAddress":"0x45b3dca5af653c791ca49387f64b1e83cb96994c"}	{"name": "UNKNOWN", "asset": "", "symbol": "UNKNOWN", "decimals": 18, "assetName": "UNKNOWN", "vaultShare": "", "assetSymbol": "UNKNOWN", "assetDecimals": 18, "vaultShareName": "UNKNOWN", "vaultShareSymbol": "UNKNOWN", "vaultShareDecimals": 18}
{"blockNumber":20136094,"chainId":1,"wrapperAddress":"0x955d790417412ea7796676a16984c3a4ea5f830e"}	{"name": "UNKNOWN", "asset": "", "symbol": "UNKNOWN", "decimals": 18, "assetName": "UNKNOWN", "vaultShare": "", "assetSymbol": "UNKNOWN", "assetDecimals": 18, "vaultShareName": "UNKNOWN", "vaultShareSymbol": "UNKNOWN", "vaultShareDecimals": 18}
{"blockNumber":20136094,"chainId":1,"wrapperAddress":"0xd753548fc97aed8e3c30181bdb5f3a26836e4f4a"}	{"name": "UNKNOWN", "asset": "", "symbol": "UNKNOWN", "decimals": 18, "assetName": "UNKNOWN", "vaultShare": "", "assetSymbol": "UNKNOWN", "assetDecimals": 18, "vaultShareName": "UNKNOWN", "vaultShareSymbol": "UNKNOWN", "vaultShareDecimals": 18}
{"blockNumber":20136094,"chainId":1,"wrapperAddress":"0x13e0d6f093f4745b7f619a5cc03c434e435fb7c2"}	{"name": "UNKNOWN", "asset": "", "symbol": "UNKNOWN", "decimals": 18, "assetName": "UNKNOWN", "vaultShare": "", "assetSymbol": "UNKNOWN", "assetDecimals": 18, "vaultShareName": "UNKNOWN", "vaultShareSymbol": "UNKNOWN", "vaultShareDecimals": 18}
{"blockNumber":20137397,"chainId":1,"wrapperAddress":"0x47d6912f4e503a2b46d27281fe1f4d5fff2e80f9"}	{"name": "UNKNOWN", "asset": "", "symbol": "UNKNOWN", "decimals": 18, "assetName": "UNKNOWN", "vaultShare": "", "assetSymbol": "UNKNOWN", "assetDecimals": 18, "vaultShareName": "UNKNOWN", "vaultShareSymbol": "UNKNOWN", "vaultShareDecimals": 18}
{"blockNumber":20161295,"chainId":1,"wrapperAddress":"0xd4c0ab44698bca5070624ef62c66b1f4d1488551"}	{"name": "Principal Token: sw-uniETH-1727136009", "asset": "", "symbol": "PT-sw-uniETH-1727136009", "decimals": 18, "assetName": "UNKNOWN", "vaultShare": "", "assetSymbol": "UNKNOWN", "assetDecimals": 18, "vaultShareName": "UNKNOWN", "vaultShareSymbol": "UNKNOWN", "vaultShareDecimals": 18}
{"blockNumber":20171316,"chainId":1,"wrapperAddress":"0x43a8aee6fde9a465e7df3fa0fa52a86ab6e54c5d"}	{"name": "UNKNOWN", "asset": "", "symbol": "UNKNOWN", "decimals": 18, "assetName": "UNKNOWN", "vaultShare": "", "assetSymbol": "UNKNOWN", "assetDecimals": 18, "vaultShareName": "UNKNOWN", "vaultShareSymbol": "UNKNOWN", "vaultShareDecimals": 18}
{"blockNumber":20171316,"chainId":1,"wrapperAddress":"0xe764465d980b5a264b0a2d458b8501f98497a7d9"}	{"name": "UNKNOWN", "asset": "", "symbol": "UNKNOWN", "decimals": 18, "assetName": "UNKNOWN", "vaultShare": "", "assetSymbol": "UNKNOWN", "assetDecimals": 18, "vaultShareName": "UNKNOWN", "vaultShareSymbol": "UNKNOWN", "vaultShareDecimals": 18}
{"blockNumber":20171432,"chainId":1,"wrapperAddress":"0x1552d9ca13a10ac7dd70eadb1231dc07b1d7615c"}	{"name": "UNKNOWN", "asset": "", "symbol": "UNKNOWN", "decimals": 18, "assetName": "UNKNOWN", "vaultShare": "", "assetSymbol": "UNKNOWN", "assetDecimals": 18, "vaultShareName": "UNKNOWN", "vaultShareSymbol": "UNKNOWN", "vaultShareDecimals": 18}
{"blockNumber":20171432,"chainId":1,"wrapperAddress":"0xa2300afec1a58fd0f692a6928cb7f8d9fda5a266"}	{"name": "UNKNOWN", "asset": "", "symbol": "UNKNOWN", "decimals": 18, "assetName": "UNKNOWN", "vaultShare": "", "assetSymbol": "UNKNOWN", "assetDecimals": 18, "vaultShareName": "UNKNOWN", "vaultShareSymbol": "UNKNOWN", "vaultShareDecimals": 18}
{"blockNumber":20172980,"chainId":1,"wrapperAddress":"0x4f65a884eb41cd09a2f0a4505de2c6d698a78c73"}	{"name": "Principal Token: afCVX-1727222454", "asset": "", "symbol": "PT-afCVX-1727222454", "decimals": 18, "assetName": "UNKNOWN", "vaultShare": "", "assetSymbol": "UNKNOWN", "assetDecimals": 18, "vaultShareName": "UNKNOWN", "vaultShareSymbol": "UNKNOWN", "vaultShareDecimals": 18}
{"blockNumber":20191518,"chainId":1,"wrapperAddress":"0x3d20601ac0ba9cae4564ddf7870825c505b69f1a"}	{"name": "UNKNOWN", "asset": "", "symbol": "UNKNOWN", "decimals": 18, "assetName": "UNKNOWN", "vaultShare": "", "assetSymbol": "UNKNOWN", "assetDecimals": 18, "vaultShareName": "UNKNOWN", "vaultShareSymbol": "UNKNOWN", "vaultShareDecimals": 18}
{"blockNumber":20191518,"chainId":1,"wrapperAddress":"0xe71bb31cc8c309fba16c10686943227bfc2f9b06"}	{"name": "UNKNOWN", "asset": "", "symbol": "UNKNOWN", "decimals": 18, "assetName": "UNKNOWN", "vaultShare": "", "assetSymbol": "UNKNOWN", "assetDecimals": 18, "vaultShareName": "UNKNOWN", "vaultShareSymbol": "UNKNOWN", "vaultShareDecimals": 18}
{"blockNumber":20212423,"chainId":1,"wrapperAddress":"0x2a8e7f7709faf2b2f82911c2e6b74dbcd8ff790e"}	{"name": "UNKNOWN", "asset": "", "symbol": "UNKNOWN", "decimals": 18, "assetName": "UNKNOWN", "vaultShare": "", "assetSymbol": "UNKNOWN", "assetDecimals": 18, "vaultShareName": "UNKNOWN", "vaultShareSymbol": "UNKNOWN", "vaultShareDecimals": 18}
{"blockNumber":20212423,"chainId":1,"wrapperAddress":"0x7945297d82de726b3ea45f9f47c95bed41f5069a"}	{"name": "UNKNOWN", "asset": "", "symbol": "UNKNOWN", "decimals": 18, "assetName": "UNKNOWN", "vaultShare": "", "assetSymbol": "UNKNOWN", "assetDecimals": 18, "vaultShareName": "UNKNOWN", "vaultShareSymbol": "UNKNOWN", "vaultShareDecimals": 18}
{"blockNumber":20226887,"chainId":1,"wrapperAddress":"0xe1e298d59cb2a76f918d2d5d45a34f7fb64ad48b"}	{"name": "UNKNOWN", "asset": "", "symbol": "UNKNOWN", "decimals": 18, "assetName": "UNKNOWN", "vaultShare": "", "assetSymbol": "UNKNOWN", "assetDecimals": 18, "vaultShareName": "UNKNOWN", "vaultShareSymbol": "UNKNOWN", "vaultShareDecimals": 18}
{"blockNumber":20226887,"chainId":1,"wrapperAddress":"0xddda74c752bc3f2b4623713f1e9d69c08a55e22a"}	{"name": "UNKNOWN", "asset": "", "symbol": "UNKNOWN", "decimals": 18, "assetName": "UNKNOWN", "vaultShare": "", "assetSymbol": "UNKNOWN", "assetDecimals": 18, "vaultShareName": "UNKNOWN", "vaultShareSymbol": "UNKNOWN", "vaultShareDecimals": 18}
{"blockNumber":20232136,"chainId":1,"wrapperAddress":"0x8f01036563831feabbf3bee396d99b117c032428"}	{"name": "Principal Token: sw-amphrLRT-1728172816", "asset": "", "symbol": "PT-sw-amphrLRT-1728172816", "decimals": 18, "assetName": "UNKNOWN", "vaultShare": "", "assetSymbol": "UNKNOWN", "assetDecimals": 18, "vaultShareName": "UNKNOWN", "vaultShareSymbol": "UNKNOWN", "vaultShareDecimals": 18}
{"blockNumber":19976006,"chainId":1,"wrapperAddress":"0xa94ec39c91df334dcab55adaa8edd9c1daf67ca7"}	{"name": "Spectra ERC4626 Wrapper: stk GHO", "asset": "0x40D16FC0246aD3160Ccc09B8D0D3A2cD28aE6C2f", "symbol": "sw-stkGHO", "decimals": 18, "assetName": "Gho Token", "vaultShare": "0x1a88Df1cFe15Af22B3c4c783D4e6F7F9e0C1885d", "assetSymbol": "GHO", "assetDecimals": 18, "vaultShareName": "stk GHO", "vaultShareSymbol": "stkGHO", "vaultShareDecimals": 18}
{"blockNumber":20125030,"chainId":1,"wrapperAddress":"0x06c03069de266f58d10a0724a4f65c3d4fefff4d"}	{"name": "Spectra ERC4626 Wrapper: Amphor Restaked ETH", "asset": "0x7f39C581F595B53c5cb19bD0b3f8dA6c935E2Ca0", "symbol": "sw-amphrETH", "decimals": 18, "assetName": "Wrapped liquid staked Ether 2.0", "vaultShare": "0x5fD13359Ba15A84B76f7F87568309040176167cd", "assetSymbol": "wstETH", "assetDecimals": 18, "vaultShareName": "Amphor Restaked ETH", "vaultShareSymbol": "amphrETH", "vaultShareDecimals": 18}
{"blockNumber":20139692,"chainId":1,"wrapperAddress":"0x248f43b622ce2f35a14db3fc528284730b619cd5"}	{"name": "Spectra ERC4626 Wrapper: Universal ETH", "asset": "0xC02aaA39b223FE8D0A0e5C4F27eAD9083C756Cc2", "symbol": "sw-uniETH", "decimals": 18, "assetName": "Wrapped Ether", "vaultShare": "0xF1376bceF0f78459C0Ed0ba5ddce976F1ddF51F4", "assetSymbol": "WETH", "assetDecimals": 18, "vaultShareName": "Universal ETH", "vaultShareSymbol": "uniETH", "vaultShareDecimals": 18}
{"blockNumber":20227417,"chainId":1,"wrapperAddress":"0xeab93ec2a82eb235a1f426accd9254f2ab32a99d"}	{"name": "Spectra ERC4626 Wrapper: Amphor Symbiotic LRT (WSTETH)", "asset": "0x7f39C581F595B53c5cb19bD0b3f8dA6c935E2Ca0", "symbol": "sw-amphrLRT", "decimals": 18, "assetName": "Wrapped liquid staked Ether 2.0", "vaultShare": "0x06824C27C8a0DbDe5F72f770eC82e3c0FD4DcEc3", "assetSymbol": "wstETH", "assetDecimals": 18, "vaultShareName": "Amphor Symbiotic LRT (WSTETH)", "vaultShareSymbol": "amphrLRT", "vaultShareDecimals": 18}
{"blockNumber":20318952,"chainId":1,"wrapperAddress":"0xc390b169f9df709ff14d2c6647d5444fb8b1775b"}	{"name": "UNKNOWN", "asset": "", "symbol": "UNKNOWN", "decimals": 18, "assetName": "UNKNOWN", "vaultShare": "", "assetSymbol": "UNKNOWN", "assetDecimals": 18, "vaultShareName": "UNKNOWN", "vaultShareSymbol": "UNKNOWN", "vaultShareDecimals": 18}
{"blockNumber":20318952,"chainId":1,"wrapperAddress":"0x495a87a9fa54b5ff9ed68ac5ebc751af00e3af70"}	{"name": "UNKNOWN", "asset": "", "symbol": "UNKNOWN", "decimals": 18, "assetName": "UNKNOWN", "vaultShare": "", "assetSymbol": "UNKNOWN", "assetDecimals": 18, "vaultShareName": "UNKNOWN", "vaultShareSymbol": "UNKNOWN", "vaultShareDecimals": 18}
{"blockNumber":20324595,"chainId":1,"wrapperAddress":"0x1f644da25f373a6201e7bf01250997f09654ac4e"}	{"name": "YayStone", "asset": "", "symbol": "YST", "decimals": 18, "assetName": "UNKNOWN", "vaultShare": "", "assetSymbol": "UNKNOWN", "assetDecimals": 18, "vaultShareName": "UNKNOWN", "vaultShareSymbol": "UNKNOWN", "vaultShareDecimals": 18}
{"blockNumber":20324896,"chainId":1,"wrapperAddress":"0x4a7c3ce4d1f8a3c535034301a05bcad21de1f665"}	{"name": "UNKNOWN", "asset": "", "symbol": "UNKNOWN", "decimals": 18, "assetName": "UNKNOWN", "vaultShare": "", "assetSymbol": "UNKNOWN", "assetDecimals": 18, "vaultShareName": "UNKNOWN", "vaultShareSymbol": "UNKNOWN", "vaultShareDecimals": 18}
{"blockNumber":20324896,"chainId":1,"wrapperAddress":"0xdeb0cdeaec15b3fb08ef2e65be82553cc331a5ba"}	{"name": "UNKNOWN", "asset": "", "symbol": "UNKNOWN", "decimals": 18, "assetName": "UNKNOWN", "vaultShare": "", "assetSymbol": "UNKNOWN", "assetDecimals": 18, "vaultShareName": "UNKNOWN", "vaultShareSymbol": "UNKNOWN", "vaultShareDecimals": 18}
{"blockNumber":20324896,"chainId":1,"wrapperAddress":"0x09a97668ad777167817ab103eb83c9a764842744"}	{"name": "UNKNOWN", "asset": "", "symbol": "UNKNOWN", "decimals": 18, "assetName": "UNKNOWN", "vaultShare": "", "assetSymbol": "UNKNOWN", "assetDecimals": 18, "vaultShareName": "UNKNOWN", "vaultShareSymbol": "UNKNOWN", "vaultShareDecimals": 18}
{"blockNumber":20324896,"chainId":1,"wrapperAddress":"0x2b77c03716061d6abc3a74a74390743dd8a03c07"}	{"name": "UNKNOWN", "asset": "", "symbol": "UNKNOWN", "decimals": 18, "assetName": "UNKNOWN", "vaultShare": "", "assetSymbol": "UNKNOWN", "assetDecimals": 18, "vaultShareName": "UNKNOWN", "vaultShareSymbol": "UNKNOWN", "vaultShareDecimals": 18}
{"blockNumber":20332005,"chainId":1,"wrapperAddress":"0x77c80c779eefc2bbe69e099935a30dd08736120b"}	{"name": "YayStone", "asset": "", "symbol": "YST", "decimals": 18, "assetName": "UNKNOWN", "vaultShare": "", "assetSymbol": "UNKNOWN", "assetDecimals": 18, "vaultShareName": "UNKNOWN", "vaultShareSymbol": "UNKNOWN", "vaultShareDecimals": 18}
{"blockNumber":20342412,"chainId":1,"wrapperAddress":"0x6926a86ca627194b0657a08305becb353e5395b9"}	{"name": "xMarkets AI", "asset": "", "symbol": "xMarkets", "decimals": 18, "assetName": "UNKNOWN", "vaultShare": "", "assetSymbol": "UNKNOWN", "assetDecimals": 18, "vaultShareName": "UNKNOWN", "vaultShareSymbol": "UNKNOWN", "vaultShareDecimals": 18}
{"blockNumber":20412163,"chainId":1,"wrapperAddress":"0xe4c69d63a7a82116bc7f3b4141ab177f3bb08a21"}	{"name": "UNKNOWN", "asset": "", "symbol": "UNKNOWN", "decimals": 18, "assetName": "UNKNOWN", "vaultShare": "", "assetSymbol": "UNKNOWN", "assetDecimals": 18, "vaultShareName": "UNKNOWN", "vaultShareSymbol": "UNKNOWN", "vaultShareDecimals": 18}
{"blockNumber":20412163,"chainId":1,"wrapperAddress":"0x265ed6452af40e16e510f09b397d4c9712bc0ddd"}	{"name": "UNKNOWN", "asset": "", "symbol": "UNKNOWN", "decimals": 18, "assetName": "UNKNOWN", "vaultShare": "", "assetSymbol": "UNKNOWN", "assetDecimals": 18, "vaultShareName": "UNKNOWN", "vaultShareSymbol": "UNKNOWN", "vaultShareDecimals": 18}
{"blockNumber":20419808,"chainId":1,"wrapperAddress":"0x62ace5852400da7715fc1c4e75ee806358ef02de"}	{"name": "EagleBitcoin", "asset": "", "symbol": "BTCE", "decimals": 18, "assetName": "UNKNOWN", "vaultShare": "", "assetSymbol": "UNKNOWN", "assetDecimals": 18, "vaultShareName": "UNKNOWN", "vaultShareSymbol": "UNKNOWN", "vaultShareDecimals": 18}
{"blockNumber":20421312,"chainId":1,"wrapperAddress":"0x581b928365b2c339db2b66572e8d9d7cfcca0f80"}	{"name": "Principal Token: sr-kUSD-1738195558", "asset": "", "symbol": "PT-sr-kUSD-1738195558", "decimals": 18, "assetName": "UNKNOWN", "vaultShare": "", "assetSymbol": "UNKNOWN", "assetDecimals": 18, "vaultShareName": "UNKNOWN", "vaultShareSymbol": "UNKNOWN", "vaultShareDecimals": 18}
{"blockNumber":20421312,"chainId":1,"wrapperAddress":"0xc3a20131ee6853fc4d444c9ad952c93f77c0b71b"}	{"name": "Principal Token: sr-ksETH-1738195500", "asset": "", "symbol": "PT-sr-ksETH-1738195500", "decimals": 18, "assetName": "UNKNOWN", "vaultShare": "", "assetSymbol": "UNKNOWN", "assetDecimals": 18, "vaultShareName": "UNKNOWN", "vaultShareSymbol": "UNKNOWN", "vaultShareDecimals": 18}
{"blockNumber":20421312,"chainId":1,"wrapperAddress":"0xdeb0ef575c92188091d33dd1ec5b3519182aaa22"}	{"name": "Principal Token: sr-krETH-1738195474", "asset": "", "symbol": "PT-sr-krETH-1738195474", "decimals": 18, "assetName": "UNKNOWN", "vaultShare": "", "assetSymbol": "UNKNOWN", "assetDecimals": 18, "vaultShareName": "UNKNOWN", "vaultShareSymbol": "UNKNOWN", "vaultShareDecimals": 18}
{"blockNumber":20422887,"chainId":1,"wrapperAddress":"0x46a338cf74fec38b7420eb59a506facd9448b4e7"}	{"name": "Principal Token: sFRAX-1753833630", "asset": "", "symbol": "PT-sFRAX-1753833630", "decimals": 18, "assetName": "UNKNOWN", "vaultShare": "", "assetSymbol": "UNKNOWN", "assetDecimals": 18, "vaultShareName": "UNKNOWN", "vaultShareSymbol": "UNKNOWN", "vaultShareDecimals": 18}
{"blockNumber":20439404,"chainId":1,"wrapperAddress":"0x48e8de138c246c14248c94d2d616a2f9eb4590d2"}	{"name": "UNKNOWN", "asset": "", "symbol": "UNKNOWN", "decimals": 18, "assetName": "UNKNOWN", "vaultShare": "", "assetSymbol": "UNKNOWN", "assetDecimals": 18, "vaultShareName": "UNKNOWN", "vaultShareSymbol": "UNKNOWN", "vaultShareDecimals": 18}
{"blockNumber":20439404,"chainId":1,"wrapperAddress":"0x3436e0b85cd929929f5802e792cfe282166e0259"}	{"name": "UNKNOWN", "asset": "", "symbol": "UNKNOWN", "decimals": 18, "assetName": "UNKNOWN", "vaultShare": "", "assetSymbol": "UNKNOWN", "assetDecimals": 18, "vaultShareName": "UNKNOWN", "vaultShareSymbol": "UNKNOWN", "vaultShareDecimals": 18}
{"blockNumber":20441403,"chainId":1,"wrapperAddress":"0xe86142af1321eaac4270422081c1eda31eecff0c"}	{"name": "Yay StakeStone Ether", "asset": "", "symbol": "yaySTONE", "decimals": 18, "assetName": "UNKNOWN", "vaultShare": "", "assetSymbol": "UNKNOWN", "assetDecimals": 18, "vaultShareName": "UNKNOWN", "vaultShareSymbol": "UNKNOWN", "vaultShareDecimals": 18}
{"blockNumber":20482543,"chainId":1,"wrapperAddress":"0x638df4b2b6bdc56b014c27a3ecb5e487c38ec7d7"}	{"name": "Principal Token: stEUR-1734220822", "asset": "", "symbol": "PT-stEUR-1734220822", "decimals": 18, "assetName": "UNKNOWN", "vaultShare": "", "assetSymbol": "UNKNOWN", "assetDecimals": 18, "vaultShareName": "UNKNOWN", "vaultShareSymbol": "UNKNOWN", "vaultShareDecimals": 18}
{"blockNumber":20506003,"chainId":1,"wrapperAddress":"0xdb37a6a6a9bf5b89b07dd3d20f1fa68cf266245b"}	{"name": "Principal Token: aCRV-1734652854", "asset": "", "symbol": "PT-aCRV-1734652854", "decimals": 18, "assetName": "UNKNOWN", "vaultShare": "", "assetSymbol": "UNKNOWN", "assetDecimals": 18, "vaultShareName": "UNKNOWN", "vaultShareSymbol": "UNKNOWN", "vaultShareDecimals": 18}
{"blockNumber":20521549,"chainId":1,"wrapperAddress":"0x6c8494e596a7b3847a4e8f9f49014bab5730a19c"}	{"name": "Principal Token: agETH-1739404813", "asset": "", "symbol": "PT-agETH-1739404813", "decimals": 18, "assetName": "UNKNOWN", "vaultShare": "", "assetSymbol": "UNKNOWN", "assetDecimals": 18, "vaultShareName": "UNKNOWN", "vaultShareSymbol": "UNKNOWN", "vaultShareDecimals": 18}
{"blockNumber":20522173,"chainId":1,"wrapperAddress":"0x0e9d35405d7ed06821d4f4d030821db6335bd8d2"}	{"name": "Principal Token: f50APW-50WETH-1744761606", "asset": "", "symbol": "PT-f50APW-50WETH-1744761606", "decimals": 18, "assetName": "UNKNOWN", "vaultShare": "", "assetSymbol": "UNKNOWN", "assetDecimals": 18, "vaultShareName": "UNKNOWN", "vaultShareSymbol": "UNKNOWN", "vaultShareDecimals": 18}
{"blockNumber":20555421,"chainId":1,"wrapperAddress":"0x0e03ac8aa9cc1e5fd792d2dfb2e057c95ed43548"}	{"name": "wrappedcake", "asset": "", "symbol": "WWCC", "decimals": 18, "assetName": "UNKNOWN", "vaultShare": "", "assetSymbol": "UNKNOWN", "assetDecimals": 18, "vaultShareName": "UNKNOWN", "vaultShareSymbol": "UNKNOWN", "vaultShareDecimals": 18}
{"blockNumber":20558975,"chainId":1,"wrapperAddress":"0x99d5fa78d3dfada40af6b7345de36856415af628"}	{"name": "FarmApu", "asset": "", "symbol": "FAPU", "decimals": 18, "assetName": "UNKNOWN", "vaultShare": "", "assetSymbol": "UNKNOWN", "assetDecimals": 18, "vaultShareName": "UNKNOWN", "vaultShareSymbol": "UNKNOWN", "vaultShareDecimals": 18}
{"blockNumber":20563495,"chainId":1,"wrapperAddress":"0xa83cea9ae31071f3516d6c3a20163fce46341106"}	{"name": "FarmApu", "asset": "", "symbol": "FAPU", "decimals": 18, "assetName": "UNKNOWN", "vaultShare": "", "assetSymbol": "UNKNOWN", "assetDecimals": 18, "vaultShareName": "UNKNOWN", "vaultShareSymbol": "UNKNOWN", "vaultShareDecimals": 18}
{"blockNumber":20577321,"chainId":1,"wrapperAddress":"0xd8019cb7d0f377b6cd2c6967c8d9df9d4e0b8a58"}	{"name": "UNKNOWN", "asset": "", "symbol": "UNKNOWN", "decimals": 18, "assetName": "UNKNOWN", "vaultShare": "", "assetSymbol": "UNKNOWN", "assetDecimals": 18, "vaultShareName": "UNKNOWN", "vaultShareSymbol": "UNKNOWN", "vaultShareDecimals": 18}
{"blockNumber":20577321,"chainId":1,"wrapperAddress":"0x1ae64d15dc8cb2af58143b5cf0dc9812225bda96"}	{"name": "UNKNOWN", "asset": "", "symbol": "UNKNOWN", "decimals": 18, "assetName": "UNKNOWN", "vaultShare": "", "assetSymbol": "UNKNOWN", "assetDecimals": 18, "vaultShareName": "UNKNOWN", "vaultShareSymbol": "UNKNOWN", "vaultShareDecimals": 18}
{"blockNumber":20577324,"chainId":1,"wrapperAddress":"0xe705d4c3cf717393a86421b902e12d363a9531dc"}	{"name": "UNKNOWN", "asset": "", "symbol": "UNKNOWN", "decimals": 18, "assetName": "UNKNOWN", "vaultShare": "", "assetSymbol": "UNKNOWN", "assetDecimals": 18, "vaultShareName": "UNKNOWN", "vaultShareSymbol": "UNKNOWN", "vaultShareDecimals": 18}
{"blockNumber":20577324,"chainId":1,"wrapperAddress":"0x238ce92c0a8038ff9c9ab3a96b00c044ba779108"}	{"name": "UNKNOWN", "asset": "", "symbol": "UNKNOWN", "decimals": 18, "assetName": "UNKNOWN", "vaultShare": "", "assetSymbol": "UNKNOWN", "assetDecimals": 18, "vaultShareName": "UNKNOWN", "vaultShareSymbol": "UNKNOWN", "vaultShareDecimals": 18}
{"blockNumber":20577381,"chainId":1,"wrapperAddress":"0x1ab4a6e0cf23ec54583216b93ed772952ae55b5e"}	{"name": "UNKNOWN", "asset": "", "symbol": "UNKNOWN", "decimals": 18, "assetName": "UNKNOWN", "vaultShare": "", "assetSymbol": "UNKNOWN", "assetDecimals": 18, "vaultShareName": "UNKNOWN", "vaultShareSymbol": "UNKNOWN", "vaultShareDecimals": 18}
{"blockNumber":20577381,"chainId":1,"wrapperAddress":"0xf102d0062728f523bff5dfda182dade7463d4bf8"}	{"name": "UNKNOWN", "asset": "", "symbol": "UNKNOWN", "decimals": 18, "assetName": "UNKNOWN", "vaultShare": "", "assetSymbol": "UNKNOWN", "assetDecimals": 18, "vaultShareName": "UNKNOWN", "vaultShareSymbol": "UNKNOWN", "vaultShareDecimals": 18}
{"blockNumber":20582576,"chainId":1,"wrapperAddress":"0xd0097149aa4cc0d0e1fc99b8bd73fc17dc32c1e9"}	{"name": "Principal Token: wstUSR-1740182579", "asset": "", "symbol": "PT-wstUSR-1740182579", "decimals": 18, "assetName": "UNKNOWN", "vaultShare": "", "assetSymbol": "UNKNOWN", "assetDecimals": 18, "vaultShareName": "UNKNOWN", "vaultShareSymbol": "UNKNOWN", "vaultShareDecimals": 18}
{"blockNumber":20585725,"chainId":1,"wrapperAddress":"0x33c7bb6867ca52609eddcdf91bf5d7ad09b6fd5f"}	{"name": "Principal Token: fPENDLE-LPT-1735084833", "asset": "", "symbol": "PT-fPENDLE-LPT-1735084833", "decimals": 18, "assetName": "UNKNOWN", "vaultShare": "", "assetSymbol": "UNKNOWN", "assetDecimals": 18, "vaultShareName": "UNKNOWN", "vaultShareSymbol": "UNKNOWN", "vaultShareDecimals": 18}
{"blockNumber":20683920,"chainId":1,"wrapperAddress":"0xcf79bc535076c0e75cabcbfdebfcaeaac8bb7209"}	{"name": "Principal Token: thWAR-1741132844", "asset": "", "symbol": "PT-thWAR-1741132844", "decimals": 18, "assetName": "UNKNOWN", "vaultShare": "", "assetSymbol": "UNKNOWN", "assetDecimals": 18, "vaultShareName": "UNKNOWN", "vaultShareSymbol": "UNKNOWN", "vaultShareDecimals": 18}
{"blockNumber":20712838,"chainId":1,"wrapperAddress":"0xf418703cb31e4ea4eaa0992adb8f87d40a217890"}	{"name": "UNKNOWN", "asset": "", "symbol": "UNKNOWN", "decimals": 18, "assetName": "UNKNOWN", "vaultShare": "", "assetSymbol": "UNKNOWN", "assetDecimals": 18, "vaultShareName": "UNKNOWN", "vaultShareSymbol": "UNKNOWN", "vaultShareDecimals": 18}
{"blockNumber":20712838,"chainId":1,"wrapperAddress":"0x89212798181e8a78d727ba34cedec02b492acf27"}	{"name": "UNKNOWN", "asset": "", "symbol": "UNKNOWN", "decimals": 18, "assetName": "UNKNOWN", "vaultShare": "", "assetSymbol": "UNKNOWN", "assetDecimals": 18, "vaultShareName": "UNKNOWN", "vaultShareSymbol": "UNKNOWN", "vaultShareDecimals": 18}
{"blockNumber":20721221,"chainId":1,"wrapperAddress":"0x157788cc028ac6405bd406f2d1e0a8a22b3cf17b"}	{"name": "UNKNOWN", "asset": "", "symbol": "UNKNOWN", "decimals": 18, "assetName": "UNKNOWN", "vaultShare": "", "assetSymbol": "UNKNOWN", "assetDecimals": 18, "vaultShareName": "UNKNOWN", "vaultShareSymbol": "UNKNOWN", "vaultShareDecimals": 18}
{"blockNumber":20725682,"chainId":1,"wrapperAddress":"0x4ee81b93cf490f7157144c82ff07557cffd2b86b"}	{"name": "Principal Token: sw-USUALUSDC+-1731480491", "asset": "", "symbol": "PT-sw-USUALUSDC+-1731480491", "decimals": 18, "assetName": "UNKNOWN", "vaultShare": "", "assetSymbol": "UNKNOWN", "assetDecimals": 18, "vaultShareName": "UNKNOWN", "vaultShareSymbol": "UNKNOWN", "vaultShareDecimals": 18}
{"blockNumber":20319309,"chainId":1,"wrapperAddress":"0xbde752ef69880c00a795d88438040b8f737eb254"}	{"name": "Spectra ERC4626 Wrapper: uniBTC", "asset": "0x2260FAC5E5542a773Aa44fBCfeDf7C193bc2C599", "symbol": "sw-uniBTC", "decimals": 8, "assetName": "Wrapped BTC", "vaultShare": "0x004E9C3EF86bc1ca1f0bB5C7662861Ee93350568", "assetSymbol": "WBTC", "assetDecimals": 8, "vaultShareName": "uniBTC", "vaultShareSymbol": "uniBTC", "vaultShareDecimals": 8}
{"blockNumber":20575856,"chainId":1,"wrapperAddress":"0x6e0dccf49d095f8ea8920a8af03d236fa167b7e0"}	{"name": "Spectra ERC4626 Wrapper: ynETH", "asset": "0xC02aaA39b223FE8D0A0e5C4F27eAD9083C756Cc2", "symbol": "sw-ynETH", "decimals": 18, "assetName": "Wrapped Ether", "vaultShare": "0x09db87A538BD693E9d08544577d5cCfAA6373A48", "assetSymbol": "WETH", "assetDecimals": 18, "vaultShareName": "ynETH", "vaultShareSymbol": "ynETH", "vaultShareDecimals": 18}
{"blockNumber":20635793,"chainId":1,"wrapperAddress":"0x1b56e30b6efd7cfde46ee3e29b851b9094d5810b"}	{"name": "Spectra ERC4626 Wrapper:  Usual Boosted USDC", "asset": "0xA0b86991c6218b36c1d19D4a2e9Eb0cE3606eB48", "symbol": "sw-USUALUSDC+", "decimals": 18, "assetName": "USD Coin", "vaultShare": "0xd63070114470f685b75B74D60EEc7c1113d33a3D", "assetSymbol": "USDC", "assetDecimals": 6, "vaultShareName": " Usual Boosted USDC", "vaultShareSymbol": "USUALUSDC+", "vaultShareDecimals": 18}
{"blockNumber":20719261,"chainId":1,"wrapperAddress":"0x37f86e2fb8020fb8dc53236fdae86f9122b56270"}	{"name": "Spectra ERC4626 Wrapper: Gauntlet USDC Core", "asset": "0xA0b86991c6218b36c1d19D4a2e9Eb0cE3606eB48", "symbol": "sw-gtUSDCcore", "decimals": 18, "assetName": "USD Coin", "vaultShare": "0x8eB67A509616cd6A7c1B3c8C21D48FF57df3d458", "assetSymbol": "USDC", "assetDecimals": 6, "vaultShareName": "Gauntlet USDC Core", "vaultShareSymbol": "gtUSDCcore", "vaultShareDecimals": 18}
{"blockNumber":20719405,"chainId":1,"wrapperAddress":"0xbdc1d4bbca6429efaaa42c26e80f6a138f9c69d5"}	{"name": "Spectra ERC4626 Wrapper: Gauntlet LRT Core", "asset": "0xC02aaA39b223FE8D0A0e5C4F27eAD9083C756Cc2", "symbol": "sw-gtLRTcore", "decimals": 18, "assetName": "Wrapped Ether", "vaultShare": "0x4881Ef0BF6d2365D3dd6499ccd7532bcdBCE0658", "assetSymbol": "WETH", "assetDecimals": 18, "vaultShareName": "Gauntlet LRT Core", "vaultShareSymbol": "gtLRTcore", "vaultShareDecimals": 18}
{"blockNumber":20336483,"chainId":1,"wrapperAddress":"0xfc0428f0a6d950caff13f3128f9ef41d44e92a13"}	{"name": "Spectra ERC4626 Rewards: Kernel Restaked ETH", "asset": "0xf02C96DbbB92DC0325AD52B3f9F2b951f972bf00", "symbol": "sr-krETH", "decimals": 18, "assetName": "Kernel Restaked ETH", "vaultShare": "", "assetSymbol": "krETH", "assetDecimals": 18, "vaultShareName": "UNKNOWN", "vaultShareSymbol": "UNKNOWN", "vaultShareDecimals": 18}
{"blockNumber":20336509,"chainId":1,"wrapperAddress":"0xb10a1b53f11aa969bc79dc86948de489e5996f8d"}	{"name": "Spectra ERC4626 Rewards: Kernel Restaked ETH", "asset": "0xf02C96DbbB92DC0325AD52B3f9F2b951f972bf00", "symbol": "sr-krETH", "decimals": 18, "assetName": "Kernel Restaked ETH", "vaultShare": "", "assetSymbol": "krETH", "assetDecimals": 18, "vaultShareName": "UNKNOWN", "vaultShareSymbol": "UNKNOWN", "vaultShareDecimals": 18}
{"blockNumber":20336520,"chainId":1,"wrapperAddress":"0xae2723263cf924c0dfb81974ada52b2e671d1df3"}	{"name": "Spectra ERC4626 Rewards: Kernel USD", "asset": "0x0bB9aB78aAF7179b7515e6753d89822b91e670C4", "symbol": "sr-kUSD", "decimals": 18, "assetName": "Kernel USD", "vaultShare": "", "assetSymbol": "kUSD", "assetDecimals": 18, "vaultShareName": "UNKNOWN", "vaultShareSymbol": "UNKNOWN", "vaultShareDecimals": 18}
{"blockNumber":20336528,"chainId":1,"wrapperAddress":"0x04a40ef57eb9d6265b90367ddbba17a6916a45df"}	{"name": "Spectra ERC4626 Rewards: Kernel Staked ETH", "asset": "0x513D27c94C0D81eeD9DC2a88b4531a69993187cF", "symbol": "sr-ksETH", "decimals": 18, "assetName": "Kernel Staked ETH", "vaultShare": "", "assetSymbol": "ksETH", "assetDecimals": 18, "vaultShareName": "UNKNOWN", "vaultShareSymbol": "UNKNOWN", "vaultShareDecimals": 18}
{"blockNumber":20749384,"chainId":1,"wrapperAddress":"0x5a1cdb59673306a6f905feb0358d62a95049ac6f"}	{"name": "UNKNOWN", "asset": "", "symbol": "UNKNOWN", "decimals": 18, "assetName": "UNKNOWN", "vaultShare": "", "assetSymbol": "UNKNOWN", "assetDecimals": 18, "vaultShareName": "UNKNOWN", "vaultShareSymbol": "UNKNOWN", "vaultShareDecimals": 18}
{"blockNumber":20750628,"chainId":1,"wrapperAddress":"0x18e05ae3e0a1dc37e3d7efcf008c9aa8cce6377e"}	{"name": "UNKNOWN", "asset": "", "symbol": "UNKNOWN", "decimals": 18, "assetName": "UNKNOWN", "vaultShare": "", "assetSymbol": "UNKNOWN", "assetDecimals": 18, "vaultShareName": "UNKNOWN", "vaultShareSymbol": "UNKNOWN", "vaultShareDecimals": 18}
{"blockNumber":20751160,"chainId":1,"wrapperAddress":"0x308e830aab8898e9bf4c7f7fba675f004f535ea0"}	{"name": "UNKNOWN", "asset": "", "symbol": "UNKNOWN", "decimals": 18, "assetName": "UNKNOWN", "vaultShare": "", "assetSymbol": "UNKNOWN", "assetDecimals": 18, "vaultShareName": "UNKNOWN", "vaultShareSymbol": "UNKNOWN", "vaultShareDecimals": 18}
{"blockNumber":20752539,"chainId":1,"wrapperAddress":"0xd182d6370490273aa34b0122a25854a6fa06f192"}	{"name": "UNKNOWN", "asset": "", "symbol": "UNKNOWN", "decimals": 18, "assetName": "UNKNOWN", "vaultShare": "", "assetSymbol": "UNKNOWN", "assetDecimals": 18, "vaultShareName": "UNKNOWN", "vaultShareSymbol": "UNKNOWN", "vaultShareDecimals": 18}
{"blockNumber":20763143,"chainId":1,"wrapperAddress":"0x607d9786704149f296caac81d529e51a69f2e9e8"}	{"name": "UNKNOWN", "asset": "", "symbol": "UNKNOWN", "decimals": 18, "assetName": "UNKNOWN", "vaultShare": "", "assetSymbol": "UNKNOWN", "assetDecimals": 18, "vaultShareName": "UNKNOWN", "vaultShareSymbol": "UNKNOWN", "vaultShareDecimals": 18}
{"blockNumber":20763143,"chainId":1,"wrapperAddress":"0xa41b16f8bb0e083b0c599c82c3834f7617c7f865"}	{"name": "UNKNOWN", "asset": "", "symbol": "UNKNOWN", "decimals": 18, "assetName": "UNKNOWN", "vaultShare": "", "assetSymbol": "UNKNOWN", "assetDecimals": 18, "vaultShareName": "UNKNOWN", "vaultShareSymbol": "UNKNOWN", "vaultShareDecimals": 18}
{"blockNumber":20764430,"chainId":1,"wrapperAddress":"0x1541865672149191412af718c1764c9662142c83"}	{"name": "Principal Token: sw-gtUSDCcore-1757980809", "asset": "", "symbol": "PT-sw-gtUSDCcore-1757980809", "decimals": 18, "assetName": "UNKNOWN", "vaultShare": "", "assetSymbol": "UNKNOWN", "assetDecimals": 18, "vaultShareName": "UNKNOWN", "vaultShareSymbol": "UNKNOWN", "vaultShareDecimals": 18}
{"blockNumber":20764439,"chainId":1,"wrapperAddress":"0xdbbef1de0cafec8a959eecb39513d6bb0dcf1cff"}	{"name": "Principal Token: sw-gtLRTcore-1742083206", "asset": "", "symbol": "PT-sw-gtLRTcore-1742083206", "decimals": 18, "assetName": "UNKNOWN", "vaultShare": "", "assetSymbol": "UNKNOWN", "assetDecimals": 18, "vaultShareName": "UNKNOWN", "vaultShareSymbol": "UNKNOWN", "vaultShareDecimals": 18}
{"blockNumber":20768842,"chainId":1,"wrapperAddress":"0x577eee2c58996a7296679b1803591766522ba723"}	{"name": "Test Yay Kelp DAO’s Airdrop Gain ETH", "asset": "", "symbol": "TestyayAgETH", "decimals": 18, "assetName": "UNKNOWN", "vaultShare": "", "assetSymbol": "UNKNOWN", "assetDecimals": 18, "vaultShareName": "UNKNOWN", "vaultShareSymbol": "UNKNOWN", "vaultShareDecimals": 18}
{"blockNumber":20768935,"chainId":1,"wrapperAddress":"0x5e29dd44c4da241a27b26d77ca945c3fb81fa434"}	{"name": "UNKNOWN", "asset": "", "symbol": "UNKNOWN", "decimals": 18, "assetName": "UNKNOWN", "vaultShare": "", "assetSymbol": "UNKNOWN", "assetDecimals": 18, "vaultShareName": "UNKNOWN", "vaultShareSymbol": "UNKNOWN", "vaultShareDecimals": 18}
{"blockNumber":20768935,"chainId":1,"wrapperAddress":"0xa464ecd0c1c81220637207501ecf7fe3a663867f"}	{"name": "UNKNOWN", "asset": "", "symbol": "UNKNOWN", "decimals": 18, "assetName": "UNKNOWN", "vaultShare": "", "assetSymbol": "UNKNOWN", "assetDecimals": 18, "vaultShareName": "UNKNOWN", "vaultShareSymbol": "UNKNOWN", "vaultShareDecimals": 18}
{"blockNumber":20787377,"chainId":1,"wrapperAddress":"0x2d86e90ed40a034c753931ee31b1bd5e1970113d"}	{"name": "UNKNOWN", "asset": "", "symbol": "UNKNOWN", "decimals": 18, "assetName": "UNKNOWN", "vaultShare": "", "assetSymbol": "UNKNOWN", "assetDecimals": 18, "vaultShareName": "UNKNOWN", "vaultShareSymbol": "UNKNOWN", "vaultShareDecimals": 18}
{"blockNumber":20816036,"chainId":1,"wrapperAddress":"0x8096bbe7d45596ebdcaeae0e8d12921180fc335c"}	{"name": "UNKNOWN", "asset": "", "symbol": "UNKNOWN", "decimals": 18, "assetName": "UNKNOWN", "vaultShare": "", "assetSymbol": "UNKNOWN", "assetDecimals": 18, "vaultShareName": "UNKNOWN", "vaultShareSymbol": "UNKNOWN", "vaultShareDecimals": 18}
{"blockNumber":20816036,"chainId":1,"wrapperAddress":"0x0de16dde89df21bbd81263ca305269633ee35365"}	{"name": "UNKNOWN", "asset": "", "symbol": "UNKNOWN", "decimals": 18, "assetName": "UNKNOWN", "vaultShare": "", "assetSymbol": "UNKNOWN", "assetDecimals": 18, "vaultShareName": "UNKNOWN", "vaultShareSymbol": "UNKNOWN", "vaultShareDecimals": 18}
{"blockNumber":20827940,"chainId":1,"wrapperAddress":"0x0f7454c4537afe1243df65842c7919b5d6d6198c"}	{"name": "Principal Token: sw-stkGHO-1742860812", "asset": "", "symbol": "PT-sw-stkGHO-1742860812", "decimals": 18, "assetName": "UNKNOWN", "vaultShare": "", "assetSymbol": "UNKNOWN", "assetDecimals": 18, "vaultShareName": "UNKNOWN", "vaultShareSymbol": "UNKNOWN", "vaultShareDecimals": 18}
{"blockNumber":20828021,"chainId":1,"wrapperAddress":"0xa5ad927a85516885f09aa1b2124a8975dc725c48"}	{"name": "Principal Token: sw-amphrLRT-1742860816", "asset": "", "symbol": "PT-sw-amphrLRT-1742860816", "decimals": 18, "assetName": "UNKNOWN", "vaultShare": "", "assetSymbol": "UNKNOWN", "assetDecimals": 18, "vaultShareName": "UNKNOWN", "vaultShareSymbol": "UNKNOWN", "vaultShareDecimals": 18}
{"blockNumber":20828332,"chainId":1,"wrapperAddress":"0xdda0483184e75a5579ef9635ed14baccf9d50283"}	{"name": "UNKNOWN", "asset": "", "symbol": "UNKNOWN", "decimals": 18, "assetName": "UNKNOWN", "vaultShare": "", "assetSymbol": "UNKNOWN", "assetDecimals": 18, "vaultShareName": "UNKNOWN", "vaultShareSymbol": "UNKNOWN", "vaultShareDecimals": 18}
{"blockNumber":20833064,"chainId":1,"wrapperAddress":"0x0341d2c2ce65b62af8887e905245b8cfea2a3b97"}	{"name": "Yay Kelp DAO’s Airdrop Gain ETH", "asset": "", "symbol": "yayAgETH", "decimals": 18, "assetName": "UNKNOWN", "vaultShare": "", "assetSymbol": "UNKNOWN", "assetDecimals": 18, "vaultShareName": "UNKNOWN", "vaultShareSymbol": "UNKNOWN", "vaultShareDecimals": 18}
{"blockNumber":20836997,"chainId":1,"wrapperAddress":"0x50e5b6d17369c980f52a24c800d1d1334faf0943"}	{"name": "UNKNOWN", "asset": "", "symbol": "UNKNOWN", "decimals": 18, "assetName": "UNKNOWN", "vaultShare": "", "assetSymbol": "UNKNOWN", "assetDecimals": 18, "vaultShareName": "UNKNOWN", "vaultShareSymbol": "UNKNOWN", "vaultShareDecimals": 18}
{"blockNumber":20836997,"chainId":1,"wrapperAddress":"0x4b0b84b0f4aeb3eafbe466a00866728f8a985377"}	{"name": "UNKNOWN", "asset": "", "symbol": "UNKNOWN", "decimals": 18, "assetName": "UNKNOWN", "vaultShare": "", "assetSymbol": "UNKNOWN", "assetDecimals": 18, "vaultShareName": "UNKNOWN", "vaultShareSymbol": "UNKNOWN", "vaultShareDecimals": 18}
{"blockNumber":20837000,"chainId":1,"wrapperAddress":"0xcf5c1312f3c71e10f3ac22266d790c0c208cdf31"}	{"name": "UNKNOWN", "asset": "", "symbol": "UNKNOWN", "decimals": 18, "assetName": "UNKNOWN", "vaultShare": "", "assetSymbol": "UNKNOWN", "assetDecimals": 18, "vaultShareName": "UNKNOWN", "vaultShareSymbol": "UNKNOWN", "vaultShareDecimals": 18}
{"blockNumber":20837000,"chainId":1,"wrapperAddress":"0x27fd2501d8eabf2b2e7bc403500a56c866d8a2b1"}	{"name": "UNKNOWN", "asset": "", "symbol": "UNKNOWN", "decimals": 18, "assetName": "UNKNOWN", "vaultShare": "", "assetSymbol": "UNKNOWN", "assetDecimals": 18, "vaultShareName": "UNKNOWN", "vaultShareSymbol": "UNKNOWN", "vaultShareDecimals": 18}
{"blockNumber":20855947,"chainId":1,"wrapperAddress":"0x2d1a21f4138a31f978857b28ed6f079408af2792"}	{"name": "UNKNOWN", "asset": "", "symbol": "UNKNOWN", "decimals": 18, "assetName": "UNKNOWN", "vaultShare": "", "assetSymbol": "UNKNOWN", "assetDecimals": 18, "vaultShareName": "UNKNOWN", "vaultShareSymbol": "UNKNOWN", "vaultShareDecimals": 18}
{"blockNumber":21314949,"chainId":1,"wrapperAddress":"0x2d1a21f4138a31f978857b28ed6f079408af2792"}	{"name": "UNKNOWN", "asset": "", "symbol": "UNKNOWN", "decimals": 18, "assetName": "UNKNOWN", "vaultShare": "", "assetSymbol": "UNKNOWN", "assetDecimals": 18, "vaultShareName": "UNKNOWN", "vaultShareSymbol": "UNKNOWN", "vaultShareDecimals": 18}
{"blockNumber":20855950,"chainId":1,"wrapperAddress":"0x7a79b55893a8799ee0184ca18fffc84699749aea"}	{"name": "UNKNOWN", "asset": "", "symbol": "UNKNOWN", "decimals": 18, "assetName": "UNKNOWN", "vaultShare": "", "assetSymbol": "UNKNOWN", "assetDecimals": 18, "vaultShareName": "UNKNOWN", "vaultShareSymbol": "UNKNOWN", "vaultShareDecimals": 18}
{"blockNumber":21314949,"chainId":1,"wrapperAddress":"0x7a79b55893a8799ee0184ca18fffc84699749aea"}	{"name": "UNKNOWN", "asset": "", "symbol": "UNKNOWN", "decimals": 18, "assetName": "UNKNOWN", "vaultShare": "", "assetSymbol": "UNKNOWN", "assetDecimals": 18, "vaultShareName": "UNKNOWN", "vaultShareSymbol": "UNKNOWN", "vaultShareDecimals": 18}
{"blockNumber":20855953,"chainId":1,"wrapperAddress":"0x1f8397de7c32cc7f042477326892953ca102ded0"}	{"name": "UNKNOWN", "asset": "", "symbol": "UNKNOWN", "decimals": 18, "assetName": "UNKNOWN", "vaultShare": "", "assetSymbol": "UNKNOWN", "assetDecimals": 18, "vaultShareName": "UNKNOWN", "vaultShareSymbol": "UNKNOWN", "vaultShareDecimals": 18}
{"blockNumber":21314949,"chainId":1,"wrapperAddress":"0x1f8397de7c32cc7f042477326892953ca102ded0"}	{"name": "UNKNOWN", "asset": "", "symbol": "UNKNOWN", "decimals": 18, "assetName": "UNKNOWN", "vaultShare": "", "assetSymbol": "UNKNOWN", "assetDecimals": 18, "vaultShareName": "UNKNOWN", "vaultShareSymbol": "UNKNOWN", "vaultShareDecimals": 18}
{"blockNumber":20861112,"chainId":1,"wrapperAddress":"0x57e9ebeb30852d31f99a08e39068d93b0d8fc917"}	{"name": "Principal Token: sw-ynETH-1735516827", "asset": "", "symbol": "PT-sw-ynETH-1735516827", "decimals": 18, "assetName": "UNKNOWN", "vaultShare": "", "assetSymbol": "UNKNOWN", "assetDecimals": 18, "vaultShareName": "UNKNOWN", "vaultShareSymbol": "UNKNOWN", "vaultShareDecimals": 18}
{"blockNumber":20921773,"chainId":1,"wrapperAddress":"0x9493f019d01b565a2b9bb4b6a9142ac478c2b663"}	{"name": "UNKNOWN", "asset": "", "symbol": "UNKNOWN", "decimals": 18, "assetName": "UNKNOWN", "vaultShare": "", "assetSymbol": "UNKNOWN", "assetDecimals": 18, "vaultShareName": "UNKNOWN", "vaultShareSymbol": "UNKNOWN", "vaultShareDecimals": 18}
{"blockNumber":20921780,"chainId":1,"wrapperAddress":"0x6c69936dfab460fba4931c843e248139bf2273d6"}	{"name": "UNKNOWN", "asset": "", "symbol": "UNKNOWN", "decimals": 18, "assetName": "UNKNOWN", "vaultShare": "", "assetSymbol": "UNKNOWN", "assetDecimals": 18, "vaultShareName": "UNKNOWN", "vaultShareSymbol": "UNKNOWN", "vaultShareDecimals": 18}
{"blockNumber":20921998,"chainId":1,"wrapperAddress":"0x060e990a7e760f211447e76a53ff6e1be2f3bdd3"}	{"name": "UNKNOWN", "asset": "", "symbol": "UNKNOWN", "decimals": 18, "assetName": "UNKNOWN", "vaultShare": "", "assetSymbol": "UNKNOWN", "assetDecimals": 18, "vaultShareName": "UNKNOWN", "vaultShareSymbol": "UNKNOWN", "vaultShareDecimals": 18}
{"blockNumber":20922006,"chainId":1,"wrapperAddress":"0x52c1cc79fbbef91d3952ae75b1961d08f0172223"}	{"name": "UNKNOWN", "asset": "", "symbol": "UNKNOWN", "decimals": 18, "assetName": "UNKNOWN", "vaultShare": "", "assetSymbol": "UNKNOWN", "assetDecimals": 18, "vaultShareName": "UNKNOWN", "vaultShareSymbol": "UNKNOWN", "vaultShareDecimals": 18}
{"blockNumber":20981307,"chainId":1,"wrapperAddress":"0x7829156a998bf7d5e9c18f7ad0a2205c5920e691"}	{"name": "EtherWorld Governance Token", "asset": "", "symbol": "eWGovernor", "decimals": 18, "assetName": "UNKNOWN", "vaultShare": "", "assetSymbol": "UNKNOWN", "assetDecimals": 18, "vaultShareName": "UNKNOWN", "vaultShareSymbol": "UNKNOWN", "vaultShareDecimals": 18}
{"blockNumber":20994411,"chainId":1,"wrapperAddress":"0x8c2173b48817bd01f6e430d7a18e0d094647d723"}	{"name": "Gatsby Access Token", "asset": "", "symbol": "Gatsby", "decimals": 18, "assetName": "UNKNOWN", "vaultShare": "", "assetSymbol": "UNKNOWN", "assetDecimals": 18, "vaultShareName": "UNKNOWN", "vaultShareSymbol": "UNKNOWN", "vaultShareDecimals": 18}
{"blockNumber":21014231,"chainId":1,"wrapperAddress":"0x9084e4aae47377c43c0db668e3e014d856cab84b"}	{"name": "UNKNOWN", "asset": "", "symbol": "UNKNOWN", "decimals": 18, "assetName": "UNKNOWN", "vaultShare": "", "assetSymbol": "UNKNOWN", "assetDecimals": 18, "vaultShareName": "UNKNOWN", "vaultShareSymbol": "UNKNOWN", "vaultShareDecimals": 18}
{"blockNumber":21014231,"chainId":1,"wrapperAddress":"0x049a70412c1eb3c69401afc1c0a53617b89a4ecb"}	{"name": "UNKNOWN", "asset": "", "symbol": "UNKNOWN", "decimals": 18, "assetName": "UNKNOWN", "vaultShare": "", "assetSymbol": "UNKNOWN", "assetDecimals": 18, "vaultShareName": "UNKNOWN", "vaultShareSymbol": "UNKNOWN", "vaultShareDecimals": 18}
{"blockNumber":21030341,"chainId":1,"wrapperAddress":"0x60acf40a58b364d0625bd4d0f3c89c1b7d8bc457"}	{"name": "UNKNOWN", "asset": "", "symbol": "UNKNOWN", "decimals": 18, "assetName": "UNKNOWN", "vaultShare": "", "assetSymbol": "UNKNOWN", "assetDecimals": 18, "vaultShareName": "UNKNOWN", "vaultShareSymbol": "UNKNOWN", "vaultShareDecimals": 18}
{"blockNumber":21030341,"chainId":1,"wrapperAddress":"0xcb0249bf9804e686126c2691f2eabd57c3c6b4f5"}	{"name": "UNKNOWN", "asset": "", "symbol": "UNKNOWN", "decimals": 18, "assetName": "UNKNOWN", "vaultShare": "", "assetSymbol": "UNKNOWN", "assetDecimals": 18, "vaultShareName": "UNKNOWN", "vaultShareSymbol": "UNKNOWN", "vaultShareDecimals": 18}
{"blockNumber":21030458,"chainId":1,"wrapperAddress":"0x2cb2dd6d85b22549dd1051df18012309c9582e2d"}	{"name": "UNKNOWN", "asset": "", "symbol": "UNKNOWN", "decimals": 18, "assetName": "UNKNOWN", "vaultShare": "", "assetSymbol": "UNKNOWN", "assetDecimals": 18, "vaultShareName": "UNKNOWN", "vaultShareSymbol": "UNKNOWN", "vaultShareDecimals": 18}
{"blockNumber":21030458,"chainId":1,"wrapperAddress":"0xfefe0e434316c45f3fcc8853dda91c74d1696c63"}	{"name": "UNKNOWN", "asset": "", "symbol": "UNKNOWN", "decimals": 18, "assetName": "UNKNOWN", "vaultShare": "", "assetSymbol": "UNKNOWN", "assetDecimals": 18, "vaultShareName": "UNKNOWN", "vaultShareSymbol": "UNKNOWN", "vaultShareDecimals": 18}
{"blockNumber":21030458,"chainId":1,"wrapperAddress":"0xf6d7f6652acfec7b07f7c2599d9108f8840ba932"}	{"name": "UNKNOWN", "asset": "", "symbol": "UNKNOWN", "decimals": 18, "assetName": "UNKNOWN", "vaultShare": "", "assetSymbol": "UNKNOWN", "assetDecimals": 18, "vaultShareName": "UNKNOWN", "vaultShareSymbol": "UNKNOWN", "vaultShareDecimals": 18}
{"blockNumber":21030458,"chainId":1,"wrapperAddress":"0xc073c4810f911373b30953a964464652f9eaf5b9"}	{"name": "UNKNOWN", "asset": "", "symbol": "UNKNOWN", "decimals": 18, "assetName": "UNKNOWN", "vaultShare": "", "assetSymbol": "UNKNOWN", "assetDecimals": 18, "vaultShareName": "UNKNOWN", "vaultShareSymbol": "UNKNOWN", "vaultShareDecimals": 18}
{"blockNumber":21067868,"chainId":1,"wrapperAddress":"0x1889009a2eed50f67bf60689e552f15f9670d30b"}	{"name": "UNKNOWN", "asset": "", "symbol": "UNKNOWN", "decimals": 18, "assetName": "UNKNOWN", "vaultShare": "", "assetSymbol": "UNKNOWN", "assetDecimals": 18, "vaultShareName": "UNKNOWN", "vaultShareSymbol": "UNKNOWN", "vaultShareDecimals": 18}
{"blockNumber":21070385,"chainId":1,"wrapperAddress":"0x5b450d19bd3b2324afbfc927f3aa51a6aefca2e7"}	{"name": "Principal Token: sw-auraECLP-paUSD-GYD-vault-1745885004", "asset": "", "symbol": "PT-sw-auraECLP-paUSD-GYD-vault-1745885004", "decimals": 18, "assetName": "UNKNOWN", "vaultShare": "", "assetSymbol": "UNKNOWN", "assetDecimals": 18, "vaultShareName": "UNKNOWN", "vaultShareSymbol": "UNKNOWN", "vaultShareDecimals": 18}
{"blockNumber":21071577,"chainId":1,"wrapperAddress":"0x2598ba9fed26b6c10c5be98ae38f06bb28cfb814"}	{"name": "Principal Token: sw-stkGHO-1745886768", "asset": "", "symbol": "PT-sw-stkGHO-1745886768", "decimals": 18, "assetName": "UNKNOWN", "vaultShare": "", "assetSymbol": "UNKNOWN", "assetDecimals": 18, "vaultShareName": "UNKNOWN", "vaultShareSymbol": "UNKNOWN", "vaultShareDecimals": 18}
{"blockNumber":21072705,"chainId":1,"wrapperAddress":"0x5485a469faea1492191cfce7528ab6e58135aa4d"}	{"name": "Osmi AI", "asset": "", "symbol": "OSMI", "decimals": 18, "assetName": "UNKNOWN", "vaultShare": "", "assetSymbol": "UNKNOWN", "assetDecimals": 18, "vaultShareName": "UNKNOWN", "vaultShareSymbol": "UNKNOWN", "vaultShareDecimals": 18}
{"blockNumber":21074932,"chainId":1,"wrapperAddress":"0xfee31a1fd7fca0e05428ff751242e46f6d5769a6"}	{"name": "UNKNOWN", "asset": "", "symbol": "UNKNOWN", "decimals": 18, "assetName": "UNKNOWN", "vaultShare": "", "assetSymbol": "UNKNOWN", "assetDecimals": 18, "vaultShareName": "UNKNOWN", "vaultShareSymbol": "UNKNOWN", "vaultShareDecimals": 18}
{"blockNumber":21074938,"chainId":1,"wrapperAddress":"0x0000317bec33af037b5fab2028f52d14658f6a56"}	{"name": "UNKNOWN", "asset": "", "symbol": "UNKNOWN", "decimals": 18, "assetName": "UNKNOWN", "vaultShare": "", "assetSymbol": "UNKNOWN", "assetDecimals": 18, "vaultShareName": "UNKNOWN", "vaultShareSymbol": "UNKNOWN", "vaultShareDecimals": 18}
{"blockNumber":21116010,"chainId":1,"wrapperAddress":"0xe835a841c2a4c55c62ab0162b2a8f9921d41c645"}	{"name": "Principal Token: sw-hETH-1746316809", "asset": "", "symbol": "PT-sw-hETH-1746316809", "decimals": 18, "assetName": "UNKNOWN", "vaultShare": "", "assetSymbol": "UNKNOWN", "assetDecimals": 18, "vaultShareName": "UNKNOWN", "vaultShareSymbol": "UNKNOWN", "vaultShareDecimals": 18}
{"blockNumber":21121454,"chainId":1,"wrapperAddress":"0x86fa5e412f82bec8e911ca1a44e5daead7136930"}	{"name": "Principal Token: sw-eBTC-1746403213", "asset": "", "symbol": "PT-sw-eBTC-1746403213", "decimals": 8, "assetName": "UNKNOWN", "vaultShare": "", "assetSymbol": "UNKNOWN", "assetDecimals": 18, "vaultShareName": "UNKNOWN", "vaultShareSymbol": "UNKNOWN", "vaultShareDecimals": 18}
{"blockNumber":21143811,"chainId":1,"wrapperAddress":"0xe4581673541b6fe6a9d472349c3a9f51eaee44f9"}	{"name": "Principal Token: rSWELL-1739059213", "asset": "", "symbol": "PT-rSWELL-1739059213", "decimals": 18, "assetName": "UNKNOWN", "vaultShare": "", "assetSymbol": "UNKNOWN", "assetDecimals": 18, "vaultShareName": "UNKNOWN", "vaultShareSymbol": "UNKNOWN", "vaultShareDecimals": 18}
{"blockNumber":21182684,"chainId":1,"wrapperAddress":"0x729908238075f050fa25ab8e50051d28acae0588"}	{"name": "Principal Token: scrvUSD-1747180822", "asset": "", "symbol": "PT-scrvUSD-1747180822", "decimals": 18, "assetName": "UNKNOWN", "vaultShare": "", "assetSymbol": "UNKNOWN", "assetDecimals": 18, "vaultShareName": "UNKNOWN", "vaultShareSymbol": "UNKNOWN", "vaultShareDecimals": 18}
{"blockNumber":21187261,"chainId":1,"wrapperAddress":"0xcf9d87b3392ea2738b755021c227e065d3f34e5b"}	{"name": "UNKNOWN", "asset": "", "symbol": "UNKNOWN", "decimals": 18, "assetName": "UNKNOWN", "vaultShare": "", "assetSymbol": "UNKNOWN", "assetDecimals": 18, "vaultShareName": "UNKNOWN", "vaultShareSymbol": "UNKNOWN", "vaultShareDecimals": 18}
{"blockNumber":21187262,"chainId":1,"wrapperAddress":"0xbf9a19e7e926d5d4c1a789f76db0af23ca9854ab"}	{"name": "Osmi AI Node", "asset": "", "symbol": "OsmiNode", "decimals": 18, "assetName": "UNKNOWN", "vaultShare": "", "assetSymbol": "UNKNOWN", "assetDecimals": 18, "vaultShareName": "UNKNOWN", "vaultShareSymbol": "UNKNOWN", "vaultShareDecimals": 18}
{"blockNumber":21187268,"chainId":1,"wrapperAddress":"0x5a46ad7e29076c8da2a5c22c5cb7b450211820a6"}	{"name": "UNKNOWN", "asset": "", "symbol": "UNKNOWN", "decimals": 18, "assetName": "UNKNOWN", "vaultShare": "", "assetSymbol": "UNKNOWN", "assetDecimals": 18, "vaultShareName": "UNKNOWN", "vaultShareSymbol": "UNKNOWN", "vaultShareDecimals": 18}
{"blockNumber":21228718,"chainId":1,"wrapperAddress":"0x7a1791fdfdd5883a12f501eae5f1e6123cbce213"}	{"name": "UNKNOWN", "asset": "", "symbol": "UNKNOWN", "decimals": 18, "assetName": "UNKNOWN", "vaultShare": "", "assetSymbol": "UNKNOWN", "assetDecimals": 18, "vaultShareName": "UNKNOWN", "vaultShareSymbol": "UNKNOWN", "vaultShareDecimals": 18}
{"blockNumber":21228718,"chainId":1,"wrapperAddress":"0xa987f7921caa09a2e877f027b07c4bf122f618e3"}	{"name": "UNKNOWN", "asset": "", "symbol": "UNKNOWN", "decimals": 18, "assetName": "UNKNOWN", "vaultShare": "", "assetSymbol": "UNKNOWN", "assetDecimals": 18, "vaultShareName": "UNKNOWN", "vaultShareSymbol": "UNKNOWN", "vaultShareDecimals": 18}
{"blockNumber":21228718,"chainId":1,"wrapperAddress":"0x5492771e1531d694bcd15f8e8ee04d770970aa7d"}	{"name": "UNKNOWN", "asset": "", "symbol": "UNKNOWN", "decimals": 18, "assetName": "UNKNOWN", "vaultShare": "", "assetSymbol": "UNKNOWN", "assetDecimals": 18, "vaultShareName": "UNKNOWN", "vaultShareSymbol": "UNKNOWN", "vaultShareDecimals": 18}
{"blockNumber":21228718,"chainId":1,"wrapperAddress":"0x86a936ae84c7680e5c37dbdcdaa34c05be390e71"}	{"name": "UNKNOWN", "asset": "", "symbol": "UNKNOWN", "decimals": 18, "assetName": "UNKNOWN", "vaultShare": "", "assetSymbol": "UNKNOWN", "assetDecimals": 18, "vaultShareName": "UNKNOWN", "vaultShareSymbol": "UNKNOWN", "vaultShareDecimals": 18}
{"blockNumber":21228718,"chainId":1,"wrapperAddress":"0xf3a5c108154d2a3c8347f1f8a876dfe069effaad"}	{"name": "UNKNOWN", "asset": "", "symbol": "UNKNOWN", "decimals": 18, "assetName": "UNKNOWN", "vaultShare": "", "assetSymbol": "UNKNOWN", "assetDecimals": 18, "vaultShareName": "UNKNOWN", "vaultShareSymbol": "UNKNOWN", "vaultShareDecimals": 18}
{"blockNumber":21228718,"chainId":1,"wrapperAddress":"0xf1887096885b2e9beb1e6ef157e5dd1a28964204"}	{"name": "UNKNOWN", "asset": "", "symbol": "UNKNOWN", "decimals": 18, "assetName": "UNKNOWN", "vaultShare": "", "assetSymbol": "UNKNOWN", "assetDecimals": 18, "vaultShareName": "UNKNOWN", "vaultShareSymbol": "UNKNOWN", "vaultShareDecimals": 18}
{"blockNumber":21277785,"chainId":1,"wrapperAddress":"0x21660f4681ad5b6039007f7006b5ab0ef9de7882"}	{"name": "UNKNOWN", "asset": "", "symbol": "UNKNOWN", "decimals": 18, "assetName": "UNKNOWN", "vaultShare": "", "assetSymbol": "UNKNOWN", "assetDecimals": 18, "vaultShareName": "UNKNOWN", "vaultShareSymbol": "UNKNOWN", "vaultShareDecimals": 18}
{"blockNumber":21320940,"chainId":1,"wrapperAddress":"0xbba9b8e2f698d2b1d79b6ee9fb05ac2520696f6d"}	{"name": "Principal Token: sw-ynETH-1743379491", "asset": "", "symbol": "PT-sw-ynETH-1743379491", "decimals": 18, "assetName": "UNKNOWN", "vaultShare": "", "assetSymbol": "UNKNOWN", "assetDecimals": 18, "vaultShareName": "UNKNOWN", "vaultShareSymbol": "UNKNOWN", "vaultShareDecimals": 18}
{"blockNumber":21343058,"chainId":1,"wrapperAddress":"0xa4e37350ea9bd5e48573645e67190c4fcd62a0ba"}	{"name": "UNKNOWN", "asset": "", "symbol": "UNKNOWN", "decimals": 18, "assetName": "UNKNOWN", "vaultShare": "", "assetSymbol": "UNKNOWN", "assetDecimals": 18, "vaultShareName": "UNKNOWN", "vaultShareSymbol": "UNKNOWN", "vaultShareDecimals": 18}
{"blockNumber":21343058,"chainId":1,"wrapperAddress":"0x35fc25bc080a9236d270cf100e301d48ccf59bc2"}	{"name": "UNKNOWN", "asset": "", "symbol": "UNKNOWN", "decimals": 18, "assetName": "UNKNOWN", "vaultShare": "", "assetSymbol": "UNKNOWN", "assetDecimals": 18, "vaultShareName": "UNKNOWN", "vaultShareSymbol": "UNKNOWN", "vaultShareDecimals": 18}
{"blockNumber":20823500,"chainId":1,"wrapperAddress":"0xc1d7a926635081d24f232969379556e08d87e10a"}	{"name": "Spectra ERC4626 Wrapper: Gyroscope ECLP paUSD/GYD Aura Deposit Vault", "asset": "0xae2D97CbBc13B67988ECEd2abA0F6939655eD3De", "symbol": "sw-auraECLP-paUSD-GYD-vault", "decimals": 18, "assetName": "Gyroscope ECLP paUSD/GYD", "vaultShare": "0x01B8209e20B999eE3271A880fA0Ef17cd3eFB1F6", "assetSymbol": "ECLP-paUSD-GYD", "assetDecimals": 18, "vaultShareName": "Gyroscope ECLP paUSD/GYD Aura Deposit Vault", "vaultShareSymbol": "auraECLP-paUSD-GYD-vault", "vaultShareDecimals": 18}
{"blockNumber":21084699,"chainId":1,"wrapperAddress":"0x2c869c812bf8519e4a8dc42dcd8793ec09f776c1"}	{"name": "Spectra ERC4626 Wrapper: Hinkal ETH", "asset": "0xC02aaA39b223FE8D0A0e5C4F27eAD9083C756Cc2", "symbol": "sw-hETH", "decimals": 18, "assetName": "Wrapped Ether", "vaultShare": "0x270B7748CdF8243bFe68FaCE7230ef0fCE695389", "assetSymbol": "WETH", "assetDecimals": 18, "vaultShareName": "Hinkal ETH", "vaultShareSymbol": "hETH", "vaultShareDecimals": 18}
{"blockNumber":21114160,"chainId":1,"wrapperAddress":"0x22cdf5fd02b76339126f79cc601a1be6fe9c2701"}	{"name": "Spectra ERC4626 Wrapper: ether.fi BTC", "asset": "0x2260FAC5E5542a773Aa44fBCfeDf7C193bc2C599", "symbol": "sw-eBTC", "decimals": 8, "assetName": "Wrapped BTC", "vaultShare": "0x657e8C867D8B37dCC18fA4Caead9C45EB088C642", "assetSymbol": "WBTC", "assetDecimals": 8, "vaultShareName": "ether.fi BTC", "vaultShareSymbol": "eBTC", "vaultShareDecimals": 8}
{"blockNumber":21322106,"chainId":1,"wrapperAddress":"0x2811b38f354d317716c0d35c3cfb9825b6bac642"}	{"name": "Spectra ERC4626 Wrapper: Relend USDC", "asset": "0xA0b86991c6218b36c1d19D4a2e9Eb0cE3606eB48", "symbol": "sw-reUSDC", "decimals": 18, "assetName": "USD Coin", "vaultShare": "0x0F359FD18BDa75e9c49bC027E7da59a4b01BF32a", "assetSymbol": "USDC", "assetDecimals": 6, "vaultShareName": "Relend USDC", "vaultShareSymbol": "reUSDC", "vaultShareDecimals": 18}
{"blockNumber":20855937,"chainId":1,"wrapperAddress":"0xabab980f0ecb232d52f422c6b68d25c3d0c18e3e"}	{"name": "IPOR USDT Ethereum Optimizer", "asset": "0xdAC17F958D2ee523a2206206994597C13D831ec7", "symbol": "ipUSDTfusion", "decimals": 8, "assetName": "Tether USD", "vaultShare": "", "assetSymbol": "USDT", "assetDecimals": 6, "vaultShareName": "UNKNOWN", "vaultShareSymbol": "UNKNOWN", "vaultShareDecimals": 18}
{"blockNumber":22045598,"chainId":1,"wrapperAddress":"0x2b7599550b06318729dfa97a5fc7af596e413ce5"}	{"name": "Principal Token: scrvUSD-1773446404", "asset": "", "symbol": "PT-scrvUSD-1773446404", "decimals": 18, "assetName": "UNKNOWN", "vaultShare": "", "assetSymbol": "UNKNOWN", "assetDecimals": 18, "vaultShareName": "UNKNOWN", "vaultShareSymbol": "UNKNOWN", "vaultShareDecimals": 18}
{"blockNumber":21314949,"chainId":1,"wrapperAddress":"0xabab980f0ecb232d52f422c6b68d25c3d0c18e3e"}	{"name": "IPOR USDT Ethereum Optimizer", "asset": "0xdAC17F958D2ee523a2206206994597C13D831ec7", "symbol": "ipUSDTfusion", "decimals": 8, "assetName": "Tether USD", "vaultShare": "", "assetSymbol": "USDT", "assetDecimals": 6, "vaultShareName": "UNKNOWN", "vaultShareSymbol": "UNKNOWN", "vaultShareDecimals": 18}
{"blockNumber":20855940,"chainId":1,"wrapperAddress":"0x43ee0243ea8cf02f7087d8b16c8d2007cc9c7ca2"}	{"name": "IPOR USDC Ethereum Optimizer", "asset": "0xA0b86991c6218b36c1d19D4a2e9Eb0cE3606eB48", "symbol": "ipUSDCfusion", "decimals": 8, "assetName": "USD Coin", "vaultShare": "", "assetSymbol": "USDC", "assetDecimals": 6, "vaultShareName": "UNKNOWN", "vaultShareSymbol": "UNKNOWN", "vaultShareDecimals": 18}
{"blockNumber":21314949,"chainId":1,"wrapperAddress":"0x43ee0243ea8cf02f7087d8b16c8d2007cc9c7ca2"}	{"name": "IPOR USDC Ethereum Optimizer", "asset": "0xA0b86991c6218b36c1d19D4a2e9Eb0cE3606eB48", "symbol": "ipUSDCfusion", "decimals": 8, "assetName": "USD Coin", "vaultShare": "", "assetSymbol": "USDC", "assetDecimals": 6, "vaultShareName": "UNKNOWN", "vaultShareSymbol": "UNKNOWN", "vaultShareDecimals": 18}
{"blockNumber":20855944,"chainId":1,"wrapperAddress":"0x20e934c725b6703f0ac696f1689008057db9ac44"}	{"name": "IPOR DAI Ethereum Optimizer", "asset": "0x6B175474E89094C44Da98b954EedeAC495271d0F", "symbol": "ipDAIfusion", "decimals": 20, "assetName": "Dai Stablecoin", "vaultShare": "", "assetSymbol": "DAI", "assetDecimals": 18, "vaultShareName": "UNKNOWN", "vaultShareSymbol": "UNKNOWN", "vaultShareDecimals": 18}
{"blockNumber":21314949,"chainId":1,"wrapperAddress":"0x20e934c725b6703f0ac696f1689008057db9ac44"}	{"name": "IPOR DAI Ethereum Optimizer", "asset": "0x6B175474E89094C44Da98b954EedeAC495271d0F", "symbol": "ipDAIfusion", "decimals": 20, "assetName": "Dai Stablecoin", "vaultShare": "", "assetSymbol": "DAI", "assetDecimals": 18, "vaultShareName": "UNKNOWN", "vaultShareSymbol": "UNKNOWN", "vaultShareDecimals": 18}
{"blockNumber":21416876,"chainId":1,"wrapperAddress":"0x174a1f4135fab6e7b6dbe207ff557dff14799d33"}	{"name": "UNKNOWN", "asset": "", "symbol": "UNKNOWN", "decimals": 18, "assetName": "UNKNOWN", "vaultShare": "", "assetSymbol": "UNKNOWN", "assetDecimals": 18, "vaultShareName": "UNKNOWN", "vaultShareSymbol": "UNKNOWN", "vaultShareDecimals": 18}
{"blockNumber":21418765,"chainId":1,"wrapperAddress":"0x0e3449e8b3d799daae81fe7567ea44bf09017924"}	{"name": "UNKNOWN", "asset": "", "symbol": "UNKNOWN", "decimals": 18, "assetName": "UNKNOWN", "vaultShare": "", "assetSymbol": "UNKNOWN", "assetDecimals": 18, "vaultShareName": "UNKNOWN", "vaultShareSymbol": "UNKNOWN", "vaultShareDecimals": 18}
{"blockNumber":21418765,"chainId":1,"wrapperAddress":"0x92d5d8c92c93e7e9ee3fb6d4a60c726af6a700d0"}	{"name": "UNKNOWN", "asset": "", "symbol": "UNKNOWN", "decimals": 18, "assetName": "UNKNOWN", "vaultShare": "", "assetSymbol": "UNKNOWN", "assetDecimals": 18, "vaultShareName": "UNKNOWN", "vaultShareSymbol": "UNKNOWN", "vaultShareDecimals": 18}
{"blockNumber":21421667,"chainId":1,"wrapperAddress":"0x7926a426a5671283bf0cdb161dff6d75d7f2c256"}	{"name": "UNKNOWN", "asset": "", "symbol": "UNKNOWN", "decimals": 18, "assetName": "UNKNOWN", "vaultShare": "", "assetSymbol": "UNKNOWN", "assetDecimals": 18, "vaultShareName": "UNKNOWN", "vaultShareSymbol": "UNKNOWN", "vaultShareDecimals": 18}
{"blockNumber":21421673,"chainId":1,"wrapperAddress":"0xfae3dd7921273f5c0f7197ff06c6b22e6e3e9f2a"}	{"name": "Wrapper Hydra Mints", "asset": "", "symbol": "WHYDRA", "decimals": 18, "assetName": "UNKNOWN", "vaultShare": "", "assetSymbol": "UNKNOWN", "assetDecimals": 18, "vaultShareName": "UNKNOWN", "vaultShareSymbol": "UNKNOWN", "vaultShareDecimals": 18}
{"blockNumber":21428113,"chainId":1,"wrapperAddress":"0x6a89228055c7c28430692e342f149f37462b478b"}	{"name": "Spectra Token", "asset": "", "symbol": "SPECTRA", "decimals": 18, "assetName": "UNKNOWN", "vaultShare": "", "assetSymbol": "UNKNOWN", "assetDecimals": 18, "vaultShareName": "UNKNOWN", "vaultShareSymbol": "UNKNOWN", "vaultShareDecimals": 18}
{"blockNumber":21430961,"chainId":1,"wrapperAddress":"0x005ef86906d4e5bbe368bf68d5953c99c704bc97"}	{"name": "UNKNOWN", "asset": "", "symbol": "UNKNOWN", "decimals": 18, "assetName": "UNKNOWN", "vaultShare": "", "assetSymbol": "UNKNOWN", "assetDecimals": 18, "vaultShareName": "UNKNOWN", "vaultShareSymbol": "UNKNOWN", "vaultShareDecimals": 18}
{"blockNumber":21430961,"chainId":1,"wrapperAddress":"0xab164d1b0c2a7051d705496cc65c4dfafd02a4ba"}	{"name": "UNKNOWN", "asset": "", "symbol": "UNKNOWN", "decimals": 18, "assetName": "UNKNOWN", "vaultShare": "", "assetSymbol": "UNKNOWN", "assetDecimals": 18, "vaultShareName": "UNKNOWN", "vaultShareSymbol": "UNKNOWN", "vaultShareDecimals": 18}
{"blockNumber":21430970,"chainId":1,"wrapperAddress":"0x689723aec9fa3a6af2266b7ee4e09a386ddf1e98"}	{"name": "UNKNOWN", "asset": "", "symbol": "UNKNOWN", "decimals": 18, "assetName": "UNKNOWN", "vaultShare": "", "assetSymbol": "UNKNOWN", "assetDecimals": 18, "vaultShareName": "UNKNOWN", "vaultShareSymbol": "UNKNOWN", "vaultShareDecimals": 18}
{"blockNumber":21430970,"chainId":1,"wrapperAddress":"0x59b5520c35631bc64b521ae86310062abf984878"}	{"name": "UNKNOWN", "asset": "", "symbol": "UNKNOWN", "decimals": 18, "assetName": "UNKNOWN", "vaultShare": "", "assetSymbol": "UNKNOWN", "assetDecimals": 18, "vaultShareName": "UNKNOWN", "vaultShareSymbol": "UNKNOWN", "vaultShareDecimals": 18}
{"blockNumber":21470479,"chainId":1,"wrapperAddress":"0x71c34e0c6cd94ab11a80ec8006e0755ce5248b2a"}	{"name": "Principal Token: arUSD-1750723349", "asset": "", "symbol": "PT-arUSD-1750723349", "decimals": 18, "assetName": "UNKNOWN", "vaultShare": "", "assetSymbol": "UNKNOWN", "assetDecimals": 18, "vaultShareName": "UNKNOWN", "vaultShareSymbol": "UNKNOWN", "vaultShareDecimals": 18}
{"blockNumber":21485575,"chainId":1,"wrapperAddress":"0xbe6271fa207d2cd29c7f9efa90fc725c18560bff"}	{"name": "UNKNOWN", "asset": "", "symbol": "UNKNOWN", "decimals": 18, "assetName": "UNKNOWN", "vaultShare": "", "assetSymbol": "UNKNOWN", "assetDecimals": 18, "vaultShareName": "UNKNOWN", "vaultShareSymbol": "UNKNOWN", "vaultShareDecimals": 18}
{"blockNumber":21492348,"chainId":1,"wrapperAddress":"0x45d3e915da5f79da2892cd006de525c5be275997"}	{"name": "Principal Token: wstUSR-1743033610", "asset": "", "symbol": "PT-wstUSR-1743033610", "decimals": 18, "assetName": "UNKNOWN", "vaultShare": "", "assetSymbol": "UNKNOWN", "assetDecimals": 18, "vaultShareName": "UNKNOWN", "vaultShareSymbol": "UNKNOWN", "vaultShareDecimals": 18}
{"blockNumber":21493603,"chainId":1,"wrapperAddress":"0xf2c5e30fd95a7363583bcaa932dbe493765bf74f"}	{"name": "Principal Token: ipUSDCfusion-1766793616", "asset": "", "symbol": "PT-ipUSDCfusion-1766793616", "decimals": 8, "assetName": "UNKNOWN", "vaultShare": "", "assetSymbol": "UNKNOWN", "assetDecimals": 18, "vaultShareName": "UNKNOWN", "vaultShareSymbol": "UNKNOWN", "vaultShareDecimals": 18}
{"blockNumber":21504983,"chainId":1,"wrapperAddress":"0xf46ac03f3508f05a6353e582c3f47f2adf5cc2cf"}	{"name": "Principal Token: wstUSR-1766966428", "asset": "", "symbol": "PT-wstUSR-1766966428", "decimals": 18, "assetName": "UNKNOWN", "vaultShare": "", "assetSymbol": "UNKNOWN", "assetDecimals": 18, "vaultShareName": "UNKNOWN", "vaultShareSymbol": "UNKNOWN", "vaultShareDecimals": 18}
{"blockNumber":21514035,"chainId":1,"wrapperAddress":"0x395a2d021cfaebaca68561334e3c947fcfcd7762"}	{"name": "Principal Token: wstUSR-1743292810", "asset": "", "symbol": "PT-wstUSR-1743292810", "decimals": 18, "assetName": "UNKNOWN", "vaultShare": "", "assetSymbol": "UNKNOWN", "assetDecimals": 18, "vaultShareName": "UNKNOWN", "vaultShareSymbol": "UNKNOWN", "vaultShareDecimals": 18}
{"blockNumber":21515271,"chainId":1,"wrapperAddress":"0x82929e5f0b644023b66eb9e841c29f75e9e9c2dc"}	{"name": "Principal Token: bbqUSDC-1751241604", "asset": "", "symbol": "PT-bbqUSDC-1751241604", "decimals": 18, "assetName": "UNKNOWN", "vaultShare": "", "assetSymbol": "UNKNOWN", "assetDecimals": 18, "vaultShareName": "UNKNOWN", "vaultShareSymbol": "UNKNOWN", "vaultShareDecimals": 18}
{"blockNumber":21543317,"chainId":1,"wrapperAddress":"0xa3a9edfd9cc5d91bb9018fcf25073027fe71c407"}	{"name": "Principal Token: asdCRV-1766707241", "asset": "", "symbol": "PT-asdCRV-1766707241", "decimals": 18, "assetName": "UNKNOWN", "vaultShare": "", "assetSymbol": "UNKNOWN", "assetDecimals": 18, "vaultShareName": "UNKNOWN", "vaultShareSymbol": "UNKNOWN", "vaultShareDecimals": 18}
{"blockNumber":21568240,"chainId":1,"wrapperAddress":"0xf4ca2ce6eaa1b507570c4b340007f6266c7d5698"}	{"name": "Principal Token: sDOLA-1767657613", "asset": "", "symbol": "PT-sDOLA-1767657613", "decimals": 18, "assetName": "UNKNOWN", "vaultShare": "", "assetSymbol": "UNKNOWN", "assetDecimals": 18, "vaultShareName": "UNKNOWN", "vaultShareSymbol": "UNKNOWN", "vaultShareDecimals": 18}
{"blockNumber":21578071,"chainId":1,"wrapperAddress":"0xef4213713af39304dd2dc815e931b54dc3b64bc2"}	{"name": "Principal Token: sw-bbqWSTETH-1767139206", "asset": "", "symbol": "PT-sw-bbqWSTETH-1767139206", "decimals": 18, "assetName": "UNKNOWN", "vaultShare": "", "assetSymbol": "UNKNOWN", "assetDecimals": 18, "vaultShareName": "UNKNOWN", "vaultShareSymbol": "UNKNOWN", "vaultShareDecimals": 18}
{"blockNumber":21567467,"chainId":1,"wrapperAddress":"0xcd4954ce6a178ab0bc4ffa0b2886f33c5a851d0b"}	{"name": "Spectra ERC4626 Wrapper: Smokehouse WSTETH", "asset": "0x7f39C581F595B53c5cb19bD0b3f8dA6c935E2Ca0", "symbol": "sw-bbqWSTETH", "decimals": 18, "assetName": "Wrapped liquid staked Ether 2.0", "vaultShare": "0x833AdaeF212c5cD3f78906B44bBfb18258F238F0", "assetSymbol": "wstETH", "assetDecimals": 18, "vaultShareName": "Smokehouse WSTETH", "vaultShareSymbol": "bbqWSTETH", "vaultShareDecimals": 18}
{"blockNumber":21628185,"chainId":1,"wrapperAddress":"0xfc7d13dab1c024b6640367cb92ead33f627f6d4e"}	{"name": "Principal Token: cUSDO-1768435221", "asset": "", "symbol": "PT-cUSDO-1768435221", "decimals": 18, "assetName": "UNKNOWN", "vaultShare": "", "assetSymbol": "UNKNOWN", "assetDecimals": 18, "vaultShareName": "UNKNOWN", "vaultShareSymbol": "UNKNOWN", "vaultShareDecimals": 18}
{"blockNumber":21639664,"chainId":1,"wrapperAddress":"0xbae57d24bc788099cc973c339387ccb019917865"}	{"name": "UNKNOWN", "asset": "", "symbol": "UNKNOWN", "decimals": 18, "assetName": "UNKNOWN", "vaultShare": "", "assetSymbol": "UNKNOWN", "assetDecimals": 18, "vaultShareName": "UNKNOWN", "vaultShareSymbol": "UNKNOWN", "vaultShareDecimals": 18}
{"blockNumber":21639665,"chainId":1,"wrapperAddress":"0xd7c52be5a4732ae4d8bf3f4423bdc3d58194b461"}	{"name": "UNKNOWN", "asset": "", "symbol": "UNKNOWN", "decimals": 18, "assetName": "UNKNOWN", "vaultShare": "", "assetSymbol": "UNKNOWN", "assetDecimals": 18, "vaultShareName": "UNKNOWN", "vaultShareSymbol": "UNKNOWN", "vaultShareDecimals": 18}
{"blockNumber":21639666,"chainId":1,"wrapperAddress":"0xd925eb74b27b89586bf94b78545aa9c5023d9cb6"}	{"name": "UNKNOWN", "asset": "", "symbol": "UNKNOWN", "decimals": 18, "assetName": "UNKNOWN", "vaultShare": "", "assetSymbol": "UNKNOWN", "assetDecimals": 18, "vaultShareName": "UNKNOWN", "vaultShareSymbol": "UNKNOWN", "vaultShareDecimals": 18}
{"blockNumber":21650374,"chainId":1,"wrapperAddress":"0x5c33555a0273f847edf0b929a5acbdd1fe3a056d"}	{"name": "Lucky", "asset": "", "symbol": "LKY", "decimals": 18, "assetName": "UNKNOWN", "vaultShare": "", "assetSymbol": "UNKNOWN", "assetDecimals": 18, "vaultShareName": "UNKNOWN", "vaultShareSymbol": "UNKNOWN", "vaultShareDecimals": 18}
{"blockNumber":21667649,"chainId":1,"wrapperAddress":"0x4ae0154f83427a5864e5de6513a47dac9e5d5a69"}	{"name": "Principal Token: sw-inwstETHs-1752969615", "asset": "", "symbol": "PT-sw-inwstETHs-1752969615", "decimals": 18, "assetName": "UNKNOWN", "vaultShare": "", "assetSymbol": "UNKNOWN", "assetDecimals": 18, "vaultShareName": "UNKNOWN", "vaultShareSymbol": "UNKNOWN", "vaultShareDecimals": 18}
{"blockNumber":21680345,"chainId":1,"wrapperAddress":"0xb4b8925c4cbce692f37c9d946883f2e330a042a9"}	{"name": "Principal Token: sdeUSD-1753142406", "asset": "", "symbol": "PT-sdeUSD-1753142406", "decimals": 18, "assetName": "UNKNOWN", "vaultShare": "", "assetSymbol": "UNKNOWN", "assetDecimals": 18, "vaultShareName": "UNKNOWN", "vaultShareSymbol": "UNKNOWN", "vaultShareDecimals": 18}
{"blockNumber":21684327,"chainId":1,"wrapperAddress":"0x3b9739ee0c3b5bd7b392a801deac1dc68cfb0c48"}	{"name": "Principal Token: ysUSDC-1745107210", "asset": "", "symbol": "PT-ysUSDC-1745107210", "decimals": 6, "assetName": "UNKNOWN", "vaultShare": "", "assetSymbol": "UNKNOWN", "assetDecimals": 18, "vaultShareName": "UNKNOWN", "vaultShareSymbol": "UNKNOWN", "vaultShareDecimals": 18}
{"blockNumber":21665023,"chainId":1,"wrapperAddress":"0x3edfac40e3ee7a26d03393ac44918c53e7f90bad"}	{"name": "Spectra ERC4626 Wrapper: Resolv Liquidity Provider Token", "asset": "0xA0b86991c6218b36c1d19D4a2e9Eb0cE3606eB48", "symbol": "sw-RLP", "decimals": 18, "assetName": "USD Coin", "vaultShare": "0x4956b52aE2fF65D74CA2d61207523288e4528f96", "assetSymbol": "USDC", "assetDecimals": 6, "vaultShareName": "Resolv Liquidity Provider Token", "vaultShareSymbol": "RLP", "vaultShareDecimals": 18}
{"blockNumber":21587125,"chainId":1,"wrapperAddress":"0x584979d4ba1c3e35da09aaa8040c85f49ec1a74c"}	{"name": "Principal Token: statz0RWAUSDC-1767916855", "asset": "", "symbol": "PT-statz0RWAUSDC-1767916855", "decimals": 6, "assetName": "UNKNOWN", "vaultShare": "", "assetSymbol": "UNKNOWN", "assetDecimals": 18, "vaultShareName": "UNKNOWN", "vaultShareSymbol": "UNKNOWN", "vaultShareDecimals": 18}
{"blockNumber":21587537,"chainId":1,"wrapperAddress":"0x38b9b4884a5581e96ed3882aa2f7449bc321786c"}	{"name": "UNKNOWN", "asset": "", "symbol": "UNKNOWN", "decimals": 18, "assetName": "UNKNOWN", "vaultShare": "", "assetSymbol": "UNKNOWN", "assetDecimals": 18, "vaultShareName": "UNKNOWN", "vaultShareSymbol": "UNKNOWN", "vaultShareDecimals": 18}
{"blockNumber":21587537,"chainId":1,"wrapperAddress":"0x59ed125b0d8d06177c6f760a3854109aa360ba30"}	{"name": "UNKNOWN", "asset": "", "symbol": "UNKNOWN", "decimals": 18, "assetName": "UNKNOWN", "vaultShare": "", "assetSymbol": "UNKNOWN", "assetDecimals": 18, "vaultShareName": "UNKNOWN", "vaultShareSymbol": "UNKNOWN", "vaultShareDecimals": 18}
{"blockNumber":21589445,"chainId":1,"wrapperAddress":"0x16a0ad54b7067260b8d21fd7a84c538ada797224"}	{"name": "Principal Token: aCRV-1767916811", "asset": "", "symbol": "PT-aCRV-1767916811", "decimals": 18, "assetName": "UNKNOWN", "vaultShare": "", "assetSymbol": "UNKNOWN", "assetDecimals": 18, "vaultShareName": "UNKNOWN", "vaultShareSymbol": "UNKNOWN", "vaultShareDecimals": 18}
{"blockNumber":21591017,"chainId":1,"wrapperAddress":"0x7ee6ecea0a54249388c6a45cdaead5b1731efb92"}	{"name": "Principal Token: slvlUSD-1744156830", "asset": "", "symbol": "PT-slvlUSD-1744156830", "decimals": 18, "assetName": "UNKNOWN", "vaultShare": "", "assetSymbol": "UNKNOWN", "assetDecimals": 18, "vaultShareName": "UNKNOWN", "vaultShareSymbol": "UNKNOWN", "vaultShareDecimals": 18}
{"blockNumber":21595624,"chainId":1,"wrapperAddress":"0x4624a345936aaa38496ae6304988e2565daeb4c8"}	{"name": "Principal Token: sw-statz0RWAUSDC-1768003244", "asset": "", "symbol": "PT-sw-statz0RWAUSDC-1768003244", "decimals": 18, "assetName": "UNKNOWN", "vaultShare": "", "assetSymbol": "UNKNOWN", "assetDecimals": 18, "vaultShareName": "UNKNOWN", "vaultShareSymbol": "UNKNOWN", "vaultShareDecimals": 18}
{"blockNumber":21595668,"chainId":1,"wrapperAddress":"0x328162108796142a8578ecdb24a2c79075ba79d5"}	{"name": "Principal Token: sw-eUSDC-19-1752105606", "asset": "", "symbol": "PT-sw-eUSDC-19-1752105606", "decimals": 18, "assetName": "UNKNOWN", "vaultShare": "", "assetSymbol": "UNKNOWN", "assetDecimals": 18, "vaultShareName": "UNKNOWN", "vaultShareSymbol": "UNKNOWN", "vaultShareDecimals": 18}
{"blockNumber":21595897,"chainId":1,"wrapperAddress":"0xd733e545c65d539f588d7c3793147b497403f0d2"}	{"name": "UNKNOWN", "asset": "", "symbol": "UNKNOWN", "decimals": 18, "assetName": "UNKNOWN", "vaultShare": "", "assetSymbol": "UNKNOWN", "assetDecimals": 18, "vaultShareName": "UNKNOWN", "vaultShareSymbol": "UNKNOWN", "vaultShareDecimals": 18}
{"blockNumber":21595897,"chainId":1,"wrapperAddress":"0x122a16965c2637e2b30edba183a40ba70262d50a"}	{"name": "UNKNOWN", "asset": "", "symbol": "UNKNOWN", "decimals": 18, "assetName": "UNKNOWN", "vaultShare": "", "assetSymbol": "UNKNOWN", "assetDecimals": 18, "vaultShareName": "UNKNOWN", "vaultShareSymbol": "UNKNOWN", "vaultShareDecimals": 18}
{"blockNumber":21596277,"chainId":1,"wrapperAddress":"0x613473a20650973c30204c844b06262540bcbb6c"}	{"name": "Principal Token: ctWBTC-1744588812", "asset": "", "symbol": "PT-ctWBTC-1744588812", "decimals": 17, "assetName": "UNKNOWN", "vaultShare": "", "assetSymbol": "UNKNOWN", "assetDecimals": 18, "vaultShareName": "UNKNOWN", "vaultShareSymbol": "UNKNOWN", "vaultShareDecimals": 18}
{"blockNumber":21618732,"chainId":1,"wrapperAddress":"0xbc30e564052a622d6b50170b73ff14ee49eeade0"}	{"name": "Principal Token: slvlUSD-1744502409", "asset": "", "symbol": "PT-slvlUSD-1744502409", "decimals": 18, "assetName": "UNKNOWN", "vaultShare": "", "assetSymbol": "UNKNOWN", "assetDecimals": 18, "vaultShareName": "UNKNOWN", "vaultShareSymbol": "UNKNOWN", "vaultShareDecimals": 18}
{"blockNumber":21593486,"chainId":1,"wrapperAddress":"0xb7c5eb1271432f725a8f182dc00eaee13982bf46"}	{"name": "Spectra ERC4626 Wrapper: Static RWA ZeroLend USDC", "asset": "0xA0b86991c6218b36c1d19D4a2e9Eb0cE3606eB48", "symbol": "sw-statz0RWAUSDC", "decimals": 18, "assetName": "USD Coin", "vaultShare": "0x942bed98560e9b2Aa0d4Ec76BbDa7a7E55f6B2D6", "assetSymbol": "USDC", "assetDecimals": 6, "vaultShareName": "Static RWA ZeroLend USDC", "vaultShareSymbol": "statz0RWAUSDC", "vaultShareDecimals": 6}
{"blockNumber":21593504,"chainId":1,"wrapperAddress":"0xc8695214586aabb3db8cdce60db1cdba0d247d5f"}	{"name": "Spectra ERC4626 Wrapper: EVK Vault eUSDC-19", "asset": "0xA0b86991c6218b36c1d19D4a2e9Eb0cE3606eB48", "symbol": "sw-eUSDC-19", "decimals": 18, "assetName": "USD Coin", "vaultShare": "0xcBC9B61177444A793B85442D3a953B90f6170b7D", "assetSymbol": "USDC", "assetDecimals": 6, "vaultShareName": "EVK Vault eUSDC-19", "vaultShareSymbol": "eUSDC-19", "vaultShareDecimals": 6}
{"blockNumber":21687790,"chainId":1,"wrapperAddress":"0x1f7aa7104db822987e1f44a66df709a8c4fb301a"}	{"name": "Principal Token: sw-RLP-1750896023", "asset": "", "symbol": "PT-sw-RLP-1750896023", "decimals": 18, "assetName": "UNKNOWN", "vaultShare": "", "assetSymbol": "UNKNOWN", "assetDecimals": 18, "vaultShareName": "UNKNOWN", "vaultShareSymbol": "UNKNOWN", "vaultShareDecimals": 18}
{"blockNumber":21688215,"chainId":1,"wrapperAddress":"0xd9444c83521cf9c8e4914c055d517a35dcc02e06"}	{"name": "Principal Token: sw-csUSDL-1753228818", "asset": "", "symbol": "PT-sw-csUSDL-1753228818", "decimals": 18, "assetName": "UNKNOWN", "vaultShare": "", "assetSymbol": "UNKNOWN", "assetDecimals": 18, "vaultShareName": "UNKNOWN", "vaultShareSymbol": "UNKNOWN", "vaultShareDecimals": 18}
{"blockNumber":21688502,"chainId":1,"wrapperAddress":"0x4a977653c58cfd82d42fd706cf68a0c1b6d0ca56"}	{"name": "Principal Token: wstUSR-1750896030", "asset": "", "symbol": "PT-wstUSR-1750896030", "decimals": 18, "assetName": "UNKNOWN", "vaultShare": "", "assetSymbol": "UNKNOWN", "assetDecimals": 18, "vaultShareName": "UNKNOWN", "vaultShareSymbol": "UNKNOWN", "vaultShareDecimals": 18}
{"blockNumber":21691097,"chainId":1,"wrapperAddress":"0xfd73bcdfc145454d355ba13ad8a3418d223a8685"}	{"name": "UNKNOWN", "asset": "", "symbol": "UNKNOWN", "decimals": 18, "assetName": "UNKNOWN", "vaultShare": "", "assetSymbol": "UNKNOWN", "assetDecimals": 18, "vaultShareName": "UNKNOWN", "vaultShareSymbol": "UNKNOWN", "vaultShareDecimals": 18}
{"blockNumber":22067875,"chainId":1,"wrapperAddress":"0x632a777bdbc349758d7a64705ab1e852d59eba01"}	{"name": "UNKNOWN", "asset": "", "symbol": "UNKNOWN", "decimals": 18, "assetName": "UNKNOWN", "vaultShare": "", "assetSymbol": "UNKNOWN", "assetDecimals": 18, "vaultShareName": "UNKNOWN", "vaultShareSymbol": "UNKNOWN", "vaultShareDecimals": 18}
{"blockNumber":21665047,"chainId":1,"wrapperAddress":"0xd89fc47aacbb31e2bf23ec599f593a4876d8c18c"}	{"name": "Spectra ERC4626 Wrapper: Inception Symbiotic Restaked wstETH", "asset": "0x7f39C581F595B53c5cb19bD0b3f8dA6c935E2Ca0", "symbol": "sw-inwstETHs", "decimals": 18, "assetName": "Wrapped liquid staked Ether 2.0", "vaultShare": "0x8E0789d39db454DBE9f4a77aCEF6dc7c69f6D552", "assetSymbol": "wstETH", "assetDecimals": 18, "vaultShareName": "Inception Symbiotic Restaked wstETH", "vaultShareSymbol": "inwstETHs", "vaultShareDecimals": 18}
{"blockNumber":21665070,"chainId":1,"wrapperAddress":"0x4427855b3d9d0a3e931cd6bbdbe4e0f74d47ebb0"}	{"name": "Spectra ERC4626 Wrapper: Coinshift USDL", "asset": "0x7751E2F4b8ae93EF6B79d86419d42FE3295A4559", "symbol": "sw-csUSDL", "decimals": 18, "assetName": "Wrapped USDL", "vaultShare": "0xbEeFc011e94f43b8B7b455eBaB290C7Ab4E216f1", "assetSymbol": "wUSDL", "assetDecimals": 18, "vaultShareName": "Coinshift USDL", "vaultShareSymbol": "csUSDL", "vaultShareDecimals": 18}
{"blockNumber":21677859,"chainId":1,"wrapperAddress":"0x4eafef6149c5b0c3e42ff444f79675b3e3125cb7"}	{"name": "Spectra ERC4626 Wrapper: Resolv Liquidity Provider Token", "asset": "0xA0b86991c6218b36c1d19D4a2e9Eb0cE3606eB48", "symbol": "sw-RLP", "decimals": 18, "assetName": "USD Coin", "vaultShare": "0x4956b52aE2fF65D74CA2d61207523288e4528f96", "assetSymbol": "USDC", "assetDecimals": 6, "vaultShareName": "Resolv Liquidity Provider Token", "vaultShareSymbol": "RLP", "vaultShareDecimals": 18}
{"blockNumber":21639664,"chainId":1,"wrapperAddress":"0x2d71cc054aa096a1b3739d67303f88c75b1d59dc"}	{"name": "Reservoir srUSD Looping Ethereum", "asset": "0x09D4214C03D01F49544C0448DBE3A27f768F2b34", "symbol": "ipsrUSDfusion", "decimals": 20, "assetName": "Reservoir Stablecoin", "vaultShare": "", "assetSymbol": "rUSD", "assetDecimals": 18, "vaultShareName": "UNKNOWN", "vaultShareSymbol": "UNKNOWN", "vaultShareDecimals": 18}
{"blockNumber":21817515,"chainId":1,"wrapperAddress":"0xe9888a305946cedd6972b7a16d6fd1ccf19b696c"}	{"name": "UNKNOWN", "asset": "", "symbol": "UNKNOWN", "decimals": 18, "assetName": "UNKNOWN", "vaultShare": "", "assetSymbol": "UNKNOWN", "assetDecimals": 18, "vaultShareName": "UNKNOWN", "vaultShareSymbol": "UNKNOWN", "vaultShareDecimals": 18}
{"blockNumber":21838580,"chainId":1,"wrapperAddress":"0x34ee2e930f4f70a1070b4077ca1b01e0cb881dcd"}	{"name": "Principal Token: ysWETH-1745193625", "asset": "", "symbol": "PT-ysWETH-1745193625", "decimals": 18, "assetName": "UNKNOWN", "vaultShare": "", "assetSymbol": "UNKNOWN", "assetDecimals": 18, "vaultShareName": "UNKNOWN", "vaultShareSymbol": "UNKNOWN", "vaultShareDecimals": 18}
{"blockNumber":21924863,"chainId":1,"wrapperAddress":"0x5e5f21716aaf2f20807084de32c4df5a20ac18d5"}	{"name": "Principal Token: sw-reUSDC-1756080006", "asset": "", "symbol": "PT-sw-reUSDC-1756080006", "decimals": 18, "assetName": "UNKNOWN", "vaultShare": "", "assetSymbol": "UNKNOWN", "assetDecimals": 18, "vaultShareName": "UNKNOWN", "vaultShareSymbol": "UNKNOWN", "vaultShareDecimals": 18}
{"blockNumber":21932240,"chainId":1,"wrapperAddress":"0x1c77c5b76f02ed1538d5af95a3b1f88e55178d2f"}	{"name": "Spectra ERC4626 Wrapper: Level USD", "asset": "0x7C1156E515aA1A2E851674120074968C905aAF37", "symbol": "sw-lvlUSD", "decimals": 18, "assetName": "Level USD", "vaultShare": "0x7C1156E515aA1A2E851674120074968C905aAF37", "assetSymbol": "lvlUSD", "assetDecimals": 18, "vaultShareName": "Level USD", "vaultShareSymbol": "lvlUSD", "vaultShareDecimals": 18}
{"blockNumber":21945363,"chainId":1,"wrapperAddress":"0x1f73725e2f08deef25a138661fb5e10d8527d1e8"}	{"name": "Magneto HR", "asset": "", "symbol": "MAGNET", "decimals": 18, "assetName": "UNKNOWN", "vaultShare": "", "assetSymbol": "UNKNOWN", "assetDecimals": 18, "vaultShareName": "UNKNOWN", "vaultShareSymbol": "UNKNOWN", "vaultShareDecimals": 18}
{"blockNumber":21716288,"chainId":1,"wrapperAddress":"0xa34658e81b82b2cf4d5e6ed25938f85918c881eb"}	{"name": "Principal Token: ipUSDTfusion-1753574462", "asset": "", "symbol": "PT-ipUSDTfusion-1753574462", "decimals": 8, "assetName": "UNKNOWN", "vaultShare": "", "assetSymbol": "UNKNOWN", "assetDecimals": 18, "vaultShareName": "UNKNOWN", "vaultShareSymbol": "UNKNOWN", "vaultShareDecimals": 18}
{"blockNumber":21717457,"chainId":1,"wrapperAddress":"0xddd5739010630badbe32c62424c335f55dde1042"}	{"name": "Principal Token: yUSD-1740182424", "asset": "", "symbol": "PT-yUSD-1740182424", "decimals": 18, "assetName": "UNKNOWN", "vaultShare": "", "assetSymbol": "UNKNOWN", "assetDecimals": 18, "vaultShareName": "UNKNOWN", "vaultShareSymbol": "UNKNOWN", "vaultShareDecimals": 18}
{"blockNumber":21745607,"chainId":1,"wrapperAddress":"0xb98b2c86243d742bd54c59b04976c519d0a93ba1"}	{"name": "Principal Token: sw-USR-1745971208", "asset": "", "symbol": "PT-sw-USR-1745971208", "decimals": 18, "assetName": "UNKNOWN", "vaultShare": "", "assetSymbol": "UNKNOWN", "assetDecimals": 18, "vaultShareName": "UNKNOWN", "vaultShareSymbol": "UNKNOWN", "vaultShareDecimals": 18}
{"blockNumber":21745310,"chainId":1,"wrapperAddress":"0x51c002abe20bd7c5072cf96ba979562e42700f20"}	{"name": "Spectra ERC4626 Wrapper: Resolv USD", "asset": "0x66a1E37c9b0eAddca17d3662D6c05F4DECf3e110", "symbol": "sw-USR", "decimals": 18, "assetName": "Resolv USD", "vaultShare": "0x66a1E37c9b0eAddca17d3662D6c05F4DECf3e110", "assetSymbol": "USR", "assetDecimals": 18, "vaultShareName": "Resolv USD", "vaultShareSymbol": "USR", "vaultShareDecimals": 18}
{"blockNumber":21771380,"chainId":1,"wrapperAddress":"0xf031045a2e8ee5af4c77823c2aee66658b74f25c"}	{"name": "Principal Token: ynETHx-1770163226", "asset": "", "symbol": "PT-ynETHx-1770163226", "decimals": 18, "assetName": "UNKNOWN", "vaultShare": "", "assetSymbol": "UNKNOWN", "assetDecimals": 18, "vaultShareName": "UNKNOWN", "vaultShareSymbol": "UNKNOWN", "vaultShareDecimals": 18}
{"blockNumber":21773736,"chainId":1,"wrapperAddress":"0xb8ca8e42be1717156cfb440811c373bb5d7ee7a8"}	{"name": "Principal Token: aFXN-1754265646", "asset": "", "symbol": "PT-aFXN-1754265646", "decimals": 18, "assetName": "UNKNOWN", "vaultShare": "", "assetSymbol": "UNKNOWN", "assetDecimals": 18, "vaultShareName": "UNKNOWN", "vaultShareSymbol": "UNKNOWN", "vaultShareDecimals": 18}
{"blockNumber":21779880,"chainId":1,"wrapperAddress":"0x619095a53ed0d1058db530ccc04ab5a1c2ef0cd5"}	{"name": "UNKNOWN", "asset": "", "symbol": "UNKNOWN", "decimals": 18, "assetName": "UNKNOWN", "vaultShare": "", "assetSymbol": "UNKNOWN", "assetDecimals": 18, "vaultShareName": "UNKNOWN", "vaultShareSymbol": "UNKNOWN", "vaultShareDecimals": 18}
{"blockNumber":21787241,"chainId":1,"wrapperAddress":"0x7cf7e938312afed7e9d7885783e642b1e1f8618c"}	{"name": "Principal Token: sUSN-1770336563", "asset": "", "symbol": "PT-sUSN-1770336563", "decimals": 18, "assetName": "UNKNOWN", "vaultShare": "", "assetSymbol": "UNKNOWN", "assetDecimals": 18, "vaultShareName": "UNKNOWN", "vaultShareSymbol": "UNKNOWN", "vaultShareDecimals": 18}
{"blockNumber":21793081,"chainId":1,"wrapperAddress":"0x5ca220f0f44e7bc76c2d1968c5d4fd5381432890"}	{"name": "Principal Token: yUSD-1747872030", "asset": "", "symbol": "PT-yUSD-1747872030", "decimals": 18, "assetName": "UNKNOWN", "vaultShare": "", "assetSymbol": "UNKNOWN", "assetDecimals": 18, "vaultShareName": "UNKNOWN", "vaultShareSymbol": "UNKNOWN", "vaultShareDecimals": 18}
{"blockNumber":21796536,"chainId":1,"wrapperAddress":"0xd65c3fdbf811e3d7761155254550c45f6d3a0760"}	{"name": "Principal Token: yvCurve-GHO-USR-1754524805", "asset": "", "symbol": "PT-yvCurve-GHO-USR-1754524805", "decimals": 18, "assetName": "UNKNOWN", "vaultShare": "", "assetSymbol": "UNKNOWN", "assetDecimals": 18, "vaultShareName": "UNKNOWN", "vaultShareSymbol": "UNKNOWN", "vaultShareDecimals": 18}
{"blockNumber":21896812,"chainId":1,"wrapperAddress":"0xc8a9f015b3ff942cf8b99e72fb8c4e02fc6308e9"}	{"name": "UNKNOWN", "asset": "", "symbol": "UNKNOWN", "decimals": 18, "assetName": "UNKNOWN", "vaultShare": "", "assetSymbol": "UNKNOWN", "assetDecimals": 18, "vaultShareName": "UNKNOWN", "vaultShareSymbol": "UNKNOWN", "vaultShareDecimals": 18}
{"blockNumber":21967466,"chainId":1,"wrapperAddress":"0x8138fd4f5b62237c201b4d6c721b702dc64584e1"}	{"name": "UNKNOWN", "asset": "", "symbol": "UNKNOWN", "decimals": 18, "assetName": "UNKNOWN", "vaultShare": "", "assetSymbol": "UNKNOWN", "assetDecimals": 18, "vaultShareName": "UNKNOWN", "vaultShareSymbol": "UNKNOWN", "vaultShareDecimals": 18}
{"blockNumber":21967467,"chainId":1,"wrapperAddress":"0x6078f64d32580031331e11df383c6d0b0e83af80"}	{"name": "UNKNOWN", "asset": "", "symbol": "UNKNOWN", "decimals": 18, "assetName": "UNKNOWN", "vaultShare": "", "assetSymbol": "UNKNOWN", "assetDecimals": 18, "vaultShareName": "UNKNOWN", "vaultShareSymbol": "UNKNOWN", "vaultShareDecimals": 18}
{"blockNumber":21967468,"chainId":1,"wrapperAddress":"0x5cb733ecaf07681c0e79f76b7b02844b66208a71"}	{"name": "UNKNOWN", "asset": "", "symbol": "UNKNOWN", "decimals": 18, "assetName": "UNKNOWN", "vaultShare": "", "assetSymbol": "UNKNOWN", "assetDecimals": 18, "vaultShareName": "UNKNOWN", "vaultShareSymbol": "UNKNOWN", "vaultShareDecimals": 18}
{"blockNumber":21967472,"chainId":1,"wrapperAddress":"0xfdd67ad159bd07cd7e701f40f1717318a68e731f"}	{"name": "UNKNOWN", "asset": "", "symbol": "UNKNOWN", "decimals": 18, "assetName": "UNKNOWN", "vaultShare": "", "assetSymbol": "UNKNOWN", "assetDecimals": 18, "vaultShareName": "UNKNOWN", "vaultShareSymbol": "UNKNOWN", "vaultShareDecimals": 18}
{"blockNumber":21967887,"chainId":1,"wrapperAddress":"0x2be3be1d8a556954320c2252df4f891f64699d50"}	{"name": "Turtle", "asset": "", "symbol": "TURTLE", "decimals": 18, "assetName": "UNKNOWN", "vaultShare": "", "assetSymbol": "UNKNOWN", "assetDecimals": 18, "vaultShareName": "UNKNOWN", "vaultShareSymbol": "UNKNOWN", "vaultShareDecimals": 18}
{"blockNumber":21967467,"chainId":1,"wrapperAddress":"0xe9385eff3f937fcb0f0085da9a3f53d6c2b4fb5f"}	{"name": "Reservoir srUSD Looping Ethereum", "asset": "0x09D4214C03D01F49544C0448DBE3A27f768F2b34", "symbol": "ipsrUSDfusion", "decimals": 20, "assetName": "Reservoir Stablecoin", "vaultShare": "", "assetSymbol": "rUSD", "assetDecimals": 18, "vaultShareName": "UNKNOWN", "vaultShareSymbol": "UNKNOWN", "vaultShareDecimals": 18}
{"blockNumber":21980240,"chainId":1,"wrapperAddress":"0xb0eb771ded8c1ad7d83a93a2e553c07bc582ad97"}	{"name": "Principal Token: USUALUSDC+-1749081617", "asset": "", "symbol": "PT-USUALUSDC+-1749081617", "decimals": 18, "assetName": "UNKNOWN", "vaultShare": "", "assetSymbol": "UNKNOWN", "assetDecimals": 18, "vaultShareName": "UNKNOWN", "vaultShareSymbol": "UNKNOWN", "vaultShareDecimals": 18}
{"blockNumber":21983789,"chainId":1,"wrapperAddress":"0x331f8afb5d05ae381817b39893392b50a332a99c"}	{"name": "Principal Token: sw-lvlUSD-1749081624", "asset": "", "symbol": "PT-sw-lvlUSD-1749081624", "decimals": 18, "assetName": "UNKNOWN", "vaultShare": "", "assetSymbol": "UNKNOWN", "assetDecimals": 18, "vaultShareName": "UNKNOWN", "vaultShareSymbol": "UNKNOWN", "vaultShareDecimals": 18}
{"blockNumber":21987634,"chainId":1,"wrapperAddress":"0xba46eeacb62175a9299fd28aadc347ab67ed9132"}	{"name": "Principal Token: wiBTC-1757116809", "asset": "", "symbol": "PT-wiBTC-1757116809", "decimals": 8, "assetName": "UNKNOWN", "vaultShare": "", "assetSymbol": "UNKNOWN", "assetDecimals": 18, "vaultShareName": "UNKNOWN", "vaultShareSymbol": "UNKNOWN", "vaultShareDecimals": 18}
{"blockNumber":21991629,"chainId":1,"wrapperAddress":"0x4e242d8dcfd060fcde258c8ed4faa44172e96530"}	{"name": "UNKNOWN", "asset": "", "symbol": "UNKNOWN", "decimals": 18, "assetName": "UNKNOWN", "vaultShare": "", "assetSymbol": "UNKNOWN", "assetDecimals": 18, "vaultShareName": "UNKNOWN", "vaultShareSymbol": "UNKNOWN", "vaultShareDecimals": 18}
{"blockNumber":21992820,"chainId":1,"wrapperAddress":"0x151f41e040d7e137595503c8994c9a5aa67a485e"}	{"name": "Magneto HR", "asset": "", "symbol": "MAGNET", "decimals": 18, "assetName": "UNKNOWN", "vaultShare": "", "assetSymbol": "UNKNOWN", "assetDecimals": 18, "vaultShareName": "UNKNOWN", "vaultShareSymbol": "UNKNOWN", "vaultShareDecimals": 18}
{"blockNumber":21992830,"chainId":1,"wrapperAddress":"0x240cae3c5afa2564c6ffcfa7ce5b3f1247dfa02a"}	{"name": "Magneto HR", "asset": "", "symbol": "MAGNET", "decimals": 18, "assetName": "UNKNOWN", "vaultShare": "", "assetSymbol": "UNKNOWN", "assetDecimals": 18, "vaultShareName": "UNKNOWN", "vaultShareSymbol": "UNKNOWN", "vaultShareDecimals": 18}
{"blockNumber":21992843,"chainId":1,"wrapperAddress":"0x2b5d0b7c46206fbaef522a3d4232e64676395627"}	{"name": "UNKNOWN", "asset": "", "symbol": "UNKNOWN", "decimals": 18, "assetName": "UNKNOWN", "vaultShare": "", "assetSymbol": "UNKNOWN", "assetDecimals": 18, "vaultShareName": "UNKNOWN", "vaultShareSymbol": "UNKNOWN", "vaultShareDecimals": 18}
{"blockNumber":22019436,"chainId":1,"wrapperAddress":"0x7f447457a771745688de5ec7c68c12fb47722349"}	{"name": "UNKNOWN", "asset": "", "symbol": "UNKNOWN", "decimals": 18, "assetName": "UNKNOWN", "vaultShare": "", "assetSymbol": "UNKNOWN", "assetDecimals": 18, "vaultShareName": "UNKNOWN", "vaultShareSymbol": "UNKNOWN", "vaultShareDecimals": 18}
{"blockNumber":22019437,"chainId":1,"wrapperAddress":"0xb8f4f4e5337bf099d4b6d45a4428c2fb405290e0"}	{"name": "UNKNOWN", "asset": "", "symbol": "UNKNOWN", "decimals": 18, "assetName": "UNKNOWN", "vaultShare": "", "assetSymbol": "UNKNOWN", "assetDecimals": 18, "vaultShareName": "UNKNOWN", "vaultShareSymbol": "UNKNOWN", "vaultShareDecimals": 18}
{"blockNumber":22019438,"chainId":1,"wrapperAddress":"0xb401b9e1104726e1c9b59580588c116cc0fdc3e2"}	{"name": "UNKNOWN", "asset": "", "symbol": "UNKNOWN", "decimals": 18, "assetName": "UNKNOWN", "vaultShare": "", "assetSymbol": "UNKNOWN", "assetDecimals": 18, "vaultShareName": "UNKNOWN", "vaultShareSymbol": "UNKNOWN", "vaultShareDecimals": 18}
{"blockNumber":22019439,"chainId":1,"wrapperAddress":"0xe62a0348e37565da2ce10952abd0e0c808fcab36"}	{"name": "UNKNOWN", "asset": "", "symbol": "UNKNOWN", "decimals": 18, "assetName": "UNKNOWN", "vaultShare": "", "assetSymbol": "UNKNOWN", "assetDecimals": 18, "vaultShareName": "UNKNOWN", "vaultShareSymbol": "UNKNOWN", "vaultShareDecimals": 18}
{"blockNumber":22017509,"chainId":1,"wrapperAddress":"0xa54a3f9e33ca1473477f05a94123d117aaa6002a"}	{"name": "Spectra ERC4626 Wrapper: Inception Symbiotic Restaked wstETH", "asset": "0xC02aaA39b223FE8D0A0e5C4F27eAD9083C756Cc2", "symbol": "sw-inwstETHs", "decimals": 18, "assetName": "Wrapped Ether", "vaultShare": "0x8E0789d39db454DBE9f4a77aCEF6dc7c69f6D552", "assetSymbol": "WETH", "assetDecimals": 18, "vaultShareName": "Inception Symbiotic Restaked wstETH", "vaultShareSymbol": "inwstETHs", "vaultShareDecimals": 18}
{"blockNumber":22019437,"chainId":1,"wrapperAddress":"0x9824dcdac89f208bf8b5cb5c4dc41f04a0878607"}	{"name": "Tesseract Managed ETH", "asset": "0xC02aaA39b223FE8D0A0e5C4F27eAD9083C756Cc2", "symbol": "tctETH", "decimals": 20, "assetName": "Wrapped Ether", "vaultShare": "", "assetSymbol": "WETH", "assetDecimals": 18, "vaultShareName": "UNKNOWN", "vaultShareSymbol": "UNKNOWN", "vaultShareDecimals": 18}
{"blockNumber":22029704,"chainId":1,"wrapperAddress":"0xe60240dd229409e162c1ec48175c708fb4b5ce1e"}	{"name": "Principal Token: sw-inwstETHs-1757635226", "asset": "", "symbol": "PT-sw-inwstETHs-1757635226", "decimals": 18, "assetName": "UNKNOWN", "vaultShare": "", "assetSymbol": "UNKNOWN", "assetDecimals": 18, "vaultShareName": "UNKNOWN", "vaultShareSymbol": "UNKNOWN", "vaultShareDecimals": 18}
{"blockNumber":22030619,"chainId":1,"wrapperAddress":"0xa9d12544064d3236086d2dec89acab6df65be3e2"}	{"name": "Principal Token: sw-inwstETHs-1757635222", "asset": "", "symbol": "PT-sw-inwstETHs-1757635222", "decimals": 18, "assetName": "UNKNOWN", "vaultShare": "", "assetSymbol": "UNKNOWN", "assetDecimals": 18, "vaultShareName": "UNKNOWN", "vaultShareSymbol": "UNKNOWN", "vaultShareDecimals": 18}
{"blockNumber":22031233,"chainId":1,"wrapperAddress":"0x716dc450e5208bd93bf471b941e562db811d4852"}	{"name": "Principal Token: sw-inwstETHs-1757635211", "asset": "", "symbol": "PT-sw-inwstETHs-1757635211", "decimals": 18, "assetName": "UNKNOWN", "vaultShare": "", "assetSymbol": "UNKNOWN", "assetDecimals": 18, "vaultShareName": "UNKNOWN", "vaultShareSymbol": "UNKNOWN", "vaultShareDecimals": 18}
{"blockNumber":22032791,"chainId":1,"wrapperAddress":"0x694bdfcf3e327ec834e9453b74d4160b57b4abde"}	{"name": "Principal Token: sw-WUSDN-1766102414", "asset": "", "symbol": "PT-sw-WUSDN-1766102414", "decimals": 18, "assetName": "UNKNOWN", "vaultShare": "", "assetSymbol": "UNKNOWN", "assetDecimals": 18, "vaultShareName": "UNKNOWN", "vaultShareSymbol": "UNKNOWN", "vaultShareDecimals": 18}
{"blockNumber":22035481,"chainId":1,"wrapperAddress":"0x3b660b2f136fddf98a081439de483d8712c16ca4"}	{"name": "Principal Token: cUSDO-1749772809", "asset": "", "symbol": "PT-cUSDO-1749772809", "decimals": 18, "assetName": "UNKNOWN", "vaultShare": "", "assetSymbol": "UNKNOWN", "assetDecimals": 18, "vaultShareName": "UNKNOWN", "vaultShareSymbol": "UNKNOWN", "vaultShareDecimals": 18}
{"blockNumber":22038901,"chainId":1,"wrapperAddress":"0xa90196785a133ad5f1768347eb407fcb1b44b77d"}	{"name": "UNKNOWN", "asset": "", "symbol": "UNKNOWN", "decimals": 18, "assetName": "UNKNOWN", "vaultShare": "", "assetSymbol": "UNKNOWN", "assetDecimals": 18, "vaultShareName": "UNKNOWN", "vaultShareSymbol": "UNKNOWN", "vaultShareDecimals": 18}
{"blockNumber":22073275,"chainId":1,"wrapperAddress":"0x784008e32c9f07d564f272ff8d6ea746e6842c1b"}	{"name": "UNKNOWN", "asset": "", "symbol": "UNKNOWN", "decimals": 18, "assetName": "UNKNOWN", "vaultShare": "", "assetSymbol": "UNKNOWN", "assetDecimals": 18, "vaultShareName": "UNKNOWN", "vaultShareSymbol": "UNKNOWN", "vaultShareDecimals": 18}
{"blockNumber":22073276,"chainId":1,"wrapperAddress":"0xe99213729c06c9acd05e44b46e749d466f5a04c6"}	{"name": "UNKNOWN", "asset": "", "symbol": "UNKNOWN", "decimals": 18, "assetName": "UNKNOWN", "vaultShare": "", "assetSymbol": "UNKNOWN", "assetDecimals": 18, "vaultShareName": "UNKNOWN", "vaultShareSymbol": "UNKNOWN", "vaultShareDecimals": 18}
{"blockNumber":22073277,"chainId":1,"wrapperAddress":"0xda376ff67d108db6783eb8c4f4cdf43ac1214721"}	{"name": "UNKNOWN", "asset": "", "symbol": "UNKNOWN", "decimals": 18, "assetName": "UNKNOWN", "vaultShare": "", "assetSymbol": "UNKNOWN", "assetDecimals": 18, "vaultShareName": "UNKNOWN", "vaultShareSymbol": "UNKNOWN", "vaultShareDecimals": 18}
{"blockNumber":22073278,"chainId":1,"wrapperAddress":"0x446f855e5cbed2be262b00954f0fdfefab700153"}	{"name": "UNKNOWN", "asset": "", "symbol": "UNKNOWN", "decimals": 18, "assetName": "UNKNOWN", "vaultShare": "", "assetSymbol": "UNKNOWN", "assetDecimals": 18, "vaultShareName": "UNKNOWN", "vaultShareSymbol": "UNKNOWN", "vaultShareDecimals": 18}
{"blockNumber":22074074,"chainId":1,"wrapperAddress":"0xf08cb48bfc705ffb4f2064c578987a27daad1386"}	{"name": "UNKNOWN", "asset": "", "symbol": "UNKNOWN", "decimals": 18, "assetName": "UNKNOWN", "vaultShare": "", "assetSymbol": "UNKNOWN", "assetDecimals": 18, "vaultShareName": "UNKNOWN", "vaultShareSymbol": "UNKNOWN", "vaultShareDecimals": 18}
{"blockNumber":22075393,"chainId":1,"wrapperAddress":"0x87eb0b65da5c1581f82f12e0e7c31cb1bcabc816"}	{"name": "UNKNOWN", "asset": "", "symbol": "UNKNOWN", "decimals": 18, "assetName": "UNKNOWN", "vaultShare": "", "assetSymbol": "UNKNOWN", "assetDecimals": 18, "vaultShareName": "UNKNOWN", "vaultShareSymbol": "UNKNOWN", "vaultShareDecimals": 18}
{"blockNumber":22073276,"chainId":1,"wrapperAddress":"0x9dc2819b49c3d39b11a5f4c8c0c17bd7e18126d9"}	{"name": "Vault TAU Core", "asset": "0xA0b86991c6218b36c1d19D4a2e9Eb0cE3606eB48", "symbol": "TAU", "decimals": 8, "assetName": "USD Coin", "vaultShare": "", "assetSymbol": "USDC", "assetDecimals": 6, "vaultShareName": "UNKNOWN", "vaultShareSymbol": "UNKNOWN", "vaultShareDecimals": 18}
{"blockNumber":22090808,"chainId":1,"wrapperAddress":"0x0720dde98c70a4c56f40e3ba3003bbe8b643136e"}	{"name": "UNKNOWN", "asset": "", "symbol": "UNKNOWN", "decimals": 18, "assetName": "UNKNOWN", "vaultShare": "", "assetSymbol": "UNKNOWN", "assetDecimals": 18, "vaultShareName": "UNKNOWN", "vaultShareSymbol": "UNKNOWN", "vaultShareDecimals": 18}
{"blockNumber":22093945,"chainId":1,"wrapperAddress":"0xf0be132be1fa83f227d72f0c7d9c07fd230ba3d0"}	{"name": "UNKNOWN", "asset": "", "symbol": "UNKNOWN", "decimals": 18, "assetName": "UNKNOWN", "vaultShare": "", "assetSymbol": "UNKNOWN", "assetDecimals": 18, "vaultShareName": "UNKNOWN", "vaultShareSymbol": "UNKNOWN", "vaultShareDecimals": 18}
{"blockNumber":22093966,"chainId":1,"wrapperAddress":"0x927d931a3cab152ab9e0a98fe10fcc4b91525260"}	{"name": "UNKNOWN", "asset": "", "symbol": "UNKNOWN", "decimals": 18, "assetName": "UNKNOWN", "vaultShare": "", "assetSymbol": "UNKNOWN", "assetDecimals": 18, "vaultShareName": "UNKNOWN", "vaultShareSymbol": "UNKNOWN", "vaultShareDecimals": 18}
{"blockNumber":22116614,"chainId":1,"wrapperAddress":"0xfb027d6d3fd827d9876f6eaf924e80fa94c6b2e0"}	{"name": "Principal Token: sw-inwstETHs-1758672014", "asset": "", "symbol": "PT-sw-inwstETHs-1758672014", "decimals": 18, "assetName": "UNKNOWN", "vaultShare": "", "assetSymbol": "UNKNOWN", "assetDecimals": 18, "vaultShareName": "UNKNOWN", "vaultShareSymbol": "UNKNOWN", "vaultShareDecimals": 18}
{"blockNumber":22174629,"chainId":1,"wrapperAddress":"0x5f948b8a84036c22af2931b88b986bc16f119b66"}	{"name": "Principal Token: siBTC-1759276903", "asset": "", "symbol": "PT-siBTC-1759276903", "decimals": 8, "assetName": "UNKNOWN", "vaultShare": "", "assetSymbol": "UNKNOWN", "assetDecimals": 18, "vaultShareName": "UNKNOWN", "vaultShareSymbol": "UNKNOWN", "vaultShareDecimals": 18}
{"blockNumber":22252856,"chainId":1,"wrapperAddress":"0xe53dcec07d16d88e386ae0710e86d9a400f83c31"}	{"name": "ubbn", "asset": "", "symbol": "ubbn", "decimals": 18, "assetName": "UNKNOWN", "vaultShare": "", "assetSymbol": "UNKNOWN", "assetDecimals": 18, "vaultShareName": "UNKNOWN", "vaultShareSymbol": "UNKNOWN", "vaultShareDecimals": 18}
{"blockNumber":22275087,"chainId":1,"wrapperAddress":"0xf5c0f022dc829f561a385485b96b69cf6cbb5408"}	{"name": "UNKNOWN", "asset": "", "symbol": "UNKNOWN", "decimals": 18, "assetName": "UNKNOWN", "vaultShare": "", "assetSymbol": "UNKNOWN", "assetDecimals": 18, "vaultShareName": "UNKNOWN", "vaultShareSymbol": "UNKNOWN", "vaultShareDecimals": 18}
{"blockNumber":22287681,"chainId":1,"wrapperAddress":"0xe19b4afbf772f98ddb544cf9ac8f2d838c79990c"}	{"name": "Principal Token: WOETH-1776384030", "asset": "", "symbol": "PT-WOETH-1776384030", "decimals": 18, "assetName": "UNKNOWN", "vaultShare": "", "assetSymbol": "UNKNOWN", "assetDecimals": 18, "vaultShareName": "UNKNOWN", "vaultShareSymbol": "UNKNOWN", "vaultShareDecimals": 18}
{"blockNumber":22281841,"chainId":1,"wrapperAddress":"0x15cdb02110165761b9cb12da8499709dc60c4c35"}	{"name": "Spectra ERC4626 Wrapper: Re7 Resolv Restaked wstUSR", "asset": "0x66a1E37c9b0eAddca17d3662D6c05F4DECf3e110", "symbol": "sw-rstUSR", "decimals": 18, "assetName": "Resolv USD", "vaultShare": "0x617895460004821C8DE800d4a644593cAb0aD40c", "assetSymbol": "USR", "assetDecimals": 18, "vaultShareName": "Re7 Resolv Restaked wstUSR", "vaultShareSymbol": "rstUSR", "vaultShareDecimals": 18}
{"blockNumber":22315816,"chainId":1,"wrapperAddress":"0x807b07ae0d276d46045b6b27a56bc774e0c27dec"}	{"name": "Principal Token: yvCurve-reUSD-scrvUSD-1761004816", "asset": "", "symbol": "PT-yvCurve-reUSD-scrvUSD-1761004816", "decimals": 18, "assetName": "UNKNOWN", "vaultShare": "", "assetSymbol": "UNKNOWN", "assetDecimals": 18, "vaultShareName": "UNKNOWN", "vaultShareSymbol": "UNKNOWN", "vaultShareDecimals": 18}
{"blockNumber":22315943,"chainId":1,"wrapperAddress":"0xe8acd6fa52ce1e790b64a9032f26166f058eee96"}	{"name": "Principal Token: yvCurve-reUSD-sfrxUSD-1761004819", "asset": "", "symbol": "PT-yvCurve-reUSD-sfrxUSD-1761004819", "decimals": 18, "assetName": "UNKNOWN", "vaultShare": "", "assetSymbol": "UNKNOWN", "assetDecimals": 18, "vaultShareName": "UNKNOWN", "vaultShareSymbol": "UNKNOWN", "vaultShareDecimals": 18}
{"blockNumber":22181809,"chainId":1,"wrapperAddress":"0xbaea2a0bdb6e4e5b89ce7ed129f8906ff0acb412"}	{"name": "Principal Token: fxSAVE-1759363249", "asset": "", "symbol": "PT-fxSAVE-1759363249", "decimals": 18, "assetName": "UNKNOWN", "vaultShare": "", "assetSymbol": "UNKNOWN", "assetDecimals": 18, "vaultShareName": "UNKNOWN", "vaultShareSymbol": "UNKNOWN", "vaultShareDecimals": 18}
{"blockNumber":22187988,"chainId":1,"wrapperAddress":"0xdaf066a6b51499941299b566d1b124678ebc2b3c"}	{"name": "UNKNOWN", "asset": "", "symbol": "UNKNOWN", "decimals": 18, "assetName": "UNKNOWN", "vaultShare": "", "assetSymbol": "UNKNOWN", "assetDecimals": 18, "vaultShareName": "UNKNOWN", "vaultShareSymbol": "UNKNOWN", "vaultShareDecimals": 18}
{"blockNumber":22187989,"chainId":1,"wrapperAddress":"0xcef512797f6636498d86263fb90d7b0eda8aa5d7"}	{"name": "UNKNOWN", "asset": "", "symbol": "UNKNOWN", "decimals": 18, "assetName": "UNKNOWN", "vaultShare": "", "assetSymbol": "UNKNOWN", "assetDecimals": 18, "vaultShareName": "UNKNOWN", "vaultShareSymbol": "UNKNOWN", "vaultShareDecimals": 18}
{"blockNumber":22187990,"chainId":1,"wrapperAddress":"0x5367835812d64e18c78e4dac78decfc3b77a91a9"}	{"name": "UNKNOWN", "asset": "", "symbol": "UNKNOWN", "decimals": 18, "assetName": "UNKNOWN", "vaultShare": "", "assetSymbol": "UNKNOWN", "assetDecimals": 18, "vaultShareName": "UNKNOWN", "vaultShareSymbol": "UNKNOWN", "vaultShareDecimals": 18}
{"blockNumber":22187991,"chainId":1,"wrapperAddress":"0xeeddc566f94fa9508a134955d3502081d0fe7d10"}	{"name": "UNKNOWN", "asset": "", "symbol": "UNKNOWN", "decimals": 18, "assetName": "UNKNOWN", "vaultShare": "", "assetSymbol": "UNKNOWN", "assetDecimals": 18, "vaultShareName": "UNKNOWN", "vaultShareSymbol": "UNKNOWN", "vaultShareDecimals": 18}
{"blockNumber":22187989,"chainId":1,"wrapperAddress":"0x1fdf5dc3f915cb40e0ad5690de51e3cb464d1bad"}	{"name": "Tesseract Managed BTC", "asset": "0x2260FAC5E5542a773Aa44fBCfeDf7C193bc2C599", "symbol": "tctBTC", "decimals": 10, "assetName": "Wrapped BTC", "vaultShare": "", "assetSymbol": "WBTC", "assetDecimals": 8, "vaultShareName": "UNKNOWN", "vaultShareSymbol": "UNKNOWN", "vaultShareDecimals": 18}
{"blockNumber":22231291,"chainId":1,"wrapperAddress":"0xe07a93d086ac848e8ef1cf647f201c7880cbdafe"}	{"name": "Principal Token: slvlUSD-1754697615", "asset": "", "symbol": "PT-slvlUSD-1754697615", "decimals": 18, "assetName": "UNKNOWN", "vaultShare": "", "assetSymbol": "UNKNOWN", "assetDecimals": 18, "vaultShareName": "UNKNOWN", "vaultShareSymbol": "UNKNOWN", "vaultShareDecimals": 18}
{"blockNumber":22231423,"chainId":1,"wrapperAddress":"0xdbe385169ee000cb82021c472a3312585d7fb444"}	{"name": "UNKNOWN", "asset": "", "symbol": "UNKNOWN", "decimals": 18, "assetName": "UNKNOWN", "vaultShare": "", "assetSymbol": "UNKNOWN", "assetDecimals": 18, "vaultShareName": "UNKNOWN", "vaultShareSymbol": "UNKNOWN", "vaultShareDecimals": 18}
{"blockNumber":22231424,"chainId":1,"wrapperAddress":"0x5e045015f114a193f0aca68a9d468ba09192d08b"}	{"name": "UNKNOWN", "asset": "", "symbol": "UNKNOWN", "decimals": 18, "assetName": "UNKNOWN", "vaultShare": "", "assetSymbol": "UNKNOWN", "assetDecimals": 18, "vaultShareName": "UNKNOWN", "vaultShareSymbol": "UNKNOWN", "vaultShareDecimals": 18}
{"blockNumber":22231425,"chainId":1,"wrapperAddress":"0xf5db3e3961d52ecfdd939e8c00de47b8e3d0be61"}	{"name": "UNKNOWN", "asset": "", "symbol": "UNKNOWN", "decimals": 18, "assetName": "UNKNOWN", "vaultShare": "", "assetSymbol": "UNKNOWN", "assetDecimals": 18, "vaultShareName": "UNKNOWN", "vaultShareSymbol": "UNKNOWN", "vaultShareDecimals": 18}
{"blockNumber":22231426,"chainId":1,"wrapperAddress":"0x0f2e1ce94519a0b0056a243d055352d3119592b7"}	{"name": "UNKNOWN", "asset": "", "symbol": "UNKNOWN", "decimals": 18, "assetName": "UNKNOWN", "vaultShare": "", "assetSymbol": "UNKNOWN", "assetDecimals": 18, "vaultShareName": "UNKNOWN", "vaultShareSymbol": "UNKNOWN", "vaultShareDecimals": 18}
{"blockNumber":22231440,"chainId":1,"wrapperAddress":"0x75742cc3d48720de065814428f62622c56db6a86"}	{"name": "UNKNOWN", "asset": "", "symbol": "UNKNOWN", "decimals": 18, "assetName": "UNKNOWN", "vaultShare": "", "assetSymbol": "UNKNOWN", "assetDecimals": 18, "vaultShareName": "UNKNOWN", "vaultShareSymbol": "UNKNOWN", "vaultShareDecimals": 18}
{"blockNumber":22231441,"chainId":1,"wrapperAddress":"0x3625ac36c6f2ec2f29497d3b0c60ce0179a3f711"}	{"name": "UNKNOWN", "asset": "", "symbol": "UNKNOWN", "decimals": 18, "assetName": "UNKNOWN", "vaultShare": "", "assetSymbol": "UNKNOWN", "assetDecimals": 18, "vaultShareName": "UNKNOWN", "vaultShareSymbol": "UNKNOWN", "vaultShareDecimals": 18}
{"blockNumber":22231442,"chainId":1,"wrapperAddress":"0x4de58c0cdbf95e875e741a7ce90c72397a7d3e23"}	{"name": "UNKNOWN", "asset": "", "symbol": "UNKNOWN", "decimals": 18, "assetName": "UNKNOWN", "vaultShare": "", "assetSymbol": "UNKNOWN", "assetDecimals": 18, "vaultShareName": "UNKNOWN", "vaultShareSymbol": "UNKNOWN", "vaultShareDecimals": 18}
{"blockNumber":22231443,"chainId":1,"wrapperAddress":"0x3db87a14412c488f5ca11b0a214b0e7d2aa910c1"}	{"name": "UNKNOWN", "asset": "", "symbol": "UNKNOWN", "decimals": 18, "assetName": "UNKNOWN", "vaultShare": "", "assetSymbol": "UNKNOWN", "assetDecimals": 18, "vaultShareName": "UNKNOWN", "vaultShareSymbol": "UNKNOWN", "vaultShareDecimals": 18}
{"blockNumber":22234608,"chainId":1,"wrapperAddress":"0x83bc53e2663ad903b4d1f7d89fb5527cf5df28b7"}	{"name": "UNKNOWN", "asset": "", "symbol": "UNKNOWN", "decimals": 18, "assetName": "UNKNOWN", "vaultShare": "", "assetSymbol": "UNKNOWN", "assetDecimals": 18, "vaultShareName": "UNKNOWN", "vaultShareSymbol": "UNKNOWN", "vaultShareDecimals": 18}
{"blockNumber":22234609,"chainId":1,"wrapperAddress":"0xcbe9bcb9e3b6f70f60c905cb4c91667dc90d3d39"}	{"name": "UNKNOWN", "asset": "", "symbol": "UNKNOWN", "decimals": 18, "assetName": "UNKNOWN", "vaultShare": "", "assetSymbol": "UNKNOWN", "assetDecimals": 18, "vaultShareName": "UNKNOWN", "vaultShareSymbol": "UNKNOWN", "vaultShareDecimals": 18}
{"blockNumber":22234610,"chainId":1,"wrapperAddress":"0xb20e1dc72f261c857b6eae41bc59a24fcf0cd802"}	{"name": "UNKNOWN", "asset": "", "symbol": "UNKNOWN", "decimals": 18, "assetName": "UNKNOWN", "vaultShare": "", "assetSymbol": "UNKNOWN", "assetDecimals": 18, "vaultShareName": "UNKNOWN", "vaultShareSymbol": "UNKNOWN", "vaultShareDecimals": 18}
{"blockNumber":22234611,"chainId":1,"wrapperAddress":"0x226b2cd64a8b8656423e4426f6b77e1b52a6d167"}	{"name": "UNKNOWN", "asset": "", "symbol": "UNKNOWN", "decimals": 18, "assetName": "UNKNOWN", "vaultShare": "", "assetSymbol": "UNKNOWN", "assetDecimals": 18, "vaultShareName": "UNKNOWN", "vaultShareSymbol": "UNKNOWN", "vaultShareDecimals": 18}
{"blockNumber":22234821,"chainId":1,"wrapperAddress":"0xd685cec80b342117c5754148a63e161132ff44d3"}	{"name": "UNKNOWN", "asset": "", "symbol": "UNKNOWN", "decimals": 18, "assetName": "UNKNOWN", "vaultShare": "", "assetSymbol": "UNKNOWN", "assetDecimals": 18, "vaultShareName": "UNKNOWN", "vaultShareSymbol": "UNKNOWN", "vaultShareDecimals": 18}
{"blockNumber":22234822,"chainId":1,"wrapperAddress":"0x3267ed201dd4fd5bdaff1ba0d8273c9fc3176cce"}	{"name": "UNKNOWN", "asset": "", "symbol": "UNKNOWN", "decimals": 18, "assetName": "UNKNOWN", "vaultShare": "", "assetSymbol": "UNKNOWN", "assetDecimals": 18, "vaultShareName": "UNKNOWN", "vaultShareSymbol": "UNKNOWN", "vaultShareDecimals": 18}
{"blockNumber":22234823,"chainId":1,"wrapperAddress":"0xb5842341920266e099209be4d622d7936d79a4c8"}	{"name": "UNKNOWN", "asset": "", "symbol": "UNKNOWN", "decimals": 18, "assetName": "UNKNOWN", "vaultShare": "", "assetSymbol": "UNKNOWN", "assetDecimals": 18, "vaultShareName": "UNKNOWN", "vaultShareSymbol": "UNKNOWN", "vaultShareDecimals": 18}
{"blockNumber":22234824,"chainId":1,"wrapperAddress":"0x4f1f516654cdf103c2be26210943d380ebaa3dd2"}	{"name": "UNKNOWN", "asset": "", "symbol": "UNKNOWN", "decimals": 18, "assetName": "UNKNOWN", "vaultShare": "", "assetSymbol": "UNKNOWN", "assetDecimals": 18, "vaultShareName": "UNKNOWN", "vaultShareSymbol": "UNKNOWN", "vaultShareDecimals": 18}
{"blockNumber":22234837,"chainId":1,"wrapperAddress":"0xefde29882c102fe5a4008e7c2e8067a3059fae28"}	{"name": "UNKNOWN", "asset": "", "symbol": "UNKNOWN", "decimals": 18, "assetName": "UNKNOWN", "vaultShare": "", "assetSymbol": "UNKNOWN", "assetDecimals": 18, "vaultShareName": "UNKNOWN", "vaultShareSymbol": "UNKNOWN", "vaultShareDecimals": 18}
{"blockNumber":22234838,"chainId":1,"wrapperAddress":"0xaa5b0d142876110b2a51e024301a9b713d3fc8e2"}	{"name": "UNKNOWN", "asset": "", "symbol": "UNKNOWN", "decimals": 18, "assetName": "UNKNOWN", "vaultShare": "", "assetSymbol": "UNKNOWN", "assetDecimals": 18, "vaultShareName": "UNKNOWN", "vaultShareSymbol": "UNKNOWN", "vaultShareDecimals": 18}
{"blockNumber":22234839,"chainId":1,"wrapperAddress":"0x84c87f41b9b650fed730258fb0fcb3b8a0375cb1"}	{"name": "UNKNOWN", "asset": "", "symbol": "UNKNOWN", "decimals": 18, "assetName": "UNKNOWN", "vaultShare": "", "assetSymbol": "UNKNOWN", "assetDecimals": 18, "vaultShareName": "UNKNOWN", "vaultShareSymbol": "UNKNOWN", "vaultShareDecimals": 18}
{"blockNumber":22234840,"chainId":1,"wrapperAddress":"0xeda1e6aace00793905fd588c21e889e8db78c0a4"}	{"name": "UNKNOWN", "asset": "", "symbol": "UNKNOWN", "decimals": 18, "assetName": "UNKNOWN", "vaultShare": "", "assetSymbol": "UNKNOWN", "assetDecimals": 18, "vaultShareName": "UNKNOWN", "vaultShareSymbol": "UNKNOWN", "vaultShareDecimals": 18}
{"blockNumber":22236429,"chainId":1,"wrapperAddress":"0xee4ea8d358473f0fcebf0329feed95d56e8c04d7"}	{"name": "UNKNOWN", "asset": "", "symbol": "UNKNOWN", "decimals": 18, "assetName": "UNKNOWN", "vaultShare": "", "assetSymbol": "UNKNOWN", "assetDecimals": 18, "vaultShareName": "UNKNOWN", "vaultShareSymbol": "UNKNOWN", "vaultShareDecimals": 18}
{"blockNumber":22236429,"chainId":1,"wrapperAddress":"0x7700ea295f62989d2c98721389a521c96fe3c4c0"}	{"name": "UNKNOWN", "asset": "", "symbol": "UNKNOWN", "decimals": 18, "assetName": "UNKNOWN", "vaultShare": "", "assetSymbol": "UNKNOWN", "assetDecimals": 18, "vaultShareName": "UNKNOWN", "vaultShareSymbol": "UNKNOWN", "vaultShareDecimals": 18}
{"blockNumber":22236429,"chainId":1,"wrapperAddress":"0x473b540b38f02db8109d5bf4f80f0e03e4e31805"}	{"name": "UNKNOWN", "asset": "", "symbol": "UNKNOWN", "decimals": 18, "assetName": "UNKNOWN", "vaultShare": "", "assetSymbol": "UNKNOWN", "assetDecimals": 18, "vaultShareName": "UNKNOWN", "vaultShareSymbol": "UNKNOWN", "vaultShareDecimals": 18}
{"blockNumber":22236429,"chainId":1,"wrapperAddress":"0x2c5b55a11fad1d169b83df21d886ce0797f3a83d"}	{"name": "UNKNOWN", "asset": "", "symbol": "UNKNOWN", "decimals": 18, "assetName": "UNKNOWN", "vaultShare": "", "assetSymbol": "UNKNOWN", "assetDecimals": 18, "vaultShareName": "UNKNOWN", "vaultShareSymbol": "UNKNOWN", "vaultShareDecimals": 18}
{"blockNumber":22236430,"chainId":1,"wrapperAddress":"0xd411236ab864284374ae95b23b747b97bfca9207"}	{"name": "UNKNOWN", "asset": "", "symbol": "UNKNOWN", "decimals": 18, "assetName": "UNKNOWN", "vaultShare": "", "assetSymbol": "UNKNOWN", "assetDecimals": 18, "vaultShareName": "UNKNOWN", "vaultShareSymbol": "UNKNOWN", "vaultShareDecimals": 18}
{"blockNumber":22236430,"chainId":1,"wrapperAddress":"0x921e5b5091f431f84f14423ec487783a853bc4b0"}	{"name": "UNKNOWN", "asset": "", "symbol": "UNKNOWN", "decimals": 18, "assetName": "UNKNOWN", "vaultShare": "", "assetSymbol": "UNKNOWN", "assetDecimals": 18, "vaultShareName": "UNKNOWN", "vaultShareSymbol": "UNKNOWN", "vaultShareDecimals": 18}
{"blockNumber":22236430,"chainId":1,"wrapperAddress":"0x5fbe74a283f7954f10aa04c2edf55578811aeb03"}	{"name": "UNKNOWN", "asset": "", "symbol": "UNKNOWN", "decimals": 18, "assetName": "UNKNOWN", "vaultShare": "", "assetSymbol": "UNKNOWN", "assetDecimals": 18, "vaultShareName": "UNKNOWN", "vaultShareSymbol": "UNKNOWN", "vaultShareDecimals": 18}
{"blockNumber":22242357,"chainId":1,"wrapperAddress":"0x70276995f225df69936eaec02ddece998a9e3662"}	{"name": "UNKNOWN", "asset": "", "symbol": "UNKNOWN", "decimals": 18, "assetName": "UNKNOWN", "vaultShare": "", "assetSymbol": "UNKNOWN", "assetDecimals": 18, "vaultShareName": "UNKNOWN", "vaultShareSymbol": "UNKNOWN", "vaultShareDecimals": 18}
{"blockNumber":22231424,"chainId":1,"wrapperAddress":"0x3a58d6d52d68460cbbda93dd858f4353878ef697"}	{"name": "IPOR stETH Ethereum", "asset": "0xae7ab96520DE3A18E5e111B5EaAb095312D7fE84", "symbol": "ipstETHfusion", "decimals": 20, "assetName": "Liquid staked Ether 2.0", "vaultShare": "", "assetSymbol": "stETH", "assetDecimals": 18, "vaultShareName": "UNKNOWN", "vaultShareSymbol": "UNKNOWN", "vaultShareDecimals": 18}
{"blockNumber":22231441,"chainId":1,"wrapperAddress":"0x981a6c7ca4496acc3ff7bcdcc3b834fe0c4db5bc"}	{"name": "IPOR weETH Ethereum", "asset": "0xCd5fE23C85820F7B72D0926FC9b05b43E359b7ee", "symbol": "ipweETHfusion", "decimals": 20, "assetName": "Wrapped eETH", "vaultShare": "", "assetSymbol": "weETH", "assetDecimals": 18, "vaultShareName": "UNKNOWN", "vaultShareSymbol": "UNKNOWN", "vaultShareDecimals": 18}
{"blockNumber":22234609,"chainId":1,"wrapperAddress":"0x6f66b845604dad6e80b2a1472e6cacbbe66a8c40"}	{"name": "TAU Rserevoir Pointsmax", "asset": "0xA0b86991c6218b36c1d19D4a2e9Eb0cE3606eB48", "symbol": "TAUSRP", "decimals": 8, "assetName": "USD Coin", "vaultShare": "", "assetSymbol": "USDC", "assetDecimals": 6, "vaultShareName": "UNKNOWN", "vaultShareSymbol": "UNKNOWN", "vaultShareDecimals": 18}
{"blockNumber":22234822,"chainId":1,"wrapperAddress":"0x5904da6c07a15884ff9c480f240bc57fe9032eb2"}	{"name": "Leveraged Falcon USDC Core", "asset": "0xA0b86991c6218b36c1d19D4a2e9Eb0cE3606eB48", "symbol": "iUSDC", "decimals": 8, "assetName": "USD Coin", "vaultShare": "", "assetSymbol": "USDC", "assetDecimals": 6, "vaultShareName": "UNKNOWN", "vaultShareSymbol": "UNKNOWN", "vaultShareDecimals": 18}
{"blockNumber":22234838,"chainId":1,"wrapperAddress":"0x29d322dd088e9b9d1416f43188954f08748fafbb"}	{"name": "Leveraged sUSDf", "asset": "0xc8CF6D7991f15525488b2A83Df53468D682Ba4B0", "symbol": "iFALC", "decimals": 20, "assetName": "Staked Falcon USD", "vaultShare": "", "assetSymbol": "sUSDf", "assetDecimals": 18, "vaultShareName": "UNKNOWN", "vaultShareSymbol": "UNKNOWN", "vaultShareDecimals": 18}
{"blockNumber":22332447,"chainId":1,"wrapperAddress":"0xd9d6ac593e62ffcb1c1106865c87d11356a401f3"}	{"name": "UNKNOWN", "asset": "", "symbol": "UNKNOWN", "decimals": 18, "assetName": "UNKNOWN", "vaultShare": "", "assetSymbol": "UNKNOWN", "assetDecimals": 18, "vaultShareName": "UNKNOWN", "vaultShareSymbol": "UNKNOWN", "vaultShareDecimals": 18}
{"blockNumber":22332448,"chainId":1,"wrapperAddress":"0x3ac6556d1d8ff91cc83b9b4cf03178ee9d189b5a"}	{"name": "UNKNOWN", "asset": "", "symbol": "UNKNOWN", "decimals": 18, "assetName": "UNKNOWN", "vaultShare": "", "assetSymbol": "UNKNOWN", "assetDecimals": 18, "vaultShareName": "UNKNOWN", "vaultShareSymbol": "UNKNOWN", "vaultShareDecimals": 18}
{"blockNumber":22332449,"chainId":1,"wrapperAddress":"0xc60ff11759646134bdfc1478f6643d1aba126a28"}	{"name": "UNKNOWN", "asset": "", "symbol": "UNKNOWN", "decimals": 18, "assetName": "UNKNOWN", "vaultShare": "", "assetSymbol": "UNKNOWN", "assetDecimals": 18, "vaultShareName": "UNKNOWN", "vaultShareSymbol": "UNKNOWN", "vaultShareDecimals": 18}
{"blockNumber":22332450,"chainId":1,"wrapperAddress":"0xcb1bbc36c711ae3d36d9dc61d75dd8efff34f224"}	{"name": "UNKNOWN", "asset": "", "symbol": "UNKNOWN", "decimals": 18, "assetName": "UNKNOWN", "vaultShare": "", "assetSymbol": "UNKNOWN", "assetDecimals": 18, "vaultShareName": "UNKNOWN", "vaultShareSymbol": "UNKNOWN", "vaultShareDecimals": 18}
{"blockNumber":22332452,"chainId":1,"wrapperAddress":"0x75c99182a70ed72623748e041746b11f70b7bf5b"}	{"name": "UNKNOWN", "asset": "", "symbol": "UNKNOWN", "decimals": 18, "assetName": "UNKNOWN", "vaultShare": "", "assetSymbol": "UNKNOWN", "assetDecimals": 18, "vaultShareName": "UNKNOWN", "vaultShareSymbol": "UNKNOWN", "vaultShareDecimals": 18}
{"blockNumber":22345561,"chainId":1,"wrapperAddress":"0xa6d7cb67622157258b4786f4a3a0241ec4787fe8"}	{"name": "UNKNOWN", "asset": "", "symbol": "UNKNOWN", "decimals": 18, "assetName": "UNKNOWN", "vaultShare": "", "assetSymbol": "UNKNOWN", "assetDecimals": 18, "vaultShareName": "UNKNOWN", "vaultShareSymbol": "UNKNOWN", "vaultShareDecimals": 18}
{"blockNumber":22345561,"chainId":1,"wrapperAddress":"0x4355ac020c7897feead7fc182646f9ad29e2da0b"}	{"name": "UNKNOWN", "asset": "", "symbol": "UNKNOWN", "decimals": 18, "assetName": "UNKNOWN", "vaultShare": "", "assetSymbol": "UNKNOWN", "assetDecimals": 18, "vaultShareName": "UNKNOWN", "vaultShareSymbol": "UNKNOWN", "vaultShareDecimals": 18}
{"blockNumber":22345716,"chainId":1,"wrapperAddress":"0x5dc65eecbfcb4c76b2aa7d0ad9b2a51ea1e63cf5"}	{"name": "UNKNOWN", "asset": "", "symbol": "UNKNOWN", "decimals": 18, "assetName": "UNKNOWN", "vaultShare": "", "assetSymbol": "UNKNOWN", "assetDecimals": 18, "vaultShareName": "UNKNOWN", "vaultShareSymbol": "UNKNOWN", "vaultShareDecimals": 18}
{"blockNumber":22345726,"chainId":1,"wrapperAddress":"0x09e85a759fe1dac29c7f655953069198d73c7380"}	{"name": "UNKNOWN", "asset": "", "symbol": "UNKNOWN", "decimals": 18, "assetName": "UNKNOWN", "vaultShare": "", "assetSymbol": "UNKNOWN", "assetDecimals": 18, "vaultShareName": "UNKNOWN", "vaultShareSymbol": "UNKNOWN", "vaultShareDecimals": 18}
{"blockNumber":22345842,"chainId":1,"wrapperAddress":"0xdbe5b6aac70eea77c5b59b6c54d8f21dffaa8d84"}	{"name": "UNKNOWN", "asset": "", "symbol": "UNKNOWN", "decimals": 18, "assetName": "UNKNOWN", "vaultShare": "", "assetSymbol": "UNKNOWN", "assetDecimals": 18, "vaultShareName": "UNKNOWN", "vaultShareSymbol": "UNKNOWN", "vaultShareDecimals": 18}
{"blockNumber":22345842,"chainId":1,"wrapperAddress":"0x04d091faccc1272f27ed896b63baeda25eb5d1ef"}	{"name": "UNKNOWN", "asset": "", "symbol": "UNKNOWN", "decimals": 18, "assetName": "UNKNOWN", "vaultShare": "", "assetSymbol": "UNKNOWN", "assetDecimals": 18, "vaultShareName": "UNKNOWN", "vaultShareSymbol": "UNKNOWN", "vaultShareDecimals": 18}
{"blockNumber":22345882,"chainId":1,"wrapperAddress":"0xc03309de321a4d3df734f5609b80cc731ae28e6d"}	{"name": "UNKNOWN", "asset": "", "symbol": "UNKNOWN", "decimals": 18, "assetName": "UNKNOWN", "vaultShare": "", "assetSymbol": "UNKNOWN", "assetDecimals": 18, "vaultShareName": "UNKNOWN", "vaultShareSymbol": "UNKNOWN", "vaultShareDecimals": 18}
{"blockNumber":22345882,"chainId":1,"wrapperAddress":"0x277c379b849e2c534940a8dd5d908540154b3201"}	{"name": "UNKNOWN", "asset": "", "symbol": "UNKNOWN", "decimals": 18, "assetName": "UNKNOWN", "vaultShare": "", "assetSymbol": "UNKNOWN", "assetDecimals": 18, "vaultShareName": "UNKNOWN", "vaultShareSymbol": "UNKNOWN", "vaultShareDecimals": 18}
{"blockNumber":22370132,"chainId":1,"wrapperAddress":"0xd925f17fa5b99eaf56eb31459a74894109ea9f78"}	{"name": "Principal Token: ysWETH-1754006418", "asset": "", "symbol": "PT-ysWETH-1754006418", "decimals": 18, "assetName": "UNKNOWN", "vaultShare": "", "assetSymbol": "UNKNOWN", "assetDecimals": 18, "vaultShareName": "UNKNOWN", "vaultShareSymbol": "UNKNOWN", "vaultShareDecimals": 18}
{"blockNumber":22370132,"chainId":1,"wrapperAddress":"0x99cf0ad6233f5e0699fcc132630382612f23b5cf"}	{"name": "UNKNOWN", "asset": "", "symbol": "UNKNOWN", "decimals": 18, "assetName": "UNKNOWN", "vaultShare": "", "assetSymbol": "UNKNOWN", "assetDecimals": 18, "vaultShareName": "UNKNOWN", "vaultShareSymbol": "UNKNOWN", "vaultShareDecimals": 18}
{"blockNumber":22381401,"chainId":1,"wrapperAddress":"0x81b97e93f5339a68472b28422f6db41aee59e8ba"}	{"name": "Principal Token: cUSDO-1777507207", "asset": "", "symbol": "PT-cUSDO-1777507207", "decimals": 18, "assetName": "UNKNOWN", "vaultShare": "", "assetSymbol": "UNKNOWN", "assetDecimals": 18, "vaultShareName": "UNKNOWN", "vaultShareSymbol": "UNKNOWN", "vaultShareDecimals": 18}
{"blockNumber":22381401,"chainId":1,"wrapperAddress":"0xc553948f95e9712b21c246dbff26be38c48f8915"}	{"name": "UNKNOWN", "asset": "", "symbol": "UNKNOWN", "decimals": 18, "assetName": "UNKNOWN", "vaultShare": "", "assetSymbol": "UNKNOWN", "assetDecimals": 18, "vaultShareName": "UNKNOWN", "vaultShareSymbol": "UNKNOWN", "vaultShareDecimals": 18}
{"blockNumber":22324719,"chainId":1,"wrapperAddress":"0x953b4113716ce71596f7ba6b0e75050c25c493c1"}	{"name": "UNKNOWN", "asset": "", "symbol": "UNKNOWN", "decimals": 18, "assetName": "UNKNOWN", "vaultShare": "", "assetSymbol": "UNKNOWN", "assetDecimals": 18, "vaultShareName": "UNKNOWN", "vaultShareSymbol": "UNKNOWN", "vaultShareDecimals": 18}
{"blockNumber":22295717,"chainId":1,"wrapperAddress":"0x88a609cf01a5ee20233eb7d925333d11f9b99ffd"}	{"name": "Institutional Puffer ETH", "asset": "0xC02aaA39b223FE8D0A0e5C4F27eAD9083C756Cc2", "symbol": "ipufETH", "decimals": 18, "assetName": "Wrapped Ether", "vaultShare": "", "assetSymbol": "WETH", "assetDecimals": 18, "vaultShareName": "UNKNOWN", "vaultShareSymbol": "UNKNOWN", "vaultShareDecimals": 18}
{"blockNumber":22417318,"chainId":1,"wrapperAddress":"0x6951d77882aa279f02763cd66b61e174171baa20"}	{"name": "UNKNOWN", "asset": "", "symbol": "UNKNOWN", "decimals": 18, "assetName": "UNKNOWN", "vaultShare": "", "assetSymbol": "UNKNOWN", "assetDecimals": 18, "vaultShareName": "UNKNOWN", "vaultShareSymbol": "UNKNOWN", "vaultShareDecimals": 18}
{"blockNumber":22423509,"chainId":1,"wrapperAddress":"0xe2a494e5921207424a658cf7cde16f27561780f9"}	{"name": "Principal Token: yUSD-1762387216", "asset": "", "symbol": "PT-yUSD-1762387216", "decimals": 18, "assetName": "UNKNOWN", "vaultShare": "", "assetSymbol": "UNKNOWN", "assetDecimals": 18, "vaultShareName": "UNKNOWN", "vaultShareSymbol": "UNKNOWN", "vaultShareDecimals": 18}
{"blockNumber":22423509,"chainId":1,"wrapperAddress":"0x8a1e7ef3a041ce6cd06ae3e02259e342723d6fe1"}	{"name": "UNKNOWN", "asset": "", "symbol": "UNKNOWN", "decimals": 18, "assetName": "UNKNOWN", "vaultShare": "", "assetSymbol": "UNKNOWN", "assetDecimals": 18, "vaultShareName": "UNKNOWN", "vaultShareSymbol": "UNKNOWN", "vaultShareDecimals": 18}
{"blockNumber":22431067,"chainId":1,"wrapperAddress":"0x0a78c1a2d99f1c9a03277a7c64734b7ffb336d2d"}	{"name": "UNKNOWN", "asset": "", "symbol": "UNKNOWN", "decimals": 18, "assetName": "UNKNOWN", "vaultShare": "", "assetSymbol": "UNKNOWN", "assetDecimals": 18, "vaultShareName": "UNKNOWN", "vaultShareSymbol": "UNKNOWN", "vaultShareDecimals": 18}
{"blockNumber":22431071,"chainId":1,"wrapperAddress":"0x9f69939b5160841b0cbeb94b93a0cba389dc8548"}	{"name": "UNKNOWN", "asset": "", "symbol": "UNKNOWN", "decimals": 18, "assetName": "UNKNOWN", "vaultShare": "", "assetSymbol": "UNKNOWN", "assetDecimals": 18, "vaultShareName": "UNKNOWN", "vaultShareSymbol": "UNKNOWN", "vaultShareDecimals": 18}
{"blockNumber":22431118,"chainId":1,"wrapperAddress":"0x22524fd9da2fb68c9603ad32fdd29dd2952bd0a1"}	{"name": "UNKNOWN", "asset": "", "symbol": "UNKNOWN", "decimals": 18, "assetName": "UNKNOWN", "vaultShare": "", "assetSymbol": "UNKNOWN", "assetDecimals": 18, "vaultShareName": "UNKNOWN", "vaultShareSymbol": "UNKNOWN", "vaultShareDecimals": 18}
{"blockNumber":22431119,"chainId":1,"wrapperAddress":"0x8b1ebe26fe0f97024dfd1c62496dd396dd8029e8"}	{"name": "UNKNOWN", "asset": "", "symbol": "UNKNOWN", "decimals": 18, "assetName": "UNKNOWN", "vaultShare": "", "assetSymbol": "UNKNOWN", "assetDecimals": 18, "vaultShareName": "UNKNOWN", "vaultShareSymbol": "UNKNOWN", "vaultShareDecimals": 18}
{"blockNumber":22431120,"chainId":1,"wrapperAddress":"0xd5b64dfe5cd70cbbb106f5a15a40348c0d6b50f3"}	{"name": "UNKNOWN", "asset": "", "symbol": "UNKNOWN", "decimals": 18, "assetName": "UNKNOWN", "vaultShare": "", "assetSymbol": "UNKNOWN", "assetDecimals": 18, "vaultShareName": "UNKNOWN", "vaultShareSymbol": "UNKNOWN", "vaultShareDecimals": 18}
{"blockNumber":22431121,"chainId":1,"wrapperAddress":"0x23c8dc9520df31c69c725c6ed4657ae6cc21cdec"}	{"name": "UNKNOWN", "asset": "", "symbol": "UNKNOWN", "decimals": 18, "assetName": "UNKNOWN", "vaultShare": "", "assetSymbol": "UNKNOWN", "assetDecimals": 18, "vaultShareName": "UNKNOWN", "vaultShareSymbol": "UNKNOWN", "vaultShareDecimals": 18}
{"blockNumber":22431122,"chainId":1,"wrapperAddress":"0xc223ea44d522d4f07646fa00261d7ba6868cc210"}	{"name": "UNKNOWN", "asset": "", "symbol": "UNKNOWN", "decimals": 18, "assetName": "UNKNOWN", "vaultShare": "", "assetSymbol": "UNKNOWN", "assetDecimals": 18, "vaultShareName": "UNKNOWN", "vaultShareSymbol": "UNKNOWN", "vaultShareDecimals": 18}
{"blockNumber":22431563,"chainId":1,"wrapperAddress":"0xcb5d695f4c64f88ea3026b416f43913c629f2bb1"}	{"name": "UNKNOWN", "asset": "", "symbol": "UNKNOWN", "decimals": 18, "assetName": "UNKNOWN", "vaultShare": "", "assetSymbol": "UNKNOWN", "assetDecimals": 18, "vaultShareName": "UNKNOWN", "vaultShareSymbol": "UNKNOWN", "vaultShareDecimals": 18}
{"blockNumber":22431564,"chainId":1,"wrapperAddress":"0x07fc092fa44c52516decd5f7545061316d062930"}	{"name": "UNKNOWN", "asset": "", "symbol": "UNKNOWN", "decimals": 18, "assetName": "UNKNOWN", "vaultShare": "", "assetSymbol": "UNKNOWN", "assetDecimals": 18, "vaultShareName": "UNKNOWN", "vaultShareSymbol": "UNKNOWN", "vaultShareDecimals": 18}
{"blockNumber":22431565,"chainId":1,"wrapperAddress":"0x6a1cabc04258d6f203c64fba9e4c2c1915b60a21"}	{"name": "UNKNOWN", "asset": "", "symbol": "UNKNOWN", "decimals": 18, "assetName": "UNKNOWN", "vaultShare": "", "assetSymbol": "UNKNOWN", "assetDecimals": 18, "vaultShareName": "UNKNOWN", "vaultShareSymbol": "UNKNOWN", "vaultShareDecimals": 18}
{"blockNumber":22431566,"chainId":1,"wrapperAddress":"0xcdb0a68935f59eaf575ca27b6efe1f65f08b5821"}	{"name": "UNKNOWN", "asset": "", "symbol": "UNKNOWN", "decimals": 18, "assetName": "UNKNOWN", "vaultShare": "", "assetSymbol": "UNKNOWN", "assetDecimals": 18, "vaultShareName": "UNKNOWN", "vaultShareSymbol": "UNKNOWN", "vaultShareDecimals": 18}
{"blockNumber":22431567,"chainId":1,"wrapperAddress":"0x9627ed4dc359504a551a9c772e289706fd236014"}	{"name": "UNKNOWN", "asset": "", "symbol": "UNKNOWN", "decimals": 18, "assetName": "UNKNOWN", "vaultShare": "", "assetSymbol": "UNKNOWN", "assetDecimals": 18, "vaultShareName": "UNKNOWN", "vaultShareSymbol": "UNKNOWN", "vaultShareDecimals": 18}
{"blockNumber":22432112,"chainId":1,"wrapperAddress":"0x70df20655b3e294facb436383435754dbee3cd70"}	{"name": "ebbn", "asset": "", "symbol": "eBABY", "decimals": 6, "assetName": "UNKNOWN", "vaultShare": "", "assetSymbol": "UNKNOWN", "assetDecimals": 18, "vaultShareName": "UNKNOWN", "vaultShareSymbol": "UNKNOWN", "vaultShareDecimals": 18}
{"blockNumber":22438644,"chainId":1,"wrapperAddress":"0xbde68fa3310bd8914a09a9d2a35e2edb3c4e2255"}	{"name": "UNKNOWN", "asset": "", "symbol": "UNKNOWN", "decimals": 18, "assetName": "UNKNOWN", "vaultShare": "", "assetSymbol": "UNKNOWN", "assetDecimals": 18, "vaultShareName": "UNKNOWN", "vaultShareSymbol": "UNKNOWN", "vaultShareDecimals": 18}
{"blockNumber":22381421,"chainId":1,"wrapperAddress":"0x33fe56d3f496fa861e2b81d25b895d2fc4074d4b"}	{"name": "Principal Token: cUSDO-1777507212", "asset": "", "symbol": "PT-cUSDO-1777507212", "decimals": 18, "assetName": "UNKNOWN", "vaultShare": "", "assetSymbol": "UNKNOWN", "assetDecimals": 18, "vaultShareName": "UNKNOWN", "vaultShareSymbol": "UNKNOWN", "vaultShareDecimals": 18}
{"blockNumber":22381421,"chainId":1,"wrapperAddress":"0x969297e28e25d91ea3e2966a666137307498ad0e"}	{"name": "UNKNOWN", "asset": "", "symbol": "UNKNOWN", "decimals": 18, "assetName": "UNKNOWN", "vaultShare": "", "assetSymbol": "UNKNOWN", "assetDecimals": 18, "vaultShareName": "UNKNOWN", "vaultShareSymbol": "UNKNOWN", "vaultShareDecimals": 18}
{"blockNumber":22381537,"chainId":1,"wrapperAddress":"0x2a4abc8dcbe2f68e48dfc0db5784c71db8d5b89c"}	{"name": "UNKNOWN", "asset": "", "symbol": "UNKNOWN", "decimals": 18, "assetName": "UNKNOWN", "vaultShare": "", "assetSymbol": "UNKNOWN", "assetDecimals": 18, "vaultShareName": "UNKNOWN", "vaultShareSymbol": "UNKNOWN", "vaultShareDecimals": 18}
{"blockNumber":22381541,"chainId":1,"wrapperAddress":"0xead729472f82e5ec2ff4e691d67633077c1b5901"}	{"name": "Stake PRL", "asset": "", "symbol": "sPRL1", "decimals": 18, "assetName": "UNKNOWN", "vaultShare": "", "assetSymbol": "UNKNOWN", "assetDecimals": 18, "vaultShareName": "UNKNOWN", "vaultShareSymbol": "UNKNOWN", "vaultShareDecimals": 18}
{"blockNumber":22382540,"chainId":1,"wrapperAddress":"0x09896fed3a813e6c3512e455972cecd8d703055a"}	{"name": "BoulderTech-IB01", "asset": "", "symbol": "IB01.bt", "decimals": 6, "assetName": "UNKNOWN", "vaultShare": "", "assetSymbol": "UNKNOWN", "assetDecimals": 18, "vaultShareName": "UNKNOWN", "vaultShareSymbol": "UNKNOWN", "vaultShareDecimals": 18}
{"blockNumber":22387682,"chainId":1,"wrapperAddress":"0xe8a2d848fe656e34a6caa35f375b42979e322135"}	{"name": "Stake 20WETH-80PRL Aura Deposit Vault", "asset": "", "symbol": "sPRL2", "decimals": 18, "assetName": "UNKNOWN", "vaultShare": "", "assetSymbol": "UNKNOWN", "assetDecimals": 18, "vaultShareName": "UNKNOWN", "vaultShareSymbol": "UNKNOWN", "vaultShareDecimals": 18}
{"blockNumber":22387857,"chainId":1,"wrapperAddress":"0x90337e484b1cb02132fc150d3afa262147348545"}	{"name": "Stake 20WETH-80PRL Aura Deposit Vault", "asset": "", "symbol": "sPRL2", "decimals": 18, "assetName": "UNKNOWN", "vaultShare": "", "assetSymbol": "UNKNOWN", "assetDecimals": 18, "vaultShareName": "UNKNOWN", "vaultShareSymbol": "UNKNOWN", "vaultShareDecimals": 18}
{"blockNumber":22332449,"chainId":1,"wrapperAddress":"0x78cc1353b07a049f39b68e24a0670859ef7a64fe"}	{"name": "TAU Yield Bond ETF", "asset": "0xA0b86991c6218b36c1d19D4a2e9Eb0cE3606eB48", "symbol": "TAUBOND", "decimals": 8, "assetName": "USD Coin", "vaultShare": "", "assetSymbol": "USDC", "assetDecimals": 6, "vaultShareName": "UNKNOWN", "vaultShareSymbol": "UNKNOWN", "vaultShareDecimals": 18}
{"blockNumber":22495131,"chainId":1,"wrapperAddress":"0x695d748aba7c7946bcf3a4cdda607ecad268de3a"}	{"name": "UNKNOWN", "asset": "", "symbol": "UNKNOWN", "decimals": 18, "assetName": "UNKNOWN", "vaultShare": "", "assetSymbol": "UNKNOWN", "assetDecimals": 18, "vaultShareName": "UNKNOWN", "vaultShareSymbol": "UNKNOWN", "vaultShareDecimals": 18}
{"blockNumber":22545440,"chainId":1,"wrapperAddress":"0xbacf97aa4bcb35b285b5838e5a459b632580ad28"}	{"name": "UNKNOWN", "asset": "", "symbol": "UNKNOWN", "decimals": 18, "assetName": "UNKNOWN", "vaultShare": "", "assetSymbol": "UNKNOWN", "assetDecimals": 18, "vaultShareName": "UNKNOWN", "vaultShareSymbol": "UNKNOWN", "vaultShareDecimals": 18}
{"blockNumber":22545441,"chainId":1,"wrapperAddress":"0x213bb78f9d9e66f557450f229e47d49f6775dc4d"}	{"name": "UNKNOWN", "asset": "", "symbol": "UNKNOWN", "decimals": 18, "assetName": "UNKNOWN", "vaultShare": "", "assetSymbol": "UNKNOWN", "assetDecimals": 18, "vaultShareName": "UNKNOWN", "vaultShareSymbol": "UNKNOWN", "vaultShareDecimals": 18}
{"blockNumber":22545442,"chainId":1,"wrapperAddress":"0x115d9ecfd2aee14433245339e6c930e30a5121ca"}	{"name": "UNKNOWN", "asset": "", "symbol": "UNKNOWN", "decimals": 18, "assetName": "UNKNOWN", "vaultShare": "", "assetSymbol": "UNKNOWN", "assetDecimals": 18, "vaultShareName": "UNKNOWN", "vaultShareSymbol": "UNKNOWN", "vaultShareDecimals": 18}
{"blockNumber":22545443,"chainId":1,"wrapperAddress":"0xd6dc843a92cd90afe65cfb00432ede37549a2946"}	{"name": "UNKNOWN", "asset": "", "symbol": "UNKNOWN", "decimals": 18, "assetName": "UNKNOWN", "vaultShare": "", "assetSymbol": "UNKNOWN", "assetDecimals": 18, "vaultShareName": "UNKNOWN", "vaultShareSymbol": "UNKNOWN", "vaultShareDecimals": 18}
{"blockNumber":22545444,"chainId":1,"wrapperAddress":"0x0fe8d799dd76e11b27e769ad3d2916d63062a702"}	{"name": "UNKNOWN", "asset": "", "symbol": "UNKNOWN", "decimals": 18, "assetName": "UNKNOWN", "vaultShare": "", "assetSymbol": "UNKNOWN", "assetDecimals": 18, "vaultShareName": "UNKNOWN", "vaultShareSymbol": "UNKNOWN", "vaultShareDecimals": 18}
{"blockNumber":22551770,"chainId":1,"wrapperAddress":"0xac84794ad9aa87fd001e019bbeb53c5c0bc69c2b"}	{"name": "UNKNOWN", "asset": "", "symbol": "UNKNOWN", "decimals": 18, "assetName": "UNKNOWN", "vaultShare": "", "assetSymbol": "UNKNOWN", "assetDecimals": 18, "vaultShareName": "UNKNOWN", "vaultShareSymbol": "UNKNOWN", "vaultShareDecimals": 18}
{"blockNumber":22551771,"chainId":1,"wrapperAddress":"0x4e3c90d8eb0f12e86f2b9f00d21f625f4c83575b"}	{"name": "UNKNOWN", "asset": "", "symbol": "UNKNOWN", "decimals": 18, "assetName": "UNKNOWN", "vaultShare": "", "assetSymbol": "UNKNOWN", "assetDecimals": 18, "vaultShareName": "UNKNOWN", "vaultShareSymbol": "UNKNOWN", "vaultShareDecimals": 18}
{"blockNumber":22551772,"chainId":1,"wrapperAddress":"0xc4c992bfa2831a15be6fa0a2b97d2d9d2d63114e"}	{"name": "UNKNOWN", "asset": "", "symbol": "UNKNOWN", "decimals": 18, "assetName": "UNKNOWN", "vaultShare": "", "assetSymbol": "UNKNOWN", "assetDecimals": 18, "vaultShareName": "UNKNOWN", "vaultShareSymbol": "UNKNOWN", "vaultShareDecimals": 18}
{"blockNumber":22551773,"chainId":1,"wrapperAddress":"0x9beff376ff554c81888031fe8899dcd9dfe42051"}	{"name": "UNKNOWN", "asset": "", "symbol": "UNKNOWN", "decimals": 18, "assetName": "UNKNOWN", "vaultShare": "", "assetSymbol": "UNKNOWN", "assetDecimals": 18, "vaultShareName": "UNKNOWN", "vaultShareSymbol": "UNKNOWN", "vaultShareDecimals": 18}
{"blockNumber":22551774,"chainId":1,"wrapperAddress":"0x1822a8c3c807f1ec415ee82752dae0ec74664d4f"}	{"name": "UNKNOWN", "asset": "", "symbol": "UNKNOWN", "decimals": 18, "assetName": "UNKNOWN", "vaultShare": "", "assetSymbol": "UNKNOWN", "assetDecimals": 18, "vaultShareName": "UNKNOWN", "vaultShareSymbol": "UNKNOWN", "vaultShareDecimals": 18}
{"blockNumber":22441640,"chainId":1,"wrapperAddress":"0xa76aa0b3d570ae04fcdd3e03fd217bfc5511448c"}	{"name": "UNKNOWN", "asset": "", "symbol": "UNKNOWN", "decimals": 18, "assetName": "UNKNOWN", "vaultShare": "", "assetSymbol": "UNKNOWN", "assetDecimals": 18, "vaultShareName": "UNKNOWN", "vaultShareSymbol": "UNKNOWN", "vaultShareDecimals": 18}
{"blockNumber":22441641,"chainId":1,"wrapperAddress":"0x962131e9120a337202c448e8fdd61c0db890ee87"}	{"name": "UNKNOWN", "asset": "", "symbol": "UNKNOWN", "decimals": 18, "assetName": "UNKNOWN", "vaultShare": "", "assetSymbol": "UNKNOWN", "assetDecimals": 18, "vaultShareName": "UNKNOWN", "vaultShareSymbol": "UNKNOWN", "vaultShareDecimals": 18}
{"blockNumber":22441642,"chainId":1,"wrapperAddress":"0x2c0dafd43aac8c21ee6264a266598ff9e1431852"}	{"name": "UNKNOWN", "asset": "", "symbol": "UNKNOWN", "decimals": 18, "assetName": "UNKNOWN", "vaultShare": "", "assetSymbol": "UNKNOWN", "assetDecimals": 18, "vaultShareName": "UNKNOWN", "vaultShareSymbol": "UNKNOWN", "vaultShareDecimals": 18}
{"blockNumber":22441643,"chainId":1,"wrapperAddress":"0xcd397f64a171158d999b6f256b0cc169feed6889"}	{"name": "UNKNOWN", "asset": "", "symbol": "UNKNOWN", "decimals": 18, "assetName": "UNKNOWN", "vaultShare": "", "assetSymbol": "UNKNOWN", "assetDecimals": 18, "vaultShareName": "UNKNOWN", "vaultShareSymbol": "UNKNOWN", "vaultShareDecimals": 18}
{"blockNumber":22441644,"chainId":1,"wrapperAddress":"0xecb36d7100da9c717671b72e6eb083b07190243a"}	{"name": "UNKNOWN", "asset": "", "symbol": "UNKNOWN", "decimals": 18, "assetName": "UNKNOWN", "vaultShare": "", "assetSymbol": "UNKNOWN", "assetDecimals": 18, "vaultShareName": "UNKNOWN", "vaultShareSymbol": "UNKNOWN", "vaultShareDecimals": 18}
{"blockNumber":22445033,"chainId":1,"wrapperAddress":"0x468de989457f45c7bba362227274ae67e96d7b76"}	{"name": "UNKNOWN", "asset": "", "symbol": "UNKNOWN", "decimals": 18, "assetName": "UNKNOWN", "vaultShare": "", "assetSymbol": "UNKNOWN", "assetDecimals": 18, "vaultShareName": "UNKNOWN", "vaultShareSymbol": "UNKNOWN", "vaultShareDecimals": 18}
{"blockNumber":22445034,"chainId":1,"wrapperAddress":"0xcb5ef939f94d1609a1d45e63e693ada259179362"}	{"name": "UNKNOWN", "asset": "", "symbol": "UNKNOWN", "decimals": 18, "assetName": "UNKNOWN", "vaultShare": "", "assetSymbol": "UNKNOWN", "assetDecimals": 18, "vaultShareName": "UNKNOWN", "vaultShareSymbol": "UNKNOWN", "vaultShareDecimals": 18}
{"blockNumber":22445035,"chainId":1,"wrapperAddress":"0xfd1eed987e3b52e0827823ffd0cc66c10e69181b"}	{"name": "UNKNOWN", "asset": "", "symbol": "UNKNOWN", "decimals": 18, "assetName": "UNKNOWN", "vaultShare": "", "assetSymbol": "UNKNOWN", "assetDecimals": 18, "vaultShareName": "UNKNOWN", "vaultShareSymbol": "UNKNOWN", "vaultShareDecimals": 18}
{"blockNumber":22445036,"chainId":1,"wrapperAddress":"0x5a5f437f0c481ace6cda50355bd4bacc8918aa01"}	{"name": "UNKNOWN", "asset": "", "symbol": "UNKNOWN", "decimals": 18, "assetName": "UNKNOWN", "vaultShare": "", "assetSymbol": "UNKNOWN", "assetDecimals": 18, "vaultShareName": "UNKNOWN", "vaultShareSymbol": "UNKNOWN", "vaultShareDecimals": 18}
{"blockNumber":22445038,"chainId":1,"wrapperAddress":"0xfdb898d9bbd3f8bd0fbc80e2dbdd1c2de2f1b526"}	{"name": "UNKNOWN", "asset": "", "symbol": "UNKNOWN", "decimals": 18, "assetName": "UNKNOWN", "vaultShare": "", "assetSymbol": "UNKNOWN", "assetDecimals": 18, "vaultShareName": "UNKNOWN", "vaultShareSymbol": "UNKNOWN", "vaultShareDecimals": 18}
{"blockNumber":22445595,"chainId":1,"wrapperAddress":"0x92dcedfb71920b894aff9fa34c205665f50ca2ac"}	{"name": "UNKNOWN", "asset": "", "symbol": "UNKNOWN", "decimals": 18, "assetName": "UNKNOWN", "vaultShare": "", "assetSymbol": "UNKNOWN", "assetDecimals": 18, "vaultShareName": "UNKNOWN", "vaultShareSymbol": "UNKNOWN", "vaultShareDecimals": 18}
{"blockNumber":22465905,"chainId":1,"wrapperAddress":"0x9932414992e94860c51d05b0eb77a4aeffbe6403"}	{"name": "UNKNOWN", "asset": "", "symbol": "UNKNOWN", "decimals": 18, "assetName": "UNKNOWN", "vaultShare": "", "assetSymbol": "UNKNOWN", "assetDecimals": 18, "vaultShareName": "UNKNOWN", "vaultShareSymbol": "UNKNOWN", "vaultShareDecimals": 18}
{"blockNumber":22472909,"chainId":1,"wrapperAddress":"0x099c8a53fddecf7b0390298088f744ec3b4e3de2"}	{"name": "EigenMockToken", "asset": "", "symbol": "EIGEN", "decimals": 18, "assetName": "UNKNOWN", "vaultShare": "", "assetSymbol": "UNKNOWN", "assetDecimals": 18, "vaultShareName": "UNKNOWN", "vaultShareSymbol": "UNKNOWN", "vaultShareDecimals": 18}
{"blockNumber":22472923,"chainId":1,"wrapperAddress":"0x20596a003ae16ee2a2a4dc1316ce721e2923af94"}	{"name": "UNKNOWN", "asset": "", "symbol": "UNKNOWN", "decimals": 18, "assetName": "UNKNOWN", "vaultShare": "", "assetSymbol": "UNKNOWN", "assetDecimals": 18, "vaultShareName": "UNKNOWN", "vaultShareSymbol": "UNKNOWN", "vaultShareDecimals": 18}
{"blockNumber":22431120,"chainId":1,"wrapperAddress":"0x5ddd768bae05b01828ea58167f76efa2e7787d88"}	{"name": "TAU Yield Bond ETF", "asset": "0xA0b86991c6218b36c1d19D4a2e9Eb0cE3606eB48", "symbol": "TAUBOND", "decimals": 8, "assetName": "USD Coin", "vaultShare": "", "assetSymbol": "USDC", "assetDecimals": 6, "vaultShareName": "UNKNOWN", "vaultShareSymbol": "UNKNOWN", "vaultShareDecimals": 18}
{"blockNumber":22431565,"chainId":1,"wrapperAddress":"0x08dd57a51025a266cecc85154860aa4e71e48ee8"}	{"name": "TAU Yield Bond ETF", "asset": "0xA0b86991c6218b36c1d19D4a2e9Eb0cE3606eB48", "symbol": "TAUBOND", "decimals": 8, "assetName": "USD Coin", "vaultShare": "", "assetSymbol": "USDC", "assetDecimals": 6, "vaultShareName": "UNKNOWN", "vaultShareSymbol": "UNKNOWN", "vaultShareDecimals": 18}
{"blockNumber":22441642,"chainId":1,"wrapperAddress":"0xb530a1b5259a71187f1d69acf0488f102637a3ed"}	{"name": "Leveraged sUSDf", "asset": "0xc8CF6D7991f15525488b2A83Df53468D682Ba4B0", "symbol": "iFALC", "decimals": 20, "assetName": "Staked Falcon USD", "vaultShare": "", "assetSymbol": "sUSDf", "assetDecimals": 18, "vaultShareName": "UNKNOWN", "vaultShareSymbol": "UNKNOWN", "vaultShareDecimals": 18}
{"blockNumber":22445035,"chainId":1,"wrapperAddress":"0x43a32d4f6c582f281c52393f8f9e5ace1d4a1e68"}	{"name": "TAU Yield Bond ETF", "asset": "0xA0b86991c6218b36c1d19D4a2e9Eb0cE3606eB48", "symbol": "TAUBOND", "decimals": 8, "assetName": "USD Coin", "vaultShare": "", "assetSymbol": "USDC", "assetDecimals": 6, "vaultShareName": "UNKNOWN", "vaultShareSymbol": "UNKNOWN", "vaultShareDecimals": 18}
{"blockNumber":22551804,"chainId":1,"wrapperAddress":"0x19e5ac38a67d2422c87992150cbffb40de02737c"}	{"name": "UNKNOWN", "asset": "", "symbol": "UNKNOWN", "decimals": 18, "assetName": "UNKNOWN", "vaultShare": "", "assetSymbol": "UNKNOWN", "assetDecimals": 18, "vaultShareName": "UNKNOWN", "vaultShareSymbol": "UNKNOWN", "vaultShareDecimals": 18}
{"blockNumber":22551805,"chainId":1,"wrapperAddress":"0x6d16b74ab612db92327335cd97bd8028804abc02"}	{"name": "UNKNOWN", "asset": "", "symbol": "UNKNOWN", "decimals": 18, "assetName": "UNKNOWN", "vaultShare": "", "assetSymbol": "UNKNOWN", "assetDecimals": 18, "vaultShareName": "UNKNOWN", "vaultShareSymbol": "UNKNOWN", "vaultShareDecimals": 18}
{"blockNumber":22551806,"chainId":1,"wrapperAddress":"0x12de020c5d471208272ccdab24552b1f7b39cb5e"}	{"name": "UNKNOWN", "asset": "", "symbol": "UNKNOWN", "decimals": 18, "assetName": "UNKNOWN", "vaultShare": "", "assetSymbol": "UNKNOWN", "assetDecimals": 18, "vaultShareName": "UNKNOWN", "vaultShareSymbol": "UNKNOWN", "vaultShareDecimals": 18}
{"blockNumber":22551807,"chainId":1,"wrapperAddress":"0xf4c6fe697b65785037d04b5c614c961e3693cdc8"}	{"name": "UNKNOWN", "asset": "", "symbol": "UNKNOWN", "decimals": 18, "assetName": "UNKNOWN", "vaultShare": "", "assetSymbol": "UNKNOWN", "assetDecimals": 18, "vaultShareName": "UNKNOWN", "vaultShareSymbol": "UNKNOWN", "vaultShareDecimals": 18}
{"blockNumber":22551808,"chainId":1,"wrapperAddress":"0x58f50b191048f29d2af12cd0ece48eea79f4cb9b"}	{"name": "UNKNOWN", "asset": "", "symbol": "UNKNOWN", "decimals": 18, "assetName": "UNKNOWN", "vaultShare": "", "assetSymbol": "UNKNOWN", "assetDecimals": 18, "vaultShareName": "UNKNOWN", "vaultShareSymbol": "UNKNOWN", "vaultShareDecimals": 18}
{"blockNumber":22565223,"chainId":1,"wrapperAddress":"0xa9c6a044c5af071ca9321f94b1f5f5971cd9c3e6"}	{"name": "UNKNOWN", "asset": "", "symbol": "UNKNOWN", "decimals": 18, "assetName": "UNKNOWN", "vaultShare": "", "assetSymbol": "UNKNOWN", "assetDecimals": 18, "vaultShareName": "UNKNOWN", "vaultShareSymbol": "UNKNOWN", "vaultShareDecimals": 18}
{"blockNumber":22565611,"chainId":1,"wrapperAddress":"0x5903e1aeec722943cc5f816cb8c688b30777b2dd"}	{"name": "UNKNOWN", "asset": "", "symbol": "UNKNOWN", "decimals": 18, "assetName": "UNKNOWN", "vaultShare": "", "assetSymbol": "UNKNOWN", "assetDecimals": 18, "vaultShareName": "UNKNOWN", "vaultShareSymbol": "UNKNOWN", "vaultShareDecimals": 18}
{"blockNumber":22565612,"chainId":1,"wrapperAddress":"0x7c6f94e4d72c90eb87463fdc2e0604a9da8ec03e"}	{"name": "UNKNOWN", "asset": "", "symbol": "UNKNOWN", "decimals": 18, "assetName": "UNKNOWN", "vaultShare": "", "assetSymbol": "UNKNOWN", "assetDecimals": 18, "vaultShareName": "UNKNOWN", "vaultShareSymbol": "UNKNOWN", "vaultShareDecimals": 18}
{"blockNumber":22565613,"chainId":1,"wrapperAddress":"0xc605aaf5dc11960e9b475b41bfd58c1c8efd19bb"}	{"name": "UNKNOWN", "asset": "", "symbol": "UNKNOWN", "decimals": 18, "assetName": "UNKNOWN", "vaultShare": "", "assetSymbol": "UNKNOWN", "assetDecimals": 18, "vaultShareName": "UNKNOWN", "vaultShareSymbol": "UNKNOWN", "vaultShareDecimals": 18}
{"blockNumber":22565614,"chainId":1,"wrapperAddress":"0x3b1dacc212b9420d472c61a3311088c027b967b1"}	{"name": "UNKNOWN", "asset": "", "symbol": "UNKNOWN", "decimals": 18, "assetName": "UNKNOWN", "vaultShare": "", "assetSymbol": "UNKNOWN", "assetDecimals": 18, "vaultShareName": "UNKNOWN", "vaultShareSymbol": "UNKNOWN", "vaultShareDecimals": 18}
{"blockNumber":22565615,"chainId":1,"wrapperAddress":"0xe5b4ff91e2842e228d93ee8c6cbcb2959449f8af"}	{"name": "UNKNOWN", "asset": "", "symbol": "UNKNOWN", "decimals": 18, "assetName": "UNKNOWN", "vaultShare": "", "assetSymbol": "UNKNOWN", "assetDecimals": 18, "vaultShareName": "UNKNOWN", "vaultShareSymbol": "UNKNOWN", "vaultShareDecimals": 18}
{"blockNumber":22565658,"chainId":1,"wrapperAddress":"0xf215cf8b8accd1f87edcdcddcf979fef0ffbd101"}	{"name": "UNKNOWN", "asset": "", "symbol": "UNKNOWN", "decimals": 18, "assetName": "UNKNOWN", "vaultShare": "", "assetSymbol": "UNKNOWN", "assetDecimals": 18, "vaultShareName": "UNKNOWN", "vaultShareSymbol": "UNKNOWN", "vaultShareDecimals": 18}
{"blockNumber":22565659,"chainId":1,"wrapperAddress":"0x654ff36e03d51a8710917b9fe4162e0e3ad776b1"}	{"name": "UNKNOWN", "asset": "", "symbol": "UNKNOWN", "decimals": 18, "assetName": "UNKNOWN", "vaultShare": "", "assetSymbol": "UNKNOWN", "assetDecimals": 18, "vaultShareName": "UNKNOWN", "vaultShareSymbol": "UNKNOWN", "vaultShareDecimals": 18}
{"blockNumber":22565660,"chainId":1,"wrapperAddress":"0x761ec9c5166fe2e3815763d03c6d240332c0d76a"}	{"name": "UNKNOWN", "asset": "", "symbol": "UNKNOWN", "decimals": 18, "assetName": "UNKNOWN", "vaultShare": "", "assetSymbol": "UNKNOWN", "assetDecimals": 18, "vaultShareName": "UNKNOWN", "vaultShareSymbol": "UNKNOWN", "vaultShareDecimals": 18}
{"blockNumber":22565662,"chainId":1,"wrapperAddress":"0x3e9dbaac4290d4ddc5faf23df8829b3204b9c67c"}	{"name": "UNKNOWN", "asset": "", "symbol": "UNKNOWN", "decimals": 18, "assetName": "UNKNOWN", "vaultShare": "", "assetSymbol": "UNKNOWN", "assetDecimals": 18, "vaultShareName": "UNKNOWN", "vaultShareSymbol": "UNKNOWN", "vaultShareDecimals": 18}
{"blockNumber":22565663,"chainId":1,"wrapperAddress":"0x5038734aeed0a287ea4368fb338315a501b3ab72"}	{"name": "UNKNOWN", "asset": "", "symbol": "UNKNOWN", "decimals": 18, "assetName": "UNKNOWN", "vaultShare": "", "assetSymbol": "UNKNOWN", "assetDecimals": 18, "vaultShareName": "UNKNOWN", "vaultShareSymbol": "UNKNOWN", "vaultShareDecimals": 18}
{"blockNumber":22565840,"chainId":1,"wrapperAddress":"0x46500eb791fb63559a53e577e9f4b2794fca7e9f"}	{"name": "UNKNOWN", "asset": "", "symbol": "UNKNOWN", "decimals": 18, "assetName": "UNKNOWN", "vaultShare": "", "assetSymbol": "UNKNOWN", "assetDecimals": 18, "vaultShareName": "UNKNOWN", "vaultShareSymbol": "UNKNOWN", "vaultShareDecimals": 18}
{"blockNumber":22569772,"chainId":1,"wrapperAddress":"0x80f27db5dfd5063f50b853f516753b0d480e13ba"}	{"name": "UNKNOWN", "asset": "", "symbol": "UNKNOWN", "decimals": 18, "assetName": "UNKNOWN", "vaultShare": "", "assetSymbol": "UNKNOWN", "assetDecimals": 18, "vaultShareName": "UNKNOWN", "vaultShareSymbol": "UNKNOWN", "vaultShareDecimals": 18}
{"blockNumber":22487684,"chainId":1,"wrapperAddress":"0x213e952d9f0448fdbfcedf582a316f10cc71f65b"}	{"name": "UNKNOWN", "asset": "", "symbol": "UNKNOWN", "decimals": 18, "assetName": "UNKNOWN", "vaultShare": "", "assetSymbol": "UNKNOWN", "assetDecimals": 18, "vaultShareName": "UNKNOWN", "vaultShareSymbol": "UNKNOWN", "vaultShareDecimals": 18}
{"blockNumber":22495127,"chainId":1,"wrapperAddress":"0x5b7aecdc033968ccbf74f529f7de39df727b5c81"}	{"name": "UNKNOWN", "asset": "", "symbol": "UNKNOWN", "decimals": 18, "assetName": "UNKNOWN", "vaultShare": "", "assetSymbol": "UNKNOWN", "assetDecimals": 18, "vaultShareName": "UNKNOWN", "vaultShareSymbol": "UNKNOWN", "vaultShareDecimals": 18}
{"blockNumber":22495128,"chainId":1,"wrapperAddress":"0xc3eb0c3f691f3fd2fc3ab6ae03b68c7c888d5787"}	{"name": "UNKNOWN", "asset": "", "symbol": "UNKNOWN", "decimals": 18, "assetName": "UNKNOWN", "vaultShare": "", "assetSymbol": "UNKNOWN", "assetDecimals": 18, "vaultShareName": "UNKNOWN", "vaultShareSymbol": "UNKNOWN", "vaultShareDecimals": 18}
{"blockNumber":22495129,"chainId":1,"wrapperAddress":"0x0d7ed497b05a983b823ad7f412d39d63a4aa8058"}	{"name": "UNKNOWN", "asset": "", "symbol": "UNKNOWN", "decimals": 18, "assetName": "UNKNOWN", "vaultShare": "", "assetSymbol": "UNKNOWN", "assetDecimals": 18, "vaultShareName": "UNKNOWN", "vaultShareSymbol": "UNKNOWN", "vaultShareDecimals": 18}
{"blockNumber":22495130,"chainId":1,"wrapperAddress":"0x11cbc30008dde93db992ac0190848852d310367f"}	{"name": "UNKNOWN", "asset": "", "symbol": "UNKNOWN", "decimals": 18, "assetName": "UNKNOWN", "vaultShare": "", "assetSymbol": "UNKNOWN", "assetDecimals": 18, "vaultShareName": "UNKNOWN", "vaultShareSymbol": "UNKNOWN", "vaultShareDecimals": 18}
{"blockNumber":22545442,"chainId":1,"wrapperAddress":"0x64d47d8516034857c6fc040ecd405e03643a464f"}	{"name": "BC_vault_one", "asset": "0xC02aaA39b223FE8D0A0e5C4F27eAD9083C756Cc2", "symbol": "BCV1", "decimals": 20, "assetName": "Wrapped Ether", "vaultShare": "", "assetSymbol": "WETH", "assetDecimals": 18, "vaultShareName": "UNKNOWN", "vaultShareSymbol": "UNKNOWN", "vaultShareDecimals": 18}
{"blockNumber":22551772,"chainId":1,"wrapperAddress":"0xffb090cb1829c5977fbd070cebff7425c76b0472"}	{"name": "BTC Valos", "asset": "0x2260FAC5E5542a773Aa44fBCfeDf7C193bc2C599", "symbol": "vBTC", "decimals": 10, "assetName": "Wrapped BTC", "vaultShare": "", "assetSymbol": "WBTC", "assetDecimals": 8, "vaultShareName": "UNKNOWN", "vaultShareSymbol": "UNKNOWN", "vaultShareDecimals": 18}
{"blockNumber":22551806,"chainId":1,"wrapperAddress":"0xc1926c01ed88e93f5c266f3b43af57c1f6e63b5d"}	{"name": "F1 Champion Principle Protected Note", "asset": "0xA0b86991c6218b36c1d19D4a2e9Eb0cE3606eB48", "symbol": "F1_PP_NOTE", "decimals": 8, "assetName": "USD Coin", "vaultShare": "", "assetSymbol": "USDC", "assetDecimals": 6, "vaultShareName": "UNKNOWN", "vaultShareSymbol": "UNKNOWN", "vaultShareDecimals": 18}
{"blockNumber":22565613,"chainId":1,"wrapperAddress":"0xb4790cfdf1df71c2e4ac2f5c43dbcb975ad447ae"}	{"name": "Leveraged Falcon USDC Core", "asset": "0xA0b86991c6218b36c1d19D4a2e9Eb0cE3606eB48", "symbol": "iUSDC", "decimals": 8, "assetName": "USD Coin", "vaultShare": "", "assetSymbol": "USDC", "assetDecimals": 6, "vaultShareName": "UNKNOWN", "vaultShareSymbol": "UNKNOWN", "vaultShareDecimals": 18}
{"blockNumber":22565660,"chainId":1,"wrapperAddress":"0x707d816272ed15174c72f92eccc4149d1dcb7a80"}	{"name": "Vault TAU Core", "asset": "0xA0b86991c6218b36c1d19D4a2e9Eb0cE3606eB48", "symbol": "TAU", "decimals": 8, "assetName": "USD Coin", "vaultShare": "", "assetSymbol": "USDC", "assetDecimals": 6, "vaultShareName": "UNKNOWN", "vaultShareSymbol": "UNKNOWN", "vaultShareDecimals": 18}
{"blockNumber":22495129,"chainId":1,"wrapperAddress":"0x3151cee0cdb517c0e7db2b55ff5085e7d1809d90"}	{"name": "Autopilot USDC Ethereum", "asset": "0xA0b86991c6218b36c1d19D4a2e9Eb0cE3606eB48", "symbol": "Autopilot_USDC", "decimals": 8, "assetName": "USD Coin", "vaultShare": "", "assetSymbol": "USDC", "assetDecimals": 6, "vaultShareName": "UNKNOWN", "vaultShareSymbol": "UNKNOWN", "vaultShareDecimals": 18}
{"blockNumber":22583294,"chainId":1,"wrapperAddress":"0xd6cb2ea84ba2cbccfb8441bbae4aefdf18287954"}	{"name": "UNKNOWN", "asset": "", "symbol": "UNKNOWN", "decimals": 18, "assetName": "UNKNOWN", "vaultShare": "", "assetSymbol": "UNKNOWN", "assetDecimals": 18, "vaultShareName": "UNKNOWN", "vaultShareSymbol": "UNKNOWN", "vaultShareDecimals": 18}
{"blockNumber":22587115,"chainId":1,"wrapperAddress":"0xfb1b6860ebf2a766625c3254729d7b2aa3a285a7"}	{"name": "Pila", "asset": "", "symbol": "PLA", "decimals": 18, "assetName": "UNKNOWN", "vaultShare": "", "assetSymbol": "UNKNOWN", "assetDecimals": 18, "vaultShareName": "UNKNOWN", "vaultShareSymbol": "UNKNOWN", "vaultShareDecimals": 18}
{"blockNumber":22587352,"chainId":1,"wrapperAddress":"0x4790c6a7abdd39dc28b2622ab4980618cb602f3a"}	{"name": "Boro", "asset": "", "symbol": "BOR", "decimals": 18, "assetName": "UNKNOWN", "vaultShare": "", "assetSymbol": "UNKNOWN", "assetDecimals": 18, "vaultShareName": "UNKNOWN", "vaultShareSymbol": "UNKNOWN", "vaultShareDecimals": 18}
{"blockNumber":22587443,"chainId":1,"wrapperAddress":"0xea9b27ce184d3fb27828bb9c2f4f8bba68907e03"}	{"name": "Flica", "asset": "", "symbol": "FLC", "decimals": 18, "assetName": "UNKNOWN", "vaultShare": "", "assetSymbol": "UNKNOWN", "assetDecimals": 18, "vaultShareName": "UNKNOWN", "vaultShareSymbol": "UNKNOWN", "vaultShareDecimals": 18}
{"blockNumber":22594589,"chainId":1,"wrapperAddress":"0x4ba0f214d1b7f572d11dabe8fe0be9c99e25e6fd"}	{"name": "UNKNOWN", "asset": "", "symbol": "UNKNOWN", "decimals": 18, "assetName": "UNKNOWN", "vaultShare": "", "assetSymbol": "UNKNOWN", "assetDecimals": 18, "vaultShareName": "UNKNOWN", "vaultShareSymbol": "UNKNOWN", "vaultShareDecimals": 18}
{"blockNumber":22594590,"chainId":1,"wrapperAddress":"0x80c0865d7d290a4b8a511f0f71f2c75740b8c1aa"}	{"name": "UNKNOWN", "asset": "", "symbol": "UNKNOWN", "decimals": 18, "assetName": "UNKNOWN", "vaultShare": "", "assetSymbol": "UNKNOWN", "assetDecimals": 18, "vaultShareName": "UNKNOWN", "vaultShareSymbol": "UNKNOWN", "vaultShareDecimals": 18}
{"blockNumber":22594591,"chainId":1,"wrapperAddress":"0x14f4ca65858929d8c8df8e01e062982ea9b0cf8b"}	{"name": "UNKNOWN", "asset": "", "symbol": "UNKNOWN", "decimals": 18, "assetName": "UNKNOWN", "vaultShare": "", "assetSymbol": "UNKNOWN", "assetDecimals": 18, "vaultShareName": "UNKNOWN", "vaultShareSymbol": "UNKNOWN", "vaultShareDecimals": 18}
{"blockNumber":22594592,"chainId":1,"wrapperAddress":"0x4d99e7e470a3fc64d4b4b25304c74ad8413bddb3"}	{"name": "UNKNOWN", "asset": "", "symbol": "UNKNOWN", "decimals": 18, "assetName": "UNKNOWN", "vaultShare": "", "assetSymbol": "UNKNOWN", "assetDecimals": 18, "vaultShareName": "UNKNOWN", "vaultShareSymbol": "UNKNOWN", "vaultShareDecimals": 18}
{"blockNumber":22594593,"chainId":1,"wrapperAddress":"0xabc0fdd71077e415e81cca77a088f6664967df0e"}	{"name": "UNKNOWN", "asset": "", "symbol": "UNKNOWN", "decimals": 18, "assetName": "UNKNOWN", "vaultShare": "", "assetSymbol": "UNKNOWN", "assetDecimals": 18, "vaultShareName": "UNKNOWN", "vaultShareSymbol": "UNKNOWN", "vaultShareDecimals": 18}
{"blockNumber":22594591,"chainId":1,"wrapperAddress":"0x0552e28123a19ff2853d1ed3be75ef1329bb6ca8"}	{"name": "IPOR stETH Ethereum", "asset": "0xae7ab96520DE3A18E5e111B5EaAb095312D7fE84", "symbol": "ipstETHfusion", "decimals": 20, "assetName": "Liquid staked Ether 2.0", "vaultShare": "", "assetSymbol": "stETH", "assetDecimals": 18, "vaultShareName": "UNKNOWN", "vaultShareSymbol": "UNKNOWN", "vaultShareDecimals": 18}
{"blockNumber":22628021,"chainId":1,"wrapperAddress":"0x7f853b95de3afb054b4079260c86d6ddc5c3b114"}	{"name": "UNKNOWN", "asset": "", "symbol": "UNKNOWN", "decimals": 18, "assetName": "UNKNOWN", "vaultShare": "", "assetSymbol": "UNKNOWN", "assetDecimals": 18, "vaultShareName": "UNKNOWN", "vaultShareSymbol": "UNKNOWN", "vaultShareDecimals": 18}
{"blockNumber":22633853,"chainId":1,"wrapperAddress":"0x022629027250393e61b0a96253853a5740a31e44"}	{"name": "UNKNOWN", "asset": "", "symbol": "UNKNOWN", "decimals": 18, "assetName": "UNKNOWN", "vaultShare": "", "assetSymbol": "UNKNOWN", "assetDecimals": 18, "vaultShareName": "UNKNOWN", "vaultShareSymbol": "UNKNOWN", "vaultShareDecimals": 18}
{"blockNumber":22633909,"chainId":1,"wrapperAddress":"0x946039962bb94becf6ec7c2ce6839e8cd6e70342"}	{"name": "UNKNOWN", "asset": "", "symbol": "UNKNOWN", "decimals": 18, "assetName": "UNKNOWN", "vaultShare": "", "assetSymbol": "UNKNOWN", "assetDecimals": 18, "vaultShareName": "UNKNOWN", "vaultShareSymbol": "UNKNOWN", "vaultShareDecimals": 18}
{"blockNumber":22633964,"chainId":1,"wrapperAddress":"0x55bca21cfbddbf95c7f7de42100e917d9c0cff2a"}	{"name": "UNKNOWN", "asset": "", "symbol": "UNKNOWN", "decimals": 18, "assetName": "UNKNOWN", "vaultShare": "", "assetSymbol": "UNKNOWN", "assetDecimals": 18, "vaultShareName": "UNKNOWN", "vaultShareSymbol": "UNKNOWN", "vaultShareDecimals": 18}
{"blockNumber":22639007,"chainId":1,"wrapperAddress":"0x9b3a8f7cec208e247d97dee13313690977e24459"}	{"name": "USDp", "asset": "", "symbol": "USDp", "decimals": 18, "assetName": "UNKNOWN", "vaultShare": "", "assetSymbol": "UNKNOWN", "assetDecimals": 18, "vaultShareName": "UNKNOWN", "vaultShareSymbol": "UNKNOWN", "vaultShareDecimals": 18}
{"blockNumber":22639052,"chainId":1,"wrapperAddress":"0xc9b6279baa19dbb8bcc3250c89caa093aaba0bfc"}	{"name": "UNKNOWN", "asset": "", "symbol": "UNKNOWN", "decimals": 18, "assetName": "UNKNOWN", "vaultShare": "", "assetSymbol": "UNKNOWN", "assetDecimals": 18, "vaultShareName": "UNKNOWN", "vaultShareSymbol": "UNKNOWN", "vaultShareDecimals": 18}
{"blockNumber":22631309,"chainId":1,"wrapperAddress":"0x87fd322a24eaddfa57fe9bb9b83ab67d236d2cec"}	{"name": "Spectra ERC4626 Wrapper: YieldFi yUSD", "asset": "0xA0b86991c6218b36c1d19D4a2e9Eb0cE3606eB48", "symbol": "sw-yUSD", "decimals": 18, "assetName": "USD Coin", "vaultShare": "0x19Ebd191f7A24ECE672ba13A302212b5eF7F35cb", "assetSymbol": "USDC", "assetDecimals": 6, "vaultShareName": "YieldFi yUSD", "vaultShareSymbol": "yUSD", "vaultShareDecimals": 18}
{"blockNumber":22674607,"chainId":1,"wrapperAddress":"0x73caf2a3941650737129520e4368211281b5f9f5"}	{"name": "UNKNOWN", "asset": "", "symbol": "UNKNOWN", "decimals": 18, "assetName": "UNKNOWN", "vaultShare": "", "assetSymbol": "UNKNOWN", "assetDecimals": 18, "vaultShareName": "UNKNOWN", "vaultShareSymbol": "UNKNOWN", "vaultShareDecimals": 18}
{"blockNumber":22689731,"chainId":1,"wrapperAddress":"0x8d0b6d9d9e32d089b5a8b15f4f3a2de0a6d186dc"}	{"name": "UNKNOWN", "asset": "", "symbol": "UNKNOWN", "decimals": 18, "assetName": "UNKNOWN", "vaultShare": "", "assetSymbol": "UNKNOWN", "assetDecimals": 18, "vaultShareName": "UNKNOWN", "vaultShareSymbol": "UNKNOWN", "vaultShareDecimals": 18}
{"blockNumber":22689733,"chainId":1,"wrapperAddress":"0xccbd8e08ef2b722e9d3e29863399c99dc2fdd797"}	{"name": "UNKNOWN", "asset": "", "symbol": "UNKNOWN", "decimals": 18, "assetName": "UNKNOWN", "vaultShare": "", "assetSymbol": "UNKNOWN", "assetDecimals": 18, "vaultShareName": "UNKNOWN", "vaultShareSymbol": "UNKNOWN", "vaultShareDecimals": 18}
{"blockNumber":22689735,"chainId":1,"wrapperAddress":"0x3288f966821b08b81ee82e30b1412c43ba7dfaad"}	{"name": "UNKNOWN", "asset": "", "symbol": "UNKNOWN", "decimals": 18, "assetName": "UNKNOWN", "vaultShare": "", "assetSymbol": "UNKNOWN", "assetDecimals": 18, "vaultShareName": "UNKNOWN", "vaultShareSymbol": "UNKNOWN", "vaultShareDecimals": 18}
{"blockNumber":22689737,"chainId":1,"wrapperAddress":"0x41eea04d79f276ba2cbecaceaebf5a9f20aa0662"}	{"name": "UNKNOWN", "asset": "", "symbol": "UNKNOWN", "decimals": 18, "assetName": "UNKNOWN", "vaultShare": "", "assetSymbol": "UNKNOWN", "assetDecimals": 18, "vaultShareName": "UNKNOWN", "vaultShareSymbol": "UNKNOWN", "vaultShareDecimals": 18}
{"blockNumber":22689739,"chainId":1,"wrapperAddress":"0x88f6ff4d868044b4b79bd4164d6e5959b0985b95"}	{"name": "UNKNOWN", "asset": "", "symbol": "UNKNOWN", "decimals": 18, "assetName": "UNKNOWN", "vaultShare": "", "assetSymbol": "UNKNOWN", "assetDecimals": 18, "vaultShareName": "UNKNOWN", "vaultShareSymbol": "UNKNOWN", "vaultShareDecimals": 18}
{"blockNumber":22689748,"chainId":1,"wrapperAddress":"0x0e20cd16d29c3078bbd48faa7a76ee453635bc63"}	{"name": "UNKNOWN", "asset": "", "symbol": "UNKNOWN", "decimals": 18, "assetName": "UNKNOWN", "vaultShare": "", "assetSymbol": "UNKNOWN", "assetDecimals": 18, "vaultShareName": "UNKNOWN", "vaultShareSymbol": "UNKNOWN", "vaultShareDecimals": 18}
{"blockNumber":22690005,"chainId":1,"wrapperAddress":"0x8f93f6b1e4f34b328a1b20091760362fcee2daee"}	{"name": "UNKNOWN", "asset": "", "symbol": "UNKNOWN", "decimals": 18, "assetName": "UNKNOWN", "vaultShare": "", "assetSymbol": "UNKNOWN", "assetDecimals": 18, "vaultShareName": "UNKNOWN", "vaultShareSymbol": "UNKNOWN", "vaultShareDecimals": 18}
{"blockNumber":22715663,"chainId":1,"wrapperAddress":"0x6209db94176e849cf426ef07c0e916dabefcf73e"}	{"name": "UNKNOWN", "asset": "", "symbol": "UNKNOWN", "decimals": 18, "assetName": "UNKNOWN", "vaultShare": "", "assetSymbol": "UNKNOWN", "assetDecimals": 18, "vaultShareName": "UNKNOWN", "vaultShareSymbol": "UNKNOWN", "vaultShareDecimals": 18}
{"blockNumber":22718493,"chainId":1,"wrapperAddress":"0x9adfa0544e0fecc4131e5282555ba2beb05efc73"}	{"name": "UNKNOWN", "asset": "", "symbol": "UNKNOWN", "decimals": 18, "assetName": "UNKNOWN", "vaultShare": "", "assetSymbol": "UNKNOWN", "assetDecimals": 18, "vaultShareName": "UNKNOWN", "vaultShareSymbol": "UNKNOWN", "vaultShareDecimals": 18}
{"blockNumber":22718586,"chainId":1,"wrapperAddress":"0x444f2fd17048b4ae220a1a47d073fb453248e7ec"}	{"name": "UNKNOWN", "asset": "", "symbol": "UNKNOWN", "decimals": 18, "assetName": "UNKNOWN", "vaultShare": "", "assetSymbol": "UNKNOWN", "assetDecimals": 18, "vaultShareName": "UNKNOWN", "vaultShareSymbol": "UNKNOWN", "vaultShareDecimals": 18}
{"blockNumber":22723627,"chainId":1,"wrapperAddress":"0x0449f9a9a2fc59c4905b98c1885bd1192ea5dc62"}	{"name": "mpufETH", "asset": "0xC02aaA39b223FE8D0A0e5C4F27eAD9083C756Cc2", "symbol": "mpufETH", "decimals": 18, "assetName": "Wrapped Ether", "vaultShare": "", "assetSymbol": "WETH", "assetDecimals": 18, "vaultShareName": "UNKNOWN", "vaultShareSymbol": "UNKNOWN", "vaultShareDecimals": 18}
{"blockNumber":22767046,"chainId":1,"wrapperAddress":"0x36da06796fd9d22bcd6287b66a87ffdadb12636c"}	{"name": "UNKNOWN", "asset": "", "symbol": "UNKNOWN", "decimals": 18, "assetName": "UNKNOWN", "vaultShare": "", "assetSymbol": "UNKNOWN", "assetDecimals": 18, "vaultShareName": "UNKNOWN", "vaultShareSymbol": "UNKNOWN", "vaultShareDecimals": 18}
{"blockNumber":22794302,"chainId":1,"wrapperAddress":"0xcbc40597ba63ab6ad09e1d39db97c7d7596a4a6e"}	{"name": "UNKNOWN", "asset": "", "symbol": "UNKNOWN", "decimals": 18, "assetName": "UNKNOWN", "vaultShare": "", "assetSymbol": "UNKNOWN", "assetDecimals": 18, "vaultShareName": "UNKNOWN", "vaultShareSymbol": "UNKNOWN", "vaultShareDecimals": 18}
{"blockNumber":22794361,"chainId":1,"wrapperAddress":"0xf8e1cc9c0bd78e2850d53c596c2096fb80967628"}	{"name": "UNKNOWN", "asset": "", "symbol": "UNKNOWN", "decimals": 18, "assetName": "UNKNOWN", "vaultShare": "", "assetSymbol": "UNKNOWN", "assetDecimals": 18, "vaultShareName": "UNKNOWN", "vaultShareSymbol": "UNKNOWN", "vaultShareDecimals": 18}
{"blockNumber":22794405,"chainId":1,"wrapperAddress":"0x34f64b5e7fbc9c04fe8f361bd73b5cde5afe28b7"}	{"name": "UNKNOWN", "asset": "", "symbol": "UNKNOWN", "decimals": 18, "assetName": "UNKNOWN", "vaultShare": "", "assetSymbol": "UNKNOWN", "assetDecimals": 18, "vaultShareName": "UNKNOWN", "vaultShareSymbol": "UNKNOWN", "vaultShareDecimals": 18}
{"blockNumber":22825617,"chainId":1,"wrapperAddress":"0xd4afe0ac75e0b29a2a465e5fe07bcb01c5451ae5"}	{"name": "UNKNOWN", "asset": "", "symbol": "UNKNOWN", "decimals": 18, "assetName": "UNKNOWN", "vaultShare": "", "assetSymbol": "UNKNOWN", "assetDecimals": 18, "vaultShareName": "UNKNOWN", "vaultShareSymbol": "UNKNOWN", "vaultShareDecimals": 18}
{"blockNumber":22825655,"chainId":1,"wrapperAddress":"0xf74bd8a061a1b0e3dc010731c29fbb73ae058b30"}	{"name": "UNKNOWN", "asset": "", "symbol": "UNKNOWN", "decimals": 18, "assetName": "UNKNOWN", "vaultShare": "", "assetSymbol": "UNKNOWN", "assetDecimals": 18, "vaultShareName": "UNKNOWN", "vaultShareSymbol": "UNKNOWN", "vaultShareDecimals": 18}
{"blockNumber":22838039,"chainId":1,"wrapperAddress":"0x12c095bb0a9167bc48aa95a0cf29ca054e6f70b0"}	{"name": "UNKNOWN", "asset": "", "symbol": "UNKNOWN", "decimals": 18, "assetName": "UNKNOWN", "vaultShare": "", "assetSymbol": "UNKNOWN", "assetDecimals": 18, "vaultShareName": "UNKNOWN", "vaultShareSymbol": "UNKNOWN", "vaultShareDecimals": 18}
{"blockNumber":22838039,"chainId":1,"wrapperAddress":"0x359daa002f7525def55c70facbf18e59819eaa9c"}	{"name": "UNKNOWN", "asset": "", "symbol": "UNKNOWN", "decimals": 18, "assetName": "UNKNOWN", "vaultShare": "", "assetSymbol": "UNKNOWN", "assetDecimals": 18, "vaultShareName": "UNKNOWN", "vaultShareSymbol": "UNKNOWN", "vaultShareDecimals": 18}
{"blockNumber":22838039,"chainId":1,"wrapperAddress":"0xa542e6eb8de3bebebc5be57456e04ff04d1c61fb"}	{"name": "UNKNOWN", "asset": "", "symbol": "UNKNOWN", "decimals": 18, "assetName": "UNKNOWN", "vaultShare": "", "assetSymbol": "UNKNOWN", "assetDecimals": 18, "vaultShareName": "UNKNOWN", "vaultShareSymbol": "UNKNOWN", "vaultShareDecimals": 18}
{"blockNumber":22838039,"chainId":1,"wrapperAddress":"0x951762ca953bc54f1c1b41c3db628b62b0067d60"}	{"name": "UNKNOWN", "asset": "", "symbol": "UNKNOWN", "decimals": 18, "assetName": "UNKNOWN", "vaultShare": "", "assetSymbol": "UNKNOWN", "assetDecimals": 18, "vaultShareName": "UNKNOWN", "vaultShareSymbol": "UNKNOWN", "vaultShareDecimals": 18}
{"blockNumber":22838039,"chainId":1,"wrapperAddress":"0x74482bb6a25308708e2a81ec7d156c74fd1eac91"}	{"name": "UNKNOWN", "asset": "", "symbol": "UNKNOWN", "decimals": 18, "assetName": "UNKNOWN", "vaultShare": "", "assetSymbol": "UNKNOWN", "assetDecimals": 18, "vaultShareName": "UNKNOWN", "vaultShareSymbol": "UNKNOWN", "vaultShareDecimals": 18}
{"blockNumber":22816779,"chainId":1,"wrapperAddress":"0x0d45b129dc868963025db79a9074ea9c9e32cae4"}	{"name": "Staked USDp", "asset": "0x9B3a8f7CEC208e247d97dEE13313690977e24459", "symbol": "sUSDp", "decimals": 18, "assetName": "USDp", "vaultShare": "", "assetSymbol": "USDp", "assetDecimals": 18, "vaultShareName": "UNKNOWN", "vaultShareSymbol": "UNKNOWN", "vaultShareDecimals": 18}
{"blockNumber":22838039,"chainId":1,"wrapperAddress":"0x4536d493292e53c5c11defa9e4c6826777502efa"}	{"name": "Auto-compounding Liquity ETH Stability Pool", "asset": "0x6440f144b7e50D6a8439336510312d2F54beB01D", "symbol": "efBOLD", "decimals": 20, "assetName": "BOLD Stablecoin", "vaultShare": "", "assetSymbol": "BOLD", "assetDecimals": 18, "vaultShareName": "UNKNOWN", "vaultShareSymbol": "UNKNOWN", "vaultShareDecimals": 18}
{"blockNumber":22859499,"chainId":1,"wrapperAddress":"0x4adfa04e1e05abedd0963199cb88948efaf3c056"}	{"name": "UNKNOWN", "asset": "", "symbol": "UNKNOWN", "decimals": 18, "assetName": "UNKNOWN", "vaultShare": "", "assetSymbol": "UNKNOWN", "assetDecimals": 18, "vaultShareName": "UNKNOWN", "vaultShareSymbol": "UNKNOWN", "vaultShareDecimals": 18}
{"blockNumber":22859499,"chainId":1,"wrapperAddress":"0x9d67707309c42caa4029d52292a93cba5a59e4b9"}	{"name": "UNKNOWN", "asset": "", "symbol": "UNKNOWN", "decimals": 18, "assetName": "UNKNOWN", "vaultShare": "", "assetSymbol": "UNKNOWN", "assetDecimals": 18, "vaultShareName": "UNKNOWN", "vaultShareSymbol": "UNKNOWN", "vaultShareDecimals": 18}
{"blockNumber":22859499,"chainId":1,"wrapperAddress":"0xce084dc784e7a1b022e687f655f1b5e4b25c1744"}	{"name": "UNKNOWN", "asset": "", "symbol": "UNKNOWN", "decimals": 18, "assetName": "UNKNOWN", "vaultShare": "", "assetSymbol": "UNKNOWN", "assetDecimals": 18, "vaultShareName": "UNKNOWN", "vaultShareSymbol": "UNKNOWN", "vaultShareDecimals": 18}
{"blockNumber":22859499,"chainId":1,"wrapperAddress":"0xca4be346f240935ec5986fe265d10e286efd1cd9"}	{"name": "UNKNOWN", "asset": "", "symbol": "UNKNOWN", "decimals": 18, "assetName": "UNKNOWN", "vaultShare": "", "assetSymbol": "UNKNOWN", "assetDecimals": 18, "vaultShareName": "UNKNOWN", "vaultShareSymbol": "UNKNOWN", "vaultShareDecimals": 18}
{"blockNumber":22859499,"chainId":1,"wrapperAddress":"0x11e28ad426adf2cc542bcc8ef4992a10dcbb423f"}	{"name": "UNKNOWN", "asset": "", "symbol": "UNKNOWN", "decimals": 18, "assetName": "UNKNOWN", "vaultShare": "", "assetSymbol": "UNKNOWN", "assetDecimals": 18, "vaultShareName": "UNKNOWN", "vaultShareSymbol": "UNKNOWN", "vaultShareDecimals": 18}
{"blockNumber":22734320,"chainId":1,"wrapperAddress":"0xf9264e9a8fbba34064f78794dedcf71b8a3b044b"}	{"name": "UNKNOWN", "asset": "", "symbol": "UNKNOWN", "decimals": 18, "assetName": "UNKNOWN", "vaultShare": "", "assetSymbol": "UNKNOWN", "assetDecimals": 18, "vaultShareName": "UNKNOWN", "vaultShareSymbol": "UNKNOWN", "vaultShareDecimals": 18}
{"blockNumber":22747844,"chainId":1,"wrapperAddress":"0x0b815a105280fd78d0fcb4ea12d69b00692b8b5d"}	{"name": "UNKNOWN", "asset": "", "symbol": "UNKNOWN", "decimals": 18, "assetName": "UNKNOWN", "vaultShare": "", "assetSymbol": "UNKNOWN", "assetDecimals": 18, "vaultShareName": "UNKNOWN", "vaultShareSymbol": "UNKNOWN", "vaultShareDecimals": 18}
{"blockNumber":22747879,"chainId":1,"wrapperAddress":"0x983af77d3d4584cfc042e4e92b37b4784c841513"}	{"name": "UNKNOWN", "asset": "", "symbol": "UNKNOWN", "decimals": 18, "assetName": "UNKNOWN", "vaultShare": "", "assetSymbol": "UNKNOWN", "assetDecimals": 18, "vaultShareName": "UNKNOWN", "vaultShareSymbol": "UNKNOWN", "vaultShareDecimals": 18}
{"blockNumber":22931739,"chainId":1,"wrapperAddress":"0x501478e1d9da62d90118572e2bc6c9675bda25d1"}	{"name": "Kinetic Dollar", "asset": "", "symbol": "USDK", "decimals": 18, "assetName": "UNKNOWN", "vaultShare": "", "assetSymbol": "UNKNOWN", "assetDecimals": 18, "vaultShareName": "UNKNOWN", "vaultShareSymbol": "UNKNOWN", "vaultShareDecimals": 18}
{"blockNumber":22938041,"chainId":1,"wrapperAddress":"0x0bdd94d3908e9a489b71ca0caee267a42bc5b723"}	{"name": "UNKNOWN", "asset": "", "symbol": "UNKNOWN", "decimals": 18, "assetName": "UNKNOWN", "vaultShare": "", "assetSymbol": "UNKNOWN", "assetDecimals": 18, "vaultShareName": "UNKNOWN", "vaultShareSymbol": "UNKNOWN", "vaultShareDecimals": 18}
{"blockNumber":22938404,"chainId":1,"wrapperAddress":"0x9652613b40f75d4360d9ad417b03e0be1e85e0dd"}	{"name": "UNKNOWN", "asset": "", "symbol": "UNKNOWN", "decimals": 18, "assetName": "UNKNOWN", "vaultShare": "", "assetSymbol": "UNKNOWN", "assetDecimals": 18, "vaultShareName": "UNKNOWN", "vaultShareSymbol": "UNKNOWN", "vaultShareDecimals": 18}
{"blockNumber":22938565,"chainId":1,"wrapperAddress":"0x97922a678c6331c2fc53008997ecac7d9ee88caf"}	{"name": "UNKNOWN", "asset": "", "symbol": "UNKNOWN", "decimals": 18, "assetName": "UNKNOWN", "vaultShare": "", "assetSymbol": "UNKNOWN", "assetDecimals": 18, "vaultShareName": "UNKNOWN", "vaultShareSymbol": "UNKNOWN", "vaultShareDecimals": 18}
{"blockNumber":22945397,"chainId":1,"wrapperAddress":"0x0a97b93902e2c518e15dd7857f527b75ef8d2f87"}	{"name": "UNKNOWN", "asset": "", "symbol": "UNKNOWN", "decimals": 18, "assetName": "UNKNOWN", "vaultShare": "", "assetSymbol": "UNKNOWN", "assetDecimals": 18, "vaultShareName": "UNKNOWN", "vaultShareSymbol": "UNKNOWN", "vaultShareDecimals": 18}
{"blockNumber":22945759,"chainId":1,"wrapperAddress":"0x19a29be49ce2e367c2a67c3ed66c06242c85e8d0"}	{"name": "UNKNOWN", "asset": "", "symbol": "UNKNOWN", "decimals": 18, "assetName": "UNKNOWN", "vaultShare": "", "assetSymbol": "UNKNOWN", "assetDecimals": 18, "vaultShareName": "UNKNOWN", "vaultShareSymbol": "UNKNOWN", "vaultShareDecimals": 18}
{"blockNumber":22945845,"chainId":1,"wrapperAddress":"0x763fdaa1e176f0aa1c35c16a721f9582586061af"}	{"name": "UNKNOWN", "asset": "", "symbol": "UNKNOWN", "decimals": 18, "assetName": "UNKNOWN", "vaultShare": "", "assetSymbol": "UNKNOWN", "assetDecimals": 18, "vaultShareName": "UNKNOWN", "vaultShareSymbol": "UNKNOWN", "vaultShareDecimals": 18}
{"blockNumber":22946047,"chainId":1,"wrapperAddress":"0x96c528f3cd11863f73ab5aec97d7120191e6c1da"}	{"name": "UNKNOWN", "asset": "", "symbol": "UNKNOWN", "decimals": 18, "assetName": "UNKNOWN", "vaultShare": "", "assetSymbol": "UNKNOWN", "assetDecimals": 18, "vaultShareName": "UNKNOWN", "vaultShareSymbol": "UNKNOWN", "vaultShareDecimals": 18}
{"blockNumber":22946158,"chainId":1,"wrapperAddress":"0x4e79d9d273196290bff08d9769952d33226635c2"}	{"name": "UNKNOWN", "asset": "", "symbol": "UNKNOWN", "decimals": 18, "assetName": "UNKNOWN", "vaultShare": "", "assetSymbol": "UNKNOWN", "assetDecimals": 18, "vaultShareName": "UNKNOWN", "vaultShareSymbol": "UNKNOWN", "vaultShareDecimals": 18}
{"blockNumber":22946318,"chainId":1,"wrapperAddress":"0x7c35f193c126cd0b4d39509a46dd54c4cdcbc67e"}	{"name": "UNKNOWN", "asset": "", "symbol": "UNKNOWN", "decimals": 18, "assetName": "UNKNOWN", "vaultShare": "", "assetSymbol": "UNKNOWN", "assetDecimals": 18, "vaultShareName": "UNKNOWN", "vaultShareSymbol": "UNKNOWN", "vaultShareDecimals": 18}
{"blockNumber":22969270,"chainId":1,"wrapperAddress":"0x3258b1379370ae291ba9042a3bf5eff40a35083e"}	{"name": "UNKNOWN", "asset": "", "symbol": "UNKNOWN", "decimals": 18, "assetName": "UNKNOWN", "vaultShare": "", "assetSymbol": "UNKNOWN", "assetDecimals": 18, "vaultShareName": "UNKNOWN", "vaultShareSymbol": "UNKNOWN", "vaultShareDecimals": 18}
{"blockNumber":22969331,"chainId":1,"wrapperAddress":"0xb13dd9c6d03157a249b952c77e4d623d7221f8c1"}	{"name": "UNKNOWN", "asset": "", "symbol": "UNKNOWN", "decimals": 18, "assetName": "UNKNOWN", "vaultShare": "", "assetSymbol": "UNKNOWN", "assetDecimals": 18, "vaultShareName": "UNKNOWN", "vaultShareSymbol": "UNKNOWN", "vaultShareDecimals": 18}
{"blockNumber":22969394,"chainId":1,"wrapperAddress":"0x2f51b9f4d2a28467b0c4a67c74d2521a33a0fb2e"}	{"name": "UNKNOWN", "asset": "", "symbol": "UNKNOWN", "decimals": 18, "assetName": "UNKNOWN", "vaultShare": "", "assetSymbol": "UNKNOWN", "assetDecimals": 18, "vaultShareName": "UNKNOWN", "vaultShareSymbol": "UNKNOWN", "vaultShareDecimals": 18}
{"blockNumber":22969409,"chainId":1,"wrapperAddress":"0x2f9e1436f190645dc676ef5241964196343ebcce"}	{"name": "UNKNOWN", "asset": "", "symbol": "UNKNOWN", "decimals": 18, "assetName": "UNKNOWN", "vaultShare": "", "assetSymbol": "UNKNOWN", "assetDecimals": 18, "vaultShareName": "UNKNOWN", "vaultShareSymbol": "UNKNOWN", "vaultShareDecimals": 18}
{"blockNumber":22859579,"chainId":1,"wrapperAddress":"0x097313a02d7049827ad1433787e15ddddd415762"}	{"name": "UNKNOWN", "asset": "", "symbol": "UNKNOWN", "decimals": 18, "assetName": "UNKNOWN", "vaultShare": "", "assetSymbol": "UNKNOWN", "assetDecimals": 18, "vaultShareName": "UNKNOWN", "vaultShareSymbol": "UNKNOWN", "vaultShareDecimals": 18}
{"blockNumber":22859579,"chainId":1,"wrapperAddress":"0x391133bf47de084376900b8f5e880f7b07907063"}	{"name": "UNKNOWN", "asset": "", "symbol": "UNKNOWN", "decimals": 18, "assetName": "UNKNOWN", "vaultShare": "", "assetSymbol": "UNKNOWN", "assetDecimals": 18, "vaultShareName": "UNKNOWN", "vaultShareSymbol": "UNKNOWN", "vaultShareDecimals": 18}
{"blockNumber":22859579,"chainId":1,"wrapperAddress":"0x6c98862023493eb8be7e62d452dfb5cd4eaff311"}	{"name": "UNKNOWN", "asset": "", "symbol": "UNKNOWN", "decimals": 18, "assetName": "UNKNOWN", "vaultShare": "", "assetSymbol": "UNKNOWN", "assetDecimals": 18, "vaultShareName": "UNKNOWN", "vaultShareSymbol": "UNKNOWN", "vaultShareDecimals": 18}
{"blockNumber":22859579,"chainId":1,"wrapperAddress":"0x08ec8eea1e4f55bf3984ead1c27df8eac850c212"}	{"name": "UNKNOWN", "asset": "", "symbol": "UNKNOWN", "decimals": 18, "assetName": "UNKNOWN", "vaultShare": "", "assetSymbol": "UNKNOWN", "assetDecimals": 18, "vaultShareName": "UNKNOWN", "vaultShareSymbol": "UNKNOWN", "vaultShareDecimals": 18}
{"blockNumber":22859579,"chainId":1,"wrapperAddress":"0x7291ca9153b60890d2eadcfdc210bc8ac226f8fa"}	{"name": "UNKNOWN", "asset": "", "symbol": "UNKNOWN", "decimals": 18, "assetName": "UNKNOWN", "vaultShare": "", "assetSymbol": "UNKNOWN", "assetDecimals": 18, "vaultShareName": "UNKNOWN", "vaultShareSymbol": "UNKNOWN", "vaultShareDecimals": 18}
{"blockNumber":22861366,"chainId":1,"wrapperAddress":"0xc9972458f24557cf35dab5f15d4fa862fbc804de"}	{"name": "UNKNOWN", "asset": "", "symbol": "UNKNOWN", "decimals": 18, "assetName": "UNKNOWN", "vaultShare": "", "assetSymbol": "UNKNOWN", "assetDecimals": 18, "vaultShareName": "UNKNOWN", "vaultShareSymbol": "UNKNOWN", "vaultShareDecimals": 18}
{"blockNumber":22861366,"chainId":1,"wrapperAddress":"0x685cfd42d7fc1bf20abfaf28d08e9d3db7617334"}	{"name": "UNKNOWN", "asset": "", "symbol": "UNKNOWN", "decimals": 18, "assetName": "UNKNOWN", "vaultShare": "", "assetSymbol": "UNKNOWN", "assetDecimals": 18, "vaultShareName": "UNKNOWN", "vaultShareSymbol": "UNKNOWN", "vaultShareDecimals": 18}
{"blockNumber":22861366,"chainId":1,"wrapperAddress":"0x9e5d109a8c3ee36ae011e08c95b5411a0d79cc10"}	{"name": "UNKNOWN", "asset": "", "symbol": "UNKNOWN", "decimals": 18, "assetName": "UNKNOWN", "vaultShare": "", "assetSymbol": "UNKNOWN", "assetDecimals": 18, "vaultShareName": "UNKNOWN", "vaultShareSymbol": "UNKNOWN", "vaultShareDecimals": 18}
{"blockNumber":22861366,"chainId":1,"wrapperAddress":"0xa6638cd007bb4c4bf570b1c4fcfdc396e9272f71"}	{"name": "UNKNOWN", "asset": "", "symbol": "UNKNOWN", "decimals": 18, "assetName": "UNKNOWN", "vaultShare": "", "assetSymbol": "UNKNOWN", "assetDecimals": 18, "vaultShareName": "UNKNOWN", "vaultShareSymbol": "UNKNOWN", "vaultShareDecimals": 18}
{"blockNumber":22861366,"chainId":1,"wrapperAddress":"0x99b1d2598417c1143a7c1f4b2034a35c59daf21d"}	{"name": "UNKNOWN", "asset": "", "symbol": "UNKNOWN", "decimals": 18, "assetName": "UNKNOWN", "vaultShare": "", "assetSymbol": "UNKNOWN", "assetDecimals": 18, "vaultShareName": "UNKNOWN", "vaultShareSymbol": "UNKNOWN", "vaultShareDecimals": 18}
{"blockNumber":22873512,"chainId":1,"wrapperAddress":"0xe790b962dede627c824b851a0ea1ea2c0dc53cd0"}	{"name": "UNKNOWN", "asset": "", "symbol": "UNKNOWN", "decimals": 18, "assetName": "UNKNOWN", "vaultShare": "", "assetSymbol": "UNKNOWN", "assetDecimals": 18, "vaultShareName": "UNKNOWN", "vaultShareSymbol": "UNKNOWN", "vaultShareDecimals": 18}
{"blockNumber":22873558,"chainId":1,"wrapperAddress":"0xd848f115a523fe2a49b02979a7521f3f8529f2e1"}	{"name": "UNKNOWN", "asset": "", "symbol": "UNKNOWN", "decimals": 18, "assetName": "UNKNOWN", "vaultShare": "", "assetSymbol": "UNKNOWN", "assetDecimals": 18, "vaultShareName": "UNKNOWN", "vaultShareSymbol": "UNKNOWN", "vaultShareDecimals": 18}
{"blockNumber":22873575,"chainId":1,"wrapperAddress":"0xfca2267809619f3f75b83eb8c1ac052ab88c06eb"}	{"name": "UNKNOWN", "asset": "", "symbol": "UNKNOWN", "decimals": 18, "assetName": "UNKNOWN", "vaultShare": "", "assetSymbol": "UNKNOWN", "assetDecimals": 18, "vaultShareName": "UNKNOWN", "vaultShareSymbol": "UNKNOWN", "vaultShareDecimals": 18}
{"blockNumber":22873589,"chainId":1,"wrapperAddress":"0xdad438d40e23a36d57f60222d8be90743df0346e"}	{"name": "UNKNOWN", "asset": "", "symbol": "UNKNOWN", "decimals": 18, "assetName": "UNKNOWN", "vaultShare": "", "assetSymbol": "UNKNOWN", "assetDecimals": 18, "vaultShareName": "UNKNOWN", "vaultShareSymbol": "UNKNOWN", "vaultShareDecimals": 18}
{"blockNumber":22873646,"chainId":1,"wrapperAddress":"0x43465caa03ba1e4fbb7663d13aa9030262fad4ff"}	{"name": "UNKNOWN", "asset": "", "symbol": "UNKNOWN", "decimals": 18, "assetName": "UNKNOWN", "vaultShare": "", "assetSymbol": "UNKNOWN", "assetDecimals": 18, "vaultShareName": "UNKNOWN", "vaultShareSymbol": "UNKNOWN", "vaultShareDecimals": 18}
{"blockNumber":22873676,"chainId":1,"wrapperAddress":"0x9065a35fcc425b190ef98a3ea35a18193fee77bf"}	{"name": "UNKNOWN", "asset": "", "symbol": "UNKNOWN", "decimals": 18, "assetName": "UNKNOWN", "vaultShare": "", "assetSymbol": "UNKNOWN", "assetDecimals": 18, "vaultShareName": "UNKNOWN", "vaultShareSymbol": "UNKNOWN", "vaultShareDecimals": 18}
{"blockNumber":22873684,"chainId":1,"wrapperAddress":"0xada1c9121fceaec473b397b4da6379184fc162ce"}	{"name": "UNKNOWN", "asset": "", "symbol": "UNKNOWN", "decimals": 18, "assetName": "UNKNOWN", "vaultShare": "", "assetSymbol": "UNKNOWN", "assetDecimals": 18, "vaultShareName": "UNKNOWN", "vaultShareSymbol": "UNKNOWN", "vaultShareDecimals": 18}
{"blockNumber":22873691,"chainId":1,"wrapperAddress":"0xa7c88bd39cf68310292679b7aa296bb2e93b3f26"}	{"name": "UNKNOWN", "asset": "", "symbol": "UNKNOWN", "decimals": 18, "assetName": "UNKNOWN", "vaultShare": "", "assetSymbol": "UNKNOWN", "assetDecimals": 18, "vaultShareName": "UNKNOWN", "vaultShareSymbol": "UNKNOWN", "vaultShareDecimals": 18}
{"blockNumber":22873738,"chainId":1,"wrapperAddress":"0x9bde7ba9c8a89dc606b9d0129220bbed8eb450c2"}	{"name": "UNKNOWN", "asset": "", "symbol": "UNKNOWN", "decimals": 18, "assetName": "UNKNOWN", "vaultShare": "", "assetSymbol": "UNKNOWN", "assetDecimals": 18, "vaultShareName": "UNKNOWN", "vaultShareSymbol": "UNKNOWN", "vaultShareDecimals": 18}
{"blockNumber":22873775,"chainId":1,"wrapperAddress":"0x6d62e475b60e816d0e858bc122ed68d9f1bca7b4"}	{"name": "UNKNOWN", "asset": "", "symbol": "UNKNOWN", "decimals": 18, "assetName": "UNKNOWN", "vaultShare": "", "assetSymbol": "UNKNOWN", "assetDecimals": 18, "vaultShareName": "UNKNOWN", "vaultShareSymbol": "UNKNOWN", "vaultShareDecimals": 18}
{"blockNumber":22873787,"chainId":1,"wrapperAddress":"0x9ed21f66420f4bbf9ec02d26e8b5743d640fb645"}	{"name": "UNKNOWN", "asset": "", "symbol": "UNKNOWN", "decimals": 18, "assetName": "UNKNOWN", "vaultShare": "", "assetSymbol": "UNKNOWN", "assetDecimals": 18, "vaultShareName": "UNKNOWN", "vaultShareSymbol": "UNKNOWN", "vaultShareDecimals": 18}
{"blockNumber":22873816,"chainId":1,"wrapperAddress":"0x675d73734546b2f668b27659bebfad7582902a18"}	{"name": "UNKNOWN", "asset": "", "symbol": "UNKNOWN", "decimals": 18, "assetName": "UNKNOWN", "vaultShare": "", "assetSymbol": "UNKNOWN", "assetDecimals": 18, "vaultShareName": "UNKNOWN", "vaultShareSymbol": "UNKNOWN", "vaultShareDecimals": 18}
{"blockNumber":22873818,"chainId":1,"wrapperAddress":"0xdd5f6461fe8503b98f0aab53ff390d327515c17f"}	{"name": "UNKNOWN", "asset": "", "symbol": "UNKNOWN", "decimals": 18, "assetName": "UNKNOWN", "vaultShare": "", "assetSymbol": "UNKNOWN", "assetDecimals": 18, "vaultShareName": "UNKNOWN", "vaultShareSymbol": "UNKNOWN", "vaultShareDecimals": 18}
{"blockNumber":22873820,"chainId":1,"wrapperAddress":"0x70072cdbf497ce235d3d55695db6842c8a31d36d"}	{"name": "UNKNOWN", "asset": "", "symbol": "UNKNOWN", "decimals": 18, "assetName": "UNKNOWN", "vaultShare": "", "assetSymbol": "UNKNOWN", "assetDecimals": 18, "vaultShareName": "UNKNOWN", "vaultShareSymbol": "UNKNOWN", "vaultShareDecimals": 18}
{"blockNumber":22873822,"chainId":1,"wrapperAddress":"0x4fb32d9cc9540e002fcf78bfe6ffdcb3aa4008b8"}	{"name": "UNKNOWN", "asset": "", "symbol": "UNKNOWN", "decimals": 18, "assetName": "UNKNOWN", "vaultShare": "", "assetSymbol": "UNKNOWN", "assetDecimals": 18, "vaultShareName": "UNKNOWN", "vaultShareSymbol": "UNKNOWN", "vaultShareDecimals": 18}
{"blockNumber":22873824,"chainId":1,"wrapperAddress":"0x061a5839b9057e5ed675c6982fdfab31a3011d95"}	{"name": "UNKNOWN", "asset": "", "symbol": "UNKNOWN", "decimals": 18, "assetName": "UNKNOWN", "vaultShare": "", "assetSymbol": "UNKNOWN", "assetDecimals": 18, "vaultShareName": "UNKNOWN", "vaultShareSymbol": "UNKNOWN", "vaultShareDecimals": 18}
{"blockNumber":22873826,"chainId":1,"wrapperAddress":"0xb16eb11db006230d13fc0d9679e50a5a4d389809"}	{"name": "ZeUSD", "asset": "", "symbol": "ZEUSD", "decimals": 18, "assetName": "UNKNOWN", "vaultShare": "", "assetSymbol": "UNKNOWN", "assetDecimals": 18, "vaultShareName": "UNKNOWN", "vaultShareSymbol": "UNKNOWN", "vaultShareDecimals": 18}
{"blockNumber":22873828,"chainId":1,"wrapperAddress":"0x400b1894b0b68d359622f79e961915b36e454803"}	{"name": "ZeUSD CDP", "asset": "", "symbol": "ZECDP", "decimals": 18, "assetName": "UNKNOWN", "vaultShare": "", "assetSymbol": "UNKNOWN", "assetDecimals": 18, "vaultShareName": "UNKNOWN", "vaultShareSymbol": "UNKNOWN", "vaultShareDecimals": 18}
{"blockNumber":22873830,"chainId":1,"wrapperAddress":"0x255f6bbec8c3310fd78cb679da529da9aa0d25a6"}	{"name": "UNKNOWN", "asset": "", "symbol": "UNKNOWN", "decimals": 18, "assetName": "UNKNOWN", "vaultShare": "", "assetSymbol": "UNKNOWN", "assetDecimals": 18, "vaultShareName": "UNKNOWN", "vaultShareSymbol": "UNKNOWN", "vaultShareDecimals": 18}
{"blockNumber":22846018,"chainId":1,"wrapperAddress":"0xcbe00e807e49df75aa4d4557eba083a34cc149de"}	{"name": "Spectra ERC4626 Wrapper: Staked Stream USD", "asset": "0xA0b86991c6218b36c1d19D4a2e9Eb0cE3606eB48", "symbol": "sw-xUSD", "decimals": 6, "assetName": "USD Coin", "vaultShare": "0xE2Fc85BfB48C4cF147921fBE110cf92Ef9f26F94", "assetSymbol": "USDC", "assetDecimals": 6, "vaultShareName": "Staked Stream USD", "vaultShareSymbol": "xUSD", "vaultShareDecimals": 6}
{"blockNumber":22859499,"chainId":1,"wrapperAddress":"0x813182901410f819f9bbf82b4cb7b4f796281b6b"}	{"name": "Gami slvlUSD Looping", "asset": "0x4737D9b4592B40d51e110b94c9C043c6654067Ae", "symbol": "gamislvlUSD-loop", "decimals": 20, "assetName": "Staked lvlUSD", "vaultShare": "", "assetSymbol": "slvlUSD", "assetDecimals": 18, "vaultShareName": "UNKNOWN", "vaultShareSymbol": "UNKNOWN", "vaultShareDecimals": 18}
{"blockNumber":22859579,"chainId":1,"wrapperAddress":"0x24308f0aad1b6e9f99ada39eb3e0f8477075b8ea"}	{"name": "Gami csUSDL Looping", "asset": "0xbEeFc011e94f43b8B7b455eBaB290C7Ab4E216f1", "symbol": "GamicsUSDL-loop", "decimals": 20, "assetName": "Coinshift USDL", "vaultShare": "", "assetSymbol": "csUSDL", "assetDecimals": 18, "vaultShareName": "UNKNOWN", "vaultShareSymbol": "UNKNOWN", "vaultShareDecimals": 18}
{"blockNumber":22861366,"chainId":1,"wrapperAddress":"0xa3a6d234171f8bdce93ee35b58463942d29226c5"}	{"name": "Gami sUSDf Looping", "asset": "0xc8CF6D7991f15525488b2A83Df53468D682Ba4B0", "symbol": "gamisUSDf-loop", "decimals": 20, "assetName": "Staked Falcon USD", "vaultShare": "", "assetSymbol": "sUSDf", "assetDecimals": 18, "vaultShareName": "UNKNOWN", "vaultShareSymbol": "UNKNOWN", "vaultShareDecimals": 18}
{"blockNumber":22892948,"chainId":1,"wrapperAddress":"0x7bc4a05a0821d7bae4af9628c2dc85a9eb4cc7ce"}	{"name": "UNKNOWN", "asset": "", "symbol": "UNKNOWN", "decimals": 18, "assetName": "UNKNOWN", "vaultShare": "", "assetSymbol": "UNKNOWN", "assetDecimals": 18, "vaultShareName": "UNKNOWN", "vaultShareSymbol": "UNKNOWN", "vaultShareDecimals": 18}
{"blockNumber":22922245,"chainId":1,"wrapperAddress":"0x0ef80f43b8f054e6fbd187bd314ec7211276da15"}	{"name": "UNKNOWN", "asset": "", "symbol": "UNKNOWN", "decimals": 18, "assetName": "UNKNOWN", "vaultShare": "", "assetSymbol": "UNKNOWN", "assetDecimals": 18, "vaultShareName": "UNKNOWN", "vaultShareSymbol": "UNKNOWN", "vaultShareDecimals": 18}
{"blockNumber":22922245,"chainId":1,"wrapperAddress":"0x9f737d95fa07c286f5a2b0f6c0c1051472d10d0c"}	{"name": "UNKNOWN", "asset": "", "symbol": "UNKNOWN", "decimals": 18, "assetName": "UNKNOWN", "vaultShare": "", "assetSymbol": "UNKNOWN", "assetDecimals": 18, "vaultShareName": "UNKNOWN", "vaultShareSymbol": "UNKNOWN", "vaultShareDecimals": 18}
{"blockNumber":22922245,"chainId":1,"wrapperAddress":"0x517ae88e4ea77c8a2a74d3b11794099f41e068a0"}	{"name": "UNKNOWN", "asset": "", "symbol": "UNKNOWN", "decimals": 18, "assetName": "UNKNOWN", "vaultShare": "", "assetSymbol": "UNKNOWN", "assetDecimals": 18, "vaultShareName": "UNKNOWN", "vaultShareSymbol": "UNKNOWN", "vaultShareDecimals": 18}
{"blockNumber":22922245,"chainId":1,"wrapperAddress":"0x57f79b9db891631a66250232961fe19694a982f8"}	{"name": "UNKNOWN", "asset": "", "symbol": "UNKNOWN", "decimals": 18, "assetName": "UNKNOWN", "vaultShare": "", "assetSymbol": "UNKNOWN", "assetDecimals": 18, "vaultShareName": "UNKNOWN", "vaultShareSymbol": "UNKNOWN", "vaultShareDecimals": 18}
{"blockNumber":22922245,"chainId":1,"wrapperAddress":"0x521350bcc08bafb322a6dab3e70b60a6b7398277"}	{"name": "UNKNOWN", "asset": "", "symbol": "UNKNOWN", "decimals": 18, "assetName": "UNKNOWN", "vaultShare": "", "assetSymbol": "UNKNOWN", "assetDecimals": 18, "vaultShareName": "UNKNOWN", "vaultShareSymbol": "UNKNOWN", "vaultShareDecimals": 18}
{"blockNumber":22922245,"chainId":1,"wrapperAddress":"0x588480b918e13ab6f72bada02b231d89cc94154c"}	{"name": "TAU InfiniFi Pointsmax", "asset": "0xA0b86991c6218b36c1d19D4a2e9Eb0cE3606eB48", "symbol": "$TAUSIUSD", "decimals": 8, "assetName": "USD Coin", "vaultShare": "", "assetSymbol": "USDC", "assetDecimals": 6, "vaultShareName": "UNKNOWN", "vaultShareSymbol": "UNKNOWN", "vaultShareDecimals": 18}
{"blockNumber":22988305,"chainId":1,"wrapperAddress":"0x363b65c005154498dfc07e9dcf3a76ffc172eee6"}	{"name": "UNKNOWN", "asset": "", "symbol": "UNKNOWN", "decimals": 18, "assetName": "UNKNOWN", "vaultShare": "", "assetSymbol": "UNKNOWN", "assetDecimals": 18, "vaultShareName": "UNKNOWN", "vaultShareSymbol": "UNKNOWN", "vaultShareDecimals": 18}
{"blockNumber":22988305,"chainId":1,"wrapperAddress":"0x27b36d57a17e0354b4d3cce1b1f589e1d03349a5"}	{"name": "UNKNOWN", "asset": "", "symbol": "UNKNOWN", "decimals": 18, "assetName": "UNKNOWN", "vaultShare": "", "assetSymbol": "UNKNOWN", "assetDecimals": 18, "vaultShareName": "UNKNOWN", "vaultShareSymbol": "UNKNOWN", "vaultShareDecimals": 18}
{"blockNumber":22988305,"chainId":1,"wrapperAddress":"0xcdf30680aaee397233f2379411d8ad4ea4278352"}	{"name": "UNKNOWN", "asset": "", "symbol": "UNKNOWN", "decimals": 18, "assetName": "UNKNOWN", "vaultShare": "", "assetSymbol": "UNKNOWN", "assetDecimals": 18, "vaultShareName": "UNKNOWN", "vaultShareSymbol": "UNKNOWN", "vaultShareDecimals": 18}
{"blockNumber":22988305,"chainId":1,"wrapperAddress":"0x4e4bfad271cf2e0157712264b9c150898624550b"}	{"name": "UNKNOWN", "asset": "", "symbol": "UNKNOWN", "decimals": 18, "assetName": "UNKNOWN", "vaultShare": "", "assetSymbol": "UNKNOWN", "assetDecimals": 18, "vaultShareName": "UNKNOWN", "vaultShareSymbol": "UNKNOWN", "vaultShareDecimals": 18}
{"blockNumber":22988305,"chainId":1,"wrapperAddress":"0x3a52afd1c05fa60a5acbb4a1710b65f0a4849b66"}	{"name": "UNKNOWN", "asset": "", "symbol": "UNKNOWN", "decimals": 18, "assetName": "UNKNOWN", "vaultShare": "", "assetSymbol": "UNKNOWN", "assetDecimals": 18, "vaultShareName": "UNKNOWN", "vaultShareSymbol": "UNKNOWN", "vaultShareDecimals": 18}
{"blockNumber":22997151,"chainId":1,"wrapperAddress":"0x052366271ae48fc16d6524fed9ec190e2218e164"}	{"name": "UNKNOWN", "asset": "", "symbol": "UNKNOWN", "decimals": 18, "assetName": "UNKNOWN", "vaultShare": "", "assetSymbol": "UNKNOWN", "assetDecimals": 18, "vaultShareName": "UNKNOWN", "vaultShareSymbol": "UNKNOWN", "vaultShareDecimals": 18}
{"blockNumber":22988305,"chainId":1,"wrapperAddress":"0xd190c2235a1e0353d30f5189ac927249ad50b8c4"}	{"name": "IPOR Testflight", "asset": "0xA0b86991c6218b36c1d19D4a2e9Eb0cE3606eB48", "symbol": "IPORTF", "decimals": 8, "assetName": "USD Coin", "vaultShare": "", "assetSymbol": "USDC", "assetDecimals": 6, "vaultShareName": "UNKNOWN", "vaultShareSymbol": "UNKNOWN", "vaultShareDecimals": 18}
{"blockNumber":23018764,"chainId":1,"wrapperAddress":"0x4d3a449e3a14addcd8ff49ff3e5e6c80760fb68c"}	{"name": "UNKNOWN", "asset": "", "symbol": "UNKNOWN", "decimals": 18, "assetName": "UNKNOWN", "vaultShare": "", "assetSymbol": "UNKNOWN", "assetDecimals": 18, "vaultShareName": "UNKNOWN", "vaultShareSymbol": "UNKNOWN", "vaultShareDecimals": 18}
{"blockNumber":23019545,"chainId":1,"wrapperAddress":"0x2bb5cafee239687ec1cd0644bb7fd6f4563a4391"}	{"name": "UNKNOWN", "asset": "", "symbol": "UNKNOWN", "decimals": 18, "assetName": "UNKNOWN", "vaultShare": "", "assetSymbol": "UNKNOWN", "assetDecimals": 18, "vaultShareName": "UNKNOWN", "vaultShareSymbol": "UNKNOWN", "vaultShareDecimals": 18}
{"blockNumber":23023993,"chainId":1,"wrapperAddress":"0x9b932332fc7a2107c3b03dec2cf73d83ae10801f"}	{"name": "HKDCStablecoin", "asset": "", "symbol": "HKDC", "decimals": 18, "assetName": "UNKNOWN", "vaultShare": "", "assetSymbol": "UNKNOWN", "assetDecimals": 18, "vaultShareName": "UNKNOWN", "vaultShareSymbol": "UNKNOWN", "vaultShareDecimals": 18}
{"blockNumber":23030652,"chainId":1,"wrapperAddress":"0x95880f06b4200c7e7f7d1ede68192b2afcde9256"}	{"name": "UNKNOWN", "asset": "", "symbol": "UNKNOWN", "decimals": 18, "assetName": "UNKNOWN", "vaultShare": "", "assetSymbol": "UNKNOWN", "assetDecimals": 18, "vaultShareName": "UNKNOWN", "vaultShareSymbol": "UNKNOWN", "vaultShareDecimals": 18}
{"blockNumber":23030652,"chainId":1,"wrapperAddress":"0x394a737fa4a670c978f809c55116300b8c83e50b"}	{"name": "UNKNOWN", "asset": "", "symbol": "UNKNOWN", "decimals": 18, "assetName": "UNKNOWN", "vaultShare": "", "assetSymbol": "UNKNOWN", "assetDecimals": 18, "vaultShareName": "UNKNOWN", "vaultShareSymbol": "UNKNOWN", "vaultShareDecimals": 18}
{"blockNumber":23030652,"chainId":1,"wrapperAddress":"0xaad5bdd6b7bd89f8e755fe738c228b268787ae30"}	{"name": "UNKNOWN", "asset": "", "symbol": "UNKNOWN", "decimals": 18, "assetName": "UNKNOWN", "vaultShare": "", "assetSymbol": "UNKNOWN", "assetDecimals": 18, "vaultShareName": "UNKNOWN", "vaultShareSymbol": "UNKNOWN", "vaultShareDecimals": 18}
{"blockNumber":23030652,"chainId":1,"wrapperAddress":"0xfade3fca35e2442e5fcaaf0931c8ff0a6d2fd142"}	{"name": "UNKNOWN", "asset": "", "symbol": "UNKNOWN", "decimals": 18, "assetName": "UNKNOWN", "vaultShare": "", "assetSymbol": "UNKNOWN", "assetDecimals": 18, "vaultShareName": "UNKNOWN", "vaultShareSymbol": "UNKNOWN", "vaultShareDecimals": 18}
{"blockNumber":23030652,"chainId":1,"wrapperAddress":"0xdf6e7ddd9aebe89aefca8d172e9ef25042741420"}	{"name": "UNKNOWN", "asset": "", "symbol": "UNKNOWN", "decimals": 18, "assetName": "UNKNOWN", "vaultShare": "", "assetSymbol": "UNKNOWN", "assetDecimals": 18, "vaultShareName": "UNKNOWN", "vaultShareSymbol": "UNKNOWN", "vaultShareDecimals": 18}
{"blockNumber":23032617,"chainId":1,"wrapperAddress":"0x433bcbc250b6bb9a9abfa639b75e6796a74d464c"}	{"name": "UNKNOWN", "asset": "", "symbol": "UNKNOWN", "decimals": 18, "assetName": "UNKNOWN", "vaultShare": "", "assetSymbol": "UNKNOWN", "assetDecimals": 18, "vaultShareName": "UNKNOWN", "vaultShareSymbol": "UNKNOWN", "vaultShareDecimals": 18}
{"blockNumber":23032811,"chainId":1,"wrapperAddress":"0x2a550913da9fecc3caddcd12abfd16f829b26b5c"}	{"name": "UNKNOWN", "asset": "", "symbol": "UNKNOWN", "decimals": 18, "assetName": "UNKNOWN", "vaultShare": "", "assetSymbol": "UNKNOWN", "assetDecimals": 18, "vaultShareName": "UNKNOWN", "vaultShareSymbol": "UNKNOWN", "vaultShareDecimals": 18}
{"blockNumber":23034283,"chainId":1,"wrapperAddress":"0xd42169e7ef4abdb5a3ca58a17843ba53f4fdf2c0"}	{"name": "UNKNOWN", "asset": "", "symbol": "UNKNOWN", "decimals": 18, "assetName": "UNKNOWN", "vaultShare": "", "assetSymbol": "UNKNOWN", "assetDecimals": 18, "vaultShareName": "UNKNOWN", "vaultShareSymbol": "UNKNOWN", "vaultShareDecimals": 18}
{"blockNumber":23030652,"chainId":1,"wrapperAddress":"0xd731f94c778f7c1090e2e0d797150a647de5188a"}	{"name": "Strata-Money PTs looping Ethereum ", "asset": "0x4c9EDD5852cd905f086C759E8383e09bff1E68B3", "symbol": "Strata", "decimals": 20, "assetName": "USDe", "vaultShare": "", "assetSymbol": "USDe", "assetDecimals": 18, "vaultShareName": "UNKNOWN", "vaultShareSymbol": "UNKNOWN", "vaultShareDecimals": 18}
{"blockNumber":23054912,"chainId":1,"wrapperAddress":"0xfc01bc5195eb155931246bccbc6e922ff81625d2"}	{"name": "UNKNOWN", "asset": "", "symbol": "UNKNOWN", "decimals": 18, "assetName": "UNKNOWN", "vaultShare": "", "assetSymbol": "UNKNOWN", "assetDecimals": 18, "vaultShareName": "UNKNOWN", "vaultShareSymbol": "UNKNOWN", "vaultShareDecimals": 18}
{"blockNumber":23062418,"chainId":1,"wrapperAddress":"0xdce948a814bf6eed24c65476711d228b4dfdbd4a"}	{"name": "UNKNOWN", "asset": "", "symbol": "UNKNOWN", "decimals": 18, "assetName": "UNKNOWN", "vaultShare": "", "assetSymbol": "UNKNOWN", "assetDecimals": 18, "vaultShareName": "UNKNOWN", "vaultShareSymbol": "UNKNOWN", "vaultShareDecimals": 18}
{"blockNumber":23062516,"chainId":1,"wrapperAddress":"0xc60d7673db882766c6a74679189e02c0e85cae54"}	{"name": "Turbo Finder", "asset": "", "symbol": "MJTF", "decimals": 18, "assetName": "UNKNOWN", "vaultShare": "", "assetSymbol": "UNKNOWN", "assetDecimals": 18, "vaultShareName": "UNKNOWN", "vaultShareSymbol": "UNKNOWN", "vaultShareDecimals": 18}
{"blockNumber":23062519,"chainId":1,"wrapperAddress":"0xcd2f0cb79b4c93ffdefd1a8f571392e8f9d16486"}	{"name": "Company Lifetime Full Features", "asset": "", "symbol": "MCLFF", "decimals": 18, "assetName": "UNKNOWN", "vaultShare": "", "assetSymbol": "UNKNOWN", "assetDecimals": 18, "vaultShareName": "UNKNOWN", "vaultShareSymbol": "UNKNOWN", "vaultShareDecimals": 18}
{"blockNumber":23062521,"chainId":1,"wrapperAddress":"0x68d44b2b3d5ea53c3acb580bc0c21afda728fc41"}	{"name": "Company Yearly Full Features", "asset": "", "symbol": "MCYFF", "decimals": 18, "assetName": "UNKNOWN", "vaultShare": "", "assetSymbol": "UNKNOWN", "assetDecimals": 18, "vaultShareName": "UNKNOWN", "vaultShareSymbol": "UNKNOWN", "vaultShareDecimals": 18}
{"blockNumber":23062532,"chainId":1,"wrapperAddress":"0xe91acbcfba90a8f3f43ade50d54411ca697b103e"}	{"name": "Post Booster", "asset": "", "symbol": "MCPB", "decimals": 18, "assetName": "UNKNOWN", "vaultShare": "", "assetSymbol": "UNKNOWN", "assetDecimals": 18, "vaultShareName": "UNKNOWN", "vaultShareSymbol": "UNKNOWN", "vaultShareDecimals": 18}
{"blockNumber":23062536,"chainId":1,"wrapperAddress":"0xca90cfa8f48d6acb384c53d94723f52e37397c2b"}	{"name": "Turbo Recruiter", "asset": "", "symbol": "MCTR", "decimals": 18, "assetName": "UNKNOWN", "vaultShare": "", "assetSymbol": "UNKNOWN", "assetDecimals": 18, "vaultShareName": "UNKNOWN", "vaultShareSymbol": "UNKNOWN", "vaultShareDecimals": 18}
{"blockNumber":23070434,"chainId":1,"wrapperAddress":"0x0c9060654f72fead311bc447831f35c8e8cf005a"}	{"name": "UNKNOWN", "asset": "", "symbol": "UNKNOWN", "decimals": 18, "assetName": "UNKNOWN", "vaultShare": "", "assetSymbol": "UNKNOWN", "assetDecimals": 18, "vaultShareName": "UNKNOWN", "vaultShareSymbol": "UNKNOWN", "vaultShareDecimals": 18}
{"blockNumber":23073994,"chainId":1,"wrapperAddress":"0xd611baf9c1af286549b5cc3c911dcbb09d423c87"}	{"name": "UNKNOWN", "asset": "", "symbol": "UNKNOWN", "decimals": 18, "assetName": "UNKNOWN", "vaultShare": "", "assetSymbol": "UNKNOWN", "assetDecimals": 18, "vaultShareName": "UNKNOWN", "vaultShareSymbol": "UNKNOWN", "vaultShareDecimals": 18}
{"blockNumber":23087675,"chainId":1,"wrapperAddress":"0xf0e3da0a9319397df6d2c80467d5fd2549b472f7"}	{"name": "UNKNOWN", "asset": "", "symbol": "UNKNOWN", "decimals": 18, "assetName": "UNKNOWN", "vaultShare": "", "assetSymbol": "UNKNOWN", "assetDecimals": 18, "vaultShareName": "UNKNOWN", "vaultShareSymbol": "UNKNOWN", "vaultShareDecimals": 18}
{"blockNumber":23087675,"chainId":1,"wrapperAddress":"0x8cb59563bbf2dee6d34ac8738b94e532454a7402"}	{"name": "UNKNOWN", "asset": "", "symbol": "UNKNOWN", "decimals": 18, "assetName": "UNKNOWN", "vaultShare": "", "assetSymbol": "UNKNOWN", "assetDecimals": 18, "vaultShareName": "UNKNOWN", "vaultShareSymbol": "UNKNOWN", "vaultShareDecimals": 18}
{"blockNumber":23087675,"chainId":1,"wrapperAddress":"0x1e4492ea1d66e74d2f9a03ead4a513ce222c927a"}	{"name": "UNKNOWN", "asset": "", "symbol": "UNKNOWN", "decimals": 18, "assetName": "UNKNOWN", "vaultShare": "", "assetSymbol": "UNKNOWN", "assetDecimals": 18, "vaultShareName": "UNKNOWN", "vaultShareSymbol": "UNKNOWN", "vaultShareDecimals": 18}
{"blockNumber":23087675,"chainId":1,"wrapperAddress":"0x8c435ad4c91b3b482bac6a907cc6a03851ce4b22"}	{"name": "UNKNOWN", "asset": "", "symbol": "UNKNOWN", "decimals": 18, "assetName": "UNKNOWN", "vaultShare": "", "assetSymbol": "UNKNOWN", "assetDecimals": 18, "vaultShareName": "UNKNOWN", "vaultShareSymbol": "UNKNOWN", "vaultShareDecimals": 18}
{"blockNumber":23087675,"chainId":1,"wrapperAddress":"0xf81a6ed3f5c2b5b863a572d9d8d50f20f61d86a5"}	{"name": "UNKNOWN", "asset": "", "symbol": "UNKNOWN", "decimals": 18, "assetName": "UNKNOWN", "vaultShare": "", "assetSymbol": "UNKNOWN", "assetDecimals": 18, "vaultShareName": "UNKNOWN", "vaultShareSymbol": "UNKNOWN", "vaultShareDecimals": 18}
{"blockNumber":23087675,"chainId":1,"wrapperAddress":"0x11f0f6cbf5cb96bd07793b32933b541ccbd82461"}	{"name": "Syrup looper", "asset": "0xA0b86991c6218b36c1d19D4a2e9Eb0cE3606eB48", "symbol": "syruploop", "decimals": 8, "assetName": "USD Coin", "vaultShare": "", "assetSymbol": "USDC", "assetDecimals": 6, "vaultShareName": "UNKNOWN", "vaultShareSymbol": "UNKNOWN", "vaultShareDecimals": 18}
{"blockNumber":23120189,"chainId":1,"wrapperAddress":"0x029ceff50ae6817de2dfbf9e7b7f795c3dea038a"}	{"name": "UNKNOWN", "asset": "", "symbol": "UNKNOWN", "decimals": 18, "assetName": "UNKNOWN", "vaultShare": "", "assetSymbol": "UNKNOWN", "assetDecimals": 18, "vaultShareName": "UNKNOWN", "vaultShareSymbol": "UNKNOWN", "vaultShareDecimals": 18}
{"blockNumber":23120189,"chainId":1,"wrapperAddress":"0xc73fdf1c54c6dcf7c2ef891b2ba7fbe997c07d45"}	{"name": "UNKNOWN", "asset": "", "symbol": "UNKNOWN", "decimals": 18, "assetName": "UNKNOWN", "vaultShare": "", "assetSymbol": "UNKNOWN", "assetDecimals": 18, "vaultShareName": "UNKNOWN", "vaultShareSymbol": "UNKNOWN", "vaultShareDecimals": 18}
{"blockNumber":23120189,"chainId":1,"wrapperAddress":"0x05b7405fa5aae7c0e965271fe5fb669d90679229"}	{"name": "UNKNOWN", "asset": "", "symbol": "UNKNOWN", "decimals": 18, "assetName": "UNKNOWN", "vaultShare": "", "assetSymbol": "UNKNOWN", "assetDecimals": 18, "vaultShareName": "UNKNOWN", "vaultShareSymbol": "UNKNOWN", "vaultShareDecimals": 18}
{"blockNumber":23120189,"chainId":1,"wrapperAddress":"0xd306f18b659d2813f85b45755d8e5481e95e99dd"}	{"name": "UNKNOWN", "asset": "", "symbol": "UNKNOWN", "decimals": 18, "assetName": "UNKNOWN", "vaultShare": "", "assetSymbol": "UNKNOWN", "assetDecimals": 18, "vaultShareName": "UNKNOWN", "vaultShareSymbol": "UNKNOWN", "vaultShareDecimals": 18}
{"blockNumber":23120189,"chainId":1,"wrapperAddress":"0x8669422c3ff0a36ccf9dbb64263ad1e4788b336e"}	{"name": "UNKNOWN", "asset": "", "symbol": "UNKNOWN", "decimals": 18, "assetName": "UNKNOWN", "vaultShare": "", "assetSymbol": "UNKNOWN", "assetDecimals": 18, "vaultShareName": "UNKNOWN", "vaultShareSymbol": "UNKNOWN", "vaultShareDecimals": 18}
{"blockNumber":23127153,"chainId":1,"wrapperAddress":"0x948a3c5926e60b605c3d5585fa105bfb53bc67c5"}	{"name": "UNKNOWN", "asset": "", "symbol": "UNKNOWN", "decimals": 18, "assetName": "UNKNOWN", "vaultShare": "", "assetSymbol": "UNKNOWN", "assetDecimals": 18, "vaultShareName": "UNKNOWN", "vaultShareSymbol": "UNKNOWN", "vaultShareDecimals": 18}
{"blockNumber":23138610,"chainId":1,"wrapperAddress":"0xfd02be6ad8c17986a28624b9121a8a1c778c420c"}	{"name": "UNKNOWN", "asset": "", "symbol": "UNKNOWN", "decimals": 18, "assetName": "UNKNOWN", "vaultShare": "", "assetSymbol": "UNKNOWN", "assetDecimals": 18, "vaultShareName": "UNKNOWN", "vaultShareSymbol": "UNKNOWN", "vaultShareDecimals": 18}
{"blockNumber":23138610,"chainId":1,"wrapperAddress":"0x32f1dbfa269c49890e9b8229b2e03b91c61a54a9"}	{"name": "UNKNOWN", "asset": "", "symbol": "UNKNOWN", "decimals": 18, "assetName": "UNKNOWN", "vaultShare": "", "assetSymbol": "UNKNOWN", "assetDecimals": 18, "vaultShareName": "UNKNOWN", "vaultShareSymbol": "UNKNOWN", "vaultShareDecimals": 18}
{"blockNumber":23138610,"chainId":1,"wrapperAddress":"0xb02cc271ee4c09122351a93d96356e14117047e4"}	{"name": "UNKNOWN", "asset": "", "symbol": "UNKNOWN", "decimals": 18, "assetName": "UNKNOWN", "vaultShare": "", "assetSymbol": "UNKNOWN", "assetDecimals": 18, "vaultShareName": "UNKNOWN", "vaultShareSymbol": "UNKNOWN", "vaultShareDecimals": 18}
{"blockNumber":23138610,"chainId":1,"wrapperAddress":"0x19a26bca1f10924586a004abec4e36eacb9ad556"}	{"name": "UNKNOWN", "asset": "", "symbol": "UNKNOWN", "decimals": 18, "assetName": "UNKNOWN", "vaultShare": "", "assetSymbol": "UNKNOWN", "assetDecimals": 18, "vaultShareName": "UNKNOWN", "vaultShareSymbol": "UNKNOWN", "vaultShareDecimals": 18}
{"blockNumber":23138610,"chainId":1,"wrapperAddress":"0x2e94e5ed45bb7780f219bd71017e1f8e94d99a5d"}	{"name": "UNKNOWN", "asset": "", "symbol": "UNKNOWN", "decimals": 18, "assetName": "UNKNOWN", "vaultShare": "", "assetSymbol": "UNKNOWN", "assetDecimals": 18, "vaultShareName": "UNKNOWN", "vaultShareSymbol": "UNKNOWN", "vaultShareDecimals": 18}
{"blockNumber":23139438,"chainId":1,"wrapperAddress":"0xba5ed44733953d79717f6269357c77718c8ba5ed"}	{"name": "Union", "asset": "", "symbol": "U", "decimals": 18, "assetName": "UNKNOWN", "vaultShare": "", "assetSymbol": "UNKNOWN", "assetDecimals": 18, "vaultShareName": "UNKNOWN", "vaultShareSymbol": "UNKNOWN", "vaultShareDecimals": 18}
{"blockNumber":23143677,"chainId":1,"wrapperAddress":"0xe3aa27d0316930ed5b023f03ba629659b61e9ba2"}	{"name": "UNKNOWN", "asset": "", "symbol": "UNKNOWN", "decimals": 18, "assetName": "UNKNOWN", "vaultShare": "", "assetSymbol": "UNKNOWN", "assetDecimals": 18, "vaultShareName": "UNKNOWN", "vaultShareSymbol": "UNKNOWN", "vaultShareDecimals": 18}
{"blockNumber":23143698,"chainId":1,"wrapperAddress":"0xe7c75a3404547f5c049587df9898c2382c125090"}	{"name": "UNKNOWN", "asset": "", "symbol": "UNKNOWN", "decimals": 18, "assetName": "UNKNOWN", "vaultShare": "", "assetSymbol": "UNKNOWN", "assetDecimals": 18, "vaultShareName": "UNKNOWN", "vaultShareSymbol": "UNKNOWN", "vaultShareDecimals": 18}
{"blockNumber":23120189,"chainId":1,"wrapperAddress":"0xb0f56bb0bf13ee05fef8cd2d8df5ffdfcac7a74f"}	{"name": "TAU InfiniFi Pointsmax", "asset": "0xA0b86991c6218b36c1d19D4a2e9Eb0cE3606eB48", "symbol": "$TAUSIUSD", "decimals": 8, "assetName": "USD Coin", "vaultShare": "", "assetSymbol": "USDC", "assetDecimals": 6, "vaultShareName": "UNKNOWN", "vaultShareSymbol": "UNKNOWN", "vaultShareDecimals": 18}
{"blockNumber":23138610,"chainId":1,"wrapperAddress":"0xb55794f8aa23be1e8ba90a817ee285cff347017d"}	{"name": "AlphaPK", "asset": "0xA0b86991c6218b36c1d19D4a2e9Eb0cE3606eB48", "symbol": "alphaPK", "decimals": 8, "assetName": "USD Coin", "vaultShare": "", "assetSymbol": "USDC", "assetDecimals": 6, "vaultShareName": "UNKNOWN", "vaultShareSymbol": "UNKNOWN", "vaultShareDecimals": 18}
{"blockNumber":23175176,"chainId":1,"wrapperAddress":"0x9ce7de5cbbea646e1c7884162cb33224710b6e66"}	{"name": "UNKNOWN", "asset": "", "symbol": "UNKNOWN", "decimals": 18, "assetName": "UNKNOWN", "vaultShare": "", "assetSymbol": "UNKNOWN", "assetDecimals": 18, "vaultShareName": "UNKNOWN", "vaultShareSymbol": "UNKNOWN", "vaultShareDecimals": 18}
{"blockNumber":23175844,"chainId":1,"wrapperAddress":"0xa444660255b63b2bc4ff07f4b762298a2d0fb40d"}	{"name": "UNKNOWN", "asset": "", "symbol": "UNKNOWN", "decimals": 18, "assetName": "UNKNOWN", "vaultShare": "", "assetSymbol": "UNKNOWN", "assetDecimals": 18, "vaultShareName": "UNKNOWN", "vaultShareSymbol": "UNKNOWN", "vaultShareDecimals": 18}
{"blockNumber":23175844,"chainId":1,"wrapperAddress":"0x125331adc787a517e6570d9ebdc8309929e5c715"}	{"name": "UNKNOWN", "asset": "", "symbol": "UNKNOWN", "decimals": 18, "assetName": "UNKNOWN", "vaultShare": "", "assetSymbol": "UNKNOWN", "assetDecimals": 18, "vaultShareName": "UNKNOWN", "vaultShareSymbol": "UNKNOWN", "vaultShareDecimals": 18}
{"blockNumber":23175844,"chainId":1,"wrapperAddress":"0x4f2abaf2106fc575b817207df7f19eb16a9cbe2e"}	{"name": "UNKNOWN", "asset": "", "symbol": "UNKNOWN", "decimals": 18, "assetName": "UNKNOWN", "vaultShare": "", "assetSymbol": "UNKNOWN", "assetDecimals": 18, "vaultShareName": "UNKNOWN", "vaultShareSymbol": "UNKNOWN", "vaultShareDecimals": 18}
{"blockNumber":23175844,"chainId":1,"wrapperAddress":"0xa180b9afd049a5e07d52f25abbde6d6109225bf4"}	{"name": "UNKNOWN", "asset": "", "symbol": "UNKNOWN", "decimals": 18, "assetName": "UNKNOWN", "vaultShare": "", "assetSymbol": "UNKNOWN", "assetDecimals": 18, "vaultShareName": "UNKNOWN", "vaultShareSymbol": "UNKNOWN", "vaultShareDecimals": 18}
{"blockNumber":23175844,"chainId":1,"wrapperAddress":"0xa375d12f55fee68df015e8731a54e86fd0f10b50"}	{"name": "UNKNOWN", "asset": "", "symbol": "UNKNOWN", "decimals": 18, "assetName": "UNKNOWN", "vaultShare": "", "assetSymbol": "UNKNOWN", "assetDecimals": 18, "vaultShareName": "UNKNOWN", "vaultShareSymbol": "UNKNOWN", "vaultShareDecimals": 18}
{"blockNumber":23175891,"chainId":1,"wrapperAddress":"0xded44a0513e1bdcd377b6a5f02d5703131dd011f"}	{"name": "UNKNOWN", "asset": "", "symbol": "UNKNOWN", "decimals": 18, "assetName": "UNKNOWN", "vaultShare": "", "assetSymbol": "UNKNOWN", "assetDecimals": 18, "vaultShareName": "UNKNOWN", "vaultShareSymbol": "UNKNOWN", "vaultShareDecimals": 18}
{"blockNumber":23175891,"chainId":1,"wrapperAddress":"0x3ada9931884e8ffea6765562dbba220372238ead"}	{"name": "UNKNOWN", "asset": "", "symbol": "UNKNOWN", "decimals": 18, "assetName": "UNKNOWN", "vaultShare": "", "assetSymbol": "UNKNOWN", "assetDecimals": 18, "vaultShareName": "UNKNOWN", "vaultShareSymbol": "UNKNOWN", "vaultShareDecimals": 18}
{"blockNumber":23175891,"chainId":1,"wrapperAddress":"0xb6c54baa2fde5f8504a8fd6e79fc0ae886c32332"}	{"name": "UNKNOWN", "asset": "", "symbol": "UNKNOWN", "decimals": 18, "assetName": "UNKNOWN", "vaultShare": "", "assetSymbol": "UNKNOWN", "assetDecimals": 18, "vaultShareName": "UNKNOWN", "vaultShareSymbol": "UNKNOWN", "vaultShareDecimals": 18}
{"blockNumber":23175891,"chainId":1,"wrapperAddress":"0xfe1df2706cea0e0e91cc20aa255969bdf5d11506"}	{"name": "UNKNOWN", "asset": "", "symbol": "UNKNOWN", "decimals": 18, "assetName": "UNKNOWN", "vaultShare": "", "assetSymbol": "UNKNOWN", "assetDecimals": 18, "vaultShareName": "UNKNOWN", "vaultShareSymbol": "UNKNOWN", "vaultShareDecimals": 18}
{"blockNumber":23175891,"chainId":1,"wrapperAddress":"0x1de300ac5699bf693a2ae099887f9c10e1eed70d"}	{"name": "UNKNOWN", "asset": "", "symbol": "UNKNOWN", "decimals": 18, "assetName": "UNKNOWN", "vaultShare": "", "assetSymbol": "UNKNOWN", "assetDecimals": 18, "vaultShareName": "UNKNOWN", "vaultShareSymbol": "UNKNOWN", "vaultShareDecimals": 18}
{"blockNumber":23188212,"chainId":1,"wrapperAddress":"0x6f06eaad11fd063901e05b50db0b3a37f68ce1e8"}	{"name": "UNKNOWN", "asset": "", "symbol": "UNKNOWN", "decimals": 18, "assetName": "UNKNOWN", "vaultShare": "", "assetSymbol": "UNKNOWN", "assetDecimals": 18, "vaultShareName": "UNKNOWN", "vaultShareSymbol": "UNKNOWN", "vaultShareDecimals": 18}
{"blockNumber":23188212,"chainId":1,"wrapperAddress":"0xd29a52a8bc354154b6c124e7a1cbc608fc86d989"}	{"name": "UNKNOWN", "asset": "", "symbol": "UNKNOWN", "decimals": 18, "assetName": "UNKNOWN", "vaultShare": "", "assetSymbol": "UNKNOWN", "assetDecimals": 18, "vaultShareName": "UNKNOWN", "vaultShareSymbol": "UNKNOWN", "vaultShareDecimals": 18}
{"blockNumber":23188212,"chainId":1,"wrapperAddress":"0xe6e296d0b30eb3dabc87734834e077f60eaaf403"}	{"name": "UNKNOWN", "asset": "", "symbol": "UNKNOWN", "decimals": 18, "assetName": "UNKNOWN", "vaultShare": "", "assetSymbol": "UNKNOWN", "assetDecimals": 18, "vaultShareName": "UNKNOWN", "vaultShareSymbol": "UNKNOWN", "vaultShareDecimals": 18}
{"blockNumber":23188212,"chainId":1,"wrapperAddress":"0x3dfa1334b13c0f0ed3defd9d98d3f757ed584383"}	{"name": "UNKNOWN", "asset": "", "symbol": "UNKNOWN", "decimals": 18, "assetName": "UNKNOWN", "vaultShare": "", "assetSymbol": "UNKNOWN", "assetDecimals": 18, "vaultShareName": "UNKNOWN", "vaultShareSymbol": "UNKNOWN", "vaultShareDecimals": 18}
{"blockNumber":23188212,"chainId":1,"wrapperAddress":"0x3d9d3577982beb19ee5d4e7da921777b918e7a71"}	{"name": "UNKNOWN", "asset": "", "symbol": "UNKNOWN", "decimals": 18, "assetName": "UNKNOWN", "vaultShare": "", "assetSymbol": "UNKNOWN", "assetDecimals": 18, "vaultShareName": "UNKNOWN", "vaultShareSymbol": "UNKNOWN", "vaultShareDecimals": 18}
{"blockNumber":23189764,"chainId":1,"wrapperAddress":"0x2089c1d2ed350568420d2cdd09cfa9234b57bf4a"}	{"name": "UNKNOWN", "asset": "", "symbol": "UNKNOWN", "decimals": 18, "assetName": "UNKNOWN", "vaultShare": "", "assetSymbol": "UNKNOWN", "assetDecimals": 18, "vaultShareName": "UNKNOWN", "vaultShareSymbol": "UNKNOWN", "vaultShareDecimals": 18}
{"blockNumber":23189764,"chainId":1,"wrapperAddress":"0x5630297f3a456bc1c5dc662c8ee788d5a5e3f49e"}	{"name": "UNKNOWN", "asset": "", "symbol": "UNKNOWN", "decimals": 18, "assetName": "UNKNOWN", "vaultShare": "", "assetSymbol": "UNKNOWN", "assetDecimals": 18, "vaultShareName": "UNKNOWN", "vaultShareSymbol": "UNKNOWN", "vaultShareDecimals": 18}
{"blockNumber":23189764,"chainId":1,"wrapperAddress":"0x8ae394286e569719897bf815e3724825c2552e30"}	{"name": "UNKNOWN", "asset": "", "symbol": "UNKNOWN", "decimals": 18, "assetName": "UNKNOWN", "vaultShare": "", "assetSymbol": "UNKNOWN", "assetDecimals": 18, "vaultShareName": "UNKNOWN", "vaultShareSymbol": "UNKNOWN", "vaultShareDecimals": 18}
{"blockNumber":23189764,"chainId":1,"wrapperAddress":"0x1930c538c9f12a3f8857936fe50cb83e6699d082"}	{"name": "UNKNOWN", "asset": "", "symbol": "UNKNOWN", "decimals": 18, "assetName": "UNKNOWN", "vaultShare": "", "assetSymbol": "UNKNOWN", "assetDecimals": 18, "vaultShareName": "UNKNOWN", "vaultShareSymbol": "UNKNOWN", "vaultShareDecimals": 18}
{"blockNumber":23189764,"chainId":1,"wrapperAddress":"0xc2f1c029cc7b047ba7a1f8cc270879ebd8c62102"}	{"name": "UNKNOWN", "asset": "", "symbol": "UNKNOWN", "decimals": 18, "assetName": "UNKNOWN", "vaultShare": "", "assetSymbol": "UNKNOWN", "assetDecimals": 18, "vaultShareName": "UNKNOWN", "vaultShareSymbol": "UNKNOWN", "vaultShareDecimals": 18}
{"blockNumber":23213497,"chainId":1,"wrapperAddress":"0x21ef1455dd46d6e7ca909edf4fa86423fb64e1ad"}	{"name": "UNKNOWN", "asset": "", "symbol": "UNKNOWN", "decimals": 18, "assetName": "UNKNOWN", "vaultShare": "", "assetSymbol": "UNKNOWN", "assetDecimals": 18, "vaultShareName": "UNKNOWN", "vaultShareSymbol": "UNKNOWN", "vaultShareDecimals": 18}
{"blockNumber":23214987,"chainId":1,"wrapperAddress":"0x3015b7aa96894d5e27fe8b47c91e9207a11f5749"}	{"name": "UNKNOWN", "asset": "", "symbol": "UNKNOWN", "decimals": 18, "assetName": "UNKNOWN", "vaultShare": "", "assetSymbol": "UNKNOWN", "assetDecimals": 18, "vaultShareName": "UNKNOWN", "vaultShareSymbol": "UNKNOWN", "vaultShareDecimals": 18}
{"blockNumber":23215221,"chainId":1,"wrapperAddress":"0xf90992e0952793b345061697bf08da8f9dc512ac"}	{"name": "UNKNOWN", "asset": "", "symbol": "UNKNOWN", "decimals": 18, "assetName": "UNKNOWN", "vaultShare": "", "assetSymbol": "UNKNOWN", "assetDecimals": 18, "vaultShareName": "UNKNOWN", "vaultShareSymbol": "UNKNOWN", "vaultShareDecimals": 18}
{"blockNumber":23218595,"chainId":1,"wrapperAddress":"0x68dba4b0ca1c09d081025289334291c5d7334298"}	{"name": "UNKNOWN", "asset": "", "symbol": "UNKNOWN", "decimals": 18, "assetName": "UNKNOWN", "vaultShare": "", "assetSymbol": "UNKNOWN", "assetDecimals": 18, "vaultShareName": "UNKNOWN", "vaultShareSymbol": "UNKNOWN", "vaultShareDecimals": 18}
{"blockNumber":23218650,"chainId":1,"wrapperAddress":"0xdb1aa82c94919bc0a30d006e6ab85e561a06ff6b"}	{"name": "UNKNOWN", "asset": "", "symbol": "UNKNOWN", "decimals": 18, "assetName": "UNKNOWN", "vaultShare": "", "assetSymbol": "UNKNOWN", "assetDecimals": 18, "vaultShareName": "UNKNOWN", "vaultShareSymbol": "UNKNOWN", "vaultShareDecimals": 18}
{"blockNumber":23218650,"chainId":1,"wrapperAddress":"0xdf23ca89151a21fc8dcb5df1f0feff6571aabc6e"}	{"name": "UNKNOWN", "asset": "", "symbol": "UNKNOWN", "decimals": 18, "assetName": "UNKNOWN", "vaultShare": "", "assetSymbol": "UNKNOWN", "assetDecimals": 18, "vaultShareName": "UNKNOWN", "vaultShareSymbol": "UNKNOWN", "vaultShareDecimals": 18}
{"blockNumber":23218650,"chainId":1,"wrapperAddress":"0x8e9cb0294023d68d4097ed86d7265d405de57104"}	{"name": "UNKNOWN", "asset": "", "symbol": "UNKNOWN", "decimals": 18, "assetName": "UNKNOWN", "vaultShare": "", "assetSymbol": "UNKNOWN", "assetDecimals": 18, "vaultShareName": "UNKNOWN", "vaultShareSymbol": "UNKNOWN", "vaultShareDecimals": 18}
{"blockNumber":23218650,"chainId":1,"wrapperAddress":"0xa81d413cb18a31789ce02472567c4118cf640b46"}	{"name": "UNKNOWN", "asset": "", "symbol": "UNKNOWN", "decimals": 18, "assetName": "UNKNOWN", "vaultShare": "", "assetSymbol": "UNKNOWN", "assetDecimals": 18, "vaultShareName": "UNKNOWN", "vaultShareSymbol": "UNKNOWN", "vaultShareDecimals": 18}
{"blockNumber":23218650,"chainId":1,"wrapperAddress":"0x6a1790e28ed1d00022e7c5ec2283bfae7a134213"}	{"name": "UNKNOWN", "asset": "", "symbol": "UNKNOWN", "decimals": 18, "assetName": "UNKNOWN", "vaultShare": "", "assetSymbol": "UNKNOWN", "assetDecimals": 18, "vaultShareName": "UNKNOWN", "vaultShareSymbol": "UNKNOWN", "vaultShareDecimals": 18}
{"blockNumber":23218675,"chainId":1,"wrapperAddress":"0x21c5f287f187151f2fcf9ad6cdd01b0154a11b0d"}	{"name": "UNKNOWN", "asset": "", "symbol": "UNKNOWN", "decimals": 18, "assetName": "UNKNOWN", "vaultShare": "", "assetSymbol": "UNKNOWN", "assetDecimals": 18, "vaultShareName": "UNKNOWN", "vaultShareSymbol": "UNKNOWN", "vaultShareDecimals": 18}
{"blockNumber":23175844,"chainId":1,"wrapperAddress":"0xf6cd9e8415162c8fb3c52676c7ca68812a34f76e"}	{"name": "Reservoir ETH Yield", "asset": "0xC02aaA39b223FE8D0A0e5C4F27eAD9083C756Cc2", "symbol": "ipsrETH", "decimals": 20, "assetName": "Wrapped Ether", "vaultShare": "", "assetSymbol": "WETH", "assetDecimals": 18, "vaultShareName": "UNKNOWN", "vaultShareSymbol": "UNKNOWN", "vaultShareDecimals": 18}
{"blockNumber":23175891,"chainId":1,"wrapperAddress":"0xe47358eae04719f3cf7025e95d0ad202e68bd9b2"}	{"name": "Reservoir BTC Yield", "asset": "0x2260FAC5E5542a773Aa44fBCfeDf7C193bc2C599", "symbol": "ipsrBTC", "decimals": 10, "assetName": "Wrapped BTC", "vaultShare": "", "assetSymbol": "WBTC", "assetDecimals": 8, "vaultShareName": "UNKNOWN", "vaultShareSymbol": "UNKNOWN", "vaultShareDecimals": 18}
{"blockNumber":23188212,"chainId":1,"wrapperAddress":"0x7f0409e03c83f3b42d8ba4b83485fff72cc9d7ab"}	{"name": "K3 ALPHA EUR", "asset": "0x1aBaEA1f7C830bD89Acc67eC4af516284b1bC33c", "symbol": "k3EU", "decimals": 8, "assetName": "Euro Coin", "vaultShare": "", "assetSymbol": "EURC", "assetDecimals": 6, "vaultShareName": "UNKNOWN", "vaultShareSymbol": "UNKNOWN", "vaultShareDecimals": 18}
{"blockNumber":23189764,"chainId":1,"wrapperAddress":"0xc2a119ea6de75e4b1451330321cb2474eb8d82d4"}	{"name": "Tesseract USDC Lending Optimizer", "asset": "0xA0b86991c6218b36c1d19D4a2e9Eb0cE3606eB48", "symbol": "TESUSLO", "decimals": 8, "assetName": "USD Coin", "vaultShare": "", "assetSymbol": "USDC", "assetDecimals": 6, "vaultShareName": "UNKNOWN", "vaultShareSymbol": "UNKNOWN", "vaultShareDecimals": 18}
{"blockNumber":23218650,"chainId":1,"wrapperAddress":"0xf4565375ecc96b665ef28830317c2b47688cfd85"}	{"name": "IPOR stETH Ethereum", "asset": "0xae7ab96520DE3A18E5e111B5EaAb095312D7fE84", "symbol": "ipstETHfusion", "decimals": 20, "assetName": "Liquid staked Ether 2.0", "vaultShare": "", "assetSymbol": "stETH", "assetDecimals": 18, "vaultShareName": "UNKNOWN", "vaultShareSymbol": "UNKNOWN", "vaultShareDecimals": 18}
{"blockNumber":23240413,"chainId":1,"wrapperAddress":"0x3d15348dbeaffac0a1889799124488c54164b371"}	{"name": "UNKNOWN", "asset": "", "symbol": "UNKNOWN", "decimals": 18, "assetName": "UNKNOWN", "vaultShare": "", "assetSymbol": "UNKNOWN", "assetDecimals": 18, "vaultShareName": "UNKNOWN", "vaultShareSymbol": "UNKNOWN", "vaultShareDecimals": 18}
{"blockNumber":23242113,"chainId":1,"wrapperAddress":"0x0ef9ddff130a4a656708f0dfd1c64063b648b1f0"}	{"name": "UNKNOWN", "asset": "", "symbol": "UNKNOWN", "decimals": 18, "assetName": "UNKNOWN", "vaultShare": "", "assetSymbol": "UNKNOWN", "assetDecimals": 18, "vaultShareName": "UNKNOWN", "vaultShareSymbol": "UNKNOWN", "vaultShareDecimals": 18}
{"blockNumber":23242113,"chainId":1,"wrapperAddress":"0xd71ee8557876c07550a88529e8d36c4db2039e0b"}	{"name": "UNKNOWN", "asset": "", "symbol": "UNKNOWN", "decimals": 18, "assetName": "UNKNOWN", "vaultShare": "", "assetSymbol": "UNKNOWN", "assetDecimals": 18, "vaultShareName": "UNKNOWN", "vaultShareSymbol": "UNKNOWN", "vaultShareDecimals": 18}
{"blockNumber":23242113,"chainId":1,"wrapperAddress":"0x8c6d8b323b4e918dd4040de46a4c4c0bde0d1ca4"}	{"name": "UNKNOWN", "asset": "", "symbol": "UNKNOWN", "decimals": 18, "assetName": "UNKNOWN", "vaultShare": "", "assetSymbol": "UNKNOWN", "assetDecimals": 18, "vaultShareName": "UNKNOWN", "vaultShareSymbol": "UNKNOWN", "vaultShareDecimals": 18}
{"blockNumber":23242113,"chainId":1,"wrapperAddress":"0x0a308596404046884ce239fa6bf344243f5f3af5"}	{"name": "UNKNOWN", "asset": "", "symbol": "UNKNOWN", "decimals": 18, "assetName": "UNKNOWN", "vaultShare": "", "assetSymbol": "UNKNOWN", "assetDecimals": 18, "vaultShareName": "UNKNOWN", "vaultShareSymbol": "UNKNOWN", "vaultShareDecimals": 18}
{"blockNumber":23242113,"chainId":1,"wrapperAddress":"0xd3e9e0d2383aa16d3287db283f8315df4678dc21"}	{"name": "UNKNOWN", "asset": "", "symbol": "UNKNOWN", "decimals": 18, "assetName": "UNKNOWN", "vaultShare": "", "assetSymbol": "UNKNOWN", "assetDecimals": 18, "vaultShareName": "UNKNOWN", "vaultShareSymbol": "UNKNOWN", "vaultShareDecimals": 18}
{"blockNumber":23282823,"chainId":1,"wrapperAddress":"0xe5cf13c84c0fea3236c101bd7d743d30366e5cf1"}	{"name": "Escher Staked U", "asset": "", "symbol": "eU", "decimals": 18, "assetName": "UNKNOWN", "vaultShare": "", "assetSymbol": "UNKNOWN", "assetDecimals": 18, "vaultShareName": "UNKNOWN", "vaultShareSymbol": "UNKNOWN", "vaultShareDecimals": 18}
{"blockNumber":23286673,"chainId":1,"wrapperAddress":"0xc0deb405dd405ee54f2fc24e8e3db5d417001631"}	{"name": "UNKNOWN", "asset": "", "symbol": "UNKNOWN", "decimals": 18, "assetName": "UNKNOWN", "vaultShare": "", "assetSymbol": "UNKNOWN", "assetDecimals": 18, "vaultShareName": "UNKNOWN", "vaultShareSymbol": "UNKNOWN", "vaultShareDecimals": 18}
{"blockNumber":23289759,"chainId":1,"wrapperAddress":"0xaa2f82ade9f454a69a46dc009eb76ee54e2e5c72"}	{"name": "UNKNOWN", "asset": "", "symbol": "UNKNOWN", "decimals": 18, "assetName": "UNKNOWN", "vaultShare": "", "assetSymbol": "UNKNOWN", "assetDecimals": 18, "vaultShareName": "UNKNOWN", "vaultShareSymbol": "UNKNOWN", "vaultShareDecimals": 18}
{"blockNumber":23242113,"chainId":1,"wrapperAddress":"0x5705b2eb944e6043485390c313210e52bc00e6cb"}	{"name": "Leveraged syrupUSDC", "asset": "0xA0b86991c6218b36c1d19D4a2e9Eb0cE3606eB48", "symbol": "msyrupL", "decimals": 8, "assetName": "USD Coin", "vaultShare": "", "assetSymbol": "USDC", "assetDecimals": 6, "vaultShareName": "UNKNOWN", "vaultShareSymbol": "UNKNOWN", "vaultShareDecimals": 18}
{"blockNumber":23349436,"chainId":1,"wrapperAddress":"0x3e9ffb3451a47bbfd6210de74043477a0d607c8e"}	{"name": "UNKNOWN", "asset": "", "symbol": "UNKNOWN", "decimals": 18, "assetName": "UNKNOWN", "vaultShare": "", "assetSymbol": "UNKNOWN", "assetDecimals": 18, "vaultShareName": "UNKNOWN", "vaultShareSymbol": "UNKNOWN", "vaultShareDecimals": 18}
{"blockNumber":23378393,"chainId":1,"wrapperAddress":"0x33a9e84c4437599d2317e6a4e4bebffe7fd57e5a"}	{"name": "UNKNOWN", "asset": "", "symbol": "UNKNOWN", "decimals": 18, "assetName": "UNKNOWN", "vaultShare": "", "assetSymbol": "UNKNOWN", "assetDecimals": 18, "vaultShareName": "UNKNOWN", "vaultShareSymbol": "UNKNOWN", "vaultShareDecimals": 18}
{"blockNumber":23382188,"chainId":1,"wrapperAddress":"0x8073dbb4303f3615f5f43956a595afa90e63b0f3"}	{"name": "UNKNOWN", "asset": "", "symbol": "UNKNOWN", "decimals": 18, "assetName": "UNKNOWN", "vaultShare": "", "assetSymbol": "UNKNOWN", "assetDecimals": 18, "vaultShareName": "UNKNOWN", "vaultShareSymbol": "UNKNOWN", "vaultShareDecimals": 18}
{"blockNumber":23382191,"chainId":1,"wrapperAddress":"0xb6f6fd97c47da273b120ce6e8e632043bf4fda2f"}	{"name": "UNKNOWN", "asset": "", "symbol": "UNKNOWN", "decimals": 18, "assetName": "UNKNOWN", "vaultShare": "", "assetSymbol": "UNKNOWN", "assetDecimals": 18, "vaultShareName": "UNKNOWN", "vaultShareSymbol": "UNKNOWN", "vaultShareDecimals": 18}
{"blockNumber":23382195,"chainId":1,"wrapperAddress":"0x284ea33406e0df79709c52e30c426b66fa2e3a2f"}	{"name": "UNKNOWN", "asset": "", "symbol": "UNKNOWN", "decimals": 18, "assetName": "UNKNOWN", "vaultShare": "", "assetSymbol": "UNKNOWN", "assetDecimals": 18, "vaultShareName": "UNKNOWN", "vaultShareSymbol": "UNKNOWN", "vaultShareDecimals": 18}
{"blockNumber":23382197,"chainId":1,"wrapperAddress":"0xd456793d6688077ac24bad3d391cffecb8f08c27"}	{"name": "UNKNOWN", "asset": "", "symbol": "UNKNOWN", "decimals": 18, "assetName": "UNKNOWN", "vaultShare": "", "assetSymbol": "UNKNOWN", "assetDecimals": 18, "vaultShareName": "UNKNOWN", "vaultShareSymbol": "UNKNOWN", "vaultShareDecimals": 18}
{"blockNumber":23382200,"chainId":1,"wrapperAddress":"0x72ff905685cfd3856cbc0f67c96042805748760f"}	{"name": "UNKNOWN", "asset": "", "symbol": "UNKNOWN", "decimals": 18, "assetName": "UNKNOWN", "vaultShare": "", "assetSymbol": "UNKNOWN", "assetDecimals": 18, "vaultShareName": "UNKNOWN", "vaultShareSymbol": "UNKNOWN", "vaultShareDecimals": 18}
{"blockNumber":23382204,"chainId":1,"wrapperAddress":"0x4791df672ba1a368181f84ea0a831c9e9b65a3c4"}	{"name": "UNKNOWN", "asset": "", "symbol": "UNKNOWN", "decimals": 18, "assetName": "UNKNOWN", "vaultShare": "", "assetSymbol": "UNKNOWN", "assetDecimals": 18, "vaultShareName": "UNKNOWN", "vaultShareSymbol": "UNKNOWN", "vaultShareDecimals": 18}
{"blockNumber":23383290,"chainId":1,"wrapperAddress":"0x18d8698797f3ebb343d95c2bc170e52f7cccead6"}	{"name": "UNKNOWN", "asset": "", "symbol": "UNKNOWN", "decimals": 18, "assetName": "UNKNOWN", "vaultShare": "", "assetSymbol": "UNKNOWN", "assetDecimals": 18, "vaultShareName": "UNKNOWN", "vaultShareSymbol": "UNKNOWN", "vaultShareDecimals": 18}
{"blockNumber":23383293,"chainId":1,"wrapperAddress":"0x9030ba18c51e9281c17b78e912bc2d930fffa5dc"}	{"name": "UNKNOWN", "asset": "", "symbol": "UNKNOWN", "decimals": 18, "assetName": "UNKNOWN", "vaultShare": "", "assetSymbol": "UNKNOWN", "assetDecimals": 18, "vaultShareName": "UNKNOWN", "vaultShareSymbol": "UNKNOWN", "vaultShareDecimals": 18}
{"blockNumber":23383308,"chainId":1,"wrapperAddress":"0xbbced8c9c94b3720cb4cca8a850f5e6b6ce8bce1"}	{"name": "UNKNOWN", "asset": "", "symbol": "UNKNOWN", "decimals": 18, "assetName": "UNKNOWN", "vaultShare": "", "assetSymbol": "UNKNOWN", "assetDecimals": 18, "vaultShareName": "UNKNOWN", "vaultShareSymbol": "UNKNOWN", "vaultShareDecimals": 18}
{"blockNumber":23384226,"chainId":1,"wrapperAddress":"0xfdbec10c751e1ef8738ef57c5eedf01517038f2d"}	{"name": "UNKNOWN", "asset": "", "symbol": "UNKNOWN", "decimals": 18, "assetName": "UNKNOWN", "vaultShare": "", "assetSymbol": "UNKNOWN", "assetDecimals": 18, "vaultShareName": "UNKNOWN", "vaultShareSymbol": "UNKNOWN", "vaultShareDecimals": 18}
{"blockNumber":23384815,"chainId":1,"wrapperAddress":"0x051b132ea7fa790a0b4050e0828064eb6ddd7a53"}	{"name": "UNKNOWN", "asset": "", "symbol": "UNKNOWN", "decimals": 18, "assetName": "UNKNOWN", "vaultShare": "", "assetSymbol": "UNKNOWN", "assetDecimals": 18, "vaultShareName": "UNKNOWN", "vaultShareSymbol": "UNKNOWN", "vaultShareDecimals": 18}
{"blockNumber":23396137,"chainId":1,"wrapperAddress":"0x29dd73fbfaa4dfc98d1e3ca3040ebc1ac91a6fe3"}	{"name": "UNKNOWN", "asset": "", "symbol": "UNKNOWN", "decimals": 18, "assetName": "UNKNOWN", "vaultShare": "", "assetSymbol": "UNKNOWN", "assetDecimals": 18, "vaultShareName": "UNKNOWN", "vaultShareSymbol": "UNKNOWN", "vaultShareDecimals": 18}
{"blockNumber":23396137,"chainId":1,"wrapperAddress":"0x829d3cb7bc55892a3eec01f33f6c3e83842e9544"}	{"name": "UNKNOWN", "asset": "", "symbol": "UNKNOWN", "decimals": 18, "assetName": "UNKNOWN", "vaultShare": "", "assetSymbol": "UNKNOWN", "assetDecimals": 18, "vaultShareName": "UNKNOWN", "vaultShareSymbol": "UNKNOWN", "vaultShareDecimals": 18}
{"blockNumber":23396137,"chainId":1,"wrapperAddress":"0x37c7a39c6ea6356ef183ce098b5c18ea276ebd57"}	{"name": "UNKNOWN", "asset": "", "symbol": "UNKNOWN", "decimals": 18, "assetName": "UNKNOWN", "vaultShare": "", "assetSymbol": "UNKNOWN", "assetDecimals": 18, "vaultShareName": "UNKNOWN", "vaultShareSymbol": "UNKNOWN", "vaultShareDecimals": 18}
{"blockNumber":23396137,"chainId":1,"wrapperAddress":"0x199fefceb83f588c502406df29252f4705346729"}	{"name": "UNKNOWN", "asset": "", "symbol": "UNKNOWN", "decimals": 18, "assetName": "UNKNOWN", "vaultShare": "", "assetSymbol": "UNKNOWN", "assetDecimals": 18, "vaultShareName": "UNKNOWN", "vaultShareSymbol": "UNKNOWN", "vaultShareDecimals": 18}
{"blockNumber":23396137,"chainId":1,"wrapperAddress":"0x7be0a616e28f214336d8bc96b69fe1192251cf54"}	{"name": "UNKNOWN", "asset": "", "symbol": "UNKNOWN", "decimals": 18, "assetName": "UNKNOWN", "vaultShare": "", "assetSymbol": "UNKNOWN", "assetDecimals": 18, "vaultShareName": "UNKNOWN", "vaultShareSymbol": "UNKNOWN", "vaultShareDecimals": 18}
{"blockNumber":23396142,"chainId":1,"wrapperAddress":"0xbb6b656be08b2ef275aa8009ff7d7f73615ef1bd"}	{"name": "UNKNOWN", "asset": "", "symbol": "UNKNOWN", "decimals": 18, "assetName": "UNKNOWN", "vaultShare": "", "assetSymbol": "UNKNOWN", "assetDecimals": 18, "vaultShareName": "UNKNOWN", "vaultShareSymbol": "UNKNOWN", "vaultShareDecimals": 18}
{"blockNumber":23396142,"chainId":1,"wrapperAddress":"0x33a18d65b7b81f4ccc0779ff37675361b27cdf48"}	{"name": "UNKNOWN", "asset": "", "symbol": "UNKNOWN", "decimals": 18, "assetName": "UNKNOWN", "vaultShare": "", "assetSymbol": "UNKNOWN", "assetDecimals": 18, "vaultShareName": "UNKNOWN", "vaultShareSymbol": "UNKNOWN", "vaultShareDecimals": 18}
{"blockNumber":23396142,"chainId":1,"wrapperAddress":"0x1872a6bcd6cc819d8f75fbae52e24d35fc4ed6b4"}	{"name": "UNKNOWN", "asset": "", "symbol": "UNKNOWN", "decimals": 18, "assetName": "UNKNOWN", "vaultShare": "", "assetSymbol": "UNKNOWN", "assetDecimals": 18, "vaultShareName": "UNKNOWN", "vaultShareSymbol": "UNKNOWN", "vaultShareDecimals": 18}
{"blockNumber":23396142,"chainId":1,"wrapperAddress":"0xaf2f131e6e09962584d106e6896cfa6da8771281"}	{"name": "UNKNOWN", "asset": "", "symbol": "UNKNOWN", "decimals": 18, "assetName": "UNKNOWN", "vaultShare": "", "assetSymbol": "UNKNOWN", "assetDecimals": 18, "vaultShareName": "UNKNOWN", "vaultShareSymbol": "UNKNOWN", "vaultShareDecimals": 18}
{"blockNumber":23396142,"chainId":1,"wrapperAddress":"0x59b688950e0f04dbc1da14119824fd159870c6b7"}	{"name": "UNKNOWN", "asset": "", "symbol": "UNKNOWN", "decimals": 18, "assetName": "UNKNOWN", "vaultShare": "", "assetSymbol": "UNKNOWN", "assetDecimals": 18, "vaultShareName": "UNKNOWN", "vaultShareSymbol": "UNKNOWN", "vaultShareDecimals": 18}
{"blockNumber":23396317,"chainId":1,"wrapperAddress":"0x2efc840e51080af2f20a0712450356eaa23a5947"}	{"name": "UNKNOWN", "asset": "", "symbol": "UNKNOWN", "decimals": 18, "assetName": "UNKNOWN", "vaultShare": "", "assetSymbol": "UNKNOWN", "assetDecimals": 18, "vaultShareName": "UNKNOWN", "vaultShareSymbol": "UNKNOWN", "vaultShareDecimals": 18}
{"blockNumber":23396137,"chainId":1,"wrapperAddress":"0x06e424fe6018ceccfc6071e656fccc5e8369245a"}	{"name": "Gami USDC", "asset": "0xA0b86991c6218b36c1d19D4a2e9Eb0cE3606eB48", "symbol": "gamiUSDC", "decimals": 8, "assetName": "USD Coin", "vaultShare": "", "assetSymbol": "USDC", "assetDecimals": 6, "vaultShareName": "UNKNOWN", "vaultShareSymbol": "UNKNOWN", "vaultShareDecimals": 18}
{"blockNumber":23396142,"chainId":1,"wrapperAddress":"0x6f274f5098ad4cebf3b68c81f260de8ec66737c8"}	{"name": "Gami USDC", "asset": "0xA0b86991c6218b36c1d19D4a2e9Eb0cE3606eB48", "symbol": "gamiUSDC", "decimals": 8, "assetName": "USD Coin", "vaultShare": "", "assetSymbol": "USDC", "assetDecimals": 6, "vaultShareName": "UNKNOWN", "vaultShareSymbol": "UNKNOWN", "vaultShareDecimals": 18}
{"blockNumber":23420151,"chainId":1,"wrapperAddress":"0x8344f2ed74e7f577f355cedac69b483fd6133e6c"}	{"name": "UNKNOWN", "asset": "", "symbol": "UNKNOWN", "decimals": 18, "assetName": "UNKNOWN", "vaultShare": "", "assetSymbol": "UNKNOWN", "assetDecimals": 18, "vaultShareName": "UNKNOWN", "vaultShareSymbol": "UNKNOWN", "vaultShareDecimals": 18}
{"blockNumber":23420151,"chainId":1,"wrapperAddress":"0x7984b314fa297d78e94711134e621accc3698f76"}	{"name": "UNKNOWN", "asset": "", "symbol": "UNKNOWN", "decimals": 18, "assetName": "UNKNOWN", "vaultShare": "", "assetSymbol": "UNKNOWN", "assetDecimals": 18, "vaultShareName": "UNKNOWN", "vaultShareSymbol": "UNKNOWN", "vaultShareDecimals": 18}
{"blockNumber":23420151,"chainId":1,"wrapperAddress":"0x494cccd9e4e78feafef787a187815d1a6dba7589"}	{"name": "UNKNOWN", "asset": "", "symbol": "UNKNOWN", "decimals": 18, "assetName": "UNKNOWN", "vaultShare": "", "assetSymbol": "UNKNOWN", "assetDecimals": 18, "vaultShareName": "UNKNOWN", "vaultShareSymbol": "UNKNOWN", "vaultShareDecimals": 18}
{"blockNumber":23421722,"chainId":1,"wrapperAddress":"0xb73600a4205590b01c6e5173e6d8dd34fa0187f4"}	{"name": "Zeenden", "asset": "", "symbol": "Zeen", "decimals": 18, "assetName": "UNKNOWN", "vaultShare": "", "assetSymbol": "UNKNOWN", "assetDecimals": 18, "vaultShareName": "UNKNOWN", "vaultShareSymbol": "UNKNOWN", "vaultShareDecimals": 18}
{"blockNumber":23424171,"chainId":1,"wrapperAddress":"0x4260b6bfeccbafaf18c80a6bc6711f4d55cc9582"}	{"name": "UNKNOWN", "asset": "", "symbol": "UNKNOWN", "decimals": 18, "assetName": "UNKNOWN", "vaultShare": "", "assetSymbol": "UNKNOWN", "assetDecimals": 18, "vaultShareName": "UNKNOWN", "vaultShareSymbol": "UNKNOWN", "vaultShareDecimals": 18}
{"blockNumber":23426651,"chainId":1,"wrapperAddress":"0xc388b72ab90be82b230d919f9c05c87f9397f485"}	{"name": "UNKNOWN", "asset": "", "symbol": "UNKNOWN", "decimals": 18, "assetName": "UNKNOWN", "vaultShare": "", "assetSymbol": "UNKNOWN", "assetDecimals": 18, "vaultShareName": "UNKNOWN", "vaultShareSymbol": "UNKNOWN", "vaultShareDecimals": 18}
{"blockNumber":23426655,"chainId":1,"wrapperAddress":"0xd9310a41d085c0dc1e40f691e8647080862a5fd4"}	{"name": "UNKNOWN", "asset": "", "symbol": "UNKNOWN", "decimals": 18, "assetName": "UNKNOWN", "vaultShare": "", "assetSymbol": "UNKNOWN", "assetDecimals": 18, "vaultShareName": "UNKNOWN", "vaultShareSymbol": "UNKNOWN", "vaultShareDecimals": 18}
{"blockNumber":23426658,"chainId":1,"wrapperAddress":"0x45681fcf26ef1dca89ae2b8b97c6447ea68771df"}	{"name": "UNKNOWN", "asset": "", "symbol": "UNKNOWN", "decimals": 18, "assetName": "UNKNOWN", "vaultShare": "", "assetSymbol": "UNKNOWN", "assetDecimals": 18, "vaultShareName": "UNKNOWN", "vaultShareSymbol": "UNKNOWN", "vaultShareDecimals": 18}
{"blockNumber":23426662,"chainId":1,"wrapperAddress":"0x0faeeceab0bcb63be2fe984ea8c77778989d53ea"}	{"name": "UNKNOWN", "asset": "", "symbol": "UNKNOWN", "decimals": 18, "assetName": "UNKNOWN", "vaultShare": "", "assetSymbol": "UNKNOWN", "assetDecimals": 18, "vaultShareName": "UNKNOWN", "vaultShareSymbol": "UNKNOWN", "vaultShareDecimals": 18}
{"blockNumber":23426666,"chainId":1,"wrapperAddress":"0x8d28a69328561ef9f171c58996fecb9f494e070c"}	{"name": "UNKNOWN", "asset": "", "symbol": "UNKNOWN", "decimals": 18, "assetName": "UNKNOWN", "vaultShare": "", "assetSymbol": "UNKNOWN", "assetDecimals": 18, "vaultShareName": "UNKNOWN", "vaultShareSymbol": "UNKNOWN", "vaultShareDecimals": 18}
{"blockNumber":23426670,"chainId":1,"wrapperAddress":"0x923c98b22f9c367a109e93f7dfbaca28b20c17c3"}	{"name": "UNKNOWN", "asset": "", "symbol": "UNKNOWN", "decimals": 18, "assetName": "UNKNOWN", "vaultShare": "", "assetSymbol": "UNKNOWN", "assetDecimals": 18, "vaultShareName": "UNKNOWN", "vaultShareSymbol": "UNKNOWN", "vaultShareDecimals": 18}
{"blockNumber":23426855,"chainId":1,"wrapperAddress":"0xc0109106a2e119087a5739c9532ec7e1b039ee05"}	{"name": "UNKNOWN", "asset": "", "symbol": "UNKNOWN", "decimals": 18, "assetName": "UNKNOWN", "vaultShare": "", "assetSymbol": "UNKNOWN", "assetDecimals": 18, "vaultShareName": "UNKNOWN", "vaultShareSymbol": "UNKNOWN", "vaultShareDecimals": 18}
{"blockNumber":23426858,"chainId":1,"wrapperAddress":"0xd6aeeebccc245daa4146f54b75686c33c96c30da"}	{"name": "UNKNOWN", "asset": "", "symbol": "UNKNOWN", "decimals": 18, "assetName": "UNKNOWN", "vaultShare": "", "assetSymbol": "UNKNOWN", "assetDecimals": 18, "vaultShareName": "UNKNOWN", "vaultShareSymbol": "UNKNOWN", "vaultShareDecimals": 18}
{"blockNumber":23426875,"chainId":1,"wrapperAddress":"0xa793e9548337654237bfa49ffd2188236d02e6a7"}	{"name": "UNKNOWN", "asset": "", "symbol": "UNKNOWN", "decimals": 18, "assetName": "UNKNOWN", "vaultShare": "", "assetSymbol": "UNKNOWN", "assetDecimals": 18, "vaultShareName": "UNKNOWN", "vaultShareSymbol": "UNKNOWN", "vaultShareDecimals": 18}
{"blockNumber":23428036,"chainId":1,"wrapperAddress":"0x5df4cb0aaae0fcc9de3f41e72348609e30a49c44"}	{"name": "UNKNOWN", "asset": "", "symbol": "UNKNOWN", "decimals": 18, "assetName": "UNKNOWN", "vaultShare": "", "assetSymbol": "UNKNOWN", "assetDecimals": 18, "vaultShareName": "UNKNOWN", "vaultShareSymbol": "UNKNOWN", "vaultShareDecimals": 18}
{"blockNumber":23428036,"chainId":1,"wrapperAddress":"0xefc8e0fce12c164eafcb588915c6f0ca7ca41a53"}	{"name": "UNKNOWN", "asset": "", "symbol": "UNKNOWN", "decimals": 18, "assetName": "UNKNOWN", "vaultShare": "", "assetSymbol": "UNKNOWN", "assetDecimals": 18, "vaultShareName": "UNKNOWN", "vaultShareSymbol": "UNKNOWN", "vaultShareDecimals": 18}
{"blockNumber":23428036,"chainId":1,"wrapperAddress":"0x49af2649eefbc7e3847b41100fddcf91134a549e"}	{"name": "UNKNOWN", "asset": "", "symbol": "UNKNOWN", "decimals": 18, "assetName": "UNKNOWN", "vaultShare": "", "assetSymbol": "UNKNOWN", "assetDecimals": 18, "vaultShareName": "UNKNOWN", "vaultShareSymbol": "UNKNOWN", "vaultShareDecimals": 18}
{"blockNumber":23435881,"chainId":1,"wrapperAddress":"0x18fda40bee2a2ec4fff630dedba78a2aa0187d5e"}	{"name": "UNKNOWN", "asset": "", "symbol": "UNKNOWN", "decimals": 18, "assetName": "UNKNOWN", "vaultShare": "", "assetSymbol": "UNKNOWN", "assetDecimals": 18, "vaultShareName": "UNKNOWN", "vaultShareSymbol": "UNKNOWN", "vaultShareDecimals": 18}
{"blockNumber":23435886,"chainId":1,"wrapperAddress":"0xcb1ceae1645f721a378357d64f57527d0280b111"}	{"name": "UNKNOWN", "asset": "", "symbol": "UNKNOWN", "decimals": 18, "assetName": "UNKNOWN", "vaultShare": "", "assetSymbol": "UNKNOWN", "assetDecimals": 18, "vaultShareName": "UNKNOWN", "vaultShareSymbol": "UNKNOWN", "vaultShareDecimals": 18}
{"blockNumber":23435891,"chainId":1,"wrapperAddress":"0x3782bc6f6e7ced22fe8d1306060a6626a03c9fd8"}	{"name": "UNKNOWN", "asset": "", "symbol": "UNKNOWN", "decimals": 18, "assetName": "UNKNOWN", "vaultShare": "", "assetSymbol": "UNKNOWN", "assetDecimals": 18, "vaultShareName": "UNKNOWN", "vaultShareSymbol": "UNKNOWN", "vaultShareDecimals": 18}
{"blockNumber":23435901,"chainId":1,"wrapperAddress":"0xd0e1705ce89b77452ea7184d300b7745e0937901"}	{"name": "UNKNOWN", "asset": "", "symbol": "UNKNOWN", "decimals": 18, "assetName": "UNKNOWN", "vaultShare": "", "assetSymbol": "UNKNOWN", "assetDecimals": 18, "vaultShareName": "UNKNOWN", "vaultShareSymbol": "UNKNOWN", "vaultShareDecimals": 18}
{"blockNumber":23441236,"chainId":1,"wrapperAddress":"0xb055d055bfc0b1956a5d09a8358f8b5b924348e7"}	{"name": "UNKNOWN", "asset": "", "symbol": "UNKNOWN", "decimals": 18, "assetName": "UNKNOWN", "vaultShare": "", "assetSymbol": "UNKNOWN", "assetDecimals": 18, "vaultShareName": "UNKNOWN", "vaultShareSymbol": "UNKNOWN", "vaultShareDecimals": 18}
{"blockNumber":23446763,"chainId":1,"wrapperAddress":"0xfade236faa8c35d721aa01480497a07e23a29d19"}	{"name": "UNKNOWN", "asset": "", "symbol": "UNKNOWN", "decimals": 18, "assetName": "UNKNOWN", "vaultShare": "", "assetSymbol": "UNKNOWN", "assetDecimals": 18, "vaultShareName": "UNKNOWN", "vaultShareSymbol": "UNKNOWN", "vaultShareDecimals": 18}
{"blockNumber":23455294,"chainId":1,"wrapperAddress":"0x22228d854793cc6423c79b06991674c0481481e9"}	{"name": "UNKNOWN", "asset": "", "symbol": "UNKNOWN", "decimals": 18, "assetName": "UNKNOWN", "vaultShare": "", "assetSymbol": "UNKNOWN", "assetDecimals": 18, "vaultShareName": "UNKNOWN", "vaultShareSymbol": "UNKNOWN", "vaultShareDecimals": 18}
{"blockNumber":23467463,"chainId":1,"wrapperAddress":"0x3f762cbb8919dcef405078500f325baedd0140ce"}	{"name": "UNKNOWN", "asset": "", "symbol": "UNKNOWN", "decimals": 18, "assetName": "UNKNOWN", "vaultShare": "", "assetSymbol": "UNKNOWN", "assetDecimals": 18, "vaultShareName": "UNKNOWN", "vaultShareSymbol": "UNKNOWN", "vaultShareDecimals": 18}
{"blockNumber":23467511,"chainId":1,"wrapperAddress":"0x58de6381cbcc919d72e6a2507cae74925e69daf5"}	{"name": "UNKNOWN", "asset": "", "symbol": "UNKNOWN", "decimals": 18, "assetName": "UNKNOWN", "vaultShare": "", "assetSymbol": "UNKNOWN", "assetDecimals": 18, "vaultShareName": "UNKNOWN", "vaultShareSymbol": "UNKNOWN", "vaultShareDecimals": 18}
{"blockNumber":23419349,"chainId":1,"wrapperAddress":"0xe51638dad0ebaff103de9262f0c32796daa26d3d"}	{"name": "UNKNOWN", "asset": "", "symbol": "UNKNOWN", "decimals": 18, "assetName": "UNKNOWN", "vaultShare": "", "assetSymbol": "UNKNOWN", "assetDecimals": 18, "vaultShareName": "UNKNOWN", "vaultShareSymbol": "UNKNOWN", "vaultShareDecimals": 18}
{"blockNumber":23420151,"chainId":1,"wrapperAddress":"0x6b9fa11ffbad3f201cd5e1563572d47f01448c54"}	{"name": "UNKNOWN", "asset": "", "symbol": "UNKNOWN", "decimals": 18, "assetName": "UNKNOWN", "vaultShare": "", "assetSymbol": "UNKNOWN", "assetDecimals": 18, "vaultShareName": "UNKNOWN", "vaultShareSymbol": "UNKNOWN", "vaultShareDecimals": 18}
{"blockNumber":23420151,"chainId":1,"wrapperAddress":"0x3fc244ae6434bb3a3ba6e9e3edccc86e1e9d5f5d"}	{"name": "UNKNOWN", "asset": "", "symbol": "UNKNOWN", "decimals": 18, "assetName": "UNKNOWN", "vaultShare": "", "assetSymbol": "UNKNOWN", "assetDecimals": 18, "vaultShareName": "UNKNOWN", "vaultShareSymbol": "UNKNOWN", "vaultShareDecimals": 18}
{"blockNumber":23420151,"chainId":1,"wrapperAddress":"0xa435f140114910c96343574dd67883f7538ba736"}	{"name": "yUSD Loooper", "asset": "0xA0b86991c6218b36c1d19D4a2e9Eb0cE3606eB48", "symbol": "CSYUSDLL", "decimals": 8, "assetName": "USD Coin", "vaultShare": "", "assetSymbol": "USDC", "assetDecimals": 6, "vaultShareName": "UNKNOWN", "vaultShareSymbol": "UNKNOWN", "vaultShareDecimals": 18}
{"blockNumber":23477302,"chainId":1,"wrapperAddress":"0xfe76cf5ed606593fb7764f33627b8d7e0f9fab66"}	{"name": "UNKNOWN", "asset": "", "symbol": "UNKNOWN", "decimals": 18, "assetName": "UNKNOWN", "vaultShare": "", "assetSymbol": "UNKNOWN", "assetDecimals": 18, "vaultShareName": "UNKNOWN", "vaultShareSymbol": "UNKNOWN", "vaultShareDecimals": 18}
{"blockNumber":23477332,"chainId":1,"wrapperAddress":"0xf788624278dc0d5b4e494f834932e6938aa2bdc3"}	{"name": "UNKNOWN", "asset": "", "symbol": "UNKNOWN", "decimals": 18, "assetName": "UNKNOWN", "vaultShare": "", "assetSymbol": "UNKNOWN", "assetDecimals": 18, "vaultShareName": "UNKNOWN", "vaultShareSymbol": "UNKNOWN", "vaultShareDecimals": 18}
{"blockNumber":23477377,"chainId":1,"wrapperAddress":"0x5c454f5526e41fbe917b63475cd8ca7e4631b147"}	{"name": "UNKNOWN", "asset": "", "symbol": "UNKNOWN", "decimals": 18, "assetName": "UNKNOWN", "vaultShare": "", "assetSymbol": "UNKNOWN", "assetDecimals": 18, "vaultShareName": "UNKNOWN", "vaultShareSymbol": "UNKNOWN", "vaultShareDecimals": 18}
{"blockNumber":23477399,"chainId":1,"wrapperAddress":"0x603892a59967c3fc0dd452018a5a786e8ce420c4"}	{"name": "UNKNOWN", "asset": "", "symbol": "UNKNOWN", "decimals": 18, "assetName": "UNKNOWN", "vaultShare": "", "assetSymbol": "UNKNOWN", "assetDecimals": 18, "vaultShareName": "UNKNOWN", "vaultShareSymbol": "UNKNOWN", "vaultShareDecimals": 18}
{"blockNumber":23477812,"chainId":1,"wrapperAddress":"0xa31deebb3680a3007120e74bcbdf4df36f042a40"}	{"name": "UNKNOWN", "asset": "", "symbol": "UNKNOWN", "decimals": 18, "assetName": "UNKNOWN", "vaultShare": "", "assetSymbol": "UNKNOWN", "assetDecimals": 18, "vaultShareName": "UNKNOWN", "vaultShareSymbol": "UNKNOWN", "vaultShareDecimals": 18}
{"blockNumber":23477860,"chainId":1,"wrapperAddress":"0x2df87810fcf9b8e6a42adc5923bc2ee0ca0467ca"}	{"name": "UNKNOWN", "asset": "", "symbol": "UNKNOWN", "decimals": 18, "assetName": "UNKNOWN", "vaultShare": "", "assetSymbol": "UNKNOWN", "assetDecimals": 18, "vaultShareName": "UNKNOWN", "vaultShareSymbol": "UNKNOWN", "vaultShareDecimals": 18}
{"blockNumber":23478010,"chainId":1,"wrapperAddress":"0xb5930ad554f9da6783a3dd259a111e9d1bd85b75"}	{"name": "UNKNOWN", "asset": "", "symbol": "UNKNOWN", "decimals": 18, "assetName": "UNKNOWN", "vaultShare": "", "assetSymbol": "UNKNOWN", "assetDecimals": 18, "vaultShareName": "UNKNOWN", "vaultShareSymbol": "UNKNOWN", "vaultShareDecimals": 18}
{"blockNumber":23478066,"chainId":1,"wrapperAddress":"0xe0daa5afe0e7550be8d020cb1abba0bb346f3776"}	{"name": "UNKNOWN", "asset": "", "symbol": "UNKNOWN", "decimals": 18, "assetName": "UNKNOWN", "vaultShare": "", "assetSymbol": "UNKNOWN", "assetDecimals": 18, "vaultShareName": "UNKNOWN", "vaultShareSymbol": "UNKNOWN", "vaultShareDecimals": 18}
{"blockNumber":23479682,"chainId":1,"wrapperAddress":"0x8aeb9453ef22cb38abc7a3af9c208f65c1bfe31e"}	{"name": "UNKNOWN", "asset": "", "symbol": "UNKNOWN", "decimals": 18, "assetName": "UNKNOWN", "vaultShare": "", "assetSymbol": "UNKNOWN", "assetDecimals": 18, "vaultShareName": "UNKNOWN", "vaultShareSymbol": "UNKNOWN", "vaultShareDecimals": 18}
{"blockNumber":23484521,"chainId":1,"wrapperAddress":"0x66fd8de541c0594b4dccdfc13bf3a390e50d3afd"}	{"name": "Turtle", "asset": "", "symbol": "TURTLE", "decimals": 18, "assetName": "UNKNOWN", "vaultShare": "", "assetSymbol": "UNKNOWN", "assetDecimals": 18, "vaultShareName": "UNKNOWN", "vaultShareSymbol": "UNKNOWN", "vaultShareDecimals": 18}
{"blockNumber":23484536,"chainId":1,"wrapperAddress":"0x7c329f3269d47ab58ef225f9f4a1f488dfd48825"}	{"name": "UNKNOWN", "asset": "", "symbol": "UNKNOWN", "decimals": 18, "assetName": "UNKNOWN", "vaultShare": "", "assetSymbol": "UNKNOWN", "assetDecimals": 18, "vaultShareName": "UNKNOWN", "vaultShareSymbol": "UNKNOWN", "vaultShareDecimals": 18}
{"blockNumber":23589723,"chainId":1,"wrapperAddress":"0xa9f1794a2eb489e2e92f928f1f98abaf3bf07ef0"}	{"name": "UNKNOWN", "asset": "", "symbol": "UNKNOWN", "decimals": 18, "assetName": "UNKNOWN", "vaultShare": "", "assetSymbol": "UNKNOWN", "assetDecimals": 18, "vaultShareName": "UNKNOWN", "vaultShareSymbol": "UNKNOWN", "vaultShareDecimals": 18}
{"blockNumber":23617599,"chainId":1,"wrapperAddress":"0xad88f84c152f9a65f71472235f9e8f3f63abee79"}	{"name": "UNKNOWN", "asset": "", "symbol": "UNKNOWN", "decimals": 18, "assetName": "UNKNOWN", "vaultShare": "", "assetSymbol": "UNKNOWN", "assetDecimals": 18, "vaultShareName": "UNKNOWN", "vaultShareSymbol": "UNKNOWN", "vaultShareDecimals": 18}
{"blockNumber":23617599,"chainId":1,"wrapperAddress":"0xadd0c2069fa970d3197995b197bda41c8dd38058"}	{"name": "UNKNOWN", "asset": "", "symbol": "UNKNOWN", "decimals": 18, "assetName": "UNKNOWN", "vaultShare": "", "assetSymbol": "UNKNOWN", "assetDecimals": 18, "vaultShareName": "UNKNOWN", "vaultShareSymbol": "UNKNOWN", "vaultShareDecimals": 18}
{"blockNumber":23617599,"chainId":1,"wrapperAddress":"0xf73a8fb25dac424842cd096f9ac1176127241954"}	{"name": "UNKNOWN", "asset": "", "symbol": "UNKNOWN", "decimals": 18, "assetName": "UNKNOWN", "vaultShare": "", "assetSymbol": "UNKNOWN", "assetDecimals": 18, "vaultShareName": "UNKNOWN", "vaultShareSymbol": "UNKNOWN", "vaultShareDecimals": 18}
{"blockNumber":23617599,"chainId":1,"wrapperAddress":"0x2adf0b1f8876ef7d75bb4d7ed97de62cc1d090ce"}	{"name": "UNKNOWN", "asset": "", "symbol": "UNKNOWN", "decimals": 18, "assetName": "UNKNOWN", "vaultShare": "", "assetSymbol": "UNKNOWN", "assetDecimals": 18, "vaultShareName": "UNKNOWN", "vaultShareSymbol": "UNKNOWN", "vaultShareDecimals": 18}
{"blockNumber":23617599,"chainId":1,"wrapperAddress":"0x1bd63e383f6db15abc21d08992b6eebd8c666893"}	{"name": "UNKNOWN", "asset": "", "symbol": "UNKNOWN", "decimals": 18, "assetName": "UNKNOWN", "vaultShare": "", "assetSymbol": "UNKNOWN", "assetDecimals": 18, "vaultShareName": "UNKNOWN", "vaultShareSymbol": "UNKNOWN", "vaultShareDecimals": 18}
{"blockNumber":23619085,"chainId":1,"wrapperAddress":"0xe8d01fee2391b460558bb696e45a2fee0c7ccc5e"}	{"name": "UNKNOWN", "asset": "", "symbol": "UNKNOWN", "decimals": 18, "assetName": "UNKNOWN", "vaultShare": "", "assetSymbol": "UNKNOWN", "assetDecimals": 18, "vaultShareName": "UNKNOWN", "vaultShareSymbol": "UNKNOWN", "vaultShareDecimals": 18}
{"blockNumber":23619085,"chainId":1,"wrapperAddress":"0x6e54b88f087f8e5b66332afa7155a4fd8158268b"}	{"name": "UNKNOWN", "asset": "", "symbol": "UNKNOWN", "decimals": 18, "assetName": "UNKNOWN", "vaultShare": "", "assetSymbol": "UNKNOWN", "assetDecimals": 18, "vaultShareName": "UNKNOWN", "vaultShareSymbol": "UNKNOWN", "vaultShareDecimals": 18}
{"blockNumber":23619085,"chainId":1,"wrapperAddress":"0x716b92912a0b8e0d0931101b3cee6710ff2d8a5f"}	{"name": "UNKNOWN", "asset": "", "symbol": "UNKNOWN", "decimals": 18, "assetName": "UNKNOWN", "vaultShare": "", "assetSymbol": "UNKNOWN", "assetDecimals": 18, "vaultShareName": "UNKNOWN", "vaultShareSymbol": "UNKNOWN", "vaultShareDecimals": 18}
{"blockNumber":23619085,"chainId":1,"wrapperAddress":"0x920a14ff62fd09cc5802586fdc2ed7967c33bcfb"}	{"name": "UNKNOWN", "asset": "", "symbol": "UNKNOWN", "decimals": 18, "assetName": "UNKNOWN", "vaultShare": "", "assetSymbol": "UNKNOWN", "assetDecimals": 18, "vaultShareName": "UNKNOWN", "vaultShareSymbol": "UNKNOWN", "vaultShareDecimals": 18}
{"blockNumber":23619085,"chainId":1,"wrapperAddress":"0x1b7f3fa2052e17cf7b4aaec2281120a2ec39ee4c"}	{"name": "UNKNOWN", "asset": "", "symbol": "UNKNOWN", "decimals": 18, "assetName": "UNKNOWN", "vaultShare": "", "assetSymbol": "UNKNOWN", "assetDecimals": 18, "vaultShareName": "UNKNOWN", "vaultShareSymbol": "UNKNOWN", "vaultShareDecimals": 18}
{"blockNumber":23619102,"chainId":1,"wrapperAddress":"0x4a57c7b4a92e06b50782d801a35c26d74929891c"}	{"name": "UNKNOWN", "asset": "", "symbol": "UNKNOWN", "decimals": 18, "assetName": "UNKNOWN", "vaultShare": "", "assetSymbol": "UNKNOWN", "assetDecimals": 18, "vaultShareName": "UNKNOWN", "vaultShareSymbol": "UNKNOWN", "vaultShareDecimals": 18}
{"blockNumber":23619102,"chainId":1,"wrapperAddress":"0x7fae549beec83fba5439a0dd28f8581dcaf25b5d"}	{"name": "UNKNOWN", "asset": "", "symbol": "UNKNOWN", "decimals": 18, "assetName": "UNKNOWN", "vaultShare": "", "assetSymbol": "UNKNOWN", "assetDecimals": 18, "vaultShareName": "UNKNOWN", "vaultShareSymbol": "UNKNOWN", "vaultShareDecimals": 18}
{"blockNumber":23619102,"chainId":1,"wrapperAddress":"0x1447e15d3c70e183108178995b36ef023d2fee1e"}	{"name": "UNKNOWN", "asset": "", "symbol": "UNKNOWN", "decimals": 18, "assetName": "UNKNOWN", "vaultShare": "", "assetSymbol": "UNKNOWN", "assetDecimals": 18, "vaultShareName": "UNKNOWN", "vaultShareSymbol": "UNKNOWN", "vaultShareDecimals": 18}
{"blockNumber":23619102,"chainId":1,"wrapperAddress":"0x1c684a03b4c43f1f0b8dbed363d0d02e7faa939c"}	{"name": "UNKNOWN", "asset": "", "symbol": "UNKNOWN", "decimals": 18, "assetName": "UNKNOWN", "vaultShare": "", "assetSymbol": "UNKNOWN", "assetDecimals": 18, "vaultShareName": "UNKNOWN", "vaultShareSymbol": "UNKNOWN", "vaultShareDecimals": 18}
{"blockNumber":23619102,"chainId":1,"wrapperAddress":"0xef296a2de5c3bf392a0c317e28cbab002d9a00fb"}	{"name": "UNKNOWN", "asset": "", "symbol": "UNKNOWN", "decimals": 18, "assetName": "UNKNOWN", "vaultShare": "", "assetSymbol": "UNKNOWN", "assetDecimals": 18, "vaultShareName": "UNKNOWN", "vaultShareSymbol": "UNKNOWN", "vaultShareDecimals": 18}
{"blockNumber":23642188,"chainId":1,"wrapperAddress":"0x93fb96a980861f0566942e5036b9c88504a6806c"}	{"name": "UNKNOWN", "asset": "", "symbol": "UNKNOWN", "decimals": 18, "assetName": "UNKNOWN", "vaultShare": "", "assetSymbol": "UNKNOWN", "assetDecimals": 18, "vaultShareName": "UNKNOWN", "vaultShareSymbol": "UNKNOWN", "vaultShareDecimals": 18}
{"blockNumber":23642188,"chainId":1,"wrapperAddress":"0xb5975c867ac85cc37612d7604ed0f11c36866dbe"}	{"name": "UNKNOWN", "asset": "", "symbol": "UNKNOWN", "decimals": 18, "assetName": "UNKNOWN", "vaultShare": "", "assetSymbol": "UNKNOWN", "assetDecimals": 18, "vaultShareName": "UNKNOWN", "vaultShareSymbol": "UNKNOWN", "vaultShareDecimals": 18}
{"blockNumber":23642188,"chainId":1,"wrapperAddress":"0xf5a40006c84ddfac1cde13a3128b4cd67360c6df"}	{"name": "UNKNOWN", "asset": "", "symbol": "UNKNOWN", "decimals": 18, "assetName": "UNKNOWN", "vaultShare": "", "assetSymbol": "UNKNOWN", "assetDecimals": 18, "vaultShareName": "UNKNOWN", "vaultShareSymbol": "UNKNOWN", "vaultShareDecimals": 18}
{"blockNumber":23642188,"chainId":1,"wrapperAddress":"0x626e5822d5eee2ff21d22e712a26bd06a6bb4d21"}	{"name": "UNKNOWN", "asset": "", "symbol": "UNKNOWN", "decimals": 18, "assetName": "UNKNOWN", "vaultShare": "", "assetSymbol": "UNKNOWN", "assetDecimals": 18, "vaultShareName": "UNKNOWN", "vaultShareSymbol": "UNKNOWN", "vaultShareDecimals": 18}
{"blockNumber":23642188,"chainId":1,"wrapperAddress":"0x7398a3a744d092b757383448e38173c7b96da7b8"}	{"name": "UNKNOWN", "asset": "", "symbol": "UNKNOWN", "decimals": 18, "assetName": "UNKNOWN", "vaultShare": "", "assetSymbol": "UNKNOWN", "assetDecimals": 18, "vaultShareName": "UNKNOWN", "vaultShareSymbol": "UNKNOWN", "vaultShareDecimals": 18}
{"blockNumber":23642411,"chainId":1,"wrapperAddress":"0xf2e263ed3ea66f9c96e093a4527b6fef4ff3bbdc"}	{"name": "UNKNOWN", "asset": "", "symbol": "UNKNOWN", "decimals": 18, "assetName": "UNKNOWN", "vaultShare": "", "assetSymbol": "UNKNOWN", "assetDecimals": 18, "vaultShareName": "UNKNOWN", "vaultShareSymbol": "UNKNOWN", "vaultShareDecimals": 18}
{"blockNumber":23642411,"chainId":1,"wrapperAddress":"0x8aee384f3eb457411a7e035ae5917213ab6b0820"}	{"name": "UNKNOWN", "asset": "", "symbol": "UNKNOWN", "decimals": 18, "assetName": "UNKNOWN", "vaultShare": "", "assetSymbol": "UNKNOWN", "assetDecimals": 18, "vaultShareName": "UNKNOWN", "vaultShareSymbol": "UNKNOWN", "vaultShareDecimals": 18}
{"blockNumber":23642411,"chainId":1,"wrapperAddress":"0x581bdadcab25b60c368bd752cea417c2f5cd11cb"}	{"name": "UNKNOWN", "asset": "", "symbol": "UNKNOWN", "decimals": 18, "assetName": "UNKNOWN", "vaultShare": "", "assetSymbol": "UNKNOWN", "assetDecimals": 18, "vaultShareName": "UNKNOWN", "vaultShareSymbol": "UNKNOWN", "vaultShareDecimals": 18}
{"blockNumber":23642411,"chainId":1,"wrapperAddress":"0xf339a42374d2cb1897d6357762a3ade8af8b7ede"}	{"name": "UNKNOWN", "asset": "", "symbol": "UNKNOWN", "decimals": 18, "assetName": "UNKNOWN", "vaultShare": "", "assetSymbol": "UNKNOWN", "assetDecimals": 18, "vaultShareName": "UNKNOWN", "vaultShareSymbol": "UNKNOWN", "vaultShareDecimals": 18}
{"blockNumber":23642411,"chainId":1,"wrapperAddress":"0x0f48a73260436aa766d7d08094b43365d6c8142f"}	{"name": "UNKNOWN", "asset": "", "symbol": "UNKNOWN", "decimals": 18, "assetName": "UNKNOWN", "vaultShare": "", "assetSymbol": "UNKNOWN", "assetDecimals": 18, "vaultShareName": "UNKNOWN", "vaultShareSymbol": "UNKNOWN", "vaultShareDecimals": 18}
{"blockNumber":23644916,"chainId":1,"wrapperAddress":"0x8bb0fc99441f1e08cdf4cd503911e2ce0afbacc2"}	{"name": "UNKNOWN", "asset": "", "symbol": "UNKNOWN", "decimals": 18, "assetName": "UNKNOWN", "vaultShare": "", "assetSymbol": "UNKNOWN", "assetDecimals": 18, "vaultShareName": "UNKNOWN", "vaultShareSymbol": "UNKNOWN", "vaultShareDecimals": 18}
{"blockNumber":23644916,"chainId":1,"wrapperAddress":"0x5660dfea3c332224e42f334f0492d071fb41a9e4"}	{"name": "UNKNOWN", "asset": "", "symbol": "UNKNOWN", "decimals": 18, "assetName": "UNKNOWN", "vaultShare": "", "assetSymbol": "UNKNOWN", "assetDecimals": 18, "vaultShareName": "UNKNOWN", "vaultShareSymbol": "UNKNOWN", "vaultShareDecimals": 18}
{"blockNumber":23644916,"chainId":1,"wrapperAddress":"0x7d79e9a06fb63f1b01d5f74fd9c38a8aa45a0db8"}	{"name": "UNKNOWN", "asset": "", "symbol": "UNKNOWN", "decimals": 18, "assetName": "UNKNOWN", "vaultShare": "", "assetSymbol": "UNKNOWN", "assetDecimals": 18, "vaultShareName": "UNKNOWN", "vaultShareSymbol": "UNKNOWN", "vaultShareDecimals": 18}
{"blockNumber":23644916,"chainId":1,"wrapperAddress":"0x6c30c131a95bc2badee1a4148cd9036169625231"}	{"name": "UNKNOWN", "asset": "", "symbol": "UNKNOWN", "decimals": 18, "assetName": "UNKNOWN", "vaultShare": "", "assetSymbol": "UNKNOWN", "assetDecimals": 18, "vaultShareName": "UNKNOWN", "vaultShareSymbol": "UNKNOWN", "vaultShareDecimals": 18}
{"blockNumber":23644916,"chainId":1,"wrapperAddress":"0x2ff32d30bcbcae20cea3858eeb148c9cf2b40acb"}	{"name": "UNKNOWN", "asset": "", "symbol": "UNKNOWN", "decimals": 18, "assetName": "UNKNOWN", "vaultShare": "", "assetSymbol": "UNKNOWN", "assetDecimals": 18, "vaultShareName": "UNKNOWN", "vaultShareSymbol": "UNKNOWN", "vaultShareDecimals": 18}
{"blockNumber":23654871,"chainId":1,"wrapperAddress":"0xfcbe132452b6caa32addd4768db8fa02af73d841"}	{"name": "UNKNOWN", "asset": "", "symbol": "UNKNOWN", "decimals": 18, "assetName": "UNKNOWN", "vaultShare": "", "assetSymbol": "UNKNOWN", "assetDecimals": 18, "vaultShareName": "UNKNOWN", "vaultShareSymbol": "UNKNOWN", "vaultShareDecimals": 18}
{"blockNumber":23654964,"chainId":1,"wrapperAddress":"0x0447d0ad7fd6a3409b48ecbb9ddb075c1e11d735"}	{"name": "UNKNOWN", "asset": "", "symbol": "UNKNOWN", "decimals": 18, "assetName": "UNKNOWN", "vaultShare": "", "assetSymbol": "UNKNOWN", "assetDecimals": 18, "vaultShareName": "UNKNOWN", "vaultShareSymbol": "UNKNOWN", "vaultShareDecimals": 18}
{"blockNumber":23654997,"chainId":1,"wrapperAddress":"0x6b006870c83b1cd49e766ac9209f8d68763df721"}	{"name": "UNKNOWN", "asset": "", "symbol": "UNKNOWN", "decimals": 18, "assetName": "UNKNOWN", "vaultShare": "", "assetSymbol": "UNKNOWN", "assetDecimals": 18, "vaultShareName": "UNKNOWN", "vaultShareSymbol": "UNKNOWN", "vaultShareDecimals": 18}
{"blockNumber":23670279,"chainId":1,"wrapperAddress":"0x2f4be2b1681d8e0767a8bbf1654b32143546f4b1"}	{"name": "UNKNOWN", "asset": "", "symbol": "UNKNOWN", "decimals": 18, "assetName": "UNKNOWN", "vaultShare": "", "assetSymbol": "UNKNOWN", "assetDecimals": 18, "vaultShareName": "UNKNOWN", "vaultShareSymbol": "UNKNOWN", "vaultShareDecimals": 18}
{"blockNumber":23671189,"chainId":1,"wrapperAddress":"0xa168305e16d929ec65b1ceada9c7968585ccacf3"}	{"name": "UNKNOWN", "asset": "", "symbol": "UNKNOWN", "decimals": 18, "assetName": "UNKNOWN", "vaultShare": "", "assetSymbol": "UNKNOWN", "assetDecimals": 18, "vaultShareName": "UNKNOWN", "vaultShareSymbol": "UNKNOWN", "vaultShareDecimals": 18}
{"blockNumber":23671331,"chainId":1,"wrapperAddress":"0xbb1c8d3959025f68d340475376e46b9fade39d72"}	{"name": "UNKNOWN", "asset": "", "symbol": "UNKNOWN", "decimals": 18, "assetName": "UNKNOWN", "vaultShare": "", "assetSymbol": "UNKNOWN", "assetDecimals": 18, "vaultShareName": "UNKNOWN", "vaultShareSymbol": "UNKNOWN", "vaultShareDecimals": 18}
{"blockNumber":23677358,"chainId":1,"wrapperAddress":"0xc743f7a864f53e38e6e68a36f494dd55de6496aa"}	{"name": "MockSteer", "asset": "", "symbol": "MTSER", "decimals": 18, "assetName": "UNKNOWN", "vaultShare": "", "assetSymbol": "UNKNOWN", "assetDecimals": 18, "vaultShareName": "UNKNOWN", "vaultShareSymbol": "UNKNOWN", "vaultShareDecimals": 18}
{"blockNumber":23677681,"chainId":1,"wrapperAddress":"0xd5e63497ea88a56c203365b9ced1cea24f35560b"}	{"name": "BBStrategy", "asset": "", "symbol": "BBSTR", "decimals": 18, "assetName": "UNKNOWN", "vaultShare": "", "assetSymbol": "UNKNOWN", "assetDecimals": 18, "vaultShareName": "UNKNOWN", "vaultShareSymbol": "UNKNOWN", "vaultShareDecimals": 18}
{"blockNumber":23617599,"chainId":1,"wrapperAddress":"0xb8a451107a9f87fde481d4d686247d6e43ed715e"}	{"name": "Fusion stETH looping Ethereum", "asset": "0xae7ab96520DE3A18E5e111B5EaAb095312D7fE84", "symbol": "fusnstETH", "decimals": 20, "assetName": "Liquid staked Ether 2.0", "vaultShare": "", "assetSymbol": "stETH", "assetDecimals": 18, "vaultShareName": "UNKNOWN", "vaultShareSymbol": "UNKNOWN", "vaultShareDecimals": 18}
{"blockNumber":23619085,"chainId":1,"wrapperAddress":"0xe48cdd5ecec5aa53e630a7b4df12f79067b68dac"}	{"name": "TAU InfiniFi BTC Carry", "asset": "0x2260FAC5E5542a773Aa44fBCfeDf7C193bc2C599", "symbol": "$TAUSIUSDBTC", "decimals": 10, "assetName": "Wrapped BTC", "vaultShare": "", "assetSymbol": "WBTC", "assetDecimals": 8, "vaultShareName": "UNKNOWN", "vaultShareSymbol": "UNKNOWN", "vaultShareDecimals": 18}
{"blockNumber":23619102,"chainId":1,"wrapperAddress":"0xf6425415259c370d19d2ac8d1a04a87739e2dc26"}	{"name": "TAU InfiniFi ETH Carry", "asset": "0xC02aaA39b223FE8D0A0e5C4F27eAD9083C756Cc2", "symbol": "$TAUSIUSDETH", "decimals": 20, "assetName": "Wrapped Ether", "vaultShare": "", "assetSymbol": "WETH", "assetDecimals": 18, "vaultShareName": "UNKNOWN", "vaultShareSymbol": "UNKNOWN", "vaultShareDecimals": 18}
{"blockNumber":23642188,"chainId":1,"wrapperAddress":"0xc50b2d51fd1e2ac67a9c09eaf63c24ea2465c64b"}	{"name": "TAU infiniFi ETH Carry", "asset": "0x7f39C581F595B53c5cb19bD0b3f8dA6c935E2Ca0", "symbol": "$TAUSIUSDETH", "decimals": 20, "assetName": "Wrapped liquid staked Ether 2.0", "vaultShare": "", "assetSymbol": "wstETH", "assetDecimals": 18, "vaultShareName": "UNKNOWN", "vaultShareSymbol": "UNKNOWN", "vaultShareDecimals": 18}
{"blockNumber":23642411,"chainId":1,"wrapperAddress":"0x6c8a9e6e925f9553af591ef2b5baee0c3b693e0a"}	{"name": "Fusion weETH looping Ethereum", "asset": "0xCd5fE23C85820F7B72D0926FC9b05b43E359b7ee", "symbol": "fusnweETH", "decimals": 20, "assetName": "Wrapped eETH", "vaultShare": "", "assetSymbol": "weETH", "assetDecimals": 18, "vaultShareName": "UNKNOWN", "vaultShareSymbol": "UNKNOWN", "vaultShareDecimals": 18}
{"blockNumber":23644916,"chainId":1,"wrapperAddress":"0x467501644687a320a244816a338b5de0fb0b4d90"}	{"name": "King Gold Yield (PAXG)", "asset": "0x45804880De22913dAFE09f4980848ECE6EcbAf78", "symbol": "kpGOLD", "decimals": 20, "assetName": "Paxos Gold", "vaultShare": "", "assetSymbol": "PAXG", "assetDecimals": 18, "vaultShareName": "UNKNOWN", "vaultShareSymbol": "UNKNOWN", "vaultShareDecimals": 18}
{"blockNumber":23717996,"chainId":1,"wrapperAddress":"0xf9c6f2260393e499cba413cb5d3a62604f713f33"}	{"name": "UNKNOWN", "asset": "", "symbol": "UNKNOWN", "decimals": 18, "assetName": "UNKNOWN", "vaultShare": "", "assetSymbol": "UNKNOWN", "assetDecimals": 18, "vaultShareName": "UNKNOWN", "vaultShareSymbol": "UNKNOWN", "vaultShareDecimals": 18}
{"blockNumber":23718003,"chainId":1,"wrapperAddress":"0xce5997cb505e32411427b639f433920aad9a5bb3"}	{"name": "UNKNOWN", "asset": "", "symbol": "UNKNOWN", "decimals": 18, "assetName": "UNKNOWN", "vaultShare": "", "assetSymbol": "UNKNOWN", "assetDecimals": 18, "vaultShareName": "UNKNOWN", "vaultShareSymbol": "UNKNOWN", "vaultShareDecimals": 18}
{"blockNumber":23747913,"chainId":1,"wrapperAddress":"0xac32c569b70143834e9f6b433763d6c4ee356baa"}	{"name": "UNKNOWN", "asset": "", "symbol": "UNKNOWN", "decimals": 18, "assetName": "UNKNOWN", "vaultShare": "", "assetSymbol": "UNKNOWN", "assetDecimals": 18, "vaultShareName": "UNKNOWN", "vaultShareSymbol": "UNKNOWN", "vaultShareDecimals": 18}
{"blockNumber":23747913,"chainId":1,"wrapperAddress":"0x516c9f9869ef565b64c27158fb2d9a5a4dd11362"}	{"name": "UNKNOWN", "asset": "", "symbol": "UNKNOWN", "decimals": 18, "assetName": "UNKNOWN", "vaultShare": "", "assetSymbol": "UNKNOWN", "assetDecimals": 18, "vaultShareName": "UNKNOWN", "vaultShareSymbol": "UNKNOWN", "vaultShareDecimals": 18}
{"blockNumber":23747913,"chainId":1,"wrapperAddress":"0x7c1fdf15ef34f5e32d46cee9f6b1d21b7b67d799"}	{"name": "UNKNOWN", "asset": "", "symbol": "UNKNOWN", "decimals": 18, "assetName": "UNKNOWN", "vaultShare": "", "assetSymbol": "UNKNOWN", "assetDecimals": 18, "vaultShareName": "UNKNOWN", "vaultShareSymbol": "UNKNOWN", "vaultShareDecimals": 18}
{"blockNumber":23747913,"chainId":1,"wrapperAddress":"0xef180c89b5a36371ad9d460060245ac03875f2e3"}	{"name": "UNKNOWN", "asset": "", "symbol": "UNKNOWN", "decimals": 18, "assetName": "UNKNOWN", "vaultShare": "", "assetSymbol": "UNKNOWN", "assetDecimals": 18, "vaultShareName": "UNKNOWN", "vaultShareSymbol": "UNKNOWN", "vaultShareDecimals": 18}
{"blockNumber":23747913,"chainId":1,"wrapperAddress":"0x91e68fc3b4e4075d45fbd0b80d9be4c6d2f17788"}	{"name": "UNKNOWN", "asset": "", "symbol": "UNKNOWN", "decimals": 18, "assetName": "UNKNOWN", "vaultShare": "", "assetSymbol": "UNKNOWN", "assetDecimals": 18, "vaultShareName": "UNKNOWN", "vaultShareSymbol": "UNKNOWN", "vaultShareDecimals": 18}
{"blockNumber":23767502,"chainId":1,"wrapperAddress":"0x8e0918e2d9fce99fa35c59763012f6b26e01cdf9"}	{"name": "UNKNOWN", "asset": "", "symbol": "UNKNOWN", "decimals": 18, "assetName": "UNKNOWN", "vaultShare": "", "assetSymbol": "UNKNOWN", "assetDecimals": 18, "vaultShareName": "UNKNOWN", "vaultShareSymbol": "UNKNOWN", "vaultShareDecimals": 18}
{"blockNumber":23767502,"chainId":1,"wrapperAddress":"0x1226b93ab2738029c5f52a5b57a5180282ef8655"}	{"name": "UNKNOWN", "asset": "", "symbol": "UNKNOWN", "decimals": 18, "assetName": "UNKNOWN", "vaultShare": "", "assetSymbol": "UNKNOWN", "assetDecimals": 18, "vaultShareName": "UNKNOWN", "vaultShareSymbol": "UNKNOWN", "vaultShareDecimals": 18}
{"blockNumber":23767502,"chainId":1,"wrapperAddress":"0xbd21950b4067df61595220b03537a957567cd385"}	{"name": "UNKNOWN", "asset": "", "symbol": "UNKNOWN", "decimals": 18, "assetName": "UNKNOWN", "vaultShare": "", "assetSymbol": "UNKNOWN", "assetDecimals": 18, "vaultShareName": "UNKNOWN", "vaultShareSymbol": "UNKNOWN", "vaultShareDecimals": 18}
{"blockNumber":23767502,"chainId":1,"wrapperAddress":"0x8d867fce0dc60dde74920e8f8068570d28edea50"}	{"name": "UNKNOWN", "asset": "", "symbol": "UNKNOWN", "decimals": 18, "assetName": "UNKNOWN", "vaultShare": "", "assetSymbol": "UNKNOWN", "assetDecimals": 18, "vaultShareName": "UNKNOWN", "vaultShareSymbol": "UNKNOWN", "vaultShareDecimals": 18}
{"blockNumber":23767502,"chainId":1,"wrapperAddress":"0x099a1a5f972d61de77e231372633f518abd5bcf6"}	{"name": "UNKNOWN", "asset": "", "symbol": "UNKNOWN", "decimals": 18, "assetName": "UNKNOWN", "vaultShare": "", "assetSymbol": "UNKNOWN", "assetDecimals": 18, "vaultShareName": "UNKNOWN", "vaultShareSymbol": "UNKNOWN", "vaultShareDecimals": 18}
{"blockNumber":23697612,"chainId":1,"wrapperAddress":"0x205f7b9c99421d58d5c09a92445352a959801941"}	{"name": "Spectra ERC4626 Wrapper: avETH MAX", "asset": "0x9469470C9878bf3d6d0604831d9A3A366156f7EE", "symbol": "sw-avETHx", "decimals": 18, "assetName": "avETH", "vaultShare": "0x2E8b7190eE84E7AC757Ddff42Ba14d4EAe24B865", "assetSymbol": "avETH", "assetDecimals": 18, "vaultShareName": "avETH MAX", "vaultShareSymbol": "avETHx", "vaultShareDecimals": 18}
{"blockNumber":23747913,"chainId":1,"wrapperAddress":"0x63103375659d0aa94e9f35df15be01a3dd1ae9c0"}	{"name": "TAU Lending Optimizer", "asset": "0xA0b86991c6218b36c1d19D4a2e9Eb0cE3606eB48", "symbol": "TAULO", "decimals": 8, "assetName": "USD Coin", "vaultShare": "", "assetSymbol": "USDC", "assetDecimals": 6, "vaultShareName": "UNKNOWN", "vaultShareSymbol": "UNKNOWN", "vaultShareDecimals": 18}
{"blockNumber":23767502,"chainId":1,"wrapperAddress":"0x087b40429637f5366175b1c9379613b01d00a860"}	{"name": "Fusion weETH looping Ethereum", "asset": "0xCd5fE23C85820F7B72D0926FC9b05b43E359b7ee", "symbol": "fusnweETH", "decimals": 20, "assetName": "Wrapped eETH", "vaultShare": "", "assetSymbol": "weETH", "assetDecimals": 18, "vaultShareName": "UNKNOWN", "vaultShareSymbol": "UNKNOWN", "vaultShareDecimals": 18}
{"blockNumber":23825452,"chainId":1,"wrapperAddress":"0x7a78eafa8d2e3ecf273446a53cb1761eba76cca7"}	{"name": "UNKNOWN", "asset": "", "symbol": "UNKNOWN", "decimals": 18, "assetName": "UNKNOWN", "vaultShare": "", "assetSymbol": "UNKNOWN", "assetDecimals": 18, "vaultShareName": "UNKNOWN", "vaultShareSymbol": "UNKNOWN", "vaultShareDecimals": 18}
{"blockNumber":23825452,"chainId":1,"wrapperAddress":"0x0786dd33e1dcfedd9ad8c971e070bfe327eb7859"}	{"name": "UNKNOWN", "asset": "", "symbol": "UNKNOWN", "decimals": 18, "assetName": "UNKNOWN", "vaultShare": "", "assetSymbol": "UNKNOWN", "assetDecimals": 18, "vaultShareName": "UNKNOWN", "vaultShareSymbol": "UNKNOWN", "vaultShareDecimals": 18}
{"blockNumber":23825452,"chainId":1,"wrapperAddress":"0x19f28e2a81805197037147b1bc843c7ebd3d4334"}	{"name": "UNKNOWN", "asset": "", "symbol": "UNKNOWN", "decimals": 18, "assetName": "UNKNOWN", "vaultShare": "", "assetSymbol": "UNKNOWN", "assetDecimals": 18, "vaultShareName": "UNKNOWN", "vaultShareSymbol": "UNKNOWN", "vaultShareDecimals": 18}
{"blockNumber":23825452,"chainId":1,"wrapperAddress":"0x2d56f513b000110f526ff363988a7dea30b9a3b7"}	{"name": "UNKNOWN", "asset": "", "symbol": "UNKNOWN", "decimals": 18, "assetName": "UNKNOWN", "vaultShare": "", "assetSymbol": "UNKNOWN", "assetDecimals": 18, "vaultShareName": "UNKNOWN", "vaultShareSymbol": "UNKNOWN", "vaultShareDecimals": 18}
{"blockNumber":23825452,"chainId":1,"wrapperAddress":"0xf140fc7a78911954dce2dce589af6411d3912638"}	{"name": "UNKNOWN", "asset": "", "symbol": "UNKNOWN", "decimals": 18, "assetName": "UNKNOWN", "vaultShare": "", "assetSymbol": "UNKNOWN", "assetDecimals": 18, "vaultShareName": "UNKNOWN", "vaultShareSymbol": "UNKNOWN", "vaultShareDecimals": 18}
{"blockNumber":23837748,"chainId":1,"wrapperAddress":"0x4d85e75b6dde654ab7b48e931b4f977b72d2eeee"}	{"name": "UNKNOWN", "asset": "", "symbol": "UNKNOWN", "decimals": 18, "assetName": "UNKNOWN", "vaultShare": "", "assetSymbol": "UNKNOWN", "assetDecimals": 18, "vaultShareName": "UNKNOWN", "vaultShareSymbol": "UNKNOWN", "vaultShareDecimals": 18}
{"blockNumber":23875407,"chainId":1,"wrapperAddress":"0xf0000101561619d8a61abd045f47af4f41afe62d"}	{"name": "zUSDC", "asset": "", "symbol": "zUSDC", "decimals": 6, "assetName": "UNKNOWN", "vaultShare": "", "assetSymbol": "UNKNOWN", "assetDecimals": 18, "vaultShareName": "UNKNOWN", "vaultShareSymbol": "UNKNOWN", "vaultShareDecimals": 18}
{"blockNumber":23881921,"chainId":1,"wrapperAddress":"0x040f1f8005e6d2b364ad649132dcd2576ecc6acb"}	{"name": "UNKNOWN", "asset": "", "symbol": "UNKNOWN", "decimals": 18, "assetName": "UNKNOWN", "vaultShare": "", "assetSymbol": "UNKNOWN", "assetDecimals": 18, "vaultShareName": "UNKNOWN", "vaultShareSymbol": "UNKNOWN", "vaultShareDecimals": 18}
{"blockNumber":23881921,"chainId":1,"wrapperAddress":"0x322bad1db4a990117678dc6f04fdf1f86e9b6eee"}	{"name": "UNKNOWN", "asset": "", "symbol": "UNKNOWN", "decimals": 18, "assetName": "UNKNOWN", "vaultShare": "", "assetSymbol": "UNKNOWN", "assetDecimals": 18, "vaultShareName": "UNKNOWN", "vaultShareSymbol": "UNKNOWN", "vaultShareDecimals": 18}
{"blockNumber":23881921,"chainId":1,"wrapperAddress":"0x97138271213f097a9c03ef41b6fc6913c5b59042"}	{"name": "UNKNOWN", "asset": "", "symbol": "UNKNOWN", "decimals": 18, "assetName": "UNKNOWN", "vaultShare": "", "assetSymbol": "UNKNOWN", "assetDecimals": 18, "vaultShareName": "UNKNOWN", "vaultShareSymbol": "UNKNOWN", "vaultShareDecimals": 18}
{"blockNumber":23881921,"chainId":1,"wrapperAddress":"0x21b4c9ff110cddc1de44e54b3f6450397cc2a9d0"}	{"name": "UNKNOWN", "asset": "", "symbol": "UNKNOWN", "decimals": 18, "assetName": "UNKNOWN", "vaultShare": "", "assetSymbol": "UNKNOWN", "assetDecimals": 18, "vaultShareName": "UNKNOWN", "vaultShareSymbol": "UNKNOWN", "vaultShareDecimals": 18}
{"blockNumber":23881921,"chainId":1,"wrapperAddress":"0xb8f4bde913a77f9ddffa2b80fea2de77898cef7f"}	{"name": "UNKNOWN", "asset": "", "symbol": "UNKNOWN", "decimals": 18, "assetName": "UNKNOWN", "vaultShare": "", "assetSymbol": "UNKNOWN", "assetDecimals": 18, "vaultShareName": "UNKNOWN", "vaultShareSymbol": "UNKNOWN", "vaultShareDecimals": 18}
{"blockNumber":23884370,"chainId":1,"wrapperAddress":"0xdafa60b87c055d181489b014a21c90fa4cdeeed5"}	{"name": "UNKNOWN", "asset": "", "symbol": "UNKNOWN", "decimals": 18, "assetName": "UNKNOWN", "vaultShare": "", "assetSymbol": "UNKNOWN", "assetDecimals": 18, "vaultShareName": "UNKNOWN", "vaultShareSymbol": "UNKNOWN", "vaultShareDecimals": 18}
{"blockNumber":23884370,"chainId":1,"wrapperAddress":"0x58e012e91e813f92cae191b985e4e217270bb8d2"}	{"name": "UNKNOWN", "asset": "", "symbol": "UNKNOWN", "decimals": 18, "assetName": "UNKNOWN", "vaultShare": "", "assetSymbol": "UNKNOWN", "assetDecimals": 18, "vaultShareName": "UNKNOWN", "vaultShareSymbol": "UNKNOWN", "vaultShareDecimals": 18}
{"blockNumber":23884370,"chainId":1,"wrapperAddress":"0x965144676d86b69e45801a94c7db78a11200f260"}	{"name": "UNKNOWN", "asset": "", "symbol": "UNKNOWN", "decimals": 18, "assetName": "UNKNOWN", "vaultShare": "", "assetSymbol": "UNKNOWN", "assetDecimals": 18, "vaultShareName": "UNKNOWN", "vaultShareSymbol": "UNKNOWN", "vaultShareDecimals": 18}
{"blockNumber":23884370,"chainId":1,"wrapperAddress":"0x5bb11a9ad5c0cefb9f3ba1cddce565f8e3ae93df"}	{"name": "UNKNOWN", "asset": "", "symbol": "UNKNOWN", "decimals": 18, "assetName": "UNKNOWN", "vaultShare": "", "assetSymbol": "UNKNOWN", "assetDecimals": 18, "vaultShareName": "UNKNOWN", "vaultShareSymbol": "UNKNOWN", "vaultShareDecimals": 18}
{"blockNumber":23884370,"chainId":1,"wrapperAddress":"0x9f4bd364db01e12d094d7cfc482d63930a85c895"}	{"name": "UNKNOWN", "asset": "", "symbol": "UNKNOWN", "decimals": 18, "assetName": "UNKNOWN", "vaultShare": "", "assetSymbol": "UNKNOWN", "assetDecimals": 18, "vaultShareName": "UNKNOWN", "vaultShareSymbol": "UNKNOWN", "vaultShareDecimals": 18}
{"blockNumber":23825452,"chainId":1,"wrapperAddress":"0x87428d886f43068a44d7bdeef106d3c42e1d6f23"}	{"name": "AlchemistCS", "asset": "0x68749665FF8D2d112Fa859AA293F07A622782F38", "symbol": "ACHMCS", "decimals": 8, "assetName": "Tether Gold", "vaultShare": "", "assetSymbol": "XAUt", "assetDecimals": 6, "vaultShareName": "UNKNOWN", "vaultShareSymbol": "UNKNOWN", "vaultShareDecimals": 18}
{"blockNumber":23881921,"chainId":1,"wrapperAddress":"0xef53663bb775a51181f04d590f88fc38d6bd5751"}	{"name": "stcUSD fixed rate looping", "asset": "0xA0b86991c6218b36c1d19D4a2e9Eb0cE3606eB48", "symbol": "lstcUSD", "decimals": 8, "assetName": "USD Coin", "vaultShare": "", "assetSymbol": "USDC", "assetDecimals": 6, "vaultShareName": "UNKNOWN", "vaultShareSymbol": "UNKNOWN", "vaultShareDecimals": 18}
{"blockNumber":23884370,"chainId":1,"wrapperAddress":"0xc197ad72936b7c558c96417f22041fe9e3c7043f"}	{"name": "Reservoir High Yield USDC Lending", "asset": "0xA0b86991c6218b36c1d19D4a2e9Eb0cE3606eB48", "symbol": "ResHY", "decimals": 8, "assetName": "USD Coin", "vaultShare": "", "assetSymbol": "USDC", "assetDecimals": 6, "vaultShareName": "UNKNOWN", "vaultShareSymbol": "UNKNOWN", "vaultShareDecimals": 18}
{"blockNumber":23898458,"chainId":1,"wrapperAddress":"0x34b794f093ab8710ec5c90cc988b5c3e0cce5b54"}	{"name": "UNKNOWN", "asset": "", "symbol": "UNKNOWN", "decimals": 18, "assetName": "UNKNOWN", "vaultShare": "", "assetSymbol": "UNKNOWN", "assetDecimals": 18, "vaultShareName": "UNKNOWN", "vaultShareSymbol": "UNKNOWN", "vaultShareDecimals": 18}
{"blockNumber":23917654,"chainId":1,"wrapperAddress":"0x1eeffbdf5599a2314daf517f0ac9eb47a7d73734"}	{"name": "UNKNOWN", "asset": "", "symbol": "UNKNOWN", "decimals": 18, "assetName": "UNKNOWN", "vaultShare": "", "assetSymbol": "UNKNOWN", "assetDecimals": 18, "vaultShareName": "UNKNOWN", "vaultShareSymbol": "UNKNOWN", "vaultShareDecimals": 18}
{"blockNumber":23917654,"chainId":1,"wrapperAddress":"0x835afdcf46def31f1e2b8ae6d2268aef21323622"}	{"name": "UNKNOWN", "asset": "", "symbol": "UNKNOWN", "decimals": 18, "assetName": "UNKNOWN", "vaultShare": "", "assetSymbol": "UNKNOWN", "assetDecimals": 18, "vaultShareName": "UNKNOWN", "vaultShareSymbol": "UNKNOWN", "vaultShareDecimals": 18}
{"blockNumber":23917654,"chainId":1,"wrapperAddress":"0x243f203c292317ebaed39d500cd1c028db4a690f"}	{"name": "UNKNOWN", "asset": "", "symbol": "UNKNOWN", "decimals": 18, "assetName": "UNKNOWN", "vaultShare": "", "assetSymbol": "UNKNOWN", "assetDecimals": 18, "vaultShareName": "UNKNOWN", "vaultShareSymbol": "UNKNOWN", "vaultShareDecimals": 18}
{"blockNumber":23917654,"chainId":1,"wrapperAddress":"0x76fe75e8bbe06ca9c1bbe0e0b53fe5bd82d1f434"}	{"name": "UNKNOWN", "asset": "", "symbol": "UNKNOWN", "decimals": 18, "assetName": "UNKNOWN", "vaultShare": "", "assetSymbol": "UNKNOWN", "assetDecimals": 18, "vaultShareName": "UNKNOWN", "vaultShareSymbol": "UNKNOWN", "vaultShareDecimals": 18}
{"blockNumber":23917654,"chainId":1,"wrapperAddress":"0x26fd23585ddceb0176ddac18edcda718245f4ce6"}	{"name": "UNKNOWN", "asset": "", "symbol": "UNKNOWN", "decimals": 18, "assetName": "UNKNOWN", "vaultShare": "", "assetSymbol": "UNKNOWN", "assetDecimals": 18, "vaultShareName": "UNKNOWN", "vaultShareSymbol": "UNKNOWN", "vaultShareDecimals": 18}
{"blockNumber":23917821,"chainId":1,"wrapperAddress":"0x5b1acc113210ec2cffeb185f7bd48b47a44f26e0"}	{"name": "UNKNOWN", "asset": "", "symbol": "UNKNOWN", "decimals": 18, "assetName": "UNKNOWN", "vaultShare": "", "assetSymbol": "UNKNOWN", "assetDecimals": 18, "vaultShareName": "UNKNOWN", "vaultShareSymbol": "UNKNOWN", "vaultShareDecimals": 18}
{"blockNumber":23917821,"chainId":1,"wrapperAddress":"0xfd0b0cf1553c72799d8d26ef31db17216d7424b6"}	{"name": "UNKNOWN", "asset": "", "symbol": "UNKNOWN", "decimals": 18, "assetName": "UNKNOWN", "vaultShare": "", "assetSymbol": "UNKNOWN", "assetDecimals": 18, "vaultShareName": "UNKNOWN", "vaultShareSymbol": "UNKNOWN", "vaultShareDecimals": 18}
{"blockNumber":23917821,"chainId":1,"wrapperAddress":"0x855cf1567dee9dff02142ac1d06342f9eb7eaa8a"}	{"name": "UNKNOWN", "asset": "", "symbol": "UNKNOWN", "decimals": 18, "assetName": "UNKNOWN", "vaultShare": "", "assetSymbol": "UNKNOWN", "assetDecimals": 18, "vaultShareName": "UNKNOWN", "vaultShareSymbol": "UNKNOWN", "vaultShareDecimals": 18}
{"blockNumber":23917821,"chainId":1,"wrapperAddress":"0x6165e510b382c886e80ef36e5399f7770079b6a1"}	{"name": "UNKNOWN", "asset": "", "symbol": "UNKNOWN", "decimals": 18, "assetName": "UNKNOWN", "vaultShare": "", "assetSymbol": "UNKNOWN", "assetDecimals": 18, "vaultShareName": "UNKNOWN", "vaultShareSymbol": "UNKNOWN", "vaultShareDecimals": 18}
{"blockNumber":23917821,"chainId":1,"wrapperAddress":"0x87ab0be67bb4f6b7bd428cc531f6640a85ec51b9"}	{"name": "UNKNOWN", "asset": "", "symbol": "UNKNOWN", "decimals": 18, "assetName": "UNKNOWN", "vaultShare": "", "assetSymbol": "UNKNOWN", "assetDecimals": 18, "vaultShareName": "UNKNOWN", "vaultShareSymbol": "UNKNOWN", "vaultShareDecimals": 18}
{"blockNumber":23924539,"chainId":1,"wrapperAddress":"0xfe18e6353d527aed29c07163de22fc02c47616b9"}	{"name": "UNKNOWN", "asset": "", "symbol": "UNKNOWN", "decimals": 18, "assetName": "UNKNOWN", "vaultShare": "", "assetSymbol": "UNKNOWN", "assetDecimals": 18, "vaultShareName": "UNKNOWN", "vaultShareSymbol": "UNKNOWN", "vaultShareDecimals": 18}
{"blockNumber":23924539,"chainId":1,"wrapperAddress":"0x91992c76ffb6761aea1f3b4611472d86fdf35af9"}	{"name": "UNKNOWN", "asset": "", "symbol": "UNKNOWN", "decimals": 18, "assetName": "UNKNOWN", "vaultShare": "", "assetSymbol": "UNKNOWN", "assetDecimals": 18, "vaultShareName": "UNKNOWN", "vaultShareSymbol": "UNKNOWN", "vaultShareDecimals": 18}
{"blockNumber":23924539,"chainId":1,"wrapperAddress":"0x940fafc27e9f67d81bba8aadcc96030241e6b7ad"}	{"name": "UNKNOWN", "asset": "", "symbol": "UNKNOWN", "decimals": 18, "assetName": "UNKNOWN", "vaultShare": "", "assetSymbol": "UNKNOWN", "assetDecimals": 18, "vaultShareName": "UNKNOWN", "vaultShareSymbol": "UNKNOWN", "vaultShareDecimals": 18}
{"blockNumber":23924539,"chainId":1,"wrapperAddress":"0xc9728b27279b474f85ed12b6d04019169bc241bc"}	{"name": "UNKNOWN", "asset": "", "symbol": "UNKNOWN", "decimals": 18, "assetName": "UNKNOWN", "vaultShare": "", "assetSymbol": "UNKNOWN", "assetDecimals": 18, "vaultShareName": "UNKNOWN", "vaultShareSymbol": "UNKNOWN", "vaultShareDecimals": 18}
{"blockNumber":23924539,"chainId":1,"wrapperAddress":"0xca5d422b0f7eeef092515e8d1cd72dacee972340"}	{"name": "UNKNOWN", "asset": "", "symbol": "UNKNOWN", "decimals": 18, "assetName": "UNKNOWN", "vaultShare": "", "assetSymbol": "UNKNOWN", "assetDecimals": 18, "vaultShareName": "UNKNOWN", "vaultShareSymbol": "UNKNOWN", "vaultShareDecimals": 18}
{"blockNumber":23926173,"chainId":1,"wrapperAddress":"0xce6502004de605dd1bb48aa61c593a19aa99f328"}	{"name": "UNKNOWN", "asset": "", "symbol": "UNKNOWN", "decimals": 18, "assetName": "UNKNOWN", "vaultShare": "", "assetSymbol": "UNKNOWN", "assetDecimals": 18, "vaultShareName": "UNKNOWN", "vaultShareSymbol": "UNKNOWN", "vaultShareDecimals": 18}
{"blockNumber":23926173,"chainId":1,"wrapperAddress":"0x60db0f78c280d58f850297114089a63be3e4c8ab"}	{"name": "UNKNOWN", "asset": "", "symbol": "UNKNOWN", "decimals": 18, "assetName": "UNKNOWN", "vaultShare": "", "assetSymbol": "UNKNOWN", "assetDecimals": 18, "vaultShareName": "UNKNOWN", "vaultShareSymbol": "UNKNOWN", "vaultShareDecimals": 18}
{"blockNumber":23926173,"chainId":1,"wrapperAddress":"0x028ca2dacddffa3cc19f941349a14c14e748ea50"}	{"name": "UNKNOWN", "asset": "", "symbol": "UNKNOWN", "decimals": 18, "assetName": "UNKNOWN", "vaultShare": "", "assetSymbol": "UNKNOWN", "assetDecimals": 18, "vaultShareName": "UNKNOWN", "vaultShareSymbol": "UNKNOWN", "vaultShareDecimals": 18}
{"blockNumber":23926173,"chainId":1,"wrapperAddress":"0xa8ece3b1b8d8982a13f9fd553a73095c740e0527"}	{"name": "UNKNOWN", "asset": "", "symbol": "UNKNOWN", "decimals": 18, "assetName": "UNKNOWN", "vaultShare": "", "assetSymbol": "UNKNOWN", "assetDecimals": 18, "vaultShareName": "UNKNOWN", "vaultShareSymbol": "UNKNOWN", "vaultShareDecimals": 18}
{"blockNumber":23926173,"chainId":1,"wrapperAddress":"0x9b9e3dbd774d5d704980ca854c9cb644a7370152"}	{"name": "UNKNOWN", "asset": "", "symbol": "UNKNOWN", "decimals": 18, "assetName": "UNKNOWN", "vaultShare": "", "assetSymbol": "UNKNOWN", "assetDecimals": 18, "vaultShareName": "UNKNOWN", "vaultShareSymbol": "UNKNOWN", "vaultShareDecimals": 18}
{"blockNumber":23926272,"chainId":1,"wrapperAddress":"0xbb30b6ac19edbabb7d1cc73eda280a2adb441784"}	{"name": "UNKNOWN", "asset": "", "symbol": "UNKNOWN", "decimals": 18, "assetName": "UNKNOWN", "vaultShare": "", "assetSymbol": "UNKNOWN", "assetDecimals": 18, "vaultShareName": "UNKNOWN", "vaultShareSymbol": "UNKNOWN", "vaultShareDecimals": 18}
{"blockNumber":23926272,"chainId":1,"wrapperAddress":"0x014435ff386a07ffb6ec75104b38d49fa05f2ada"}	{"name": "UNKNOWN", "asset": "", "symbol": "UNKNOWN", "decimals": 18, "assetName": "UNKNOWN", "vaultShare": "", "assetSymbol": "UNKNOWN", "assetDecimals": 18, "vaultShareName": "UNKNOWN", "vaultShareSymbol": "UNKNOWN", "vaultShareDecimals": 18}
{"blockNumber":23926272,"chainId":1,"wrapperAddress":"0x556107a9d0f9d01a00c975ea1c0a614fb1299a31"}	{"name": "UNKNOWN", "asset": "", "symbol": "UNKNOWN", "decimals": 18, "assetName": "UNKNOWN", "vaultShare": "", "assetSymbol": "UNKNOWN", "assetDecimals": 18, "vaultShareName": "UNKNOWN", "vaultShareSymbol": "UNKNOWN", "vaultShareDecimals": 18}
{"blockNumber":23926272,"chainId":1,"wrapperAddress":"0x50fb7cab28265a4117c51e825037c42745cc9973"}	{"name": "UNKNOWN", "asset": "", "symbol": "UNKNOWN", "decimals": 18, "assetName": "UNKNOWN", "vaultShare": "", "assetSymbol": "UNKNOWN", "assetDecimals": 18, "vaultShareName": "UNKNOWN", "vaultShareSymbol": "UNKNOWN", "vaultShareDecimals": 18}
{"blockNumber":23926272,"chainId":1,"wrapperAddress":"0x745113ce3dd483daed4ff510a24fd63e4b80a9ea"}	{"name": "UNKNOWN", "asset": "", "symbol": "UNKNOWN", "decimals": 18, "assetName": "UNKNOWN", "vaultShare": "", "assetSymbol": "UNKNOWN", "assetDecimals": 18, "vaultShareName": "UNKNOWN", "vaultShareSymbol": "UNKNOWN", "vaultShareDecimals": 18}
{"blockNumber":23926573,"chainId":1,"wrapperAddress":"0xfef55eb450fb653a755b26512823574e7d20cc51"}	{"name": "UNKNOWN", "asset": "", "symbol": "UNKNOWN", "decimals": 18, "assetName": "UNKNOWN", "vaultShare": "", "assetSymbol": "UNKNOWN", "assetDecimals": 18, "vaultShareName": "UNKNOWN", "vaultShareSymbol": "UNKNOWN", "vaultShareDecimals": 18}
{"blockNumber":23926587,"chainId":1,"wrapperAddress":"0xd0c7a40dff5eef4cef4c659474cb7b7bdea7b60b"}	{"name": "UNKNOWN", "asset": "", "symbol": "UNKNOWN", "decimals": 18, "assetName": "UNKNOWN", "vaultShare": "", "assetSymbol": "UNKNOWN", "assetDecimals": 18, "vaultShareName": "UNKNOWN", "vaultShareSymbol": "UNKNOWN", "vaultShareDecimals": 18}
{"blockNumber":23926610,"chainId":1,"wrapperAddress":"0xed9ea2f3d2c18e7b67723396188c0804be8b5f12"}	{"name": "UNKNOWN", "asset": "", "symbol": "UNKNOWN", "decimals": 18, "assetName": "UNKNOWN", "vaultShare": "", "assetSymbol": "UNKNOWN", "assetDecimals": 18, "vaultShareName": "UNKNOWN", "vaultShareSymbol": "UNKNOWN", "vaultShareDecimals": 18}
{"blockNumber":23934201,"chainId":1,"wrapperAddress":"0xceac924839ba0ef49613d8ff10609434939beb5b"}	{"name": "UNKNOWN", "asset": "", "symbol": "UNKNOWN", "decimals": 18, "assetName": "UNKNOWN", "vaultShare": "", "assetSymbol": "UNKNOWN", "assetDecimals": 18, "vaultShareName": "UNKNOWN", "vaultShareSymbol": "UNKNOWN", "vaultShareDecimals": 18}
{"blockNumber":23934214,"chainId":1,"wrapperAddress":"0xa84933dee05514258e4c2b54468389539567634f"}	{"name": "UNKNOWN", "asset": "", "symbol": "UNKNOWN", "decimals": 18, "assetName": "UNKNOWN", "vaultShare": "", "assetSymbol": "UNKNOWN", "assetDecimals": 18, "vaultShareName": "UNKNOWN", "vaultShareSymbol": "UNKNOWN", "vaultShareDecimals": 18}
{"blockNumber":23934233,"chainId":1,"wrapperAddress":"0xc12247e25bf2ec1a1d43efa7b5f9e6b579b32f40"}	{"name": "UNKNOWN", "asset": "", "symbol": "UNKNOWN", "decimals": 18, "assetName": "UNKNOWN", "vaultShare": "", "assetSymbol": "UNKNOWN", "assetDecimals": 18, "vaultShareName": "UNKNOWN", "vaultShareSymbol": "UNKNOWN", "vaultShareDecimals": 18}
{"blockNumber":23934383,"chainId":1,"wrapperAddress":"0x3bb6eda385c905d300d878516268c73a73ff78c6"}	{"name": "Clear USD Vault", "asset": "", "symbol": "ClearUSD", "decimals": 18, "assetName": "UNKNOWN", "vaultShare": "", "assetSymbol": "UNKNOWN", "assetDecimals": 18, "vaultShareName": "UNKNOWN", "vaultShareSymbol": "UNKNOWN", "vaultShareDecimals": 18}
{"blockNumber":23934767,"chainId":1,"wrapperAddress":"0xec4ba53e617e72313ed750db891e17f972b1f573"}	{"name": "Clear IOU: USD Coin", "asset": "", "symbol": "iouUSDC", "decimals": 6, "assetName": "UNKNOWN", "vaultShare": "", "assetSymbol": "UNKNOWN", "assetDecimals": 18, "vaultShareName": "UNKNOWN", "vaultShareSymbol": "UNKNOWN", "vaultShareDecimals": 18}
{"blockNumber":23934823,"chainId":1,"wrapperAddress":"0x1d0c64c673344961bc9229a0f9037eedf66dfd03"}	{"name": "Clear IOU: GHO", "asset": "", "symbol": "iouGHO", "decimals": 18, "assetName": "UNKNOWN", "vaultShare": "", "assetSymbol": "UNKNOWN", "assetDecimals": 18, "vaultShareName": "UNKNOWN", "vaultShareSymbol": "UNKNOWN", "vaultShareDecimals": 18}
{"blockNumber":23939476,"chainId":1,"wrapperAddress":"0x19b3161c7c25c94da0a3f79ee2e9407f02a85bac"}	{"name": "UNKNOWN", "asset": "", "symbol": "UNKNOWN", "decimals": 18, "assetName": "UNKNOWN", "vaultShare": "", "assetSymbol": "UNKNOWN", "assetDecimals": 18, "vaultShareName": "UNKNOWN", "vaultShareSymbol": "UNKNOWN", "vaultShareDecimals": 18}
{"blockNumber":23939478,"chainId":1,"wrapperAddress":"0x4bad075188d11f513497a28aca6f6dcfee293bb5"}	{"name": "UNKNOWN", "asset": "", "symbol": "UNKNOWN", "decimals": 18, "assetName": "UNKNOWN", "vaultShare": "", "assetSymbol": "UNKNOWN", "assetDecimals": 18, "vaultShareName": "UNKNOWN", "vaultShareSymbol": "UNKNOWN", "vaultShareDecimals": 18}
{"blockNumber":23939480,"chainId":1,"wrapperAddress":"0xe403614f41554fc0f7a3dd581878d0024dc978e9"}	{"name": "UNKNOWN", "asset": "", "symbol": "UNKNOWN", "decimals": 18, "assetName": "UNKNOWN", "vaultShare": "", "assetSymbol": "UNKNOWN", "assetDecimals": 18, "vaultShareName": "UNKNOWN", "vaultShareSymbol": "UNKNOWN", "vaultShareDecimals": 18}
{"blockNumber":23939570,"chainId":1,"wrapperAddress":"0x0f9516e62e42b195de8c6836679bd6582efdd59e"}	{"name": "UNKNOWN", "asset": "", "symbol": "UNKNOWN", "decimals": 18, "assetName": "UNKNOWN", "vaultShare": "", "assetSymbol": "UNKNOWN", "assetDecimals": 18, "vaultShareName": "UNKNOWN", "vaultShareSymbol": "UNKNOWN", "vaultShareDecimals": 18}
{"blockNumber":23939572,"chainId":1,"wrapperAddress":"0x9b4e525f665709c4ee31da676b83d824d3b34d6c"}	{"name": "UNKNOWN", "asset": "", "symbol": "UNKNOWN", "decimals": 18, "assetName": "UNKNOWN", "vaultShare": "", "assetSymbol": "UNKNOWN", "assetDecimals": 18, "vaultShareName": "UNKNOWN", "vaultShareSymbol": "UNKNOWN", "vaultShareDecimals": 18}
{"blockNumber":23939585,"chainId":1,"wrapperAddress":"0x98b4b7bbeff13656e9d6965071d6269d94b9722a"}	{"name": "UNKNOWN", "asset": "", "symbol": "UNKNOWN", "decimals": 18, "assetName": "UNKNOWN", "vaultShare": "", "assetSymbol": "UNKNOWN", "assetDecimals": 18, "vaultShareName": "UNKNOWN", "vaultShareSymbol": "UNKNOWN", "vaultShareDecimals": 18}
{"blockNumber":23946477,"chainId":1,"wrapperAddress":"0x26a20ce3a3af57f7bfe4cd5f8796efa0b0229cfa"}	{"name": "UNKNOWN", "asset": "", "symbol": "UNKNOWN", "decimals": 18, "assetName": "UNKNOWN", "vaultShare": "", "assetSymbol": "UNKNOWN", "assetDecimals": 18, "vaultShareName": "UNKNOWN", "vaultShareSymbol": "UNKNOWN", "vaultShareDecimals": 18}
{"blockNumber":23948148,"chainId":1,"wrapperAddress":"0xa1e7f5ee8359a6f3b277091bfdf7c4e4a42f4623"}	{"name": "UNKNOWN", "asset": "", "symbol": "UNKNOWN", "decimals": 18, "assetName": "UNKNOWN", "vaultShare": "", "assetSymbol": "UNKNOWN", "assetDecimals": 18, "vaultShareName": "UNKNOWN", "vaultShareSymbol": "UNKNOWN", "vaultShareDecimals": 18}
{"blockNumber":23965175,"chainId":1,"wrapperAddress":"0xa79d092ff1382fca187e219d490368bc6ee19e4d"}	{"name": "UNKNOWN", "asset": "", "symbol": "UNKNOWN", "decimals": 18, "assetName": "UNKNOWN", "vaultShare": "", "assetSymbol": "UNKNOWN", "assetDecimals": 18, "vaultShareName": "UNKNOWN", "vaultShareSymbol": "UNKNOWN", "vaultShareDecimals": 18}
{"blockNumber":23968197,"chainId":1,"wrapperAddress":"0xf5847c47bd5cedcba797c9267f50634ceb3511a2"}	{"name": "UNKNOWN", "asset": "", "symbol": "UNKNOWN", "decimals": 18, "assetName": "UNKNOWN", "vaultShare": "", "assetSymbol": "UNKNOWN", "assetDecimals": 18, "vaultShareName": "UNKNOWN", "vaultShareSymbol": "UNKNOWN", "vaultShareDecimals": 18}
{"blockNumber":23969310,"chainId":1,"wrapperAddress":"0x8bf266ed803e474ae7bf09adb5ba2566c489223d"}	{"name": "UNKNOWN", "asset": "", "symbol": "UNKNOWN", "decimals": 18, "assetName": "UNKNOWN", "vaultShare": "", "assetSymbol": "UNKNOWN", "assetDecimals": 18, "vaultShareName": "UNKNOWN", "vaultShareSymbol": "UNKNOWN", "vaultShareDecimals": 18}
{"blockNumber":23969442,"chainId":1,"wrapperAddress":"0x049ad7ff0c6bdbab86baf4b1a5a5ca975e234fca"}	{"name": "UNKNOWN", "asset": "", "symbol": "UNKNOWN", "decimals": 18, "assetName": "UNKNOWN", "vaultShare": "", "assetSymbol": "UNKNOWN", "assetDecimals": 18, "vaultShareName": "UNKNOWN", "vaultShareSymbol": "UNKNOWN", "vaultShareDecimals": 18}
{"blockNumber":23969469,"chainId":1,"wrapperAddress":"0xeb5ad3d93e59efcbc6934cad2b48eb33baf29745"}	{"name": "UNKNOWN", "asset": "", "symbol": "UNKNOWN", "decimals": 18, "assetName": "UNKNOWN", "vaultShare": "", "assetSymbol": "UNKNOWN", "assetDecimals": 18, "vaultShareName": "UNKNOWN", "vaultShareSymbol": "UNKNOWN", "vaultShareDecimals": 18}
{"blockNumber":23969538,"chainId":1,"wrapperAddress":"0x5cc8b3282dcc692532b857a68bc0fb07f45fbade"}	{"name": "Clear USD Vault", "asset": "", "symbol": "ClearUSD", "decimals": 18, "assetName": "UNKNOWN", "vaultShare": "", "assetSymbol": "UNKNOWN", "assetDecimals": 18, "vaultShareName": "UNKNOWN", "vaultShareSymbol": "UNKNOWN", "vaultShareDecimals": 18}
{"blockNumber":23969552,"chainId":1,"wrapperAddress":"0x1267a63dc2d3af46b1333326f49b4d746374ac2e"}	{"name": "Clear IOU: USD Coin", "asset": "", "symbol": "iouUSDC", "decimals": 6, "assetName": "UNKNOWN", "vaultShare": "", "assetSymbol": "UNKNOWN", "assetDecimals": 18, "vaultShareName": "UNKNOWN", "vaultShareSymbol": "UNKNOWN", "vaultShareDecimals": 18}
{"blockNumber":23969569,"chainId":1,"wrapperAddress":"0x50ca266a50c6531dce25ee7da0dfb57a06bd864e"}	{"name": "Clear IOU: GHO", "asset": "", "symbol": "iouGHO", "decimals": 18, "assetName": "UNKNOWN", "vaultShare": "", "assetSymbol": "UNKNOWN", "assetDecimals": 18, "vaultShareName": "UNKNOWN", "vaultShareSymbol": "UNKNOWN", "vaultShareDecimals": 18}
{"blockNumber":23988903,"chainId":1,"wrapperAddress":"0x42149f0a945952f80e462ca113fbdb8ca71756c8"}	{"name": "UNKNOWN", "asset": "", "symbol": "UNKNOWN", "decimals": 18, "assetName": "UNKNOWN", "vaultShare": "", "assetSymbol": "UNKNOWN", "assetDecimals": 18, "vaultShareName": "UNKNOWN", "vaultShareSymbol": "UNKNOWN", "vaultShareDecimals": 18}
{"blockNumber":23996880,"chainId":1,"wrapperAddress":"0x66d53a249cdb124bc388b0f2c7e30dab56bcef01"}	{"name": "UNKNOWN", "asset": "", "symbol": "UNKNOWN", "decimals": 18, "assetName": "UNKNOWN", "vaultShare": "", "assetSymbol": "UNKNOWN", "assetDecimals": 18, "vaultShareName": "UNKNOWN", "vaultShareSymbol": "UNKNOWN", "vaultShareDecimals": 18}
{"blockNumber":24005116,"chainId":1,"wrapperAddress":"0xad21686d1820db593aa1ac6c15f5a336e8e4b961"}	{"name": "UNKNOWN", "asset": "", "symbol": "UNKNOWN", "decimals": 18, "assetName": "UNKNOWN", "vaultShare": "", "assetSymbol": "UNKNOWN", "assetDecimals": 18, "vaultShareName": "UNKNOWN", "vaultShareSymbol": "UNKNOWN", "vaultShareDecimals": 18}
{"blockNumber":24005397,"chainId":1,"wrapperAddress":"0xfa3bb6eaf85d99dbc234b5bb8849e72a5e7790c6"}	{"name": "Multiverse Drawing Rights", "asset": "", "symbol": "MDR", "decimals": 18, "assetName": "UNKNOWN", "vaultShare": "", "assetSymbol": "UNKNOWN", "assetDecimals": 18, "vaultShareName": "UNKNOWN", "vaultShareSymbol": "UNKNOWN", "vaultShareDecimals": 18}
{"blockNumber":24005598,"chainId":1,"wrapperAddress":"0x7d104283df8bbd6d00acfa8799cee90ebd931ad4"}	{"name": "UNKNOWN", "asset": "", "symbol": "UNKNOWN", "decimals": 18, "assetName": "UNKNOWN", "vaultShare": "", "assetSymbol": "UNKNOWN", "assetDecimals": 18, "vaultShareName": "UNKNOWN", "vaultShareSymbol": "UNKNOWN", "vaultShareDecimals": 18}
{"blockNumber":24005714,"chainId":1,"wrapperAddress":"0xfc61241a4236c4995fb0884b9da70b9f0011eac8"}	{"name": "Type B Plot", "asset": "", "symbol": "TBP", "decimals": 18, "assetName": "UNKNOWN", "vaultShare": "", "assetSymbol": "UNKNOWN", "assetDecimals": 18, "vaultShareName": "UNKNOWN", "vaultShareSymbol": "UNKNOWN", "vaultShareDecimals": 18}
{"blockNumber":24005792,"chainId":1,"wrapperAddress":"0xdd4942e67988ab8fe5c79fa6151e195a8bc0408a"}	{"name": "Type A Plot", "asset": "", "symbol": "TAP", "decimals": 18, "assetName": "UNKNOWN", "vaultShare": "", "assetSymbol": "UNKNOWN", "assetDecimals": 18, "vaultShareName": "UNKNOWN", "vaultShareSymbol": "UNKNOWN", "vaultShareDecimals": 18}
{"blockNumber":24005854,"chainId":1,"wrapperAddress":"0xcd1d1733aa4e5c5526ff64718868cdce644fab17"}	{"name": "Type P Plot", "asset": "", "symbol": "TPP", "decimals": 18, "assetName": "UNKNOWN", "vaultShare": "", "assetSymbol": "UNKNOWN", "assetDecimals": 18, "vaultShareName": "UNKNOWN", "vaultShareSymbol": "UNKNOWN", "vaultShareDecimals": 18}
{"blockNumber":24006018,"chainId":1,"wrapperAddress":"0x0aedf8fc57e5a6c81a934edebb41d7c93291fdfa"}	{"name": "Neo Type W Plot", "asset": "", "symbol": "NTWP", "decimals": 18, "assetName": "UNKNOWN", "vaultShare": "", "assetSymbol": "UNKNOWN", "assetDecimals": 18, "vaultShareName": "UNKNOWN", "vaultShareSymbol": "UNKNOWN", "vaultShareDecimals": 18}
{"blockNumber":24006115,"chainId":1,"wrapperAddress":"0xf0052e3aac0be3210e0765e7d51cd828d0cafb8c"}	{"name": "Neo Art NFT", "asset": "", "symbol": "NAN", "decimals": 18, "assetName": "UNKNOWN", "vaultShare": "", "assetSymbol": "UNKNOWN", "assetDecimals": 18, "vaultShareName": "UNKNOWN", "vaultShareSymbol": "UNKNOWN", "vaultShareDecimals": 18}
{"blockNumber":24006178,"chainId":1,"wrapperAddress":"0x71f49371271334ef58995fae824b9d153e41c0d1"}	{"name": "Neo Plot Story NFT", "asset": "", "symbol": "NPN", "decimals": 18, "assetName": "UNKNOWN", "vaultShare": "", "assetSymbol": "UNKNOWN", "assetDecimals": 18, "vaultShareName": "UNKNOWN", "vaultShareSymbol": "UNKNOWN", "vaultShareDecimals": 18}
{"blockNumber":24006259,"chainId":1,"wrapperAddress":"0x5e97323e5ed54c3d75c3ccfe8a9fe7f6f294c81b"}	{"name": "UNKNOWN", "asset": "", "symbol": "UNKNOWN", "decimals": 18, "assetName": "UNKNOWN", "vaultShare": "", "assetSymbol": "UNKNOWN", "assetDecimals": 18, "vaultShareName": "UNKNOWN", "vaultShareSymbol": "UNKNOWN", "vaultShareDecimals": 18}
{"blockNumber":24006400,"chainId":1,"wrapperAddress":"0x6524dfb19cae894aa4a7f88ab1a84a91e2a5403d"}	{"name": "UNKNOWN", "asset": "", "symbol": "UNKNOWN", "decimals": 18, "assetName": "UNKNOWN", "vaultShare": "", "assetSymbol": "UNKNOWN", "assetDecimals": 18, "vaultShareName": "UNKNOWN", "vaultShareSymbol": "UNKNOWN", "vaultShareDecimals": 18}
{"blockNumber":23905360,"chainId":1,"wrapperAddress":"0xd7791fa3f4cfb533fe905e6918cea760cc5d9298"}	{"name": "Clear SGHO adapter", "asset": "0x40D16FC0246aD3160Ccc09B8D0D3A2cD28aE6C2f", "symbol": "csGho", "decimals": 18, "assetName": "Gho Token", "vaultShare": "", "assetSymbol": "GHO", "assetDecimals": 18, "vaultShareName": "UNKNOWN", "vaultShareSymbol": "UNKNOWN", "vaultShareDecimals": 18}
{"blockNumber":23917654,"chainId":1,"wrapperAddress":"0xd7a32271d7829a6c297a1e443f033b97b6c832a7"}	{"name": "test", "asset": "0xA0b86991c6218b36c1d19D4a2e9Eb0cE3606eB48", "symbol": "TESTK", "decimals": 8, "assetName": "USD Coin", "vaultShare": "", "assetSymbol": "USDC", "assetDecimals": 6, "vaultShareName": "UNKNOWN", "vaultShareSymbol": "UNKNOWN", "vaultShareDecimals": 18}
{"blockNumber":23917821,"chainId":1,"wrapperAddress":"0x2353e52162582726106a9dee12bdfcbb1750cf24"}	{"name": "Test Vault", "asset": "0xA0b86991c6218b36c1d19D4a2e9Eb0cE3606eB48", "symbol": "TVL", "decimals": 8, "assetName": "USD Coin", "vaultShare": "", "assetSymbol": "USDC", "assetDecimals": 6, "vaultShareName": "UNKNOWN", "vaultShareSymbol": "UNKNOWN", "vaultShareDecimals": 18}
{"blockNumber":23924539,"chainId":1,"wrapperAddress":"0xe50d58c2533502e95b1bde14f25f852cc9c8c62c"}	{"name": "Leveraged syrupUSDC", "asset": "0xdAC17F958D2ee523a2206206994597C13D831ec7", "symbol": "msyrupL", "decimals": 8, "assetName": "Tether USD", "vaultShare": "", "assetSymbol": "USDT", "assetDecimals": 6, "vaultShareName": "UNKNOWN", "vaultShareSymbol": "UNKNOWN", "vaultShareDecimals": 18}
{"blockNumber":23926173,"chainId":1,"wrapperAddress":"0xbfa9d6ec0e04b6691fcae5f8b48838c3918ec117"}	{"name": "Llamarisk crvUSD Vault", "asset": "0xf939E0A03FB07F59A73314E73794Be0E57ac1b4E", "symbol": "LlamaUSD", "decimals": 20, "assetName": "Curve.Fi USD Stablecoin", "vaultShare": "", "assetSymbol": "crvUSD", "assetDecimals": 18, "vaultShareName": "UNKNOWN", "vaultShareSymbol": "UNKNOWN", "vaultShareDecimals": 18}
{"blockNumber":23926272,"chainId":1,"wrapperAddress":"0x3b3bdaa4462851621818d2cebc835e077587147a"}	{"name": " Leveraged syrupUSDT", "asset": "0xdAC17F958D2ee523a2206206994597C13D831ec7", "symbol": "msyrupL", "decimals": 8, "assetName": "Tether USD", "vaultShare": "", "assetSymbol": "USDT", "assetDecimals": 6, "vaultShareName": "UNKNOWN", "vaultShareSymbol": "UNKNOWN", "vaultShareDecimals": 18}
{"blockNumber":23934928,"chainId":1,"wrapperAddress":"0x5ea21a03168ab01bfefa78d0d58ad459807bec30"}	{"name": "Clear SGHO adapter", "asset": "0x40D16FC0246aD3160Ccc09B8D0D3A2cD28aE6C2f", "symbol": "csGho", "decimals": 18, "assetName": "Gho Token", "vaultShare": "", "assetSymbol": "GHO", "assetDecimals": 18, "vaultShareName": "UNKNOWN", "vaultShareSymbol": "UNKNOWN", "vaultShareDecimals": 18}
{"blockNumber":23934990,"chainId":1,"wrapperAddress":"0x1fd54725857a9b13074a6e3c1cf32c06cb43daff"}	{"name": "Clear SGHO adapter", "asset": "0x40D16FC0246aD3160Ccc09B8D0D3A2cD28aE6C2f", "symbol": "csGho", "decimals": 18, "assetName": "Gho Token", "vaultShare": "", "assetSymbol": "GHO", "assetDecimals": 18, "vaultShareName": "UNKNOWN", "vaultShareSymbol": "UNKNOWN", "vaultShareDecimals": 18}
{"blockNumber":23969893,"chainId":1,"wrapperAddress":"0x6e1cc930155a0d7d0b8a21d9fd3c5b480d21fd19"}	{"name": "Clear SGHO adapter", "asset": "0x40D16FC0246aD3160Ccc09B8D0D3A2cD28aE6C2f", "symbol": "csGho", "decimals": 18, "assetName": "Gho Token", "vaultShare": "", "assetSymbol": "GHO", "assetDecimals": 18, "vaultShareName": "UNKNOWN", "vaultShareSymbol": "UNKNOWN", "vaultShareDecimals": 18}
{"blockNumber":24029107,"chainId":1,"wrapperAddress":"0x300b9a69811b4388801f887b9603b6c4545b8b11"}	{"name": "UNKNOWN", "asset": "", "symbol": "UNKNOWN", "decimals": 18, "assetName": "UNKNOWN", "vaultShare": "", "assetSymbol": "UNKNOWN", "assetDecimals": 18, "vaultShareName": "UNKNOWN", "vaultShareSymbol": "UNKNOWN", "vaultShareDecimals": 18}
{"blockNumber":24032074,"chainId":1,"wrapperAddress":"0x96dc1aa2fc7d9bab0b90a489ed91b7fa9e4df44e"}	{"name": "UNKNOWN", "asset": "", "symbol": "UNKNOWN", "decimals": 18, "assetName": "UNKNOWN", "vaultShare": "", "assetSymbol": "UNKNOWN", "assetDecimals": 18, "vaultShareName": "UNKNOWN", "vaultShareSymbol": "UNKNOWN", "vaultShareDecimals": 18}
{"blockNumber":24039571,"chainId":1,"wrapperAddress":"0x2e19ceb28af551f079a3f8809b8560b2feaca15a"}	{"name": "UNKNOWN", "asset": "", "symbol": "UNKNOWN", "decimals": 18, "assetName": "UNKNOWN", "vaultShare": "", "assetSymbol": "UNKNOWN", "assetDecimals": 18, "vaultShareName": "UNKNOWN", "vaultShareSymbol": "UNKNOWN", "vaultShareDecimals": 18}
{"blockNumber":24039571,"chainId":1,"wrapperAddress":"0x76c69a08172dc56be7a36acf6a32b5fba2728d0f"}	{"name": "UNKNOWN", "asset": "", "symbol": "UNKNOWN", "decimals": 18, "assetName": "UNKNOWN", "vaultShare": "", "assetSymbol": "UNKNOWN", "assetDecimals": 18, "vaultShareName": "UNKNOWN", "vaultShareSymbol": "UNKNOWN", "vaultShareDecimals": 18}
{"blockNumber":24039571,"chainId":1,"wrapperAddress":"0x80faa8bfcb5e88c97b8814974d7963d1a10e1bca"}	{"name": "UNKNOWN", "asset": "", "symbol": "UNKNOWN", "decimals": 18, "assetName": "UNKNOWN", "vaultShare": "", "assetSymbol": "UNKNOWN", "assetDecimals": 18, "vaultShareName": "UNKNOWN", "vaultShareSymbol": "UNKNOWN", "vaultShareDecimals": 18}
